{"crs": {"properties": {"name": "urn:ogc:def:crs:EPSG::2326"}, "type": "name"}, "features": [{"geometry": {"coordinates": [[[835505.2947300011, 820267.6016300023], [835487.2962000007, 820264.1573700011], [835486.8733600006, 820266.3308700025], [835492.3879700005, 820267.3893900011], [835491.7982500009, 820270.4453000017], [835504.2775300005, 820272.8264200017], [835505.2947300011, 820267.6016300023]]], "type": "Polygon"}, "properties": {"BaseHeight": 5.5, "BuildingBlockType": "Tower", "BuildingCSUID": "3549820269T20050430", "BuildingID": 1108233192, "BuildingNameEN": "Ng Po House", "BuildingNameTC": "五寶大廈", "DateCreate": 1114790400000, "DateStamp": 1599580800000, "GeoRefNo": "3549820269", "OBJECTID": 2677, "Shape__Area": 80.12928518366328, "Shape__Length": 47.29424280054359, "Status": "Active", "Storeys": 11, "StoreysInBasement": null, "TopHeight": 37.4}, "type": "Feature"}, {"geometry": {"coordinates": [[[835324.3702900009, 820354.7201200016], [835323.569600001, 820358.6969000027], [835327.4227500008, 820359.4467100017], [835328.242250001, 820355.2849700022], [835324.4123300007, 820354.5123400018], [835324.3702900009, 820354.7201200016]]], "type": "Polygon"}, "properties": {"BaseHeight": 5.1, "BuildingBlockType": "Tower", "BuildingCSUID": "3532720357T20050430", "BuildingID": 1108232520, "BuildingNameEN": "MAI KOON BUILDING", "BuildingNameTC": "美觀大廈", "DateCreate": 1114790400000, "DateStamp": 1599580800000, "GeoRefNo": "3532720357", "OBJECTID": 14042, "Shape__Area": 16.664371377554303, "Shape__Length": 16.342736776492064, "Status": "Active", "Storeys": 14, "StoreysInBasement": null, "TopHeight": 8.8}, "type": "Feature"}, {"geometry": {"coordinates": [[[835324.3702900009, 820354.7201200016], [835324.4123300007, 820354.5123400018], [835324.6608800013, 820353.2845400013], [835325.1833100012, 820350.691180002], [835325.7412400013, 820347.9192000013], [835329.5404500011, 820348.6895900015], [835329.8510800004, 820347.0950000025], [835327.8830000004, 820346.6886400022], [835328.7774100006, 820342.0738700014], [835326.9921300011, 820341.7126600016], [835327.5565800006, 820338.9116100017], [835328.3954700008, 820334.7486400027], [835322.931450001, 820333.7492000014], [835324.3209700007, 820326.4046100024], [835321.1184800006, 820321.4694800023], [835316.9665600006, 820320.6803900022], [835310.1062200004, 820356.0755400024], [835322.6657500006, 820358.5198100023], [835323.4402600005, 820354.5475700013], [835324.3702900009, 820354.7201200016]]], "type": "Polygon"}, "properties": {"BaseHeight": 5.1, "BuildingBlockType": "Tower", "BuildingCSUID": "3531920340T20050430", "BuildingID": 1108232523, "BuildingNameEN": null, "BuildingNameTC": "美觀大廈", "DateCreate": 1114790400000, "DateStamp": 1599580800000, "GeoRefNo": "3531920340", "OBJECTID": 14045, "Shape__Area": 436.46338386177604, "Shape__Length": 105.05543246016634, "Status": "Active", "Storeys": 14, "StoreysInBasement": null, "TopHeight": 50.2}, "type": "Feature"}, {"geometry": {"coordinates": [[[835350.8928400008, 820266.1359300017], [835372.171860001, 820270.209280001], [835373.0446600011, 820265.6342600025], [835362.5359000005, 820263.6485900022], [835362.095470001, 820265.9364600014], [835352.7777900007, 820264.0871100016], [835352.596210001, 820265.0390300024], [835351.1519800005, 820264.7765000015], [835350.8928400008, 820266.1359300017]]], "type": "Polygon"}, "properties": {"BaseHeight": 5.2, "BuildingBlockType": "Tower", "BuildingCSUID": "3536420266T20050430", "BuildingID": 1108233213, "BuildingNameEN": null, "BuildingNameTC": null, "DateCreate": 1114790400000, "DateStamp": 1599580800000, "GeoRefNo": "3536420266", "OBJECTID": 20128, "Shape__Area": 73.90411681221421, "Shape__Length": 52.66783038373144, "Status": "Active", "Storeys": 4, "StoreysInBasement": null, "TopHeight": 19.5}, "type": "Feature"}, {"geometry": {"coordinates": [[[835501.7642800007, 820255.9500100017], [835503.6590000009, 820246.1526500024], [835503.7015500013, 820245.9326500017], [835495.5982400011, 820244.386450002], [835495.5598000009, 820244.6162600014], [835495.2467900012, 820246.487540001], [835493.8163400004, 820246.2109100018], [835490.8861700008, 820245.6442500018], [835489.5878600013, 820252.1121900026], [835494.0609100005, 820252.9169800021], [835493.7770000007, 820254.430180002], [835501.7642800007, 820255.9500100017]]], "type": "Polygon"}, "properties": {"BaseHeight": 20.1, "BuildingBlockType": "Tower", "BuildingCSUID": "3549720250T20050430", "BuildingID": 1108233323, "BuildingNameEN": "Rammon House", "BuildingNameTC": "金德行", "DateCreate": 1114790400000, "DateStamp": 1599580800000, "GeoRefNo": "3549720250", "OBJECTID": 64610, "Shape__Area": 112.922117851637, "Shape__Length": 45.83619225730459, "Status": "Active", "Storeys": 14, "StoreysInBasement": null, "TopHeight": 68.2}, "type": "Feature"}, {"geometry": {"coordinates": [[[835505.7400000012, 820195.5160000026], [835518.7480000006, 820198.1140000019], [835526.415000001, 820159.0510000009], [835504.9760000007, 820154.8120000027], [835499.9170000004, 820153.8110000025], [835498.5000000009, 820153.5310000014], [835487.6460000006, 820151.3850000016], [835484.6380000012, 820166.7100000009], [835484.5330000008, 820167.2490000017], [835481.870000001, 820180.819000002], [835480.6640000008, 820186.9640000015], [835483.1420000009, 820191.0030000024], [835489.0930000013, 820192.1920000017], [835505.7400000012, 820195.5160000026]]], "type": "Polygon"}, "properties": {"BaseHeight": 4.9, "BuildingBlockType": "Podium", "BuildingCSUID": "3550320174P20060311", "BuildingID": 1108246212, "BuildingNameEN": "T.O.P This is our place", "BuildingNameTC": null, "DateCreate": 1142006400000, "DateStamp": 1599580800000, "GeoRefNo": "3550320174", "OBJECTID": 71770, "Shape__Area": 1566.1262565038435, "Shape__Length": 156.6332588497634, "Status": "Active", "Storeys": 5, "StoreysInBasement": 2, "TopHeight": 21.7}, "type": "Feature"}, {"geometry": {"coordinates": [[[835404.9620000012, 820609.1380000021], [835399.9265100006, 820608.2157300021], [835396.785790001, 820624.3727300018], [835401.6890000012, 820625.3770000022], [835404.9620000012, 820609.1380000021]]], "type": "Polygon"}, "properties": {"BaseHeight": null, "BuildingBlockType": "Open-sided Structure", "BuildingCSUID": "3540020617T20071227", "BuildingID": 1108231109, "BuildingNameEN": null, "BuildingNameTC": null, "DateCreate": 1198684800000, "DateStamp": 1274198400000, "GeoRefNo": "3540020617", "OBJECTID": 85185, "Shape__Area": 83.58260333800841, "Shape__Length": 43.14923636276201, "Status": "Active", "Storeys": null, "StoreysInBasement": null, "TopHeight": null}, "type": "Feature"}, {"geometry": {"coordinates": [[[835496.4256300004, 820620.319000002], [835497.7571200011, 820613.283400001], [835468.2372400006, 820607.5142600015], [835466.8197000008, 820614.6388700027], [835496.4256300004, 820620.319000002]]], "type": "Polygon"}, "properties": {"BaseHeight": null, "BuildingBlockType": "Open-sided Structure", "BuildingCSUID": "3548220614T20071227", "BuildingID": 1108231136, "BuildingNameEN": null, "BuildingNameTC": null, "DateCreate": 1198684800000, "DateStamp": 1274198400000, "GeoRefNo": "3548220614", "OBJECTID": 85383, "Shape__Area": 217.17706821588166, "Shape__Length": 74.64897572226012, "Status": "Active", "Storeys": null, "StoreysInBasement": null, "TopHeight": null}, "type": "Feature"}, {"geometry": {"coordinates": [[[835381.2062800005, 820403.0786300022], [835379.4061200004, 820400.4348600022], [835379.3985300008, 820400.4399300013], [835375.8919900004, 820402.817160001], [835375.2241800008, 820404.3404600024], [835375.2200000007, 820404.3500000015], [835376.4800000004, 820405.870000001], [835376.4936900008, 820405.867990002], [835377.9100000011, 820405.660000002], [835381.5000000009, 820403.5100000016], [835381.4965000004, 820403.504850002], [835381.2062800005, 820403.0786300022]]], "type": "Polygon"}, "properties": {"BaseHeight": null, "BuildingBlockType": "Open-sided Structure", "BuildingCSUID": "3537820403T20071227", "BuildingID": 1108232270, "BuildingNameEN": null, "BuildingNameTC": null, "DateCreate": 1198684800000, "DateStamp": 1274198400000, "GeoRefNo": "3537820403", "OBJECTID": 85595, "Shape__Area": 18.890667272392452, "Shape__Length": 17.243756969302137, "Status": "Active", "Storeys": null, "StoreysInBasement": null, "TopHeight": null}, "type": "Feature"}, {"geometry": {"coordinates": [[[835516.1509600012, 820307.5533600021], [835530.4369300008, 820310.3059400022], [835530.6876500007, 820309.0197900012], [835534.3119300008, 820309.7137900013], [835534.8754800009, 820306.8254700024], [835516.9667500006, 820303.4034200013], [835516.1509600012, 820307.5533600021]]], "type": "Polygon"}, "properties": {"BaseHeight": 5.4, "BuildingBlockType": "Tower", "BuildingCSUID": "3552520306T20050430", "BuildingID": 1108232869, "BuildingNameEN": null, "BuildingNameTC": null, "DateCreate": 1114790400000, "DateStamp": 1599580800000, "GeoRefNo": "3552520306", "OBJECTID": 85675, "Shape__Area": 72.53717479003735, "Shape__Length": 44.95411462425897, "Status": "Active", "Storeys": 8, "StoreysInBasement": null, "TopHeight": 33.8}, "type": "Feature"}, {"geometry": {"coordinates": [[[835415.451390001, 820223.6340400018], [835415.5359400008, 820223.2098200023], [835415.743520001, 820222.180300001], [835415.7735300008, 820222.0293700024], [835416.3524100007, 820219.1173400022], [835400.0000000009, 820215.9328800011], [835398.3571800012, 820215.6129600015], [835397.6149900006, 820219.4903000016], [835397.5041900007, 820220.0722000021], [835400.0000000009, 820220.5675200019], [835407.3658500006, 820222.0293700024], [835415.451390001, 820223.6340400018]]], "type": "Polygon"}, "properties": {"BaseHeight": 5.1, "BuildingBlockType": "Tower", "BuildingCSUID": "3540620218T20050430", "BuildingID": 1108233561, "BuildingNameEN": null, "BuildingNameTC": null, "DateCreate": 1114790400000, "DateStamp": 1599580800000, "GeoRefNo": "3540620218", "OBJECTID": 85852, "Shape__Area": 83.75830030255173, "Shape__Length": 45.77629368263145, "Status": "Active", "Storeys": 8, "StoreysInBasement": null, "TopHeight": 30.1}, "type": "Feature"}, {"geometry": {"coordinates": [[[835355.5120800007, 820216.010350002], [835356.2385500008, 820212.2568000015], [835356.3870400004, 820211.4894800019], [835350.0000000009, 820210.2819800023], [835338.6750800004, 820208.1409600023], [835337.8296700008, 820212.5992500018], [835345.3257100005, 820214.0453100018], [835350.0000000009, 820214.9470200017], [835355.5120800007, 820216.010350002]]], "type": "Polygon"}, "properties": {"BaseHeight": 5.2, "BuildingBlockType": "Tower", "BuildingCSUID": "3534620211T20050430", "BuildingID": 1108233617, "BuildingNameEN": null, "BuildingNameTC": null, "DateCreate": 1114790400000, "DateStamp": 1599580800000, "GeoRefNo": "3534620211", "OBJECTID": 88180, "Shape__Area": 82.36028942590418, "Shape__Length": 45.17662682287951, "Status": "Active", "Storeys": 9, "StoreysInBasement": null, "TopHeight": 33.6}, "type": "Feature"}, {"geometry": {"coordinates": [[[835513.2519700006, 820392.3960200027], [835515.2668500012, 820392.7839300018], [835515.751170001, 820390.2597100027], [835519.1057800008, 820390.8722400013], [835519.602380001, 820388.2938800026], [835501.4577600006, 820384.8153600022], [835500.4974100012, 820389.9396800026], [835513.2519700006, 820392.3960200027]]], "type": "Polygon"}, "properties": {"BaseHeight": 5.7, "BuildingBlockType": "Tower", "BuildingCSUID": "3550820388T20050430", "BuildingID": 1108232331, "BuildingNameEN": null, "BuildingNameTC": null, "DateCreate": 1114790400000, "DateStamp": 1599580800000, "GeoRefNo": "3550820388", "OBJECTID": 88490, "Shape__Area": 87.57613210198339, "Shape__Length": 47.33547891361464, "Status": "Active", "Storeys": 9, "StoreysInBasement": null, "TopHeight": 34.8}, "type": "Feature"}, {"geometry": {"coordinates": [[[835379.4061200004, 820400.4348600022], [835381.2062800005, 820403.0786300022], [835382.1900000004, 820402.5700000022], [835386.9600000009, 820400.160000002], [835387.1421100004, 820400.0000000019], [835387.2800400006, 820399.8582700025], [835387.3442700012, 820399.7816400025], [835387.4046300007, 820399.7019200027], [835387.4609600008, 820399.6193100009], [835387.5131400004, 820399.5340100024], [835387.5610200008, 820399.4462300017], [835387.6045000004, 820399.3561900016], [835387.6434600009, 820399.2641100027], [835387.6778200008, 820399.1702000014], [835387.7074800013, 820399.0747100022], [835387.7323700013, 820398.9778700024], [835387.7524400009, 820398.8799200021], [835387.7676300006, 820398.7810900025], [835387.777900001, 820398.6816300023], [835387.7832400007, 820398.5817800015], [835387.7836200008, 820398.4817900024], [835387.779050001, 820398.3819100019], [835387.7695300011, 820398.2823700011], [835387.7551000006, 820398.1834300011], [835387.7357800007, 820398.0853200015], [835387.7116300007, 820397.9882900026], [835387.6827000007, 820397.8925800025], [835387.6490700012, 820397.7984200027], [835387.6108100004, 820397.7060300019], [835387.568020001, 820397.6156600025], [835387.5208100006, 820397.5275200009], [835387.4692900004, 820397.4418300018], [835387.413590001, 820397.3587900009], [835387.3538400009, 820397.2786100022], [835387.290190001, 820397.2014900018], [835387.2228100011, 820397.1276200023], [835387.1518400004, 820397.0571800023], [835387.0774800004, 820396.9903400019], [835386.9998900006, 820396.9272700027], [835386.9192700004, 820396.8681100011], [835386.8358300012, 820396.8130300026], [835386.7497500004, 820396.7621400021], [835386.661270001, 820396.7155800015], [835386.570580001, 820396.6734600011], [835386.4779200004, 820396.6358900014], [835386.383510001, 820396.6029500011], [835386.2875900008, 820396.5747300014], [835386.1903800005, 820396.5512900017], [835386.0921400012, 820396.5327000022], [835385.9930900009, 820396.5190000013], [835385.893480001, 820396.5102200024], [835385.7935700007, 820396.5063900016], [835385.6935900012, 820396.5075100027], [835385.5937800007, 820396.5135800019], [835385.4944000011, 820396.5245900024], [835385.395680001, 820396.5405100025], [835385.2978800004, 820396.561300002], [835385.2012200011, 820396.5869100019], [835385.1059600012, 820396.6172700021], [835385.0123100011, 820396.6523200013], [835384.9205100005, 820396.6919600014], [835384.8308000006, 820396.7361000013], [835384.7433700012, 820396.7846400011], [835384.6348600006, 820396.8531800024], [835380.0578700006, 820400.0000000019], [835379.4061200004, 820400.4348600022]]], "type": "Polygon"}, "properties": {"BaseHeight": null, "BuildingBlockType": "Temporary Structure", "BuildingCSUID": "3538220400T20080128", "BuildingID": 1108232286, "BuildingNameEN": null, "BuildingNameTC": null, "DateCreate": 1201449600000, "DateStamp": 1274198400000, "GeoRefNo": "3538220400", "OBJECTID": 88595, "Shape__Area": 29.233754738788672, "Shape__Length": 22.25598402321309, "Status": "Active", "Storeys": null, "StoreysInBasement": null, "TopHeight": null}, "type": "Feature"}, {"geometry": {"coordinates": [[[835501.4577600006, 820384.8153600022], [835519.602380001, 820388.2938800026], [835520.0064100008, 820386.1961400025], [835516.8295800006, 820385.5722800009], [835517.1165300012, 820384.0337300021], [835520.3067000005, 820384.6370300017], [835520.5309500005, 820383.4726800025], [835502.3541400004, 820380.0323500019], [835501.4577600006, 820384.8153600022]]], "type": "Polygon"}, "properties": {"BaseHeight": 5.7, "BuildingBlockType": "Tower", "BuildingCSUID": "3550920383T20050430", "BuildingID": 1108232355, "BuildingNameEN": null, "BuildingNameTC": null, "DateCreate": 1114790400000, "DateStamp": 1599580800000, "GeoRefNo": "3550920383", "OBJECTID": 88599, "Shape__Area": 85.25545109691048, "Shape__Length": 53.21219205070265, "Status": "Active", "Storeys": 9, "StoreysInBasement": null, "TopHeight": 34.8}, "type": "Feature"}, {"geometry": {"coordinates": [[[835532.1725600008, 820301.4022000022], [835534.0876400005, 820301.7705500014], [835534.7216600012, 820298.5000000019], [835534.7711800011, 820298.2445800025], [835536.0928600011, 820298.5000000019], [835536.4998900006, 820298.5000000019], [835536.7195400009, 820297.3742300011], [835535.004900001, 820297.038850002], [835518.8387600007, 820293.880950002], [835517.9307000004, 820298.5000000019], [835517.8994500004, 820298.6589400023], [835532.1725600008, 820301.4022000022]]], "type": "Polygon"}, "properties": {"BaseHeight": 5.3, "BuildingBlockType": "Tower", "BuildingCSUID": "3552720297T20050430", "BuildingID": 1108232940, "BuildingNameEN": null, "BuildingNameTC": null, "DateCreate": 1114790400000, "DateStamp": 1599580800000, "GeoRefNo": "3552720297", "OBJECTID": 89758, "Shape__Area": 81.95389672989933, "Shape__Length": 46.064564564857946, "Status": "Active", "Storeys": 8, "StoreysInBasement": null, "TopHeight": 34.2}, "type": "Feature"}, {"geometry": {"coordinates": [[[835516.9667500006, 820303.4034200013], [835534.8754800009, 820306.8254700024], [835535.5381200006, 820303.4292400014], [835531.9138400005, 820302.7294300012], [835532.1725600008, 820301.4022000022], [835517.8994500004, 820298.6589400023], [835516.9667500006, 820303.4034200013]]], "type": "Polygon"}, "properties": {"BaseHeight": 5.4, "BuildingBlockType": "Tower", "BuildingCSUID": "3552620302T20050430", "BuildingID": 1108232896, "BuildingNameEN": null, "BuildingNameTC": null, "DateCreate": 1114790400000, "DateStamp": 1599580800000, "GeoRefNo": "3552620302", "OBJECTID": 89759, "Shape__Area": 82.96678996234293, "Shape__Length": 46.10608512039823, "Status": "Active", "Storeys": 8, "StoreysInBasement": null, "TopHeight": 32.2}, "type": "Feature"}, {"geometry": {"coordinates": [[[835363.499710001, 820504.4233900011], [835362.431570001, 820510.1120000016], [835381.3895900007, 820513.6716900021], [835386.3786000004, 820514.6084600016], [835387.4649100006, 820508.9232900012], [835382.4576900005, 820507.9830900021], [835374.5092400005, 820506.4906300027], [835365.4907500008, 820504.7972400021], [835363.499710001, 820504.4233900011]]], "type": "Polygon"}, "properties": {"BaseHeight": 5.4, "BuildingBlockType": "Podium", "BuildingCSUID": "3537420509P20060311", "BuildingID": 1108246042, "BuildingNameEN": "I DO CENTRE", "BuildingNameTC": "愛都婚紗中心", "DateCreate": 1142006400000, "DateStamp": 1361808000000, "GeoRefNo": "3537420509", "OBJECTID": 92325, "Shape__Area": 141.081388010709, "Shape__Length": 60.32557309211794, "Status": "Active", "Storeys": null, "StoreysInBasement": null, "TopHeight": 12}, "type": "Feature"}, {"geometry": {"coordinates": [[[835342.2711000005, 820604.0190600026], [835342.0300800009, 820603.9736800026], [835327.2830000008, 820601.1970000025], [835325.5720000006, 820610.2830000017], [835338.9167400012, 820612.7956400011], [835344.5927700009, 820613.8643600009], [835344.6013600007, 820613.8659800012], [835346.3123600008, 820604.779980002], [835346.303770001, 820604.7783600017], [835342.2711000005, 820604.0190600026]]], "type": "Polygon"}, "properties": {"BaseHeight": 5.2, "BuildingBlockType": "Podium", "BuildingCSUID": "3534120609P20060512", "BuildingID": 1108245993, "BuildingNameEN": null, "BuildingNameTC": null, "DateCreate": 1147363200000, "DateStamp": 1361808000000, "GeoRefNo": "3534120609", "OBJECTID": 92434, "Shape__Area": 179.03126581248821, "Shape__Length": 57.21886724663621, "Status": "Active", "Storeys": null, "StoreysInBasement": null, "TopHeight": 15.5}, "type": "Feature"}, {"geometry": {"coordinates": [[[835460.3018200006, 820291.6082400009], [835475.2617200008, 820294.530890001], [835476.0781900007, 820290.2937500011], [835461.1197600011, 820287.4215300027], [835460.3018200006, 820291.6082400009]]], "type": "Polygon"}, "properties": {"BaseHeight": 5.2, "BuildingBlockType": "Tower", "BuildingCSUID": "3546820291T20050430", "BuildingID": 1108232999, "BuildingNameEN": "Lee Wah Building", "BuildingNameTC": "利華大廈", "DateCreate": 1114790400000, "DateStamp": 1599580800000, "GeoRefNo": "3546820291", "OBJECTID": 93473, "Shape__Area": 65.37467939665939, "Shape__Length": 39.05535375271009, "Status": "Active", "Storeys": 17, "StoreysInBasement": null, "TopHeight": 55.8}, "type": "Feature"}, {"geometry": {"coordinates": [[[835477.663470001, 820251.9967100024], [835478.4899300011, 820247.7464200016], [835481.6380000012, 820248.346450001], [835482.8463100009, 820242.0965000018], [835483.4340600008, 820239.142570002], [835483.0882900013, 820238.6656500027], [835481.4806200005, 820238.356110001], [835481.5846700007, 820237.6929200012], [835471.015540001, 820235.6490200013], [835468.2010200005, 820250.4130100012], [835477.6157500008, 820252.2421500012], [835477.663470001, 820251.9967100024]]], "type": "Polygon"}, "properties": {"BaseHeight": 20.2, "BuildingBlockType": "Tower", "BuildingCSUID": "3547620244T20140428", "BuildingID": 1810120940, "BuildingNameEN": "726 Nathan Road", "BuildingNameTC": null, "DateCreate": 1398614400000, "DateStamp": 1599580800000, "GeoRefNo": "3547620244", "OBJECTID": 93572, "Shape__Area": 176.60842157763213, "Shape__Length": 55.44535145973311, "Status": "Active", "Storeys": 18, "StoreysInBasement": null, "TopHeight": 93.4}, "type": "Feature"}, {"geometry": {"coordinates": [[[835527.926140001, 820342.8490800019], [835529.439220001, 820334.9259100016], [835520.5326900007, 820333.2386000026], [835511.6314100008, 820331.5524100009], [835510.1354800006, 820339.5158000011], [835518.8046100009, 820341.1400700025], [835521.547220001, 820341.6539200023], [835527.926140001, 820342.8490800019]]], "type": "Polygon"}, "properties": {"BaseHeight": 5.8, "BuildingBlockType": "Tower", "BuildingCSUID": "3552020337T20050430", "BuildingID": 1108232628, "BuildingNameEN": null, "BuildingNameTC": null, "DateCreate": 1114790400000, "DateStamp": 1599580800000, "GeoRefNo": "3552020337", "OBJECTID": 106339, "Shape__Area": 146.43013185821425, "Shape__Length": 52.39379038964578, "Status": "Active", "Storeys": 6, "StoreysInBasement": null, "TopHeight": 29.4}, "type": "Feature"}, {"geometry": {"coordinates": [[[835362.5359000005, 820263.6485900022], [835373.0446600011, 820265.6342600025], [835373.9024900012, 820261.1377900019], [835353.2563800011, 820257.2240700014], [835352.6188400006, 820257.1029200014], [835352.3890700005, 820258.305180002], [835353.825720001, 820258.5838000011], [835353.6018400006, 820259.7594300024], [835362.9389000004, 820261.5496300012], [835362.5359000005, 820263.6485900022]]], "type": "Polygon"}, "properties": {"BaseHeight": 5.2, "BuildingBlockType": "Tower", "BuildingCSUID": "3536520261T20050430", "BuildingID": 1108233245, "BuildingNameEN": null, "BuildingNameTC": null, "DateCreate": 1114790400000, "DateStamp": 1599580800000, "GeoRefNo": "3536520261", "OBJECTID": 106443, "Shape__Area": 73.94147031327519, "Shape__Length": 52.46363441381696, "Status": "Active", "Storeys": 4, "StoreysInBasement": null, "TopHeight": 21.1}, "type": "Feature"}, {"geometry": {"coordinates": [[[835344.8548300005, 820275.1073700022], [835345.8334400011, 820270.0495000016], [835344.1598900007, 820269.720660001], [835334.8623200012, 820267.897760002], [835330.8125000009, 820267.1037400011], [835327.6131000007, 820266.4764500018], [835326.6270700004, 820271.6762900017], [835330.8125000009, 820272.4641300011], [835344.8548300005, 820275.1073700022]]], "type": "Polygon"}, "properties": {"BaseHeight": 5.2, "BuildingBlockType": "Tower", "BuildingCSUID": "3533520270T20050430", "BuildingID": 1108233172, "BuildingNameEN": null, "BuildingNameTC": null, "DateCreate": 1114790400000, "DateStamp": 1599580800000, "GeoRefNo": "3533520270", "OBJECTID": 106542, "Shape__Area": 96.91453944544135, "Shape__Length": 47.55942399482846, "Status": "Active", "Storeys": 9, "StoreysInBasement": null, "TopHeight": 35.1}, "type": "Feature"}, {"geometry": {"coordinates": [[[835499.726280001, 820394.4555200022], [835507.1663700007, 820395.9278900027], [835512.3764900006, 820396.9589600023], [835512.5743200006, 820395.9278900027], [835513.2519700006, 820392.3960200027], [835500.4974100012, 820389.9396800026], [835499.726280001, 820394.4555200022]]], "type": "Polygon"}, "properties": {"BaseHeight": 5.7, "BuildingBlockType": "Tower", "BuildingCSUID": "3550620393T20050430", "BuildingID": 1108232312, "BuildingNameEN": null, "BuildingNameTC": null, "DateCreate": 1114790400000, "DateStamp": 1599580800000, "GeoRefNo": "3550620393", "OBJECTID": 107349, "Shape__Area": 59.702773299905616, "Shape__Length": 35.11185231372977, "Status": "Active", "Storeys": 6, "StoreysInBasement": null, "TopHeight": 27.9}, "type": "Feature"}, {"geometry": {"coordinates": [[[835512.1066000005, 820401.6989700012], [835514.5235200012, 820402.1104200017], [835514.9395600008, 820400.0000000019], [835515.0018000007, 820399.6244200021], [835517.3458500011, 820400.0000000019], [835517.7301700013, 820398.0144200027], [835512.3764900006, 820396.9589600023], [835507.1663700007, 820395.9278900027], [835499.726280001, 820394.4555200022], [835499.4556500008, 820395.9278900027], [835498.8727700012, 820399.0991000012], [835503.3799300008, 820400.0000000019], [835512.1066000005, 820401.6989700012]]], "type": "Polygon"}, "properties": {"BaseHeight": 5.7, "BuildingBlockType": "Tower", "BuildingCSUID": "3550420398T20050430", "BuildingID": 1108232293, "BuildingNameEN": null, "BuildingNameTC": null, "DateCreate": 1114790400000, "DateStamp": 1599580800000, "GeoRefNo": "3550420398", "OBJECTID": 107350, "Shape__Area": 80.10239425946287, "Shape__Length": 45.940281357066624, "Status": "Active", "Storeys": 6, "StoreysInBasement": null, "TopHeight": 28.5}, "type": "Feature"}, {"geometry": {"coordinates": [[[835367.9236000013, 820292.4774300009], [835368.7811000012, 820287.9826700017], [835364.3800000008, 820287.1475300025], [835350.0000000009, 820284.4188400023], [835347.4904200006, 820283.9426300023], [835347.0605700007, 820286.192350002], [835350.0000000009, 820286.7591400016], [835352.0142800007, 820287.1475300025], [835357.8092800006, 820288.2649400011], [835357.3834900009, 820290.4823800027], [835367.9236000013, 820292.4774300009]]], "type": "Polygon"}, "properties": {"BaseHeight": 5, "BuildingBlockType": "Tower", "BuildingCSUID": "3536120288T20050430", "BuildingID": 1108233017, "BuildingNameEN": null, "BuildingNameTC": null, "DateCreate": 1114790400000, "DateStamp": 1599580800000, "GeoRefNo": "3536120288", "OBJECTID": 107440, "Shape__Area": 74.35200181092243, "Shape__Length": 52.46876242165483, "Status": "Active", "Storeys": 4, "StoreysInBasement": null, "TopHeight": 22.4}, "type": "Feature"}, {"geometry": {"coordinates": [[[835347.4904200006, 820283.9426300023], [835350.0000000009, 820284.4188400023], [835364.3800000008, 820287.1475300025], [835368.7811000012, 820287.9826700017], [835368.9404200008, 820287.1475300025], [835369.6180700008, 820283.5955200009], [835359.0885400008, 820281.6024400014], [835358.6777600013, 820283.7418500017], [835350.0000000009, 820282.135400001], [835349.3635000009, 820282.0175600015], [835349.157540001, 820283.0992100015], [835347.7044600006, 820282.8207800016], [835347.4904200006, 820283.9426300023]]], "type": "Polygon"}, "properties": {"BaseHeight": 5, "BuildingBlockType": "Tower", "BuildingCSUID": "3536220283T20050430", "BuildingID": 1108233057, "BuildingNameEN": null, "BuildingNameTC": null, "DateCreate": 1114790400000, "DateStamp": 1599580800000, "GeoRefNo": "3536220283", "OBJECTID": 107458, "Shape__Area": 70.95621827187182, "Shape__Length": 52.22706904839135, "Status": "Active", "Storeys": 4, "StoreysInBasement": null, "TopHeight": 22.4}, "type": "Feature"}, {"geometry": {"coordinates": [[[835420.0686600013, 820611.2538400013], [835420.5910600005, 820608.4476900026], [835442.0185100008, 820612.8916900009], [835443.2552500004, 820606.3892800026], [835442.7741500009, 820606.2929500025], [835406.4229800012, 820598.9523100015], [835404.3000000007, 820608.813000001], [835419.9516800009, 820611.8822200019], [835420.0686600013, 820611.2538400013]]], "type": "Polygon"}, "properties": {"BaseHeight": null, "BuildingBlockType": "Open-sided Structure", "BuildingCSUID": "3542320606T20071227", "BuildingID": 1108231177, "BuildingNameEN": null, "BuildingNameTC": null, "DateCreate": 1198684800000, "DateStamp": 1274198400000, "GeoRefNo": "3542320606", "OBJECTID": 107511, "Shape__Area": 302.37459235188265, "Shape__Length": 95.60794488366062, "Status": "Active", "Storeys": null, "StoreysInBasement": null, "TopHeight": null}, "type": "Feature"}, {"geometry": {"coordinates": [[[835345.7569300011, 820293.014870001], [835350.0000000009, 820293.8361800015], [835367.0353100011, 820297.1336400025], [835367.9236000013, 820292.4774300009], [835357.3834900009, 820290.4823800027], [835356.9811500004, 820292.5777500011], [835350.0000000009, 820291.2664600015], [835347.685130001, 820290.8316600025], [835347.4457900012, 820292.0885100011], [835345.9886100013, 820291.802480001], [835345.7569300011, 820293.014870001]]], "type": "Polygon"}, "properties": {"BaseHeight": 5, "BuildingBlockType": "Tower", "BuildingCSUID": "3536020293T20050430", "BuildingID": 1108232976, "BuildingNameEN": null, "BuildingNameTC": null, "DateCreate": 1114790400000, "DateStamp": 1599580800000, "GeoRefNo": "3536020293", "OBJECTID": 107532, "Shape__Area": 76.43724956820577, "Shape__Length": 52.73177033488466, "Status": "Active", "Storeys": 4, "StoreysInBasement": null, "TopHeight": 19.8}, "type": "Feature"}, {"geometry": {"coordinates": [[[835356.3870400004, 820211.4894800019], [835356.4863300007, 820210.9764300026], [835357.2680200012, 820206.937380001], [835350.0000000009, 820205.5699000023], [835345.528450001, 820204.7285700012], [835339.5359900007, 820203.601040002], [835338.6750800004, 820208.1409600023], [835350.0000000009, 820210.2819800023], [835356.3870400004, 820211.4894800019]]], "type": "Polygon"}, "properties": {"BaseHeight": 5.2, "BuildingBlockType": "Tower", "BuildingCSUID": "3534820206T20050430", "BuildingID": 1108233658, "BuildingNameEN": null, "BuildingNameTC": null, "DateCreate": 1114790400000, "DateStamp": 1599580800000, "GeoRefNo": "3534820206", "OBJECTID": 107543, "Shape__Area": 83.47512461818191, "Shape__Length": 45.32627120476344, "Status": "Active", "Storeys": 9, "StoreysInBasement": null, "TopHeight": 33.6}, "type": "Feature"}, {"geometry": {"coordinates": [[[835398.3571800012, 820215.6129600015], [835400.0000000009, 820215.9328800011], [835416.3524100007, 820219.1173400022], [835417.1302800011, 820215.2041800022], [835417.3956200005, 820213.8723400012], [835406.3937500007, 820211.6875800025], [835400.0000000009, 820210.4155300017], [835399.377270001, 820210.2916400023], [835399.3246700009, 820210.5661300011], [835398.3571800012, 820215.6129600015]]], "type": "Polygon"}, "properties": {"BaseHeight": 5.1, "BuildingBlockType": "Tower", "BuildingCSUID": "3540620214T20050430", "BuildingID": 1108233595, "BuildingNameEN": null, "BuildingNameTC": null, "DateCreate": 1114790400000, "DateStamp": 1599580800000, "GeoRefNo": "3540620214", "OBJECTID": 107564, "Shape__Area": 98.77188519677156, "Shape__Length": 47.469920096568615, "Status": "Active", "Storeys": 8, "StoreysInBasement": null, "TopHeight": 24.7}, "type": "Feature"}, {"geometry": {"coordinates": [[[835317.033210001, 820371.0142300017], [835317.3847900005, 820369.0740400013], [835321.8483800013, 820369.912320001], [835321.938670001, 820369.4255000018], [835324.3848900013, 820369.9031900018], [835324.5539000006, 820368.9840100016], [835325.5591300009, 820369.1748900022], [835325.8940800009, 820367.3312000018], [835308.688310001, 820364.092530001], [835307.7229300011, 820369.1848000027], [835317.033210001, 820371.0142300017]]], "type": "Polygon"}, "properties": {"BaseHeight": 5.1, "BuildingBlockType": "Tower", "BuildingCSUID": "3531320367T20050430", "BuildingID": 1108232461, "BuildingNameEN": null, "BuildingNameTC": null, "DateCreate": 1114790400000, "DateStamp": 1599580800000, "GeoRefNo": "3531320367", "OBJECTID": 107570, "Shape__Area": 73.24989863461923, "Shape__Length": 45.51181986790458, "Status": "Active", "Storeys": 5, "StoreysInBasement": null, "TopHeight": 23.1}, "type": "Feature"}, {"geometry": {"coordinates": [[[835518.8387600007, 820293.880950002], [835535.004900001, 820297.038850002], [835535.2533600004, 820295.7554300018], [835536.9642000012, 820296.1180500016], [835537.1931600012, 820294.9405400027], [835535.4774700012, 820294.6014400013], [835536.0344500011, 820291.7283300012], [835533.9670200013, 820291.3158700019], [835519.8943700008, 820288.5112900026], [835518.8387600007, 820293.880950002]]], "type": "Polygon"}, "properties": {"BaseHeight": 5.3, "BuildingBlockType": "Tower", "BuildingCSUID": "3552820292T20050430", "BuildingID": 1108232979, "BuildingNameEN": null, "BuildingNameTC": null, "DateCreate": 1114790400000, "DateStamp": 1599580800000, "GeoRefNo": "3552820292", "OBJECTID": 107677, "Shape__Area": 91.66166562462715, "Shape__Length": 47.33282871119956, "Status": "Active", "Storeys": 8, "StoreysInBasement": null, "TopHeight": 34.1}, "type": "Feature"}, {"geometry": {"coordinates": [[[835339.5359900007, 820203.601040002], [835345.528450001, 820204.7285700012], [835345.7660000008, 820203.567640001], [835350.0000000009, 820204.3742400017], [835354.4113700008, 820205.2146300022], [835355.0458000004, 820201.9342200011], [835360.6308600008, 820202.9746600017], [835361.2076200005, 820200.0000000019], [835361.4984600004, 820198.5000000019], [835361.5744500011, 820198.1080900021], [835355.897210001, 820197.0281100012], [835350.8488200009, 820196.0669000018], [835350.0000000009, 820195.9053800013], [835345.8380600009, 820195.1134200022], [835345.0236000009, 820194.9584100023], [835340.6908800006, 820197.5106400009], [835340.5032700012, 820198.5000000019], [835340.2188300006, 820200.0000000019], [835339.5359900007, 820203.601040002]]], "type": "Polygon"}, "properties": {"BaseHeight": 5.2, "BuildingBlockType": "Tower", "BuildingCSUID": "3534320199T20050430", "BuildingID": 1108233701, "BuildingNameEN": "Kam Kei House", "BuildingNameTC": "金基樓", "DateCreate": 1114790400000, "DateStamp": 1599580800000, "GeoRefNo": "3534320199", "OBJECTID": 107918, "Shape__Area": 153.44109629304566, "Shape__Length": 58.138360880849376, "Status": "Active", "Storeys": 6, "StoreysInBasement": null, "TopHeight": 27.3}, "type": "Feature"}, {"geometry": {"coordinates": [[[835354.3565200008, 820498.3000100013], [835355.151300001, 820494.1850600019], [835357.1746400008, 820494.5825300012], [835360.4323900007, 820495.222500002], [835362.0672500012, 820486.7768500019], [835349.7081700005, 820484.3577500023], [835347.2380800005, 820496.9251200017], [835351.2145900009, 820497.6931600012], [835354.3565200008, 820498.3000100013]]], "type": "Polygon"}, "properties": {"BaseHeight": 23.2, "BuildingBlockType": "Tower", "BuildingCSUID": "3535520491T20130509", "BuildingID": 1810099417, "BuildingNameEN": "Le Prabelle Hotel", "BuildingNameTC": "儷凱酒店", "DateCreate": 1368028800000, "DateStamp": 1599580800000, "GeoRefNo": "3535520491", "OBJECTID": 107963, "Shape__Area": 138.82611699913244, "Shape__Length": 50.826875857719195, "Status": "Active", "Storeys": 23, "StoreysInBasement": null, "TopHeight": 97.5}, "type": "Feature"}, {"geometry": {"coordinates": [[[835321.814340001, 820504.0209700018], [835322.0905800005, 820502.6497800015], [835323.2950100005, 820502.8790100012], [835325.890060001, 820489.665620001], [835324.787250001, 820489.4466500022], [835325.0701800007, 820488.0413200017], [835322.3938900009, 820487.5556000024], [835322.1054700008, 820489.010950001], [835320.7706700005, 820488.7503500022], [835320.4226100007, 820490.413970001], [835318.8682900006, 820490.1502800025], [835318.6398600005, 820491.512360001], [835317.0726900008, 820491.227260001], [835315.6369500011, 820492.3818200026], [835314.8476500008, 820496.4613000024], [835315.7460200004, 820498.1002800018], [835317.2829900011, 820498.409450002], [835316.9954000004, 820499.8881800026], [835318.5561000006, 820500.1921500023], [835318.2140200008, 820501.8796700016], [835319.4168600012, 820502.1263100021], [835319.1565200007, 820503.5105100013], [835321.814340001, 820504.0209700018]]], "type": "Polygon"}, "properties": {"BaseHeight": 15.2, "BuildingBlockType": "Tower", "BuildingCSUID": "3532020497T20140820", "BuildingID": 1810131731, "BuildingNameEN": null, "BuildingNameTC": "中旅閣", "DateCreate": 1408464000000, "DateStamp": 1599580800000, "GeoRefNo": "3532020497", "OBJECTID": 107964, "Shape__Area": 110.81853276188284, "Shape__Length": 50.05764095466616, "Status": "Active", "Storeys": 22, "StoreysInBasement": null, "TopHeight": 80.3}, "type": "Feature"}, {"geometry": {"coordinates": [[[835528.6431600004, 820452.8900000025], [835523.2715000007, 820451.8585300017], [835522.9566800008, 820453.4980300013], [835512.7211600011, 820451.5325900018], [835511.1812400008, 820459.3888000026], [835516.8473200006, 820460.4768100027], [835517.356230001, 820457.8265500013], [835520.4737100005, 820458.4251700025], [835519.0057000006, 820466.0702400021], [835515.8882100005, 820465.4716100022], [835515.1040900005, 820469.5551300012], [835523.6850000005, 820478.5640000012], [835528.6431600004, 820452.8900000025]]], "type": "Polygon"}, "properties": {"BaseHeight": 5.9, "BuildingBlockType": "Tower", "BuildingCSUID": "3552020456T20201118", "BuildingID": 1108231971, "BuildingNameEN": null, "BuildingNameTC": "百通大樓", "DateCreate": 1605628800000, "DateStamp": 1605628800000, "GeoRefNo": "3552020456", "OBJECTID": 121634, "Shape__Area": 242.07010170056503, "Shape__Length": 90.91739643295716, "Status": "Active", "Storeys": 9, "StoreysInBasement": null, "TopHeight": 35.1}, "type": "Feature"}, {"geometry": {"coordinates": [[[835525.2728400007, 820432.8957100026], [835528.9274500012, 820413.8634200022], [835523.8269500006, 820412.884010002], [835522.5254900008, 820419.6616900023], [835518.5581400013, 820418.9036600012], [835517.4638800006, 820424.5649000015], [835521.437450001, 820425.327920001], [835520.172340001, 820431.9163100012], [835525.2728400007, 820432.8957100026]]], "type": "Polygon"}, "properties": {"BaseHeight": 5.9, "BuildingBlockType": "Tower", "BuildingCSUID": "3552520423T20050430", "BuildingID": 1108232121, "BuildingNameEN": "Wing Fai Building", "BuildingNameTC": "永輝大廈", "DateCreate": 1114790400000, "DateStamp": 1605628800000, "GeoRefNo": "3552520423", "OBJECTID": 122344, "Shape__Area": 123.97105791498531, "Shape__Length": 57.228926522459574, "Status": "Active", "Storeys": 19, "StoreysInBasement": null, "TopHeight": 61}, "type": "Feature"}, {"geometry": {"coordinates": [[[835532.2458700007, 820434.2346800026], [835525.2728400007, 820432.8957100026], [835520.172340001, 820431.9163100012], [835519.7914400008, 820433.8535400014], [835515.6605700012, 820433.063790001], [835515.4282000009, 820434.2009700015], [835513.6957200011, 820433.8763100021], [835513.5145500004, 820434.8188600019], [835515.2195900008, 820435.2219100017], [835514.9675500011, 820436.455380002], [835513.2601900008, 820436.142260002], [835512.966930001, 820437.6680300012], [835514.6614200007, 820437.9535700027], [835514.4166100007, 820439.1516900025], [835518.5789700011, 820440.0201800019], [835518.3588300012, 820441.1398100015], [835530.4634700008, 820443.4641600009], [835532.2458700007, 820434.2346800026]]], "type": "Polygon"}, "properties": {"BaseHeight": 5.9, "BuildingBlockType": "Tower", "BuildingCSUID": "3552320437T20201111", "BuildingID": 1108232092, "BuildingNameEN": null, "BuildingNameTC": null, "DateCreate": 1605024000000, "DateStamp": 1605628800000, "GeoRefNo": "3552320437", "OBJECTID": 136371, "Shape__Area": 146.55912011362122, "Shape__Length": 58.71786761798088, "Status": "Active", "Storeys": 8, "StoreysInBasement": null, "TopHeight": 32.6}, "type": "Feature"}, {"geometry": {"coordinates": [[[835349.7081700005, 820484.3577500023], [835362.0672500012, 820486.7768500019], [835363.7075500004, 820487.0979200024], [835365.626600001, 820487.4735400025], [835366.4201800004, 820483.2939800024], [835350.4892000007, 820480.2691300027], [835349.7081700005, 820484.3577500023]]], "type": "Polygon"}, "properties": {"BaseHeight": 5.3, "BuildingBlockType": "Tower", "BuildingCSUID": "3535720483T20050430", "BuildingID": 1108231813, "BuildingNameEN": "Yiu Chung Building", "BuildingNameTC": "耀中大廈", "DateCreate": 1114790400000, "DateStamp": 1599580800000, "GeoRefNo": "3535720483", "OBJECTID": 137628, "Shape__Area": 68.25143999257205, "Shape__Length": 40.85288503528057, "Status": "Active", "Storeys": 14, "StoreysInBasement": null, "TopHeight": 51.6}, "type": "Feature"}, {"geometry": {"coordinates": [[[835492.4203600008, 820477.6383100022], [835495.7990400009, 820481.0509700011], [835509.4472800009, 820468.024240002], [835510.0746000009, 820467.4254900012], [835508.953470001, 820466.2678300012], [835507.5822600005, 820467.5432000011], [835507.1078000013, 820467.0345600024], [835501.5778700011, 820472.284450002], [835499.856420001, 820470.4314100016], [835492.4203600008, 820477.6383100022]]], "type": "Polygon"}, "properties": {"BaseHeight": 5.7, "BuildingBlockType": "Tower", "BuildingCSUID": "3549820474T20050430", "BuildingID": 1108231845, "BuildingNameEN": null, "BuildingNameTC": null, "DateCreate": 1114790400000, "DateStamp": 1361808000000, "GeoRefNo": "3549820474", "OBJECTID": 142781, "Shape__Area": 70.68228735803069, "Shape__Length": 49.22612245601219, "Status": "Active", "Storeys": null, "StoreysInBasement": null, "TopHeight": 21.4}, "type": "Feature"}, {"geometry": {"coordinates": [[[835489.0439800005, 820474.2279900014], [835492.4203600008, 820477.6383100022], [835499.856420001, 820470.4314100016], [835498.311780001, 820468.7686800025], [835503.7485200008, 820463.4332800023], [835503.3680300005, 820463.0253800023], [835504.6273500007, 820461.8007700015], [835503.2886300012, 820460.4184300024], [835492.7729500011, 820470.6129200011], [835489.0439800005, 820474.2279900014]]], "type": "Polygon"}, "properties": {"BaseHeight": 5.6, "BuildingBlockType": "Tower", "BuildingCSUID": "3549520471T20050430", "BuildingID": 1108231860, "BuildingNameEN": null, "BuildingNameTC": null, "DateCreate": 1114790400000, "DateStamp": 1361808000000, "GeoRefNo": "3549520471", "OBJECTID": 142783, "Shape__Area": 72.50934330901885, "Shape__Length": 49.11968868409619, "Status": "Active", "Storeys": null, "StoreysInBasement": null, "TopHeight": 20.9}, "type": "Feature"}, {"geometry": {"coordinates": [[[835526.031080001, 820631.5392300021], [835526.4960100008, 820628.8762700018], [835526.9841300007, 820626.0804900024], [835520.0000000009, 820624.7767100018], [835514.7457000008, 820623.7958600018], [835513.7061100006, 820629.2385800015], [835520.0000000009, 820630.4134300016], [835526.031080001, 820631.5392300021]]], "type": "Polygon"}, "properties": {"BaseHeight": 5.6, "BuildingBlockType": "Tower", "BuildingCSUID": "3552120627T20050430", "BuildingID": 1108231084, "BuildingNameEN": "Kwong Ming Mansion", "BuildingNameTC": "光明樓", "DateCreate": 1114790400000, "DateStamp": 1599580800000, "GeoRefNo": "3552120627", "OBJECTID": 145274, "Shape__Area": 69.22844286345239, "Shape__Length": 36.07013230587792, "Status": "Active", "Storeys": 11, "StoreysInBasement": null, "TopHeight": 40.8}, "type": "Feature"}, {"geometry": {"coordinates": [[[835323.8611600008, 820619.3693400025], [835342.8819400007, 820622.9507000018], [835343.2520100009, 820620.9852400012], [835340.5333200004, 820620.4733500015], [835341.0186700011, 820617.895630002], [835324.7165800007, 820614.8261700012], [835323.8611600008, 820619.3693400025]]], "type": "Polygon"}, "properties": {"BaseHeight": 5.3, "BuildingBlockType": "Tower", "BuildingCSUID": "3533320618T20050430", "BuildingID": 1108231122, "BuildingNameEN": null, "BuildingNameTC": null, "DateCreate": 1114790400000, "DateStamp": 1599580800000, "GeoRefNo": "3533320618", "OBJECTID": 145281, "Shape__Area": 82.22181121996233, "Shape__Length": 47.95601933837625, "Status": "Active", "Storeys": 6, "StoreysInBasement": null, "TopHeight": 24.8}, "type": "Feature"}, {"geometry": {"coordinates": [[[835500.8336300012, 820447.6812500022], [835501.2619100008, 820445.3200000022], [835507.896420001, 820446.5732500013], [835508.1095000012, 820445.5264200009], [835509.1597300004, 820445.7139600012], [835509.4040600006, 820444.4616100024], [835491.5341500007, 820440.9700300023], [835490.6005800012, 820445.7674400024], [835500.8336300012, 820447.6812500022]]], "type": "Polygon"}, "properties": {"BaseHeight": 5.8, "BuildingBlockType": "Tower", "BuildingCSUID": "3549620444T20050430", "BuildingID": 1108232040, "BuildingNameEN": "Wing Hing Lung Building", "BuildingNameTC": "永興隆大廈", "DateCreate": 1114790400000, "DateStamp": 1599580800000, "GeoRefNo": "3549620444", "OBJECTID": 145312, "Shape__Area": 67.80586988190598, "Shape__Length": 46.06841693443014, "Status": "Active", "Storeys": 15, "StoreysInBasement": null, "TopHeight": 67.5}, "type": "Feature"}, {"geometry": {"coordinates": [[[835495.9428800009, 820457.4436700027], [835502.4622600004, 820458.6615400016], [835502.9556300007, 820456.7376500014], [835506.611490001, 820457.282300001], [835507.1414800007, 820454.5008600019], [835489.1756800013, 820451.0713100024], [835488.9108300004, 820452.464180002], [835488.2376700006, 820456.0042700022], [835495.9428800009, 820457.4436700027]]], "type": "Polygon"}, "properties": {"BaseHeight": 5.7, "BuildingBlockType": "Tower", "BuildingCSUID": "3549620454T20050430", "BuildingID": 1108231975, "BuildingNameEN": null, "BuildingNameTC": null, "DateCreate": 1114790400000, "DateStamp": 1599580800000, "GeoRefNo": "3549620454", "OBJECTID": 145316, "Shape__Area": 83.48356368476773, "Shape__Length": 46.29605699437821, "Status": "Active", "Storeys": 8, "StoreysInBasement": null, "TopHeight": 32.6}, "type": "Feature"}, {"geometry": {"coordinates": [[[835509.4040600006, 820444.4616100024], [835509.7076700004, 820442.9053800013], [835508.7071100008, 820442.5904600024], [835508.9602000006, 820441.3471000027], [835502.2274700012, 820439.9965500012], [835502.5998300007, 820437.9435800016], [835492.4901600005, 820436.0572800022], [835491.5341500007, 820440.9700300023], [835509.4040600006, 820444.4616100024]]], "type": "Polygon"}, "properties": {"BaseHeight": 5.8, "BuildingBlockType": "Tower", "BuildingCSUID": "3549720438T20050430", "BuildingID": 1108232060, "BuildingNameEN": "Wing Hing Lung Building", "BuildingNameTC": "永興隆大廈", "DateCreate": 1114790400000, "DateStamp": 1599580800000, "GeoRefNo": "3549720438", "OBJECTID": 145317, "Shape__Area": 74.23752519359452, "Shape__Length": 46.35356050754018, "Status": "Active", "Storeys": 15, "StoreysInBasement": null, "TopHeight": 67.5}, "type": "Feature"}, {"geometry": {"coordinates": [[[835324.7165800007, 820614.8261700012], [835341.0186700011, 820617.895630002], [835341.4442600012, 820615.635350002], [835344.1629400011, 820616.1472400017], [835344.5927700009, 820613.8643600009], [835338.9167400012, 820612.7956400011], [835325.5720000006, 820610.2830000017], [835324.7165800007, 820614.8261700012]]], "type": "Polygon"}, "properties": {"BaseHeight": 5.3, "BuildingBlockType": "Tower", "BuildingCSUID": "3533320614T20050430", "BuildingID": 1108231152, "BuildingNameEN": null, "BuildingNameTC": null, "DateCreate": 1114790400000, "DateStamp": 1599580800000, "GeoRefNo": "3533320614", "OBJECTID": 145494, "Shape__Area": 83.11522990630546, "Shape__Length": 47.955980027739216, "Status": "Active", "Storeys": 6, "StoreysInBasement": null, "TopHeight": 24.8}, "type": "Feature"}, {"geometry": {"coordinates": [[[835454.4168000007, 820641.2072200011], [835455.6080500009, 820634.9213300012], [835462.2555400012, 820599.8445400018], [835462.6512700012, 820597.7564100027], [835499.3148000007, 820605.0526400022], [835501.9366200007, 820591.1989400014], [835465.359290001, 820584.1475300025], [835424.6175500005, 820576.1263400018], [835412.7357600005, 820573.8357600011], [835410.3039600011, 820573.348410001], [835408.8374200007, 820573.0625000019], [835408.269150001, 820572.9506100025], [835406.2580000004, 820572.558000002], [835404.1441800008, 820583.4665600024], [835406.1404700009, 820583.861870002], [835436.7101100013, 820589.9014300015], [835436.3121100012, 820592.5644800011], [835406.9973700009, 820586.7198200021], [835404.736440001, 820598.6117300019], [835406.4229800012, 820598.9523100015], [835442.7741500009, 820606.2929500025], [835443.2552500004, 820606.3892800026], [835449.9821400009, 820607.7362300027], [835449.9398700008, 820607.9720700011], [835441.5954100005, 820650.6053100023], [835453.9675000012, 820652.9167500027], [835455.670930001, 820644.8038800023], [835453.8432000009, 820644.2339400016], [835454.4168000007, 820641.2072200011]]], "type": "Polygon"}, "properties": {"BaseHeight": 5.3, "BuildingBlockType": "Tower", "BuildingCSUID": "3545020598T20050430", "BuildingID": 1108230953, "BuildingNameEN": "Mong Kok Police Station", "BuildingNameTC": "旺角警署", "DateCreate": 1114790400000, "DateStamp": 1361808000000, "GeoRefNo": "3545020598", "OBJECTID": 146383, "Shape__Area": 2440.481470376702, "Shape__Length": 397.88984688898023, "Status": "Active", "Storeys": null, "StoreysInBasement": null, "TopHeight": 40.8}, "type": "Feature"}, {"geometry": {"coordinates": [[[835526.9841300007, 820626.0804900024], [835527.4236500012, 820623.5630800016], [835527.8385900008, 820621.1864700019], [835520.0000000009, 820619.6791500021], [835515.690320001, 820618.8504200019], [835514.7457000008, 820623.7958600018], [835520.0000000009, 820624.7767100018], [835526.9841300007, 820626.0804900024]]], "type": "Polygon"}, "properties": {"BaseHeight": 5.6, "BuildingBlockType": "Tower", "BuildingCSUID": "3552120622T20050430", "BuildingID": 1108231107, "BuildingNameEN": "Kwong Ming Mansion", "BuildingNameTC": "光明樓", "DateCreate": 1114790400000, "DateStamp": 1599580800000, "GeoRefNo": "3552120622", "OBJECTID": 146977, "Shape__Area": 62.06619221162884, "Shape__Length": 34.82358216405709, "Status": "Active", "Storeys": 11, "StoreysInBasement": null, "TopHeight": 40.8}, "type": "Feature"}, {"geometry": {"coordinates": [[[835493.5532000009, 820464.6999400016], [835493.6890900005, 820463.734170001], [835497.302720001, 820464.353550002], [835498.5088900011, 820463.1687000021], [835497.1256300006, 820462.7821300011], [835497.2047000006, 820462.0969300009], [835495.0958300009, 820461.7082800027], [835495.9428800009, 820457.4436700027], [835488.2376700006, 820456.0042700022], [835486.9807900004, 820462.6141600013], [835486.8070400013, 820463.5279500019], [835493.5532000009, 820464.6999400016]]], "type": "Polygon"}, "properties": {"BaseHeight": 5.6, "BuildingBlockType": "Tower", "BuildingCSUID": "3549120459T20050430", "BuildingID": 1108231941, "BuildingNameEN": null, "BuildingNameTC": null, "DateCreate": 1114790400000, "DateStamp": 1599580800000, "GeoRefNo": "3549120459", "OBJECTID": 147148, "Shape__Area": 64.75869801705298, "Shape__Length": 37.29489292951815, "Status": "Active", "Storeys": 5, "StoreysInBasement": null, "TopHeight": 23.3}, "type": "Feature"}, {"geometry": {"coordinates": [[[835322.8976800004, 820624.4864200018], [835339.1579000009, 820627.548010001], [835339.5614300007, 820625.404860001], [835342.3219800005, 820625.9246300012], [835342.8819400007, 820622.9507000018], [835323.8611600008, 820619.3693400025], [835322.8976800004, 820624.4864200018]]], "type": "Polygon"}, "properties": {"BaseHeight": 5.2, "BuildingBlockType": "Tower", "BuildingCSUID": "3533220623T20050430", "BuildingID": 1108231102, "BuildingNameEN": null, "BuildingNameTC": null, "DateCreate": 1114790400000, "DateStamp": 1599580800000, "GeoRefNo": "3533220623", "OBJECTID": 147222, "Shape__Area": 94.65544315252737, "Shape__Length": 49.123992510434576, "Status": "Active", "Storeys": 6, "StoreysInBasement": null, "TopHeight": 24.8}, "type": "Feature"}, {"geometry": {"coordinates": [[[835522.1180100013, 820482.0692200027], [835522.490840001, 820481.7065200023], [835509.4472800009, 820468.024240002], [835495.7990400009, 820481.0509700011], [835495.539400001, 820481.2987900022], [835508.681210001, 820495.141280001], [835522.1180100013, 820482.0692200027]]], "type": "Polygon"}, "properties": {"BaseHeight": 5.7, "BuildingBlockType": "Tower", "BuildingCSUID": "3550720481T20050430", "BuildingID": 1108231771, "BuildingNameEN": "Anho House", "BuildingNameTC": "安豪樓", "DateCreate": 1114790400000, "DateStamp": 1599580800000, "GeoRefNo": "3550720481", "OBJECTID": 147382, "Shape__Area": 365.5777720736294, "Shape__Length": 76.48324523156411, "Status": "Active", "Storeys": 12, "StoreysInBasement": null, "TopHeight": 53.7}, "type": "Feature"}, {"geometry": {"coordinates": [[[835492.7729500011, 820470.6129200011], [835491.8341900008, 820469.6682600025], [835492.2507300004, 820467.2832600027], [835494.0550000006, 820467.5438400023], [835496.4396200012, 820465.2013900019], [835493.5532000009, 820464.6999400016], [835486.8070400013, 820463.5279500019], [835486.6416800013, 820464.3975500017], [835485.4218900008, 820470.812380001], [835488.798560001, 820474.4659200013], [835489.0439800005, 820474.2279900014], [835492.7729500011, 820470.6129200011]]], "type": "Polygon"}, "properties": {"BaseHeight": 5.4, "BuildingBlockType": "Tower", "BuildingCSUID": "3548920466T20050430", "BuildingID": 1108231888, "BuildingNameEN": null, "BuildingNameTC": null, "DateCreate": 1114790400000, "DateStamp": 1599580800000, "GeoRefNo": "3548920466", "OBJECTID": 147892, "Shape__Area": 63.12322597915969, "Shape__Length": 36.62079734005943, "Status": "Active", "Storeys": 5, "StoreysInBasement": null, "TopHeight": 23.3}, "type": "Feature"}, {"geometry": {"coordinates": [[[835507.1414800007, 820454.5008600019], [835507.7811700013, 820451.1436800025], [835504.1603900008, 820450.497750001], [835504.5997300008, 820448.3855900019], [835500.8336300012, 820447.6812500022], [835490.6005800012, 820445.7674400024], [835490.198520001, 820445.6922500022], [835489.4391400004, 820449.6858100016], [835489.1756800013, 820451.0713100024], [835507.1414800007, 820454.5008600019]]], "type": "Polygon"}, "properties": {"BaseHeight": 5.7, "BuildingBlockType": "Tower", "BuildingCSUID": "3549720449T20050430", "BuildingID": 1108231996, "BuildingNameEN": null, "BuildingNameTC": null, "DateCreate": 1114790400000, "DateStamp": 1599580800000, "GeoRefNo": "3549720449", "OBJECTID": 148968, "Shape__Area": 92.94100446616926, "Shape__Length": 47.66945011463726, "Status": "Active", "Storeys": 8, "StoreysInBasement": null, "TopHeight": 32.1}, "type": "Feature"}, {"geometry": {"coordinates": [[[835424.7287100004, 820575.338990001], [835426.2000200013, 820567.6668400019], [835426.6070800005, 820565.5442500021], [835421.9328900008, 820564.6264700014], [835421.4871000005, 820566.7710800022], [835420.9105200004, 820569.5449600015], [835413.2368800007, 820568.0799600016], [835412.8105800012, 820570.0910500027], [835412.224320001, 820572.8567100018], [835412.9155900013, 820572.9939400014], [835424.7287100004, 820575.338990001]]], "type": "Polygon"}, "properties": {"BaseHeight": 5.5, "BuildingBlockType": "Tower", "BuildingCSUID": "3542120571T20050430", "BuildingID": 1108231365, "BuildingNameEN": "MTR PRINCE EDWARD STATION", "BuildingNameTC": "港鐵太子站", "DateCreate": 1114790400000, "DateStamp": 1361808000000, "GeoRefNo": "3542120571", "OBJECTID": 149003, "Shape__Area": 86.66062728162026, "Shape__Length": 45.20380249156278, "Status": "Active", "Storeys": null, "StoreysInBasement": null, "TopHeight": 9.3}, "type": "Feature"}, {"geometry": {"coordinates": [[[835369.4764500009, 820556.0296000019], [835370.5143600004, 820550.3369300012], [835368.7532000011, 820550.0000000019], [835365.7132700011, 820549.4184200019], [835365.5909100007, 820550.0000000019], [835364.5767400004, 820554.8204800021], [835363.905030001, 820558.0131900012], [835355.5909900004, 820556.4722100012], [835355.1787600005, 820559.1387000009], [835375.9047300005, 820563.0961000025], [835376.5310700005, 820560.3875000011], [835368.9609200004, 820558.8571400009], [835369.4764500009, 820556.0296000019]]], "type": "Polygon"}, "properties": {"BaseHeight": 5.3, "BuildingBlockType": "Tower", "BuildingCSUID": "3536720558T20050430", "BuildingID": 1108231413, "BuildingNameEN": "MTR PRINCE EDWARD STATION", "BuildingNameTC": "港鐵太子站", "DateCreate": 1114790400000, "DateStamp": 1361808000000, "GeoRefNo": "3536720558", "OBJECTID": 154792, "Shape__Area": 102.50655819293242, "Shape__Length": 65.0893258103, "Status": "Active", "Storeys": null, "StoreysInBasement": null, "TopHeight": 8.9}, "type": "Feature"}, {"geometry": {"coordinates": [[[835486.7722800011, 820533.7122000027], [835487.8371300008, 820534.8922300022], [835487.1774500012, 820535.3894400019], [835509.8994000005, 820539.853620002], [835478.0339300008, 820506.4646200016], [835476.0317700012, 820516.822970001], [835473.1965500005, 820531.4912000019], [835472.8910000008, 820533.0720000025], [835481.5851100013, 820534.6266800016], [835482.8645600006, 820527.0722500011], [835484.6053000009, 820526.5143300015], [835488.1977600008, 820530.3639600016], [835484.2525600009, 820534.284450002], [835484.0671400009, 820535.0162900016], [835485.4205200011, 820535.2633300014], [835486.7722800011, 820533.7122000027]]], "type": "Polygon"}, "properties": {"BaseHeight": 5.5, "BuildingBlockType": "Tower", "BuildingCSUID": "3547920525T20050430", "BuildingID": 1108231531, "BuildingNameEN": "Cheung Ling Mansion", "BuildingNameTC": "長寧大廈", "DateCreate": 1114790400000, "DateStamp": 1599580800000, "GeoRefNo": "3547920525", "OBJECTID": 156567, "Shape__Area": 471.3295015605826, "Shape__Length": 132.16377103608554, "Status": "Active", "Storeys": 14, "StoreysInBasement": null, "TopHeight": 48.8}, "type": "Feature"}, {"geometry": {"coordinates": [[[835502.5998300007, 820437.9435800016], [835509.9451000011, 820439.3140800018], [835510.4270700011, 820436.7616100013], [835508.0400600005, 820436.2659400012], [835508.4341700012, 820434.238280002], [835492.8053900013, 820431.2286900021], [835491.9116600007, 820435.9493400026], [835492.4901600005, 820436.0572800022], [835502.5998300007, 820437.9435800016]]], "type": "Polygon"}, "properties": {"BaseHeight": 5.7, "BuildingBlockType": "Tower", "BuildingCSUID": "3549820434T20050430", "BuildingID": 1108232094, "BuildingNameEN": "Ka Shing Building", "BuildingNameTC": "家盛樓", "DateCreate": 1114790400000, "DateStamp": 1599580800000, "GeoRefNo": "3549820434", "OBJECTID": 158032, "Shape__Area": 82.09285521523564, "Shape__Length": 46.16619241344287, "Status": "Active", "Storeys": 6, "StoreysInBasement": null, "TopHeight": 29.7}, "type": "Feature"}, {"geometry": {"coordinates": [[[835381.0256100008, 820433.5639100019], [835381.8994300012, 820428.9214100018], [835378.7464400008, 820428.1150100026], [835377.4353800006, 820427.8304000013], [835377.1361900009, 820427.8083800022], [835376.8366200011, 820427.824380001], [835376.5414700005, 820427.8781400025], [835376.2554900004, 820427.9687800016], [835375.977450001, 820428.0813400019], [835375.7445500009, 820428.2704000026], [835375.5772800008, 820428.5193700027], [835375.5046000006, 820428.8105500024], [835375.4121800009, 820429.0959600024], [835375.3013900006, 820429.3747600019], [835375.1960900007, 820429.655530002], [835375.009610001, 820429.8905000016], [835374.7603800008, 820430.0574400015], [835374.472190001, 820430.1396200024], [835374.1766300006, 820430.0859400015], [835373.8767300006, 820430.0782200024], [835373.5788800009, 820430.1141000018], [835373.2893000012, 820430.1925800014], [835373.0109300008, 820430.3035400026], [835372.7928600004, 820430.5090500023], [835372.6880700011, 820430.790740002], [835372.6351300012, 820431.0860400014], [835372.6382300006, 820431.3858500011], [835372.7629000004, 820431.8712400012], [835381.0256100008, 820433.5639100019]]], "type": "Polygon"}, "properties": {"BaseHeight": 5.2, "BuildingBlockType": "Tower", "BuildingCSUID": "3537820431T20050430", "BuildingID": 1108232133, "BuildingNameEN": "Mong Kok Civic Triangle Pump House", "BuildingNameTC": "旺角康民角抽水房", "DateCreate": 1114790400000, "DateStamp": 1361808000000, "GeoRefNo": "3537820431", "OBJECTID": 158033, "Shape__Area": 34.79781716367343, "Shape__Length": 25.1551676288298, "Status": "Active", "Storeys": null, "StoreysInBasement": null, "TopHeight": 8.5}, "type": "Feature"}, {"geometry": {"coordinates": [[[835494.4525700007, 820422.5283000022], [835508.1811600011, 820425.176690001], [835508.6598200006, 820425.2690200023], [835512.4587500012, 820426.0018800013], [835512.5971300006, 820425.2690200023], [835512.8975300007, 820423.6781500019], [835508.6128100008, 820422.9283300024], [835509.0052300012, 820420.884320002], [835495.2612100011, 820418.257050002], [835494.4525700007, 820422.5283000022]]], "type": "Polygon"}, "properties": {"BaseHeight": 5.7, "BuildingBlockType": "Tower", "BuildingCSUID": "3550120421T20050430", "BuildingID": 1108232177, "BuildingNameEN": null, "BuildingNameTC": null, "DateCreate": 1114790400000, "DateStamp": 1599580800000, "GeoRefNo": "3550120421", "OBJECTID": 158050, "Shape__Area": 71.0992774713645, "Shape__Length": 45.47413126644116, "Status": "Active", "Storeys": 6, "StoreysInBasement": null, "TopHeight": 28.5}, "type": "Feature"}, {"geometry": {"coordinates": [[[835510.1669500005, 820411.915570002], [835510.5386400009, 820409.6170000024], [835515.3679000009, 820410.5951600019], [835515.8019200005, 820408.2966300026], [835509.684150001, 820407.1511200015], [835509.8155700006, 820406.4201800022], [835497.9192900006, 820404.2170800027], [835497.6959300004, 820405.3968400024], [835496.9273300013, 820409.4565700013], [835510.1669500005, 820411.915570002]]], "type": "Polygon"}, "properties": {"BaseHeight": 5.7, "BuildingBlockType": "Tower", "BuildingCSUID": "3550420407T20050430", "BuildingID": 1108232241, "BuildingNameEN": null, "BuildingNameTC": null, "DateCreate": 1114790400000, "DateStamp": 1599580800000, "GeoRefNo": "3550420407", "OBJECTID": 158282, "Shape__Area": 81.97094142332395, "Shape__Length": 47.458816351907295, "Status": "Active", "Storeys": 8, "StoreysInBasement": null, "TopHeight": 31.9}, "type": "Feature"}, {"geometry": {"coordinates": [[[835509.0052300012, 820420.884320002], [835509.4059000006, 820418.7973700017], [835513.6610500012, 820419.6345800012], [835514.0931400005, 820417.3462600019], [835509.8356100004, 820416.5591200013], [835496.0646700012, 820414.013150001], [835495.2612100011, 820418.257050002], [835509.0052300012, 820420.884320002]]], "type": "Polygon"}, "properties": {"BaseHeight": 5.7, "BuildingBlockType": "Tower", "BuildingCSUID": "3550220417T20050430", "BuildingID": 1108232202, "BuildingNameEN": null, "BuildingNameTC": null, "DateCreate": 1114790400000, "DateStamp": 1599580800000, "GeoRefNo": "3550220417", "OBJECTID": 158503, "Shape__Area": 71.04095741019029, "Shape__Length": 45.43670941881226, "Status": "Active", "Storeys": 6, "StoreysInBasement": null, "TopHeight": 27.2}, "type": "Feature"}, {"geometry": {"coordinates": [[[835508.681210001, 820495.141280001], [835508.8015500009, 820495.2680000011], [835511.6197400009, 820498.2356500011], [835513.7012600005, 820500.4280400015], [835516.7097900007, 820503.5968100019], [835518.761930001, 820505.7582600024], [835520.0000000009, 820499.1416000016], [835521.7105200011, 820490.0000000019], [835523.0197200011, 820483.0032300018], [835522.1180100013, 820482.0692200027], [835508.681210001, 820495.141280001]]], "type": "Polygon"}, "properties": {"BaseHeight": 5.7, "BuildingBlockType": "Tower", "BuildingCSUID": "3551720493T20050430", "BuildingID": 1108231714, "BuildingNameEN": null, "BuildingNameTC": "美星樓", "DateCreate": 1114790400000, "DateStamp": 1599580800000, "GeoRefNo": "3551720493", "OBJECTID": 158564, "Shape__Area": 149.4621531011591, "Shape__Length": 57.83496497239794, "Status": "Active", "Storeys": 9, "StoreysInBasement": null, "TopHeight": 36.6}, "type": "Feature"}, {"geometry": {"coordinates": [[[835507.321370001, 820429.6554400027], [835507.7177300006, 820427.5905400012], [835512.0114400005, 820428.3708400019], [835512.4587500012, 820426.0018800013], [835508.6598200006, 820425.2690200023], [835508.1811600011, 820425.176690001], [835494.4525700007, 820422.5283000022], [835493.9336900013, 820425.2690200023], [835493.596260001, 820427.051330002], [835507.321370001, 820429.6554400027]]], "type": "Polygon"}, "properties": {"BaseHeight": 5.7, "BuildingBlockType": "Tower", "BuildingCSUID": "3550020426T20050430", "BuildingID": 1108232159, "BuildingNameEN": null, "BuildingNameTC": null, "DateCreate": 1114790400000, "DateStamp": 1599580800000, "GeoRefNo": "3550020426", "OBJECTID": 159582, "Shape__Area": 74.65069474674705, "Shape__Length": 45.7889632365723, "Status": "Active", "Storeys": 6, "StoreysInBasement": null, "TopHeight": 28.8}, "type": "Feature"}, {"geometry": {"coordinates": [[[835508.4341700012, 820434.238280002], [835508.8191900011, 820432.2574000023], [835511.182980001, 820432.7583000027], [835511.6150500011, 820430.4700900018], [835507.321370001, 820429.6554400027], [835493.596260001, 820427.051330002], [835492.8053900013, 820431.2286900021], [835508.4341700012, 820434.238280002]]], "type": "Polygon"}, "properties": {"BaseHeight": 5.7, "BuildingBlockType": "Tower", "BuildingCSUID": "3549920430T20050430", "BuildingID": 1108232129, "BuildingNameEN": "Ka Shing Building", "BuildingNameTC": "家盛樓", "DateCreate": 1114790400000, "DateStamp": 1599580800000, "GeoRefNo": "3549920430", "OBJECTID": 159618, "Shape__Area": 73.60761450452867, "Shape__Length": 45.2706060156042, "Status": "Active", "Storeys": 6, "StoreysInBasement": null, "TopHeight": 29.7}, "type": "Feature"}, {"geometry": {"coordinates": [[[835456.5877800006, 820536.6905700024], [835454.1917400006, 820549.0871100016], [835458.858810001, 820549.9891800024], [835461.2548600007, 820537.5926400013], [835456.5877800006, 820536.6905700024]]], "type": "Polygon"}, "properties": {"BaseHeight": 5.3, "BuildingBlockType": "Tower", "BuildingCSUID": "3545820546T20050430", "BuildingID": 1108231482, "BuildingNameEN": "MTR PRINCE EDWARD STATION", "BuildingNameTC": "港鐵太子站", "DateCreate": 1114790400000, "DateStamp": 1361808000000, "GeoRefNo": "3545820546", "OBJECTID": 159666, "Shape__Area": 60.01698223653061, "Shape__Length": 34.758856104936186, "Status": "Active", "Storeys": null, "StoreysInBasement": null, "TopHeight": 9.2}, "type": "Feature"}, {"geometry": {"coordinates": [[[835318.7690900005, 820525.2959200013], [835323.4865700006, 820526.1798200011], [835326.6917500012, 820509.4111400023], [835321.8832600005, 820508.4867700022], [835318.7690900005, 820525.2959200013]]], "type": "Polygon"}, "properties": {"BaseHeight": 5.2, "BuildingBlockType": "Tower", "BuildingCSUID": "3532220515T20050430", "BuildingID": 1108231611, "BuildingNameEN": null, "BuildingNameTC": null, "DateCreate": 1114790400000, "DateStamp": 1599580800000, "GeoRefNo": "3532220515", "OBJECTID": 159672, "Shape__Area": 82.82212306918808, "Shape__Length": 43.86354986286861, "Status": "Active", "Storeys": 8, "StoreysInBasement": null, "TopHeight": 33}, "type": "Feature"}, {"geometry": {"coordinates": [[[835420.3594000004, 820651.3716600016], [835434.1210500011, 820654.1887100022], [835442.0185100008, 820612.8916900009], [835420.5910600005, 820608.4476900026], [835420.0686600013, 820611.2538400013], [835421.6118700011, 820611.5158200022], [835421.361990001, 820612.8023400027], [835427.6807000004, 820613.9876100011], [835426.8654300012, 820618.1505100019], [835425.9869600004, 820622.6362000015], [835419.6987800011, 820621.3656400014], [835419.4829800008, 820622.476710001], [835418.0454700012, 820622.121770002], [835416.9417400006, 820628.050590001], [835418.3405000009, 820628.3589200024], [835418.1172800008, 820629.5081700012], [835424.3745800005, 820630.8693100009], [835423.5954200011, 820634.8478800021], [835422.7965800008, 820638.9269200023], [835416.5271800011, 820637.6950400025], [835416.2539600013, 820639.1017400026], [835414.9300900009, 820638.8565100022], [835413.8146900004, 820644.8480800018], [835415.0878700009, 820645.1055400018], [835414.8657300007, 820646.2492300011], [835421.1200900013, 820647.4874100015], [835420.3594000004, 820651.3716600016]]], "type": "Polygon"}, "properties": {"BaseHeight": 5.1, "BuildingBlockType": "Tower", "BuildingCSUID": "3543020631T20050430", "BuildingID": 1108230944, "BuildingNameEN": null, "BuildingNameTC": null, "DateCreate": 1114790400000, "DateStamp": 1361808000000, "GeoRefNo": "3543020631", "OBJECTID": 159734, "Shape__Area": 743.2967993540298, "Shape__Length": 159.28463140454448, "Status": "Active", "Storeys": null, "StoreysInBasement": null, "TopHeight": 18.4}, "type": "Feature"}, {"geometry": {"coordinates": [[[835496.0646700012, 820414.013150001], [835509.8356100004, 820416.5591200013], [835514.0931400005, 820417.3462600019], [835514.5321700005, 820415.0211600009], [835510.2792600011, 820414.2482800018], [835510.7078200011, 820412.0160200018], [835510.1669500005, 820411.915570002], [835496.9273300013, 820409.4565700013], [835496.0646700012, 820414.013150001]]], "type": "Polygon"}, "properties": {"BaseHeight": 5.6, "BuildingBlockType": "Tower", "BuildingCSUID": "3550320412T20050430", "BuildingID": 1108232216, "BuildingNameEN": null, "BuildingNameTC": null, "DateCreate": 1114790400000, "DateStamp": 1599580800000, "GeoRefNo": "3550320412", "OBJECTID": 159849, "Shape__Area": 75.09929557180283, "Shape__Length": 45.94945354950805, "Status": "Active", "Storeys": 6, "StoreysInBasement": null, "TopHeight": 27.2}, "type": "Feature"}, {"geometry": {"coordinates": [[[835344.3010000009, 820632.535000002], [835346.5600000005, 820632.9710000027], [835361.3030000012, 820635.8460000027], [835363.2720000008, 820636.2070000023], [835366.4140000008, 820620.0150000025], [835347.4640000006, 820616.381000001], [835345.6640000008, 820625.574000001], [835344.3010000009, 820632.535000002]]], "type": "Polygon"}, "properties": {"BaseHeight": 5.3, "BuildingBlockType": "Podium", "BuildingCSUID": "3535520626P20060311", "BuildingID": 1108245989, "BuildingNameEN": "PRINCE EDWARD ~ THE LAMMA CITY", "BuildingNameTC": "太子 ~ 藍馬之城", "DateCreate": 1142006400000, "DateStamp": 1599580800000, "GeoRefNo": "3535520626", "OBJECTID": 164228, "Shape__Area": 318.3215995209697, "Shape__Length": 71.57329451121694, "Status": "Active", "Storeys": 4, "StoreysInBasement": null, "TopHeight": 19.7}, "type": "Feature"}, {"geometry": {"coordinates": [[[835495.5982400011, 820244.386450002], [835491.2951100012, 820243.5653700009], [835490.8860000009, 820245.6440000013], [835489.5880000005, 820252.1120000016], [835489.330000001, 820253.5840000026], [835492.0431200005, 820254.1002600025], [835493.7770000007, 820254.430180002], [835501.7642800007, 820255.9500100017], [835507.3560000006, 820257.0140000023], [835509.2483600006, 820246.9910400026], [835503.7015500013, 820245.9326500017], [835495.5982400011, 820244.386450002]]], "type": "Polygon"}, "properties": {"BaseHeight": 5.4, "BuildingBlockType": "Podium", "BuildingCSUID": "3549920250P20060311", "BuildingID": 1108246171, "BuildingNameEN": "RAMMON HOUSE", "BuildingNameTC": "金德行", "DateCreate": 1142006400000, "DateStamp": 1599580800000, "GeoRefNo": "3549920250", "OBJECTID": 168297, "Shape__Area": 187.0097592880852, "Shape__Length": 57.03652435223054, "Status": "Active", "Storeys": 4, "StoreysInBasement": null, "TopHeight": 20.1}, "type": "Feature"}, {"geometry": {"coordinates": [[[835442.9060000004, 820527.4690000024], [835454.8620000007, 820529.7600000016], [835456.0710000005, 820523.4960000012], [835456.3680000007, 820521.9590000026], [835458.4250000007, 820511.3090000022], [835458.7060000012, 820509.8540000021], [835460.790000001, 820499.0610000025], [835461.0790000008, 820497.5660000015], [835462.4850000013, 820490.2840000018], [835458.023000001, 820485.5950000025], [835456.8030000012, 820484.313000001], [835449.6010000007, 820476.7700000014], [835448.478000001, 820475.5930000022], [835441.1320000011, 820467.9000000022], [835440.0900000008, 820466.8090000022], [835434.2760000005, 820460.7200000025], [835427.4100000011, 820462.6920000017], [835425.4090000009, 820473.0890000015], [835425.120000001, 820474.592000002], [835425.1070000008, 820474.6630000025], [835423.1340000005, 820484.9160000011], [835423.1190000009, 820484.9920000024], [835422.8310000012, 820486.4900000021], [835420.8030000012, 820497.0280000027], [835420.5080000004, 820498.5590000022], [835420.5000000009, 820498.6020000018], [835418.4460000005, 820509.2760000024], [835418.1430000011, 820510.8500000015], [835415.9400000004, 820522.3000000026], [835427.3930000011, 820524.495000001], [835430.7520000013, 820525.1390000023], [835442.9060000004, 820527.4690000024]]], "type": "Polygon"}, "properties": {"BaseHeight": 5.4, "BuildingBlockType": "Podium", "BuildingCSUID": "3543920498P20060311", "BuildingID": 1108246036, "BuildingNameEN": "Allied Plaza", "BuildingNameTC": "聯合廣場", "DateCreate": 1142006400000, "DateStamp": 1498579200000, "GeoRefNo": "3543920498", "OBJECTID": 174955, "Shape__Area": 2129.833223005974, "Shape__Length": 188.54377553298667, "Status": "Active", "Storeys": null, "StoreysInBasement": null, "TopHeight": 20.7}, "type": "Feature"}, {"geometry": {"coordinates": [[[835305.7508700006, 820379.5555700026], [835315.1686200006, 820381.3032100014], [835319.0715000005, 820382.0455900021], [835319.5666800011, 820379.4996800013], [835323.5519900005, 820380.2046100013], [835324.0126400013, 820377.6725700013], [835306.7425600011, 820374.3561700024], [835305.7508700006, 820379.5555700026]]], "type": "Polygon"}, "properties": {"BaseHeight": 5.1, "BuildingBlockType": "Tower", "BuildingCSUID": "3531220378T20050430", "BuildingID": 1108232388, "BuildingNameEN": null, "BuildingNameTC": null, "DateCreate": 1114790400000, "DateStamp": 1599580800000, "GeoRefNo": "3531220378", "OBJECTID": 200849, "Shape__Area": 81.73425904747606, "Shape__Length": 45.644537143595564, "Status": "Active", "Storeys": 5, "StoreysInBasement": null, "TopHeight": 23.1}, "type": "Feature"}, {"geometry": {"coordinates": [[[835308.688310001, 820364.092530001], [835325.8940800009, 820367.3312000018], [835326.4877000004, 820364.0683900025], [835318.5735300006, 820362.5144200027], [835318.899530001, 820360.715590002], [835309.6598500004, 820358.9678200018], [835308.688310001, 820364.092530001]]], "type": "Polygon"}, "properties": {"BaseHeight": 5.1, "BuildingBlockType": "Tower", "BuildingCSUID": "3531420362T20050430", "BuildingID": 1108232481, "BuildingNameEN": null, "BuildingNameTC": null, "DateCreate": 1114790400000, "DateStamp": 1599580800000, "GeoRefNo": "3531420362", "OBJECTID": 200863, "Shape__Area": 76.11426960107485, "Shape__Length": 45.33723922316284, "Status": "Active", "Storeys": 5, "StoreysInBasement": null, "TopHeight": 23.1}, "type": "Feature"}, {"geometry": {"coordinates": [[[835343.9097500006, 820279.991870001], [835344.8548300005, 820275.1073700022], [835330.8125000009, 820272.4641300011], [835326.6270700004, 820271.6762900017], [835325.689530001, 820276.6204600018], [835330.8125000009, 820277.5684000012], [835332.8968400005, 820277.9540800024], [835343.9097500006, 820279.991870001]]], "type": "Polygon"}, "properties": {"BaseHeight": 5.2, "BuildingBlockType": "Tower", "BuildingCSUID": "3533420275T20050430", "BuildingID": 1108233135, "BuildingNameEN": null, "BuildingNameTC": null, "DateCreate": 1114790400000, "DateStamp": 1599580800000, "GeoRefNo": "3533420275", "OBJECTID": 200932, "Shape__Area": 92.760438679602, "Shape__Length": 47.08474913940611, "Status": "Active", "Storeys": 9, "StoreysInBasement": null, "TopHeight": 35.1}, "type": "Feature"}, {"geometry": {"coordinates": [[[835479.357760001, 820193.9094700012], [835478.9252400007, 820196.0816100016], [835478.9205400012, 820196.1051800009], [835478.7821300011, 820196.8002600018], [835479.7755700005, 820196.9836700018], [835483.7978700008, 820197.7262400016], [835483.9280100008, 820197.0727200024], [835484.3717300007, 820194.8443700019], [835484.4619300012, 820194.3913800027], [835479.4461900005, 820193.465400001], [835479.357760001, 820193.9094700012]]], "type": "Polygon"}, "properties": {"BaseHeight": 5.2, "BuildingBlockType": "Tower", "BuildingCSUID": "3548220195T20050430", "BuildingID": 1108233760, "BuildingNameEN": null, "BuildingNameTC": null, "DateCreate": 1114790400000, "DateStamp": 1274198400000, "GeoRefNo": "3548220195", "OBJECTID": 200960, "Shape__Area": 17.34172181725849, "Shape__Length": 17.00166404972589, "Status": "Active", "Storeys": null, "StoreysInBasement": null, "TopHeight": 14.2}, "type": "Feature"}, {"geometry": {"coordinates": [[[835306.7425600011, 820374.3561700024], [835324.0126400013, 820377.6725700013], [835324.4382100012, 820375.3036600016], [835323.4405400008, 820375.0874900017], [835323.5848900005, 820374.3070400022], [835316.6710400004, 820373.0126500018], [835317.033210001, 820371.0142300017], [835307.7229300011, 820369.1848000027], [835306.7425600011, 820374.3561700024]]], "type": "Polygon"}, "properties": {"BaseHeight": 5.1, "BuildingBlockType": "Tower", "BuildingCSUID": "3531320372T20050430", "BuildingID": 1108232417, "BuildingNameEN": null, "BuildingNameTC": null, "DateCreate": 1114790400000, "DateStamp": 1599580800000, "GeoRefNo": "3531320372", "OBJECTID": 201225, "Shape__Area": 74.88772435340373, "Shape__Length": 45.62370217111284, "Status": "Active", "Storeys": 5, "StoreysInBasement": null, "TopHeight": 23.1}, "type": "Feature"}, {"geometry": {"coordinates": [[[835343.7686500009, 820400.0000000019], [835344.5563000012, 820395.6385000013], [835345.9414000008, 820387.9685000014], [835342.6369000012, 820387.3718000017], [835342.2060000012, 820389.7583000027], [835340.6048000008, 820389.469200002], [835339.8135000011, 820393.8516000025], [835338.0409000004, 820393.5316000022], [835337.7422000011, 820395.1860000025], [835335.1108000008, 820394.7109000012], [835334.7294000005, 820396.8230000027], [835334.5636000009, 820396.9516000021], [835333.5447000004, 820395.6731000021], [835331.4692000011, 820395.4662000015], [835327.7827000013, 820398.481300002], [835327.6303800009, 820400.0000000019], [835327.574500001, 820400.5571000017], [835329.3194000004, 820402.6906000022], [835329.1856000004, 820403.411700001], [835327.0679000011, 820403.0187000018], [835326.5694000004, 820405.7046000026], [835324.2278000005, 820405.2700000014], [835323.4444000004, 820409.4911000021], [835335.935300001, 820411.7841000017], [835337.057000001, 820405.5384000018], [835335.0369000006, 820405.1676000021], [835335.1168000009, 820404.732400002], [835338.5357000008, 820401.9362000022], [835340.1549000004, 820402.2332000025], [835339.7307000011, 820404.724700002], [835343.2979000006, 820405.3321000021], [835344.0851700008, 820400.7085500024], [835343.6547000008, 820400.6308000013], [835343.7539000008, 820400.0817000009], [835343.7686500009, 820400.0000000019]]], "type": "Polygon"}, "properties": {"BaseHeight": 26.6, "BuildingBlockType": "Tower", "BuildingCSUID": "3533220404T20090224", "BuildingID": 1108232242, "BuildingNameEN": "Cite33", "BuildingNameTC": "百匯軒", "DateCreate": 1235404800000, "DateStamp": 1599580800000, "GeoRefNo": "3533220404", "OBJECTID": 208214, "Shape__Area": 248.67343045740682, "Shape__Length": 97.74019657573139, "Status": "Active", "Storeys": 28, "StoreysInBasement": null, "TopHeight": 118.1}, "type": "Feature"}, {"geometry": {"coordinates": [[[835509.8155700006, 820406.4201800022], [835509.9440100007, 820405.7058200017], [835516.0621600011, 820406.8803500012], [835516.4399100011, 820404.9178600013], [835511.6287700012, 820404.1624500025], [835512.1066000005, 820401.6989700012], [835503.3799300008, 820400.0000000019], [835498.8727700012, 820399.0991000012], [835498.7098900005, 820400.0000000019], [835498.132530001, 820403.0907400027], [835497.9192900006, 820404.2170800027], [835509.8155700006, 820406.4201800022]]], "type": "Polygon"}, "properties": {"BaseHeight": 5.7, "BuildingBlockType": "Tower", "BuildingCSUID": "3550520402T20050430", "BuildingID": 1108232265, "BuildingNameEN": null, "BuildingNameTC": null, "DateCreate": 1114790400000, "DateStamp": 1599580800000, "GeoRefNo": "3550520402", "OBJECTID": 208274, "Shape__Area": 77.35717782607516, "Shape__Length": 47.12512345353569, "Status": "Active", "Storeys": 8, "StoreysInBasement": null, "TopHeight": 31.9}, "type": "Feature"}, {"geometry": {"coordinates": [[[835503.3620000007, 820277.529000001], [835504.2775300005, 820272.8264200017], [835491.7982500009, 820270.4453000017], [835491.2405400006, 820273.335070001], [835485.720660001, 820272.2564100027], [835485.3890000004, 820274.1170000024], [835487.3170000007, 820274.495000001], [835503.3620000007, 820277.529000001]]], "type": "Polygon"}, "properties": {"BaseHeight": 5.5, "BuildingBlockType": "Tower", "BuildingCSUID": "3549620273T20050430", "BuildingID": 1108233156, "BuildingNameEN": "Ng Po House", "BuildingNameTC": "五寶大廈", "DateCreate": 1114790400000, "DateStamp": 1599580800000, "GeoRefNo": "3549620273", "OBJECTID": 208322, "Shape__Area": 71.54727487586341, "Shape__Length": 46.24662702155391, "Status": "Active", "Storeys": 11, "StoreysInBasement": null, "TopHeight": 37.4}, "type": "Feature"}, {"geometry": {"coordinates": [[[835457.8506200006, 820400.0000000019], [835462.2726000007, 820375.8366200011], [835480.3967600008, 820367.4931600019], [835485.7334700013, 820368.7078800015], [835488.537490001, 820353.8127500024], [835472.5627300004, 820350.7756400015], [835446.0448000012, 820363.1347700022], [835439.2293800004, 820400.0000000019], [835435.6927500004, 820419.1299400013], [835465.1133600008, 820449.6558100022], [835470.3168000011, 820450.6021700017], [835474.2355900006, 820429.7853200026], [835455.8958800007, 820410.681400001], [835457.8506200006, 820400.0000000019]]], "type": "Polygon"}, "properties": {"BaseHeight": 20.7, "BuildingBlockType": "Tower", "BuildingCSUID": "3545920417T20050430", "BuildingID": 1108232023, "BuildingNameEN": "Pioneer Centre", "BuildingNameTC": "始創中心", "DateCreate": 1114790400000, "DateStamp": 1599580800000, "GeoRefNo": "3545920417", "OBJECTID": 208646, "Shape__Area": 2219.084840021659, "Shape__Length": 273.8166004644205, "Status": "Active", "Storeys": 21, "StoreysInBasement": null, "TopHeight": 92}, "type": "Feature"}, {"geometry": {"coordinates": [[[835381.8994300012, 820428.9214100018], [835381.0256100008, 820433.5639100019], [835396.3855700009, 820436.4650200009], [835397.2305500004, 820431.8065800015], [835381.8994300012, 820428.9214100018]]], "type": "Polygon"}, "properties": {"BaseHeight": null, "BuildingBlockType": "Open-sided Structure", "BuildingCSUID": "3538820432T20071227", "BuildingID": 1108232110, "BuildingNameEN": null, "BuildingNameTC": null, "DateCreate": 1198684800000, "DateStamp": 1274198400000, "GeoRefNo": "3538820432", "OBJECTID": 208680, "Shape__Area": 73.85033791386937, "Shape__Length": 40.69024548929927, "Status": "Active", "Storeys": null, "StoreysInBasement": null, "TopHeight": null}, "type": "Feature"}, {"geometry": {"coordinates": [[[835415.5364700006, 820321.1347800009], [835422.9028900005, 820322.5623700023], [835427.560060001, 820298.5000000019], [835428.560730001, 820293.3298000023], [835421.9211700009, 820292.0224400014], [835420.5557700004, 820291.7512500025], [835420.320340001, 820293.0599700026], [835415.8514300007, 820292.192110002], [835416.0857300004, 820290.9288600013], [835410.2815200007, 820289.806040002], [835408.5944200009, 820298.5000000019], [835404.6126800012, 820319.018720001], [835411.1471500006, 820320.2850200012], [835415.5364700006, 820321.1347800009]]], "type": "Polygon"}, "properties": {"BaseHeight": 4.8, "BuildingBlockType": "Tower", "BuildingCSUID": "3542220305T20050430", "BuildingID": 1108232776, "BuildingNameEN": "Kingland Apartments", "BuildingNameTC": "金輪大廈", "DateCreate": 1114790400000, "DateStamp": 1599580800000, "GeoRefNo": "3542220305", "OBJECTID": 208760, "Shape__Area": 548.5858587873792, "Shape__Length": 99.40087834119129, "Status": "Active", "Storeys": 17, "StoreysInBasement": null, "TopHeight": 60.6}, "type": "Feature"}, {"geometry": {"coordinates": [[[835345.7569300011, 820293.014870001], [835345.4849400008, 820294.441560002], [835346.9464900009, 820294.7106600013], [835346.7488400005, 820295.748610001], [835350.0000000009, 820296.3536400013], [835356.0403700005, 820297.4777500015], [835355.8440500004, 820298.5000000019], [835355.6258500004, 820299.6361700017], [835366.1731600007, 820301.6527500022], [835366.7746400004, 820298.5000000019], [835367.0353100011, 820297.1336400025], [835350.0000000009, 820293.8361800015], [835345.7569300011, 820293.014870001]]], "type": "Polygon"}, "properties": {"BaseHeight": 5, "BuildingBlockType": "Tower", "BuildingCSUID": "3535920297T20050430", "BuildingID": 1108232942, "BuildingNameEN": null, "BuildingNameTC": null, "DateCreate": 1114790400000, "DateStamp": 1599580800000, "GeoRefNo": "3535920297", "OBJECTID": 208827, "Shape__Area": 74.93692246115062, "Shape__Length": 52.65633700152151, "Status": "Active", "Storeys": 4, "StoreysInBasement": null, "TopHeight": 20.2}, "type": "Feature"}, {"geometry": {"coordinates": [[[835512.9844000004, 820324.349750001], [835530.8197100004, 820327.6970500015], [835531.2534700008, 820325.412490001], [835528.6437800005, 820324.9066200014], [835529.1806900008, 820322.1070400011], [835513.9623900009, 820319.1436500009], [835512.9844000004, 820324.349750001]]], "type": "Polygon"}, "properties": {"BaseHeight": 5.7, "BuildingBlockType": "Tower", "BuildingCSUID": "3552220322T20050430", "BuildingID": 1108232737, "BuildingNameEN": null, "BuildingNameTC": null, "DateCreate": 1114790400000, "DateStamp": 1599580800000, "GeoRefNo": "3552220322", "OBJECTID": 209178, "Shape__Area": 87.46547335504874, "Shape__Length": 46.7822433903111, "Status": "Active", "Storeys": 9, "StoreysInBasement": null, "TopHeight": 36.7}, "type": "Feature"}, {"geometry": {"coordinates": [[[835512.9844000004, 820324.349750001], [835512.0693300012, 820329.2211000025], [835520.971090001, 820330.9184700027], [835527.2608000012, 820332.1178800017], [835527.7480900008, 820329.5769800022], [835530.3601300009, 820330.0800200012], [835530.8197100004, 820327.6970500015], [835512.9844000004, 820324.349750001]]], "type": "Polygon"}, "properties": {"BaseHeight": 5.7, "BuildingBlockType": "Tower", "BuildingCSUID": "3552120327T20050430", "BuildingID": 1108232706, "BuildingNameEN": null, "BuildingNameTC": null, "DateCreate": 1114790400000, "DateStamp": 1599580800000, "GeoRefNo": "3552120327", "OBJECTID": 209196, "Shape__Area": 83.48971692933954, "Shape__Length": 46.24256553511722, "Status": "Active", "Storeys": 9, "StoreysInBasement": null, "TopHeight": 36.7}, "type": "Feature"}, {"geometry": {"coordinates": [[[835533.1266100006, 820315.788970001], [835533.6948100012, 820312.8767000027], [835530.0723700011, 820312.1762400027], [835530.4369300008, 820310.3059400022], [835516.1509600012, 820307.5533600021], [835515.2080700006, 820312.3495400026], [835533.1266100006, 820315.788970001]]], "type": "Polygon"}, "properties": {"BaseHeight": 5.6, "BuildingBlockType": "Tower", "BuildingCSUID": "3552420311T20050430", "BuildingID": 1108232829, "BuildingNameEN": null, "BuildingNameTC": "鴻添大樓", "DateCreate": 1114790400000, "DateStamp": 1599580800000, "GeoRefNo": "3552420311", "OBJECTID": 209227, "Shape__Area": 82.01425641076133, "Shape__Length": 46.24458916207968, "Status": "Active", "Storeys": 8, "StoreysInBasement": null, "TopHeight": 32.1}, "type": "Feature"}, {"geometry": {"coordinates": [[[835424.5824000007, 820245.6791200023], [835437.3210600009, 820248.0675800014], [835442.0251300009, 820223.7629600018], [835435.8071100004, 820222.5644600019], [835433.0310000004, 820222.0293700024], [835421.6567700012, 820219.8370100018], [835421.2274900004, 820222.0293700024], [835417.1742000012, 820242.7298700027], [835424.8990300009, 820244.1873900015], [835424.5824000007, 820245.6791200023]]], "type": "Polygon"}, "properties": {"BaseHeight": 4.9, "BuildingBlockType": "Tower", "BuildingCSUID": "3542920232T20050430", "BuildingID": 1108233382, "BuildingNameEN": "Belgian Bank Building", "BuildingNameTC": "華比銀行大廈", "DateCreate": 1114790400000, "DateStamp": 1599580800000, "GeoRefNo": "3542920232", "OBJECTID": 209228, "Shape__Area": 503.2747169068132, "Shape__Length": 91.17325459922807, "Status": "Active", "Storeys": 14, "StoreysInBasement": null, "TopHeight": 60}, "type": "Feature"}, {"geometry": {"coordinates": [[[835408.7030600011, 820245.6977400016], [835409.071250001, 820243.7920200024], [835413.6398300007, 820244.6807000022], [835414.0029500006, 820242.8922800012], [835409.413970001, 820242.020870002], [835409.5525700012, 820241.3028300013], [835400.0000000009, 820239.4147700015], [835394.0299900007, 820238.2348000016], [835393.1853200011, 820242.650630001], [835400.0000000009, 820243.9887800012], [835408.7030600011, 820245.6977400016]]], "type": "Polygon"}, "properties": {"BaseHeight": 5.2, "BuildingBlockType": "Tower", "BuildingCSUID": "3540120241T20050430", "BuildingID": 1108233405, "BuildingNameEN": null, "BuildingNameTC": null, "DateCreate": 1114790400000, "DateStamp": 1599580800000, "GeoRefNo": "3540120241", "OBJECTID": 209253, "Shape__Area": 79.42182080332995, "Shape__Length": 49.955204630912725, "Status": "Active", "Storeys": 8, "StoreysInBasement": null, "TopHeight": 34.4}, "type": "Feature"}, {"geometry": {"coordinates": [[[835434.5480400007, 820262.3950400017], [835435.9880800005, 820254.9547100011], [835415.5530800009, 820251.0090300012], [835414.9993500011, 820250.9021300022], [835414.3113000011, 820254.4012700021], [835423.1026600013, 820256.0886100009], [835423.638340001, 820253.7189800013], [835425.6754800007, 820254.1153100021], [835424.398430001, 820260.5067800023], [835434.5480400007, 820262.3950400017]]], "type": "Polygon"}, "properties": {"BaseHeight": 4.8, "BuildingBlockType": "Tower", "BuildingCSUID": "3542720256T20050430", "BuildingID": 1108233272, "BuildingNameEN": null, "BuildingNameTC": null, "DateCreate": 1114790400000, "DateStamp": 1274198400000, "GeoRefNo": "3542720256", "OBJECTID": 209603, "Shape__Area": 112.8065120710652, "Shape__Length": 62.81909208348736, "Status": "Active", "Storeys": null, "StoreysInBasement": null, "TopHeight": 19.7}, "type": "Feature"}, {"geometry": {"coordinates": [[[835409.5525700012, 820241.3028300013], [835409.6399300005, 820240.8496300019], [835414.2273700004, 820241.7805500012], [835414.6433000006, 820239.7309900019], [835410.0518800011, 820238.7264800016], [835410.4391100006, 820236.7163000014], [835400.0000000009, 820234.6000900026], [835394.9221400004, 820233.5707100015], [835394.0299900007, 820238.2348000016], [835400.0000000009, 820239.4147700015], [835409.5525700012, 820241.3028300013]]], "type": "Polygon"}, "properties": {"BaseHeight": 5.2, "BuildingBlockType": "Tower", "BuildingCSUID": "3540220236T20050430", "BuildingID": 1108233428, "BuildingNameEN": null, "BuildingNameTC": null, "DateCreate": 1114790400000, "DateStamp": 1599580800000, "GeoRefNo": "3540220236", "OBJECTID": 209644, "Shape__Area": 84.52498341590281, "Shape__Length": 50.3850965680178, "Status": "Active", "Storeys": 8, "StoreysInBasement": null, "TopHeight": 34.4}, "type": "Feature"}, {"geometry": {"coordinates": [[[835410.4391100006, 820236.7163000014], [835413.1376600005, 820237.2134000026], [835415.0658500008, 820237.6550900023], [835416.4731900012, 820230.1893100012], [835416.9174100012, 820228.5353400018], [835414.5678600008, 820228.0706100017], [835400.0000000009, 820225.1890100017], [835396.6521200007, 820224.5267800018], [835394.9221400004, 820233.5707100015], [835400.0000000009, 820234.6000900026], [835410.4391100006, 820236.7163000014]]], "type": "Polygon"}, "properties": {"BaseHeight": 5.2, "BuildingBlockType": "Tower", "BuildingCSUID": "3540320229T20050430", "BuildingID": 1108233452, "BuildingNameEN": "Bulkin Centre", "BuildingNameTC": "龐堅中心", "DateCreate": 1114790400000, "DateStamp": 1599580800000, "GeoRefNo": "3540320229", "OBJECTID": 209680, "Shape__Area": 190.12234685074105, "Shape__Length": 59.73037986752641, "Status": "Active", "Storeys": 15, "StoreysInBasement": null, "TopHeight": 63.5}, "type": "Feature"}, {"geometry": {"coordinates": [[[835396.6521200007, 820224.5267800018], [835400.0000000009, 820225.1890100017], [835414.5678600008, 820228.0706100017], [835415.355990001, 820224.112730002], [835415.451390001, 820223.6340400018], [835407.3658500006, 820222.0293700024], [835400.0000000009, 820220.5675200019], [835397.5041900007, 820220.0722000021], [835397.3407700006, 820220.9268400017], [835397.1298600007, 820222.0293700024], [835396.6521200007, 820224.5267800018]]], "type": "Polygon"}, "properties": {"BaseHeight": 5.1, "BuildingBlockType": "Tower", "BuildingCSUID": "3540520223T20050430", "BuildingID": 1108233531, "BuildingNameEN": null, "BuildingNameTC": null, "DateCreate": 1114790400000, "DateStamp": 1599580800000, "GeoRefNo": "3540520223", "OBJECTID": 209702, "Shape__Area": 82.79857104859053, "Shape__Length": 45.619133720813515, "Status": "Active", "Storeys": 8, "StoreysInBasement": null, "TopHeight": 33.2}, "type": "Feature"}, {"geometry": {"coordinates": [[[835336.6810500007, 820258.6905300021], [835345.9436000008, 820260.4692800026], [835349.3723400012, 820261.1277500018], [835350.0000000009, 820257.8860300016], [835350.3707300005, 820255.9713200014], [835350.0000000009, 820255.9009100012], [835348.0837000012, 820255.5369500015], [835348.8791200006, 820251.4381800015], [835341.3555400008, 820250.0000000019], [835331.1089100009, 820248.041290002], [835330.8481100006, 820249.4167000018], [835330.8125000009, 820249.6045100018], [835330.7375100004, 820250.0000000019], [835329.356350001, 820257.2839200012], [835330.8125000009, 820257.563550001], [835336.6810500007, 820258.6905300021]]], "type": "Polygon"}, "properties": {"BaseHeight": 5.1, "BuildingBlockType": "Tower", "BuildingCSUID": "3533920253T20050430", "BuildingID": 1108233286, "BuildingNameEN": null, "BuildingNameTC": null, "DateCreate": 1114790400000, "DateStamp": 1599580800000, "GeoRefNo": "3533920253", "OBJECTID": 210030, "Shape__Area": 182.372183503836, "Shape__Length": 59.63636186404677, "Status": "Active", "Storeys": 6, "StoreysInBasement": null, "TopHeight": 24.5}, "type": "Feature"}, {"geometry": {"coordinates": [[[835349.2024400011, 820274.9828100018], [835348.9392800005, 820276.3597500026], [835350.0000000009, 820276.5629600026], [835350.3879900007, 820276.6372900009], [835350.2268600008, 820277.4835300017], [835359.5368500007, 820279.2677400019], [835359.0885400008, 820281.6024400014], [835369.6180700008, 820283.5955200009], [835370.480200001, 820279.0764100011], [835350.0000000009, 820275.1362500023], [835349.2024400011, 820274.9828100018]]], "type": "Polygon"}, "properties": {"BaseHeight": 5.1, "BuildingBlockType": "Tower", "BuildingCSUID": "3536220279T20050430", "BuildingID": 1109261331, "BuildingNameEN": null, "BuildingNameTC": null, "DateCreate": 1114790400000, "DateStamp": 1599580800000, "GeoRefNo": "3536220279", "OBJECTID": 211184, "Shape__Area": 72.94337093048182, "Shape__Length": 52.580203755395985, "Status": "Active", "Storeys": 4, "StoreysInBasement": null, "TopHeight": 19.7}, "type": "Feature"}, {"geometry": {"coordinates": [[[835383.7574000005, 820291.9385200012], [835382.9137000004, 820296.3492600024], [835393.321750001, 820298.4090400022], [835393.7284500012, 820296.2334100027], [835400.0000000009, 820297.4301900025], [835402.9480100004, 820297.9927400015], [835403.1169200009, 820297.1093000025], [835404.2223900007, 820297.334160002], [835404.4758600006, 820296.0169100016], [835400.0000000009, 820295.1358400024], [835383.7574000005, 820291.9385200012]]], "type": "Polygon"}, "properties": {"BaseHeight": 5.2, "BuildingBlockType": "Tower", "BuildingCSUID": "3538820294T20050430", "BuildingID": 1109261322, "BuildingNameEN": null, "BuildingNameTC": null, "DateCreate": 1114790400000, "DateStamp": 1599580800000, "GeoRefNo": "3538820294", "OBJECTID": 211193, "Shape__Area": 70.40217843993163, "Shape__Length": 51.184878343863915, "Status": "Active", "Storeys": 3, "StoreysInBasement": null, "TopHeight": 19.9}, "type": "Feature"}, {"geometry": {"coordinates": [[[835394.9775600005, 820289.5396300014], [835395.3788500009, 820287.3898500018], [835400.0000000009, 820288.2680400014], [835404.6402700013, 820289.1498700026], [835404.8195900004, 820288.2125900015], [835405.9359300006, 820288.4245800022], [835406.1813800009, 820287.1527000014], [835400.0000000009, 820285.934080001], [835385.454450001, 820283.0665000025], [835384.6738300007, 820287.1475300025], [835384.6162500009, 820287.4485800024], [835394.9775600005, 820289.5396300014]]], "type": "Polygon"}, "properties": {"BaseHeight": 5.2, "BuildingBlockType": "Tower", "BuildingCSUID": "3539020285T20050430", "BuildingID": 1109261335, "BuildingNameEN": null, "BuildingNameTC": null, "DateCreate": 1114790400000, "DateStamp": 1599580800000, "GeoRefNo": "3539020285", "OBJECTID": 214432, "Shape__Area": 70.43907808883081, "Shape__Length": 51.1576079027092, "Status": "Active", "Storeys": 3, "StoreysInBasement": null, "TopHeight": 19.9}, "type": "Feature"}, {"geometry": {"coordinates": [[[835386.3301000008, 820278.4888400026], [835396.6732900012, 820280.568190001], [835397.0172500005, 820278.7021400016], [835400.0000000009, 820279.2826800011], [835406.2938600006, 820280.507670002], [835406.5249000005, 820279.3000200018], [835407.6429700004, 820279.5440400019], [835407.9915200006, 820277.744620001], [835407.3005300006, 820277.6107900012], [835400.8891200004, 820276.3692000024], [835400.0000000009, 820276.1970200017], [835396.4264600007, 820275.5049900021], [835387.2411000011, 820273.7262100019], [835386.3301000008, 820278.4888400026]]], "type": "Polygon"}, "properties": {"BaseHeight": 5.2, "BuildingBlockType": "Tower", "BuildingCSUID": "3539220276T20050430", "BuildingID": 1109261350, "BuildingNameEN": null, "BuildingNameTC": null, "DateCreate": 1114790400000, "DateStamp": 1274198400000, "GeoRefNo": "3539220276", "OBJECTID": 214465, "Shape__Area": 82.22988083093291, "Shape__Length": 52.09001466549971, "Status": "Active", "Storeys": null, "StoreysInBasement": null, "TopHeight": 19.9}, "type": "Feature"}, {"geometry": {"coordinates": [[[835386.3301000008, 820278.4888400026], [835385.454450001, 820283.0665000025], [835400.0000000009, 820285.934080001], [835406.1813800009, 820287.1527000014], [835406.4496900011, 820285.7581000011], [835405.3271100009, 820285.5603000019], [835405.5086700004, 820284.6115800012], [835400.0000000009, 820283.5102900025], [835396.2684600009, 820282.7642800026], [835396.6732900012, 820280.568190001], [835386.3301000008, 820278.4888400026]]], "type": "Polygon"}, "properties": {"BaseHeight": 5.2, "BuildingBlockType": "Tower", "BuildingCSUID": "3539120281T20050430", "BuildingID": 1109261297, "BuildingNameEN": null, "BuildingNameTC": null, "DateCreate": 1114790400000, "DateStamp": 1274198400000, "GeoRefNo": "3539120281", "OBJECTID": 214467, "Shape__Area": 73.00189902573811, "Shape__Length": 51.518800230856435, "Status": "Active", "Storeys": null, "StoreysInBasement": null, "TopHeight": 19.9}, "type": "Feature"}, {"geometry": {"coordinates": [[[835371.3237000005, 820274.6550200023], [835372.171860001, 820270.209280001], [835350.8928400008, 820266.1359300017], [835350.6638000011, 820267.3386100009], [835352.1052700011, 820267.6038800012], [835351.9014800005, 820268.6890800018], [835361.2156000007, 820270.5248100013], [835360.8048500009, 820272.6640200019], [835371.3237000005, 820274.6550200023]]], "type": "Polygon"}, "properties": {"BaseHeight": 5.1, "BuildingBlockType": "Tower", "BuildingCSUID": "3536420270T20050430", "BuildingID": 1109261397, "BuildingNameEN": null, "BuildingNameTC": null, "DateCreate": 1114790400000, "DateStamp": 1599580800000, "GeoRefNo": "3536420270", "OBJECTID": 214494, "Shape__Area": 72.60600171062671, "Shape__Length": 52.36265279233429, "Status": "Active", "Storeys": 4, "StoreysInBasement": null, "TopHeight": 19.7}, "type": "Feature"}, {"geometry": {"coordinates": [[[835496.2518800013, 820621.237110002], [835491.2100000009, 820620.1420000009], [835488.2170000011, 820635.1080000009], [835493.4342600005, 820636.1253900025], [835496.2518800013, 820621.237110002]]], "type": "Polygon"}, "properties": {"BaseHeight": null, "BuildingBlockType": "Open-sided Structure", "BuildingCSUID": "3549220627T20071227", "BuildingID": 1108231055, "BuildingNameEN": null, "BuildingNameTC": null, "DateCreate": 1198684800000, "DateStamp": 1274198400000, "GeoRefNo": "3549220627", "OBJECTID": 214812, "Shape__Area": 79.63854322092844, "Shape__Length": 40.88987127526237, "Status": "Active", "Storeys": null, "StoreysInBasement": null, "TopHeight": null}, "type": "Feature"}, {"geometry": {"coordinates": [[[835349.2024400011, 820274.9828100018], [835350.0000000009, 820275.1362500023], [835370.480200001, 820279.0764100011], [835371.3237000005, 820274.6550200023], [835360.8048500009, 820272.6640200019], [835360.4034400005, 820274.7545000017], [835351.0734800007, 820273.0374200027], [835350.8549000006, 820274.1853100024], [835350.0000000009, 820274.0283200014], [835349.4054900007, 820273.9191500023], [835349.2024400011, 820274.9828100018]]], "type": "Polygon"}, "properties": {"BaseHeight": 5.1, "BuildingBlockType": "Tower", "BuildingCSUID": "3536320274T20050430", "BuildingID": 1109261363, "BuildingNameEN": null, "BuildingNameTC": null, "DateCreate": 1114790400000, "DateStamp": 1599580800000, "GeoRefNo": "3536320274", "OBJECTID": 214861, "Shape__Area": 71.46705704649925, "Shape__Length": 52.21506171067521, "Status": "Active", "Storeys": 4, "StoreysInBasement": null, "TopHeight": 19.7}, "type": "Feature"}, {"geometry": {"coordinates": [[[835404.4758600006, 820296.0169100016], [835404.6896000011, 820294.9065300021], [835403.5812400011, 820294.6839700025], [835403.8186000008, 820293.4435900021], [835400.0000000009, 820292.7074500024], [835394.5811900012, 820291.6628300026], [835394.9775600005, 820289.5396300014], [835384.6162500009, 820287.4485800024], [835383.7574000005, 820291.9385200012], [835400.0000000009, 820295.1358400024], [835404.4758600006, 820296.0169100016]]], "type": "Polygon"}, "properties": {"BaseHeight": 5.2, "BuildingBlockType": "Tower", "BuildingCSUID": "3539020289T20050430", "BuildingID": 1109261474, "BuildingNameEN": null, "BuildingNameTC": null, "DateCreate": 1114790400000, "DateStamp": 1599580800000, "GeoRefNo": "3539020289", "OBJECTID": 214899, "Shape__Area": 71.74868711980893, "Shape__Length": 51.34911136688451, "Status": "Active", "Storeys": 3, "StoreysInBasement": null, "TopHeight": 19.9}, "type": "Feature"}, {"geometry": {"coordinates": [[[835494.0340000009, 820540.7970000021], [835487.1490000011, 820539.4830000009], [835472.557000001, 820536.6980000027], [835469.1770000011, 820554.0410000011], [835472.5190000013, 820554.6790000014], [835508.0750000011, 820561.4660000019], [835508.4410000006, 820559.586000001], [835511.3820000011, 820544.4980000015], [835511.455000001, 820544.1220000014], [835494.0340000009, 820540.7970000021]]], "type": "Polygon"}, "properties": {"BaseHeight": 5.6, "BuildingBlockType": "Podium", "BuildingCSUID": "3549020549P20060311", "BuildingID": 1108246017, "BuildingNameEN": "BIJOU COURT", "BuildingNameTC": "別樹一居", "DateCreate": 1142006400000, "DateStamp": 1599580800000, "GeoRefNo": "3549020549", "OBJECTID": 224984, "Shape__Area": 699.7232624895152, "Shape__Length": 114.5400198112674, "Status": "Active", "Storeys": 5, "StoreysInBasement": null, "TopHeight": 20.5}, "type": "Feature"}, {"geometry": {"coordinates": [[[835350.7569200005, 820400.0000000019], [835355.6279000007, 820395.9436000027], [835345.6034700004, 820383.9061200023], [835344.528140001, 820382.6148500014], [835335.962700001, 820372.3293500021], [835330.7940000007, 820366.122700002], [835330.1260000011, 820366.4629000016], [835327.6851600008, 820379.2226200011], [835324.1168900011, 820397.8761200011], [835323.7106000008, 820400.0000000019], [835321.9475900009, 820409.2163200025], [835320.894700001, 820414.7204000019], [835330.7869000006, 820416.630400002], [835336.4851900004, 820411.8850500025], [835350.7569200005, 820400.0000000019]]], "type": "Polygon"}, "properties": {"BaseHeight": 5.1, "BuildingBlockType": "Podium", "BuildingCSUID": "3533520390P20090224", "BuildingID": 1108246080, "BuildingNameEN": null, "BuildingNameTC": null, "DateCreate": 1235404800000, "DateStamp": 1599580800000, "GeoRefNo": "3533520390", "OBJECTID": 225199, "Shape__Area": 891.6281767108571, "Shape__Length": 131.0911327731815, "Status": "Active", "Storeys": 4, "StoreysInBasement": null, "TopHeight": 26.6}, "type": "Feature"}, {"geometry": {"coordinates": [[[835357.2710000006, 820309.3500000015], [835364.4460000005, 820310.7060000021], [835366.1730000004, 820301.6530000027], [835355.6260000011, 820299.6360000018], [835350.0000000009, 820298.5610000025], [835349.6830000011, 820298.5000000019], [835347.9860000005, 820298.1760000009], [835347.904000001, 820298.5000000019], [835347.8420000011, 820298.7480000015], [835346.6040000012, 820298.5000000019], [835345.5990000004, 820298.2990000024], [835345.5600000005, 820298.5000000019], [835343.9430000009, 820306.8300000019], [835350.0000000009, 820307.9750000015], [835352.3840000005, 820308.4260000009], [835357.2710000006, 820309.3500000015]]], "type": "Polygon"}, "properties": {"BaseHeight": 5, "BuildingBlockType": "Podium", "BuildingCSUID": "3535520304P20060311", "BuildingID": 1108246138, "BuildingNameEN": "HING WONG COURT", "BuildingNameTC": "興旺閣", "DateCreate": 1142006400000, "DateStamp": 1599580800000, "GeoRefNo": "3535520304", "OBJECTID": 225419, "Shape__Area": 191.29273098748519, "Shape__Length": 60.16638120279323, "Status": "Active", "Storeys": 2, "StoreysInBasement": null, "TopHeight": 15.9}, "type": "Feature"}, {"geometry": {"coordinates": [[[835361.936230001, 820586.0137100015], [835365.9113200009, 820565.1501600016], [835357.0477300007, 820563.4890900012], [835344.0178800011, 820561.0472400021], [835335.2931400007, 820559.4121900015], [835333.9653600007, 820566.497320002], [835332.804920001, 820572.6895200014], [835331.3721700013, 820580.3347700015], [835361.936230001, 820586.0137100015]]], "type": "Polygon"}, "properties": {"BaseHeight": 5.2, "BuildingBlockType": "Podium", "BuildingCSUID": "3534820572P20060311", "BuildingID": 1108246006, "BuildingNameEN": "HONLAND BUILDING", "BuildingNameTC": "康齡大廈", "DateCreate": 1142006400000, "DateStamp": 1599580800000, "GeoRefNo": "3534820572", "OBJECTID": 226981, "Shape__Area": 661.6793888335344, "Shape__Length": 104.76403867115079, "Status": "Active", "Storeys": 3, "StoreysInBasement": null, "TopHeight": 15.2}, "type": "Feature"}, {"geometry": {"coordinates": [[[835390.6680500004, 820492.1798400022], [835392.9681700012, 820480.1566400025], [835395.5373000009, 820466.7273000013], [835396.4799500005, 820461.7998900022], [835399.0615200009, 820448.3055200018], [835380.0195700005, 820444.6661800016], [835378.7000100007, 820451.5575100016], [835375.2453400008, 820469.5992800016], [835373.9090500008, 820476.5779400021], [835371.6068900004, 820488.6007700022], [835390.6680500004, 820492.1798400022]]], "type": "Polygon"}, "properties": {"BaseHeight": 5.3, "BuildingBlockType": "Podium", "BuildingCSUID": "3538520469P20060311", "BuildingID": 1108246051, "BuildingNameEN": "GOLDEN PLAZA", "BuildingNameTC": "金都中心", "DateCreate": 1142006400000, "DateStamp": 1599580800000, "GeoRefNo": "3538520469", "OBJECTID": 226987, "Shape__Area": 866.7762665071103, "Shape__Length": 128.183624778035, "Status": "Active", "Storeys": 3, "StoreysInBasement": 1, "TopHeight": 20.4}, "type": "Feature"}, {"geometry": {"coordinates": [[[835452.8290000008, 820539.8350000009], [835454.2040000008, 820532.6800000016], [835415.4170000004, 820525.2260000017], [835414.0180000011, 820532.506000001], [835413.4360000007, 820535.5330000017], [835413.421000001, 820535.7470000014], [835413.4090000009, 820536.0470000021], [835413.4080000008, 820536.347000001], [835413.4180000005, 820536.6470000017], [835413.4390000012, 820536.9460000023], [835413.4700000007, 820537.2440000027], [835413.512000001, 820537.5410000011], [835413.5540000005, 820537.8380000014], [835413.5850000009, 820537.9930000026], [835413.6130000008, 820538.1330000013], [835413.6830000011, 820538.4240000024], [835413.7660000008, 820538.7130000014], [835413.8600000013, 820538.9980000015], [835413.9650000008, 820539.2780000027], [835414.0820000004, 820539.5550000016], [835414.2100000009, 820539.8260000013], [835414.3490000004, 820540.092000002], [835414.4980000006, 820540.3520000018], [835414.6580000008, 820540.6060000025], [835414.8280000007, 820540.853000002], [835415.0080000004, 820541.0940000024], [835415.1970000006, 820541.3260000013], [835415.3960000006, 820541.5510000009], [835415.603000001, 820541.7670000009], [835415.8200000012, 820541.9750000015], [835416.0440000007, 820542.1740000024], [835416.2760000005, 820542.3640000019], [835416.5160000008, 820542.5440000016], [835416.7630000012, 820542.7150000017], [835417.0170000009, 820542.8750000019], [835417.2770000007, 820543.0240000021], [835417.5430000005, 820543.1630000025], [835417.8140000012, 820543.2920000013], [835418.0900000008, 820543.4090000018], [835418.3710000012, 820543.5150000025], [835418.6560000004, 820543.6090000011], [835418.9440000011, 820543.6920000017], [835419.2360000005, 820543.762000002], [835419.5610000007, 820543.813000001], [835450.9070000006, 820549.8370000012], [835451.5270000007, 820546.6120000016], [835452.8290000008, 820539.8350000009]]], "type": "Polygon"}, "properties": {"BaseHeight": 5.5, "BuildingBlockType": "Podium", "BuildingCSUID": "3543320537P20060311", "BuildingID": 1108246021, "BuildingNameEN": "BIJOU APARTMENTS", "BuildingNameTC": "別樹華軒", "DateCreate": 1142006400000, "DateStamp": 1599580800000, "GeoRefNo": "3543320537", "OBJECTID": 226988, "Shape__Area": 678.0339734844945, "Shape__Length": 110.72670318378118, "Status": "Active", "Storeys": 2, "StoreysInBasement": null, "TopHeight": 16.3}, "type": "Feature"}, {"geometry": {"coordinates": [[[835437.7030000007, 820212.7690000013], [835423.5710000005, 820210.0600000024], [835421.6570000006, 820219.8370000012], [835442.0250000004, 820223.7630000021], [835442.3610000005, 820222.029000001], [835443.9220000012, 820213.9620000012], [835437.7030000007, 820212.7690000013]]], "type": "Polygon"}, "properties": {"BaseHeight": 5, "BuildingBlockType": "Podium", "BuildingCSUID": "3543220216P20060311", "BuildingID": 1108246194, "BuildingNameEN": "SILVER COMMERCIAL BUILDING", "BuildingNameTC": "銀都商業大廈", "DateCreate": 1142006400000, "DateStamp": 1599580800000, "GeoRefNo": "3543220216", "OBJECTID": 228034, "Shape__Area": 206.76524400277802, "Shape__Length": 61.41010520849073, "Status": "Active", "Storeys": 1, "StoreysInBasement": null, "TopHeight": 22.7}, "type": "Feature"}, {"geometry": {"coordinates": [[[835336.1260000011, 820221.5830000024], [835336.0410000011, 820222.029000001], [835331.1090000011, 820248.0410000011], [835348.8790000007, 820251.438000001], [835350.0000000009, 820251.6520000026], [835351.1640000008, 820251.8750000019], [835351.5270000007, 820250.0000000019], [835351.8430000013, 820248.3660000023], [835355.4690000005, 820229.6410000026], [835356.2570000011, 820225.5710000023], [835343.5540000005, 820223.0540000014], [835338.3820000011, 820222.029000001], [835336.1260000011, 820221.5830000024]]], "type": "Polygon"}, "properties": {"BaseHeight": 4.8, "BuildingBlockType": "Podium", "BuildingCSUID": "3534320236P20060311", "BuildingID": 1108246174, "BuildingNameEN": "SHANGHAI BUILDING", "BuildingNameTC": "上海大廈", "DateCreate": 1142006400000, "DateStamp": 1599580800000, "GeoRefNo": "3534320236", "OBJECTID": 228036, "Shape__Area": 549.8511419899454, "Shape__Length": 94.6623911222429, "Status": "Active", "Storeys": 4, "StoreysInBasement": null, "TopHeight": 16.1}, "type": "Feature"}, {"geometry": {"coordinates": [[[835336.1260000011, 820221.5830000024], [835338.3820000011, 820222.029000001], [835343.5540000005, 820223.0540000014], [835356.2570000011, 820225.5710000023], [835358.0100000007, 820216.4920000024], [835337.830000001, 820212.5990000013], [835336.1260000011, 820221.5830000024]]], "type": "Polygon"}, "properties": {"BaseHeight": 4.7, "BuildingBlockType": "Podium", "BuildingCSUID": "3534720219P20060311", "BuildingID": 1108246190, "BuildingNameEN": "TIN PO HOUSE", "BuildingNameTC": "天寶樓", "DateCreate": 1142006400000, "DateStamp": 1599580800000, "GeoRefNo": "3534720219", "OBJECTID": 228249, "Shape__Area": 188.8376269960132, "Shape__Length": 59.46515170378033, "Status": "Active", "Storeys": 2, "StoreysInBasement": null, "TopHeight": 14.2}, "type": "Feature"}, {"geometry": {"coordinates": [[[835387.2410000004, 820273.7260000017], [835407.3010000009, 820277.6110000014], [835411.4470000006, 820255.478000002], [835391.489000001, 820251.5200000014], [835387.2410000004, 820273.7260000017]]], "type": "Polygon"}, "properties": {"BaseHeight": 5.1, "BuildingBlockType": "Podium", "BuildingCSUID": "3539920264P20060311", "BuildingID": 1108246153, "BuildingNameEN": "PORTLAND BUILDING", "BuildingNameTC": "寶齡大廈", "DateCreate": 1142006400000, "DateStamp": 1599580800000, "GeoRefNo": "3539920264", "OBJECTID": 228450, "Shape__Area": 460.0480609999511, "Shape__Length": 85.90606280064534, "Status": "Active", "Storeys": 1, "StoreysInBasement": null, "TopHeight": 20.4}, "type": "Feature"}, {"geometry": {"coordinates": [[[835329.3560000006, 820257.2840000018], [835327.6130000008, 820266.4760000017], [835347.5790000008, 820270.3920000009], [835349.3720000004, 820261.1280000024], [835329.3560000006, 820257.2840000018]]], "type": "Polygon"}, "properties": {"BaseHeight": 4.9, "BuildingBlockType": "Podium", "BuildingCSUID": "3533820263P20060311", "BuildingID": 1108246161, "BuildingNameEN": "YUN KEI COMMERCIAL BUILDING", "BuildingNameTC": "潤基商業大廈", "DateCreate": 1142006400000, "DateStamp": 1413216000000, "GeoRefNo": "3533820263", "OBJECTID": 228453, "Shape__Area": 191.33678798164584, "Shape__Length": 59.51988995685589, "Status": "Active", "Storeys": null, "StoreysInBasement": null, "TopHeight": 18.5}, "type": "Feature"}, {"geometry": {"coordinates": [[[835325.6900000004, 820276.620000001], [835323.8710000012, 820286.211000001], [835343.9180000005, 820290.0200000014], [835345.7590000005, 820280.2640000023], [835325.6900000004, 820276.620000001]]], "type": "Polygon"}, "properties": {"BaseHeight": 4.9, "BuildingBlockType": "Podium", "BuildingCSUID": "3533420283P20060311", "BuildingID": 1108246146, "BuildingNameEN": "CHUN HOI COMMERCIAL BUILDING", "BuildingNameTC": "鎮海商業大廈", "DateCreate": 1142006400000, "DateStamp": 1413216000000, "GeoRefNo": "3533420283", "OBJECTID": 228454, "Shape__Area": 200.85055798871647, "Shape__Length": 60.49294984830169, "Status": "Active", "Storeys": null, "StoreysInBasement": null, "TopHeight": 18.9}, "type": "Feature"}, {"geometry": {"coordinates": [[[835510.6235000007, 820240.4889700022], [835513.168250001, 820227.257170001], [835495.0986700011, 820223.7796600014], [835492.5090000005, 820237.0800000019], [835491.6470500007, 820241.806020001], [835509.6996500008, 820245.2926700022], [835510.6235000007, 820240.4889700022]]], "type": "Polygon"}, "properties": {"BaseHeight": 5.2, "BuildingBlockType": "Podium", "BuildingCSUID": "3550220235P20060311", "BuildingID": 1108246177, "BuildingNameEN": "J C G BUILDING", "BuildingNameTC": "日本信用大廈", "DateCreate": 1142006400000, "DateStamp": 1599580800000, "GeoRefNo": "3550220235", "OBJECTID": 228474, "Shape__Area": 338.0939228540148, "Shape__Length": 73.50748471569334, "Status": "Active", "Storeys": 4, "StoreysInBasement": null, "TopHeight": 20.4}, "type": "Feature"}, {"geometry": {"coordinates": [[[835508.4250000007, 820376.910000002], [835519.5040000007, 820379.0300000012], [835522.9810000006, 820360.6550000012], [835506.5180000011, 820357.4960000012], [835503.9620000012, 820370.8890000023], [835502.9990000008, 820375.9340000022], [835502.6890000012, 820377.5590000022], [835508.1240000008, 820378.5520000011], [835508.4250000007, 820376.910000002]]], "type": "Polygon"}, "properties": {"BaseHeight": 5.7, "BuildingBlockType": "Podium", "BuildingCSUID": "3551220368P20060311", "BuildingID": 1108246094, "BuildingNameEN": "SANG FAT MANSION", "BuildingNameTC": "生發大廈", "DateCreate": 1142006400000, "DateStamp": 1599580800000, "GeoRefNo": "3551220368", "OBJECTID": 228643, "Shape__Area": 323.17799999526653, "Shape__Length": 74.3638678724493, "Status": "Active", "Storeys": 4, "StoreysInBasement": 1, "TopHeight": 19}, "type": "Feature"}, {"geometry": {"coordinates": [[[835474.2360000005, 820429.785000002], [835479.8430000013, 820400.0000000019], [835485.7330000009, 820368.7080000024], [835488.5370000005, 820353.813000001], [835472.563000001, 820350.7760000024], [835449.1530000009, 820346.3250000011], [835446.0450000009, 820363.1350000016], [835439.2290000012, 820400.0000000019], [835435.6930000009, 820419.1300000027], [835465.1130000008, 820449.6560000014], [835470.3170000007, 820450.6020000018], [835474.2360000005, 820429.785000002]]], "type": "Polygon"}, "properties": {"BaseHeight": 5.4, "BuildingBlockType": "Podium", "BuildingCSUID": "3546120393P20060311", "BuildingID": 1108246069, "BuildingNameEN": "PIONEER CENTRE", "BuildingNameTC": "始創中心", "DateCreate": 1142006400000, "DateStamp": 1599580800000, "GeoRefNo": "3546120393", "OBJECTID": 229049, "Shape__Area": 3511.9471440017014, "Shape__Length": 260.30199123530804, "Status": "Active", "Storeys": 4, "StoreysInBasement": 3, "TopHeight": 20.7}, "type": "Feature"}, {"geometry": {"coordinates": [[[835362.0672500012, 820486.7768500019], [835349.7081700005, 820484.3577500023], [835347.2380800005, 820496.9251200017], [835346.8041500011, 820499.2451800015], [835346.248540001, 820502.2158700023], [835357.8363500005, 820504.3727600016], [835360.3673400013, 820504.8438600022], [835360.8999400008, 820502.0139800012], [835363.6958700009, 820487.1583900023], [835363.7075500004, 820487.0979200024], [835362.0672500012, 820486.7768500019]]], "type": "Polygon"}, "properties": {"BaseHeight": 5.3, "BuildingBlockType": "Podium", "BuildingCSUID": "3535520495P20130509", "BuildingID": 1810099419, "BuildingNameEN": "LE PRABELLE HOTEL", "BuildingNameTC": "儷凱酒店", "DateCreate": 1368028800000, "DateStamp": 1599580800000, "GeoRefNo": "3535520495", "OBJECTID": 229700, "Shape__Area": 259.7197576851285, "Shape__Length": 64.8741961122674, "Status": "Active", "Storeys": 4, "StoreysInBasement": null, "TopHeight": 23.2}, "type": "Feature"}, {"geometry": {"coordinates": [[[835471.015540001, 820235.6490200013], [835468.2010200005, 820250.4130100012], [835477.6157500008, 820252.2421500012], [835483.5234600008, 820253.3566700015], [835486.1754600005, 820253.8569900021], [835489.026730001, 820239.0870000012], [835485.7579000005, 820238.4746700022], [835481.5846700007, 820237.6929200012], [835471.015540001, 820235.6490200013]]], "type": "Polygon"}, "properties": {"BaseHeight": 5.2, "BuildingBlockType": "Podium", "BuildingCSUID": "3547920245P20140428", "BuildingID": 1810120943, "BuildingNameEN": "726 NATHAN ROAD", "BuildingNameTC": "726 NATHAN ROAD", "DateCreate": 1398614400000, "DateStamp": 1599580800000, "GeoRefNo": "3547920245", "OBJECTID": 230321, "Shape__Area": 275.43613387306567, "Shape__Length": 66.71047757863535, "Status": "Active", "Storeys": 4, "StoreysInBasement": null, "TopHeight": 20.2}, "type": "Feature"}, {"geometry": {"coordinates": [[[835475.4898100011, 820212.8097900022], [835475.0413500005, 820215.0619600024], [835474.9029400004, 820215.7570400015], [835475.8963800007, 820215.9404500015], [835479.918680001, 820216.6830200013], [835480.5827400004, 820213.3481600024], [835475.5670000007, 820212.4221800026], [835475.4898100011, 820212.8097900022]]], "type": "Polygon"}, "properties": {"BaseHeight": 5.2, "BuildingBlockType": "Tower", "BuildingCSUID": "3547820214T20050430", "BuildingID": 1108233612, "BuildingNameEN": null, "BuildingNameTC": null, "DateCreate": 1114790400000, "DateStamp": 1274198400000, "GeoRefNo": "3547820214", "OBJECTID": 231401, "Shape__Area": 17.341719757419185, "Shape__Length": 17.00166404667197, "Status": "Active", "Storeys": null, "StoreysInBasement": null, "TopHeight": 14.2}, "type": "Feature"}, {"geometry": {"coordinates": [[[835421.9542200007, 820278.7766700014], [835421.7187800007, 820280.0432700012], [835410.4956600005, 820277.8101400025], [835409.8350800006, 820281.2378700022], [835411.3586600004, 820281.5174400024], [835410.4491300005, 820286.0321900025], [835408.9602400009, 820285.7775200009], [835408.6961700004, 820287.1475300025], [835422.3589600008, 820289.8422600012], [835428.9874800006, 820291.1248900015], [835429.757290001, 820287.1475300025], [835431.0310400007, 820280.5664600022], [835421.9542200007, 820278.7766700014]]], "type": "Polygon"}, "properties": {"BaseHeight": 4.8, "BuildingBlockType": "Tower", "BuildingCSUID": "3542020283T20050430", "BuildingID": 1108233032, "BuildingNameEN": null, "BuildingNameTC": "迅華大廈", "DateCreate": 1114790400000, "DateStamp": 1599580800000, "GeoRefNo": "3542020283", "OBJECTID": 234901, "Shape__Area": 201.14818119674788, "Shape__Length": 65.9658869614763, "Status": "Active", "Storeys": 10, "StoreysInBasement": null, "TopHeight": 34.1}, "type": "Feature"}, {"geometry": {"coordinates": [[[835399.377270001, 820210.2916400023], [835400.0000000009, 820210.4155300017], [835406.3937500007, 820211.6875800025], [835406.5775500005, 820210.7285700012], [835418.631070001, 820213.0487000011], [835419.3429700006, 820209.2986600026], [835410.2578000007, 820207.520630002], [835408.446370001, 820207.1657500025], [835400.2870000005, 820205.5240900014], [835400.0000000009, 820207.024600001], [835399.484840001, 820209.7180500012], [835399.377270001, 820210.2916400023]]], "type": "Polygon"}, "properties": {"BaseHeight": 5.1, "BuildingBlockType": "Tower", "BuildingCSUID": "3540520208T20050430", "BuildingID": 1108233640, "BuildingNameEN": "Goodies Building", "BuildingNameTC": "旺成大廈", "DateCreate": 1114790400000, "DateStamp": 1599580800000, "GeoRefNo": "3540520208", "OBJECTID": 235117, "Shape__Area": 81.75804547228863, "Shape__Length": 48.50210098494714, "Status": "Active", "Storeys": 6, "StoreysInBasement": null, "TopHeight": 26.2}, "type": "Feature"}, {"geometry": {"coordinates": [[[835334.8623200012, 820267.897760002], [835344.1598900007, 820269.720660001], [835345.8334400011, 820270.0495000016], [835347.5786100011, 820270.391710002], [835349.3723400012, 820261.1277500018], [835345.9436000008, 820260.4692800026], [835336.6810500007, 820258.6905300021], [835334.8623200012, 820267.897760002]]], "type": "Polygon"}, "properties": {"BaseHeight": 18.5, "BuildingBlockType": "Tower", "BuildingCSUID": "3533920264T20050430", "BuildingID": 1109261318, "BuildingNameEN": "Yun Kei Commercial Building", "BuildingNameTC": "潤基商業大廈", "DateCreate": 1114790400000, "DateStamp": 1599580800000, "GeoRefNo": "3533920264", "OBJECTID": 235485, "Shape__Area": 121.77760625016937, "Shape__Length": 44.70289191455555, "Status": "Active", "Storeys": 18, "StoreysInBasement": null, "TopHeight": 63.7}, "type": "Feature"}, {"geometry": {"coordinates": [[[835341.1333400011, 820529.3723700009], [835382.1741300011, 820537.0785200018], [835385.9426800013, 820517.0082600024], [835369.8453100007, 820513.9856900014], [835369.396900001, 820516.533830002], [835360.6103100004, 820514.8683400024], [835361.0900100004, 820512.3417200018], [835344.9019000009, 820509.3021100014], [835341.1333400011, 820529.3723700009]]], "type": "Polygon"}, "properties": {"BaseHeight": 5.3, "BuildingBlockType": "Tower", "BuildingCSUID": "3536420523T20050430", "BuildingID": 1108231548, "BuildingNameEN": "Edward Mansion", "BuildingNameTC": "長榮大廈", "DateCreate": 1114790400000, "DateStamp": 1599580800000, "GeoRefNo": "3536420523", "OBJECTID": 238843, "Shape__Area": 829.7171456699916, "Shape__Length": 129.55179554047186, "Status": "Active", "Storeys": 15, "StoreysInBasement": null, "TopHeight": 50}, "type": "Feature"}, {"geometry": {"coordinates": [[[835365.4907500008, 820504.7972400021], [835374.5092400005, 820506.4906300027], [835375.6462600008, 820500.399600001], [835366.6342300009, 820498.7074100021], [835365.4907500008, 820504.7972400021]]], "type": "Polygon"}, "properties": {"BaseHeight": 5.6, "BuildingBlockType": "Tower", "BuildingCSUID": "3537120503T20050430", "BuildingID": 1108231709, "BuildingNameEN": "MTR PRINCE EDWARD STATION", "BuildingNameTC": "港鐵太子站", "DateCreate": 1114790400000, "DateStamp": 1599580800000, "GeoRefNo": "3537120503", "OBJECTID": 238844, "Shape__Area": 56.837013765181446, "Shape__Length": 30.738121531335647, "Status": "Active", "Storeys": 10, "StoreysInBasement": null, "TopHeight": 50.7}, "type": "Feature"}, {"geometry": {"coordinates": [[[835346.248540001, 820502.2158700023], [835345.3520000009, 820506.9050000012], [835354.7100300007, 820508.6621400025], [835355.2282600012, 820505.9022000022], [835357.4707900006, 820506.3196100015], [835357.8363500005, 820504.3727600016], [835346.248540001, 820502.2158700023]]], "type": "Polygon"}, "properties": {"BaseHeight": 5.3, "BuildingBlockType": "Tower", "BuildingCSUID": "3535120505T20050430", "BuildingID": 1108231693, "BuildingNameEN": null, "BuildingNameTC": null, "DateCreate": 1114790400000, "DateStamp": 1599580800000, "GeoRefNo": "3535120505", "OBJECTID": 238845, "Shape__Area": 50.008451007661236, "Shape__Length": 33.15256462072025, "Status": "Active", "Storeys": 4, "StoreysInBasement": null, "TopHeight": 19.9}, "type": "Feature"}, {"geometry": {"coordinates": [[[835378.7000100007, 820451.5575100016], [835383.5406400012, 820452.4884700011], [835380.1548500005, 820470.555730002], [835375.2453400008, 820469.5992800016], [835373.9090500008, 820476.5779400021], [835392.9681700012, 820480.1566400025], [835395.5373000009, 820466.7273000013], [835390.7030100012, 820465.7851600014], [835391.6285700006, 820460.8668600023], [835396.4799500005, 820461.7998900022], [835399.0615200009, 820448.3055200018], [835380.0195700005, 820444.6661800016], [835378.7000100007, 820451.5575100016]]], "type": "Polygon"}, "properties": {"BaseHeight": 5.6, "BuildingBlockType": "Tower", "BuildingCSUID": "3538520470T20050430", "BuildingID": 1108231843, "BuildingNameEN": "Golden Plaza", "BuildingNameTC": "金都中心", "DateCreate": 1114790400000, "DateStamp": 1599580800000, "GeoRefNo": "3538520470", "OBJECTID": 238846, "Shape__Area": 513.4193120316226, "Shape__Length": 123.4958186365696, "Status": "Active", "Storeys": 2, "StoreysInBasement": null, "TopHeight": 49.3}, "type": "Feature"}, {"geometry": {"coordinates": [[[835366.4201800004, 820483.2939800024], [835367.1991700009, 820479.1912900023], [835351.2727500005, 820476.1673000026], [835350.4892000007, 820480.2691300027], [835366.4201800004, 820483.2939800024]]], "type": "Polygon"}, "properties": {"BaseHeight": 5.3, "BuildingBlockType": "Tower", "BuildingCSUID": "3535820479T20050430", "BuildingID": 1108231831, "BuildingNameEN": "Yiu Chung Building", "BuildingNameTC": "耀中大廈", "DateCreate": 1114790400000, "DateStamp": 1599580800000, "GeoRefNo": "3535820479", "OBJECTID": 238847, "Shape__Area": 67.70655747696085, "Shape__Length": 40.77855721481911, "Status": "Active", "Storeys": 14, "StoreysInBasement": null, "TopHeight": 51.6}, "type": "Feature"}, {"geometry": {"coordinates": [[[835351.2727500005, 820476.1673000026], [835367.1991700009, 820479.1912900023], [835367.9781600004, 820475.0885900017], [835352.0563000012, 820472.065460002], [835351.2727500005, 820476.1673000026]]], "type": "Polygon"}, "properties": {"BaseHeight": 5.3, "BuildingBlockType": "Tower", "BuildingCSUID": "3535920475T20050430", "BuildingID": 1108231852, "BuildingNameEN": "Yiu Chung Building", "BuildingNameTC": "耀中大廈", "DateCreate": 1114790400000, "DateStamp": 1599580800000, "GeoRefNo": "3535920475", "OBJECTID": 239069, "Shape__Area": 67.68733852808583, "Shape__Length": 40.76929609343813, "Status": "Active", "Storeys": 14, "StoreysInBasement": null, "TopHeight": 51.6}, "type": "Feature"}, {"geometry": {"coordinates": [[[835367.9781600004, 820475.0885900017], [835368.7571500009, 820470.9858900011], [835352.839850001, 820467.963630002], [835352.0563000012, 820472.065460002], [835367.9781600004, 820475.0885900017]]], "type": "Polygon"}, "properties": {"BaseHeight": 5.3, "BuildingBlockType": "Tower", "BuildingCSUID": "3536020471T20050430", "BuildingID": 1108231883, "BuildingNameEN": "Yiu Chung Building", "BuildingNameTC": "耀中大廈", "DateCreate": 1114790400000, "DateStamp": 1599580800000, "GeoRefNo": "3536020471", "OBJECTID": 239070, "Shape__Area": 67.66787677480625, "Shape__Length": 40.76000363569625, "Status": "Active", "Storeys": 14, "StoreysInBasement": null, "TopHeight": 51.6}, "type": "Feature"}, {"geometry": {"coordinates": [[[835352.839850001, 820467.963630002], [835368.7571500009, 820470.9858900011], [835369.5361400004, 820466.8831900023], [835353.6234000009, 820463.8618000019], [835352.839850001, 820467.963630002]]], "type": "Polygon"}, "properties": {"BaseHeight": 5.3, "BuildingBlockType": "Tower", "BuildingCSUID": "3536120467T20050430", "BuildingID": 1108231901, "BuildingNameEN": "Yiu Chung Building", "BuildingNameTC": "耀中大廈", "DateCreate": 1114790400000, "DateStamp": 1599580800000, "GeoRefNo": "3536120467", "OBJECTID": 239071, "Shape__Area": 67.64849072638762, "Shape__Length": 40.750719134641194, "Status": "Active", "Storeys": 14, "StoreysInBasement": null, "TopHeight": 51.6}, "type": "Feature"}, {"geometry": {"coordinates": [[[835359.3684900012, 820462.4035600014], [835359.2190800011, 820463.1850400027], [835360.9855300011, 820463.530890001], [835361.2672300013, 820462.0575600024], [835362.665120001, 820462.3312500026], [835364.4326500008, 820453.0866800025], [835366.2006300008, 820453.4247100018], [835368.301140001, 820442.4385400023], [835363.3657100005, 820441.497200001], [835359.3684900012, 820462.4035600014]]], "type": "Polygon"}, "properties": {"BaseHeight": 5.2, "BuildingBlockType": "Tower", "BuildingCSUID": "3536420449T20050430", "BuildingID": 1108231945, "BuildingNameEN": null, "BuildingNameTC": null, "DateCreate": 1114790400000, "DateStamp": 1308758400000, "GeoRefNo": "3536420449", "OBJECTID": 239072, "Shape__Area": 89.218256510293, "Shape__Length": 54.226731908144885, "Status": "Active", "Storeys": null, "StoreysInBasement": null, "TopHeight": 20.8}, "type": "Feature"}, {"geometry": {"coordinates": [[[835366.2006300008, 820453.4247100018], [835364.860580001, 820460.4218900017], [835367.4143000012, 820460.9218700025], [835366.8450700007, 820463.8990400024], [835370.875380001, 820464.6998300012], [835371.4599700011, 820461.7139500026], [835374.3059400013, 820462.2711500023], [835377.832940001, 820444.2565600015], [835368.301140001, 820442.4385400023], [835366.2006300008, 820453.4247100018]]], "type": "Polygon"}, "properties": {"BaseHeight": 5.2, "BuildingBlockType": "Tower", "BuildingCSUID": "3537020453T20050430", "BuildingID": 1108231935, "BuildingNameEN": "Foon Lok Building", "BuildingNameTC": "歡樂樓", "DateCreate": 1114790400000, "DateStamp": 1599580800000, "GeoRefNo": "3537020453", "OBJECTID": 239073, "Shape__Area": 189.65931302414626, "Shape__Length": 62.0547253784688, "Status": "Active", "Storeys": 6, "StoreysInBasement": null, "TopHeight": 24.8}, "type": "Feature"}, {"geometry": {"coordinates": [[[835358.051500001, 820440.4836100023], [835354.0592400013, 820461.3640900012], [835359.3684900012, 820462.4035600014], [835363.3657100005, 820441.497200001], [835358.051500001, 820440.4836100023]]], "type": "Polygon"}, "properties": {"BaseHeight": 5.2, "BuildingBlockType": "Tower", "BuildingCSUID": "3535920449T20050430", "BuildingID": 1108231953, "BuildingNameEN": null, "BuildingNameTC": "家興樓", "DateCreate": 1114790400000, "DateStamp": 1599580800000, "GeoRefNo": "3535920449", "OBJECTID": 239074, "Shape__Area": 115.08092625839912, "Shape__Length": 53.36382106658229, "Status": "Active", "Storeys": 6, "StoreysInBasement": null, "TopHeight": 24.7}, "type": "Feature"}, {"geometry": {"coordinates": [[[835516.1903000008, 820431.1516700014], [835520.172340001, 820431.9163100012], [835525.2728400007, 820432.8957100026], [835532.2458700007, 820434.2346800026], [835535.9206300005, 820415.2062600013], [835528.9274500012, 820413.8634200022], [835523.8269500006, 820412.884010002], [835519.8693700004, 820412.1240700018], [835518.5581400013, 820418.9036600012], [835517.4638800006, 820424.5649000015], [835516.1903000008, 820431.1516700014]]], "type": "Polygon"}, "properties": {"BaseHeight": 5.9, "BuildingBlockType": "Podium", "BuildingCSUID": "3552620423P20201118", "BuildingID": 1810206127, "BuildingNameEN": null, "BuildingNameTC": null, "DateCreate": 1605628800000, "DateStamp": 1605628800000, "GeoRefNo": "3552620423", "OBJECTID": 243221, "Shape__Area": 316.8012921538239, "Shape__Length": 71.45342169210217, "Status": "Active", "Storeys": null, "StoreysInBasement": null, "TopHeight": 15}, "type": "Feature"}, {"geometry": {"coordinates": [[[835476.0781900007, 820290.2937500011], [835479.0931100007, 820290.8726600017], [835481.6611600006, 820277.4082700014], [835463.7643700009, 820273.8692100011], [835461.1197600011, 820287.4215300027], [835476.0781900007, 820290.2937500011]]], "type": "Polygon"}, "properties": {"BaseHeight": 5.1, "BuildingBlockType": "Tower", "BuildingCSUID": "3547020281T20050430", "BuildingID": 1109261436, "BuildingNameEN": "Central Commercial Tower", "BuildingNameTC": "中滙商業大廈", "DateCreate": 1114790400000, "DateStamp": 1599580800000, "GeoRefNo": "3547020281", "OBJECTID": 243894, "Shape__Area": 251.38262787150612, "Shape__Length": 64.06008723274479, "Status": "Active", "Storeys": 16, "StoreysInBasement": null, "TopHeight": 73.3}, "type": "Feature"}, {"geometry": {"coordinates": [[[835330.6610800009, 820478.6148700025], [835306.4144300008, 820498.7824200019], [835306.0226800004, 820500.9898300022], [835319.1565200007, 820503.5105100013], [835321.814340001, 820504.0209700018], [835327.0182200009, 820505.0234000012], [835331.9343000008, 820479.461000001], [835331.9101855895, 820479.3024801716], [835331.8601088427, 820479.1501569604], [835331.7854574178, 820479.008251337], [835331.6882999514, 820478.8806955926], [835331.5713287361, 820478.771024375], [835331.4377851157, 820478.6822767403], [835331.2913696655, 820478.6169119399], [835331.136139647, 820478.5767412722], [835330.9763965787, 820478.562877891], [835330.8165670387, 820478.575705959], [835330.6610800009, 820478.6148700025]]], "type": "Polygon"}, "properties": {"BaseHeight": 5.2, "BuildingBlockType": "Podium", "BuildingCSUID": "3531920496P20140820", "BuildingID": 1810131730, "BuildingNameEN": "CTS COURT", "BuildingNameTC": "中旅閣", "DateCreate": 1408464000000, "DateStamp": 1599580800000, "GeoRefNo": "3531920496", "OBJECTID": 246177, "Shape__Area": 326.11332910076555, "Shape__Length": 82.95579745021763, "Status": "Active", "Storeys": 2, "StoreysInBasement": null, "TopHeight": 15.2}, "type": "Feature"}, {"geometry": {"coordinates": [[[835279.361680001, 820517.8313200027], [835285.9825400012, 820512.3222700022], [835284.9223100012, 820511.1132000014], [835289.1601600004, 820507.5843000021], [835289.5000000009, 820508.0096700024], [835290.1650600005, 820508.8421200011], [835294.0505300006, 820505.609120002], [835293.0438400004, 820504.3503200021], [835294.3737200005, 820503.2429100014], [835295.4272000007, 820504.463630002], [835300.3583400007, 820500.3605600018], [835299.3032800006, 820499.1380200014], [835300.7825100012, 820497.9062400013], [835301.7503400007, 820499.2023100015], [835305.5421600007, 820496.0472400021], [835304.506190001, 820494.8055000026], [835303.7225000011, 820493.8661700021], [835306.2018400012, 820491.8761100024], [835306.9667000007, 820492.7566100024], [835308.0282400008, 820493.9786400013], [835311.0866500009, 820491.4338200018], [835310.0982500007, 820490.1489200015], [835311.5451700008, 820488.9440600015], [835312.5237700008, 820490.2380400021], [835317.4204200013, 820486.163660001], [835316.3953300007, 820484.905290002], [835317.838370001, 820483.7036500014], [835318.8585300008, 820484.967050001], [835323.7933900012, 820480.866630001], [835322.7844500011, 820479.5850000009], [835324.1389800012, 820478.4570600018], [835325.105630001, 820479.7690000013], [835330.8125000009, 820475.0204700027], [835333.8404300008, 820472.5010200012], [835333.8789600013, 820472.354770001], [835337.5585700013, 820451.2248700019], [835332.2857700009, 820455.6124800015], [835330.8125000009, 820456.8384200018], [835289.5000000009, 820491.2154300027], [835273.6065000007, 820504.440750001], [835269.721570001, 820507.6734800022], [835266.7370300004, 820510.156990001], [835266.1819200013, 820510.618900001], [835265.7697700011, 820511.0556000024], [835265.5526300007, 820511.3684100024], [835265.3726900006, 820511.7039200012], [835265.2354900008, 820512.0459800027], [835265.065560001, 820512.3919700012], [835265.0770800011, 820512.8016700018], [835265.0642400011, 820513.1820200011], [835265.0950000007, 820513.561350001], [835265.1689500008, 820513.9346900024], [835265.4565600008, 820514.4216400012], [835265.707320001, 820514.7332200017], [835265.9817000004, 820514.9974300023], [835266.1512800008, 820515.1256000027], [835266.2856400004, 820515.2271500025], [835266.6148000006, 820515.4191400018], [835267.0399900004, 820515.5844100025], [835270.2065200005, 820516.1618400011], [835277.2603900004, 820517.4481400009], [835279.361680001, 820517.8313200027]]], "type": "Polygon"}, "properties": {"BaseHeight": 5.3, "BuildingBlockType": "Tower", "BuildingCSUID": "3530320488T20050430", "BuildingID": 1108231654, "BuildingNameEN": "Metropark Hotel Mongkok", "BuildingNameTC": "旺角維景酒店", "DateCreate": 1114790400000, "DateStamp": 1599580800000, "GeoRefNo": "3530320488", "OBJECTID": 247470, "Shape__Area": 1146.786355176271, "Shape__Length": 229.28004069750375, "Status": "Active", "Storeys": 15, "StoreysInBasement": null, "TopHeight": 50.8}, "type": "Feature"}, {"geometry": {"coordinates": [[[835362.0869700005, 820230.3944200017], [835379.2348500006, 820233.7231900021], [835380.0775200007, 820229.331290001], [835362.9196400009, 820226.0005800016], [835359.4093900006, 820225.3191700019], [835358.8603200009, 820228.142330002], [835362.3841600008, 820228.8246900011], [835362.0869700005, 820230.3944200017]]], "type": "Polygon"}, "properties": {"BaseHeight": 5.2, "BuildingBlockType": "Tower", "BuildingCSUID": "3537020229T20050430", "BuildingID": 1108233491, "BuildingNameEN": null, "BuildingNameTC": null, "DateCreate": 1114790400000, "DateStamp": 1599580800000, "GeoRefNo": "3537020229", "OBJECTID": 248540, "Shape__Area": 88.44084671247742, "Shape__Length": 51.056914712966844, "Status": "Active", "Storeys": 8, "StoreysInBasement": null, "TopHeight": 30.7}, "type": "Feature"}, {"geometry": {"coordinates": [[[835367.8054600004, 820236.3581700027], [835378.3276200006, 820238.4515600018], [835379.2348500006, 820233.7231900021], [835362.0869700005, 820230.3944200017], [835361.7828400005, 820232.0011600014], [835358.2450300008, 820231.3059200011], [835357.6550800009, 820234.3392900024], [835367.8054600004, 820236.3581700027]]], "type": "Polygon"}, "properties": {"BaseHeight": 5.2, "BuildingBlockType": "Tower", "BuildingCSUID": "3537020233T20050430", "BuildingID": 1108233449, "BuildingNameEN": null, "BuildingNameTC": null, "DateCreate": 1114790400000, "DateStamp": 1599580800000, "GeoRefNo": "3537020233", "OBJECTID": 248541, "Shape__Area": 94.54593443596339, "Shape__Length": 51.691142788872774, "Status": "Active", "Storeys": 8, "StoreysInBasement": null, "TopHeight": 30.7}, "type": "Feature"}, {"geometry": {"coordinates": [[[835377.399290001, 820243.2899000011], [835356.0773800006, 820239.0489800014], [835355.6040700013, 820241.5520600025], [835366.4085700009, 820243.586720001], [835365.9726500008, 820245.8432500027], [835376.5275200009, 820247.8323800024], [835377.399290001, 820243.2899000011]]], "type": "Polygon"}, "properties": {"BaseHeight": 5.2, "BuildingBlockType": "Tower", "BuildingCSUID": "3536920243T20050430", "BuildingID": 1108233385, "BuildingNameEN": null, "BuildingNameTC": null, "DateCreate": 1114790400000, "DateStamp": 1599580800000, "GeoRefNo": "3536920243", "OBJECTID": 248542, "Shape__Area": 77.64896788707762, "Shape__Length": 52.94571797085706, "Status": "Active", "Storeys": 4, "StoreysInBasement": null, "TopHeight": 21.5}, "type": "Feature"}, {"geometry": {"coordinates": [[[835356.0773800006, 820239.0489800014], [835377.399290001, 820243.2899000011], [835378.3276200006, 820238.4515600018], [835367.8054600004, 820236.3581700027], [835367.3102800008, 820238.9213900026], [835356.4901100006, 820236.8662800025], [835356.0773800006, 820239.0489800014]]], "type": "Polygon"}, "properties": {"BaseHeight": 5.2, "BuildingBlockType": "Tower", "BuildingCSUID": "3537020239T20050430", "BuildingID": 1108233420, "BuildingNameEN": null, "BuildingNameTC": null, "DateCreate": 1114790400000, "DateStamp": 1599580800000, "GeoRefNo": "3537020239", "OBJECTID": 248543, "Shape__Area": 77.85018933511624, "Shape__Length": 53.24015179325247, "Status": "Active", "Storeys": 4, "StoreysInBasement": null, "TopHeight": 21.5}, "type": "Feature"}, {"geometry": {"coordinates": [[[835362.9196400009, 820226.0005800016], [835380.0775200007, 820229.331290001], [835380.9868900012, 820224.5917300023], [835363.8181200009, 820221.2589100022], [835363.5140000004, 820222.8642600011], [835360.0209600013, 820222.174680002], [835359.6782000009, 820223.9370100014], [835363.1812600009, 820224.6205600016], [835362.9196400009, 820226.0005800016]]], "type": "Polygon"}, "properties": {"BaseHeight": 5.2, "BuildingBlockType": "Tower", "BuildingCSUID": "3537120224T20050430", "BuildingID": 1108233524, "BuildingNameEN": null, "BuildingNameTC": null, "DateCreate": 1114790400000, "DateStamp": 1599580800000, "GeoRefNo": "3537120224", "OBJECTID": 248544, "Shape__Area": 90.76212400279024, "Shape__Length": 51.75688497499618, "Status": "Active", "Storeys": 8, "StoreysInBasement": null, "TopHeight": 30.7}, "type": "Feature"}, {"geometry": {"coordinates": [[[835385.2062000008, 820202.6011400018], [835364.5997000011, 820198.6322100013], [835361.7997200005, 820213.0288100019], [835363.8532500006, 820213.4469800014], [835364.1034000004, 820212.3543300014], [835368.5248500006, 820213.2289700024], [835367.6387200011, 820218.126000002], [835364.9561500009, 820217.6342600025], [835365.4769700011, 820214.8441200014], [835361.5968900006, 820214.0717100017], [835360.6698800009, 820218.8381100018], [835381.3373200009, 820222.7653300017], [835385.2062000008, 820202.6011400018]]], "type": "Polygon"}, "properties": {"BaseHeight": 5.2, "BuildingBlockType": "Tower", "BuildingCSUID": "3537720213T20050430", "BuildingID": 1108233573, "BuildingNameEN": "Kwong Wing Building", "BuildingNameTC": "光榮大樓", "DateCreate": 1114790400000, "DateStamp": 1599580800000, "GeoRefNo": "3537720213", "OBJECTID": 248545, "Shape__Area": 412.1735155783854, "Shape__Length": 104.2986507519534, "Status": "Active", "Storeys": 9, "StoreysInBasement": null, "TopHeight": 34.6}, "type": "Feature"}, {"geometry": {"coordinates": [[[835373.9020000007, 820261.1380000021], [835376.0270000007, 820250.0000000019], [835376.5275200009, 820247.8323800024], [835365.9726500008, 820245.8432500027], [835357.1290100012, 820244.1766100023], [835356.0640000012, 820249.4580000024], [835354.8050000006, 820249.217000002], [835354.654000001, 820250.0000000019], [835353.256000001, 820257.2240000013], [835373.9020000007, 820261.1380000021]]], "type": "Polygon"}, "properties": {"BaseHeight": 4.9, "BuildingBlockType": "Podium", "BuildingCSUID": "3536520252P20060311", "BuildingID": 1108246167, "BuildingNameEN": "FU WAH BUILDING", "BuildingNameTC": "富華大樓", "DateCreate": 1142006400000, "DateStamp": 1599580800000, "GeoRefNo": "3536520252", "OBJECTID": 248546, "Shape__Area": 277.58264664645236, "Shape__Length": 69.14228046622623, "Status": "Active", "Storeys": 2, "StoreysInBasement": null, "TopHeight": 13.2}, "type": "Feature"}, {"geometry": {"coordinates": [[[835515.2080700006, 820312.3495400026], [835514.2256900007, 820317.3467900027], [835528.4236900005, 820320.1530400012], [835528.8359100008, 820318.0782900024], [835532.538110001, 820318.8047400024], [835533.1266100006, 820315.788970001], [835515.2080700006, 820312.3495400026]]], "type": "Polygon"}, "properties": {"BaseHeight": 5.6, "BuildingBlockType": "Tower", "BuildingCSUID": "3552320315T20050430", "BuildingID": 1108232793, "BuildingNameEN": null, "BuildingNameTC": "鴻添大樓", "DateCreate": 1114790400000, "DateStamp": 1599580800000, "GeoRefNo": "3552320315", "OBJECTID": 250844, "Shape__Area": 85.85747977890568, "Shape__Length": 46.771974888620164, "Status": "Active", "Storeys": 8, "StoreysInBasement": null, "TopHeight": 32.1}, "type": "Feature"}, {"geometry": {"coordinates": [[[835459.3891400006, 820296.2798900027], [835474.3610700006, 820299.2049000021], [835475.2617200008, 820294.530890001], [835460.3018200006, 820291.6082400009], [835459.3891400006, 820296.2798900027]]], "type": "Polygon"}, "properties": {"BaseHeight": 5.3, "BuildingBlockType": "Tower", "BuildingCSUID": "3546820296T20050430", "BuildingID": 1108232955, "BuildingNameEN": "Lee Wah Building", "BuildingNameTC": "利華大廈", "DateCreate": 1114790400000, "DateStamp": 1599580800000, "GeoRefNo": "3546820296", "OBJECTID": 251051, "Shape__Area": 72.58411093859078, "Shape__Length": 40.017659878201826, "Status": "Active", "Storeys": 17, "StoreysInBasement": null, "TopHeight": 55.8}, "type": "Feature"}, {"geometry": {"coordinates": [[[835331.041050001, 820287.5731800012], [835330.8125000009, 820287.5297600012], [835328.8007400008, 820287.1475300025], [835323.8709300011, 820286.2108900025], [835323.6933200005, 820287.1475300025], [835322.4701800011, 820293.5977100022], [835325.4755000006, 820298.5000000019], [835326.210020001, 820299.6981500015], [835328.9231600007, 820304.1238200013], [835330.8125000009, 820304.481180001], [835340.8325200006, 820306.3764300011], [835342.3183700005, 820298.5000000019], [835343.161390001, 820294.031200001], [835332.9492200008, 820292.1266200021], [835333.1821700009, 820290.9670300018], [835336.5399700012, 820291.5950700026], [835336.7796900012, 820290.290570002], [835340.7559300009, 820291.0458400026], [835341.0572300004, 820289.4762100019], [835331.041050001, 820287.5731800012]]], "type": "Polygon"}, "properties": {"BaseHeight": 5, "BuildingBlockType": "Tower", "BuildingCSUID": "3533320300T20050430", "BuildingID": 1108232904, "BuildingNameEN": "Hing Fat Building", "BuildingNameTC": "興發樓", "DateCreate": 1114790400000, "DateStamp": 1599580800000, "GeoRefNo": "3533320300", "OBJECTID": 251053, "Shape__Area": 275.93747087502965, "Shape__Length": 84.00136794756155, "Status": "Active", "Storeys": 13, "StoreysInBasement": null, "TopHeight": 48.5}, "type": "Feature"}, {"geometry": {"coordinates": [[[835481.6611600006, 820277.4082700014], [835483.1833000006, 820269.427670002], [835481.5990000004, 820269.131500002], [835465.2895300006, 820266.0534800012], [835463.7643700009, 820273.8692100011], [835481.6611600006, 820277.4082700014]]], "type": "Polygon"}, "properties": {"BaseHeight": 5, "BuildingBlockType": "Tower", "BuildingCSUID": "3547220270T20050430", "BuildingID": 1108233157, "BuildingNameEN": "Foon Shing Building", "BuildingNameTC": "寬成樓", "DateCreate": 1114790400000, "DateStamp": 1599580800000, "GeoRefNo": "3547220270", "OBJECTID": 251057, "Shape__Area": 146.58349515640398, "Shape__Length": 52.54009288564981, "Status": "Active", "Storeys": 10, "StoreysInBasement": null, "TopHeight": 48.5}, "type": "Feature"}, {"geometry": {"coordinates": [[[835421.9542200007, 820278.7766700014], [835431.0310400007, 820280.5664600022], [835434.5480400007, 820262.3950400017], [835424.398430001, 820260.5067800023], [835416.7242500009, 820259.0782800019], [835416.5041800011, 820260.2334000021], [835413.9734300012, 820259.7654300015], [835411.0040200008, 820275.1709600016], [835413.4270800008, 820275.6632000022], [835413.1435000012, 820277.037560001], [835421.9542200007, 820278.7766700014]]], "type": "Polygon"}, "properties": {"BaseHeight": 4.8, "BuildingBlockType": "Tower", "BuildingCSUID": "3542220269T20050430", "BuildingID": 1108233129, "BuildingNameEN": "Chun Yee Building", "BuildingNameTC": "振宜大廈", "DateCreate": 1114790400000, "DateStamp": 1599580800000, "GeoRefNo": "3542220269", "OBJECTID": 251273, "Shape__Area": 374.19457608331686, "Shape__Length": 78.18523032256984, "Status": "Active", "Storeys": 18, "StoreysInBasement": 1, "TopHeight": 60.5}, "type": "Feature"}, {"geometry": {"coordinates": [[[835481.5990000004, 820269.131500002], [835483.5910100006, 820258.5802700017], [835485.1997500006, 820258.8936800025], [835485.7992600007, 820255.7989600021], [835483.1388700008, 820255.311300002], [835483.5234600008, 820253.3566700015], [835477.6157500008, 820252.2421500012], [835468.2010200005, 820250.4130100012], [835465.2895300006, 820266.0534800012], [835481.5990000004, 820269.131500002]]], "type": "Polygon"}, "properties": {"BaseHeight": 4.9, "BuildingBlockType": "Tower", "BuildingCSUID": "3547420258T20050430", "BuildingID": 1108233225, "BuildingNameEN": "Kwong On Bank Mongkok Branch Building", "BuildingNameTC": "廣安銀行旺角分行大廈", "DateCreate": 1114790400000, "DateStamp": 1599580800000, "GeoRefNo": "3547420258", "OBJECTID": 251276, "Shape__Area": 266.86503763147084, "Shape__Length": 68.33490667822552, "Status": "Active", "Storeys": 17, "StoreysInBasement": null, "TopHeight": 55.7}, "type": "Feature"}, {"geometry": {"coordinates": [[[835372.692830001, 820257.8967000023], [835374.2691100007, 820249.6693200022], [835369.2327200007, 820248.6889500022], [835368.7329300009, 820251.2263700012], [835367.8754800009, 820251.061350001], [835365.167150001, 820250.5401200019], [835363.6388700008, 820250.2460000012], [835364.1347400006, 820247.750260001], [835359.2086000005, 820246.8262600023], [835357.6413400006, 820255.0132700019], [835362.5623900006, 820255.9744100012], [835363.081410001, 820253.1486500017], [835364.819290001, 820253.4797900021], [835367.3685800005, 820253.965520002], [835368.2164600007, 820254.1270800009], [835367.6372200008, 820256.9547800012], [835372.692830001, 820257.8967000023]]], "type": "Polygon"}, "properties": {"BaseHeight": 5.2, "BuildingBlockType": "Tower", "BuildingCSUID": "3536620252T20110321", "BuildingID": 1108233309, "BuildingNameEN": "Fu Wah Building", "BuildingNameTC": "富華大樓", "DateCreate": 1300636800000, "DateStamp": 1599580800000, "GeoRefNo": "3536620252", "OBJECTID": 251277, "Shape__Area": 100.2041043904379, "Shape__Length": 58.3174190872911, "Status": "Active", "Storeys": 12, "StoreysInBasement": null, "TopHeight": 48.6}, "type": "Feature"}, {"geometry": {"coordinates": [[[835415.5530800009, 820251.0090300012], [835435.9880800005, 820254.9547100011], [835436.9470400009, 820250.0000000019], [835437.3210600009, 820248.0675800014], [835424.5824000007, 820245.6791200023], [835416.8795300005, 820244.2348600011], [835415.7506600004, 820250.0000000019], [835415.5530800009, 820251.0090300012]]], "type": "Polygon"}, "properties": {"BaseHeight": 4.8, "BuildingBlockType": "Tower", "BuildingCSUID": "3542520248T20050430", "BuildingID": 1108233333, "BuildingNameEN": "Nan Sing Building", "BuildingNameTC": "南新大廈", "DateCreate": 1114790400000, "DateStamp": 1599580800000, "GeoRefNo": "3542520248", "OBJECTID": 251280, "Shape__Area": 144.77816237569118, "Shape__Length": 55.52793203337997, "Status": "Active", "Storeys": 14, "StoreysInBasement": null, "TopHeight": 60}, "type": "Feature"}, {"geometry": {"coordinates": [[[835485.7579000005, 820238.4746700022], [835486.5965600004, 820233.8425600026], [835483.4751600008, 820233.2600900009], [835483.7901700009, 820231.6064400021], [835490.2958200006, 820232.772590002], [835492.2206500005, 820223.1954900026], [835490.5599000007, 820222.8824500013], [835474.1378400009, 820219.786960002], [835471.015540001, 820235.6490200013], [835481.5846700007, 820237.6929200012], [835485.7579000005, 820238.4746700022]]], "type": "Polygon"}, "properties": {"BaseHeight": 5.1, "BuildingBlockType": "Tower", "BuildingCSUID": "3548020228T20050430", "BuildingID": 1108233448, "BuildingNameEN": "Kalok Building", "BuildingNameTC": "家樂樓", "DateCreate": 1114790400000, "DateStamp": 1599580800000, "GeoRefNo": "3548020228", "OBJECTID": 251281, "Shape__Area": 270.4397487420252, "Shape__Length": 75.52249526254435, "Status": "Active", "Storeys": 15, "StoreysInBasement": null, "TopHeight": 55}, "type": "Feature"}, {"geometry": {"coordinates": [[[835510.6235000007, 820240.4889700022], [835513.168250001, 820227.257170001], [835495.0986700011, 820223.7796600014], [835492.5086400006, 820237.0796900019], [835510.6235000007, 820240.4889700022]]], "type": "Polygon"}, "properties": {"BaseHeight": 20.4, "BuildingBlockType": "Tower", "BuildingCSUID": "3550220235T20050430", "BuildingID": 1108233435, "BuildingNameEN": "JCG Building", "BuildingNameTC": "日本信用大廈", "DateCreate": 1114790400000, "DateStamp": 1599580800000, "GeoRefNo": "3550220235", "OBJECTID": 251282, "Shape__Area": 248.850390586328, "Shape__Length": 63.85820559823752, "Status": "Active", "Storeys": 14, "StoreysInBasement": null, "TopHeight": 60.6}, "type": "Feature"}, {"geometry": {"coordinates": [[[835364.450650001, 820619.6384300012], [835366.4148700004, 820620.0150700025], [835368.0416100007, 820611.6337100025], [835351.5952700004, 820608.5459500011], [835350.0000000009, 820608.2464500014], [835349.0892800009, 820608.0754600018], [835348.202010001, 820612.6087200027], [835350.0000000009, 820612.929130001], [835350.5939900009, 820613.0349900015], [835350.366510001, 820614.2699900027], [835350.0000000009, 820614.1905300021], [835347.9782000007, 820613.7521900013], [835347.4636400007, 820616.3811800014], [835349.6656400012, 820616.8034100011], [835350.0000000009, 820616.8675300013], [835364.450650001, 820619.6384300012]]], "type": "Polygon"}, "properties": {"BaseHeight": 5.3, "BuildingBlockType": "Tower", "BuildingCSUID": "3535620613T20050430", "BuildingID": 1108231139, "BuildingNameEN": "Wai Ming Commercial Building", "BuildingNameTC": "威明商業大廈", "DateCreate": 1114790400000, "DateStamp": 1599580800000, "GeoRefNo": "3535620613", "OBJECTID": 252718, "Shape__Area": 161.02388519087216, "Shape__Length": 60.545099264855324, "Status": "Active", "Storeys": 13, "StoreysInBasement": null, "TopHeight": 46.4}, "type": "Feature"}, {"geometry": {"coordinates": [[[835353.1772800004, 820600.541290002], [835369.5741600012, 820603.7376300022], [835370.2996000005, 820600.0000000019], [835370.8326900005, 820597.2533900011], [835372.0990300011, 820590.728860002], [835353.1581300013, 820587.1133800019], [835352.3853800008, 820591.2351100016], [835355.7511000009, 820591.8369700015], [835355.3918200005, 820594.2289200015], [835354.9713700004, 820596.4085700009], [835351.5123900007, 820595.695410002], [835350.6698600007, 820600.0000000019], [835353.1772800004, 820600.541290002]]], "type": "Polygon"}, "properties": {"BaseHeight": 5.3, "BuildingBlockType": "Tower", "BuildingCSUID": "3536120595T20050430", "BuildingID": 1108231215, "BuildingNameEN": "Lung Shing Mansion", "BuildingNameTC": "龍盛樓", "DateCreate": 1114790400000, "DateStamp": 1599580800000, "GeoRefNo": "3536120595", "OBJECTID": 252720, "Shape__Area": 238.43648763625202, "Shape__Length": 71.97437234831845, "Status": "Active", "Storeys": 11, "StoreysInBasement": null, "TopHeight": 50.3}, "type": "Feature"}, {"geometry": {"coordinates": [[[835325.5720000006, 820610.2830000017], [835338.9167400012, 820612.7956400011], [835340.0538500007, 820606.757170001], [835341.4562000008, 820607.0212100018], [835342.0300800009, 820603.9736800026], [835327.2830000008, 820601.1970000025], [835325.5720000006, 820610.2830000017]]], "type": "Polygon"}, "properties": {"BaseHeight": 5.4, "BuildingBlockType": "Tower", "BuildingCSUID": "3533320607T20060515", "BuildingID": 1108231179, "BuildingNameEN": "Convex Building", "BuildingNameTC": "康威大廈", "DateCreate": 1147622400000, "DateStamp": 1599580800000, "GeoRefNo": "3533320607", "OBJECTID": 252723, "Shape__Area": 129.9746465757513, "Shape__Length": 48.5038211929878, "Status": "Active", "Storeys": 19, "StoreysInBasement": null, "TopHeight": 66.7}, "type": "Feature"}, {"geometry": {"coordinates": [[[835363.3823800012, 820578.4234700017], [835361.936230001, 820586.0137100015], [835372.3349300008, 820587.9458300024], [835376.3069600007, 820567.098340001], [835365.9113200009, 820565.1501600016], [835364.5615000008, 820572.2347700018], [835363.3823800012, 820578.4234700017]]], "type": "Polygon"}, "properties": {"BaseHeight": 5.4, "BuildingBlockType": "Tower", "BuildingCSUID": "3536820574T20050430", "BuildingID": 1108231299, "BuildingNameEN": "Kwan Ngan House", "BuildingNameTC": "冠顏樓", "DateCreate": 1114790400000, "DateStamp": 1599580800000, "GeoRefNo": "3536820574", "OBJECTID": 252725, "Shape__Area": 224.54773430388286, "Shape__Length": 63.61465315102679, "Status": "Active", "Storeys": 12, "StoreysInBasement": null, "TopHeight": 48.6}, "type": "Feature"}, {"geometry": {"coordinates": [[[835368.0416100007, 820611.6337100025], [835369.5741600012, 820603.7376300022], [835353.1772800004, 820600.541290002], [835352.9230200006, 820601.8278100025], [835350.4005000005, 820601.3762100022], [835350.0000000009, 820603.4224500023], [835349.6070600012, 820605.4300600011], [835350.0000000009, 820605.5004900023], [835352.1219900008, 820605.8808400016], [835351.5952700004, 820608.5459500011], [835368.0416100007, 820611.6337100025]]], "type": "Polygon"}, "properties": {"BaseHeight": 5.4, "BuildingBlockType": "Tower", "BuildingCSUID": "3535920605T20050430", "BuildingID": 1108231184, "BuildingNameEN": "Hop Ying Commercial Centre", "BuildingNameTC": "合盈商業中心", "DateCreate": 1114790400000, "DateStamp": 1599580800000, "GeoRefNo": "3535920605", "OBJECTID": 252927, "Shape__Area": 146.02012910850164, "Shape__Length": 54.759105737823134, "Status": "Active", "Storeys": 14, "StoreysInBasement": null, "TopHeight": 46.4}, "type": "Feature"}, {"geometry": {"coordinates": [[[835342.0300800009, 820603.9736800026], [835342.2711000005, 820604.0190600026], [835345.7773400005, 820585.397280002], [835330.7892400008, 820582.5752100013], [835327.2830000008, 820601.1970000025], [835342.0300800009, 820603.9736800026]]], "type": "Polygon"}, "properties": {"BaseHeight": 5.1, "BuildingBlockType": "Tower", "BuildingCSUID": "3533620591T20050430", "BuildingID": 1108231213, "BuildingNameEN": "Diamond Building", "BuildingNameTC": "鑽石樓", "DateCreate": 1114790400000, "DateStamp": 1599580800000, "GeoRefNo": "3533620591", "OBJECTID": 252928, "Shape__Area": 289.0000194148656, "Shape__Length": 68.40093022565837, "Status": "Active", "Storeys": 11, "StoreysInBasement": null, "TopHeight": 37.4}, "type": "Feature"}, {"geometry": {"coordinates": [[[835488.2601000005, 820502.7579500023], [835487.9165900005, 820503.0851900019], [835498.771780001, 820514.4801500011], [835506.798750001, 820506.833420001], [835495.9568300005, 820495.4746200014], [835495.9435600005, 820495.4384500012], [835495.7380100004, 820495.6342600025], [835488.2601000005, 820502.7579500023]]], "type": "Polygon"}, "properties": {"BaseHeight": 5.7, "BuildingBlockType": "Tower", "BuildingCSUID": "3549820505T20050430", "BuildingID": 1108231668, "BuildingNameEN": "Nullah Road Refuse Collection Point", "BuildingNameTC": "水渠道垃圾收集站", "DateCreate": 1114790400000, "DateStamp": 1786982400000, "GeoRefNo": "3549820505", "OBJECTID": 253145, "Shape__Area": 174.3531124859917, "Shape__Length": 53.65140978499966, "Status": "Active", "Storeys": 1, "StoreysInBasement": null, "TopHeight": 13}, "type": "Feature"}, {"geometry": {"coordinates": [[[835374.5092400005, 820506.4906300027], [835382.4576900005, 820507.9830900021], [835387.4649100006, 820508.9232900012], [835390.6680500004, 820492.1798400022], [835371.6068900004, 820488.6007700022], [835371.3480200004, 820489.9527000021], [835366.3891600007, 820489.0349700022], [835364.6431800006, 820498.3335500024], [835366.6342300009, 820498.7074100021], [835375.6462600008, 820500.399600001], [835374.5092400005, 820506.4906300027]]], "type": "Polygon"}, "properties": {"BaseHeight": 5.6, "BuildingBlockType": "Tower", "BuildingCSUID": "3537620496T20050430", "BuildingID": 1108231692, "BuildingNameEN": "European Asian Bank Building", "BuildingNameTC": "歐亞銀行大廈", "DateCreate": 1114790400000, "DateStamp": 1599580800000, "GeoRefNo": "3537620496", "OBJECTID": 253146, "Shape__Area": 339.802375167303, "Shape__Length": 82.89568889958089, "Status": "Active", "Storeys": 10, "StoreysInBasement": null, "TopHeight": 49.2}, "type": "Feature"}, {"geometry": {"coordinates": [[[835486.729890001, 820333.7978200018], [835487.2985500004, 820330.8521700017], [835492.9110900005, 820331.9072700012], [835493.8323600013, 820327.0946300011], [835491.6238100007, 820326.6794500016], [835495.7620300008, 820305.4790300019], [835495.7646400006, 820305.465640001], [835485.7252300009, 820303.5880000014], [835481.8058400005, 820302.8550500013], [835481.4264400005, 820304.820340002], [835479.4608700005, 820304.450720001], [835478.532060001, 820309.2619400024], [835480.497630001, 820309.6315600015], [835476.7826300012, 820328.8752700016], [835480.7138200011, 820329.6143000014], [835480.1451600008, 820332.5599500015], [835486.729890001, 820333.7978200018]]], "type": "Polygon"}, "properties": {"BaseHeight": 22.4, "BuildingBlockType": "Tower", "BuildingCSUID": "3548620318T20050430", "BuildingID": 1108232695, "BuildingNameEN": "The Church of Christ in China Mangkok Church Christian Centre", "BuildingNameTC": "中華基督教會望覺堂基督教大樓", "DateCreate": 1114790400000, "DateStamp": 1599580800000, "GeoRefNo": "3548620318", "OBJECTID": 257900, "Shape__Area": 416.64843874873543, "Shape__Length": 95.87399504734474, "Status": "Active", "Storeys": 10, "StoreysInBasement": 1, "TopHeight": 54.6}, "type": "Feature"}, {"geometry": {"coordinates": [[[835535.9206300005, 820415.2062600013], [835539.5290300008, 820396.521490002], [835524.6795100011, 820393.6700600013], [835521.5394600006, 820393.067110002], [835520.141400001, 820400.340880001], [835523.8947700011, 820401.1088300012], [835522.9605200011, 820406.0047700014], [835519.1970400009, 820405.2541600019], [835517.947540001, 820411.7550400011], [835523.8269500006, 820412.884010002], [835528.9274500012, 820413.8634200022], [835535.9206300005, 820415.2062600013]]], "type": "Polygon"}, "properties": {"BaseHeight": 5.8, "BuildingBlockType": "Tower", "BuildingCSUID": "3553020405T20050430", "BuildingID": 1108232223, "BuildingNameEN": "Wing Ying Building", "BuildingNameTC": "榮英樓", "DateCreate": 1114790400000, "DateStamp": 1605628800000, "GeoRefNo": "3553020405", "OBJECTID": 262873, "Shape__Area": 329.28933739065803, "Shape__Length": 82.32946768830708, "Status": "Active", "Storeys": 11, "StoreysInBasement": null, "TopHeight": 42.1}, "type": "Feature"}, {"geometry": {"coordinates": [[[835355.023310001, 820634.6207100023], [835356.3661000011, 820634.882410001], [835361.3051200006, 820635.8450000025], [835364.450650001, 820619.6384300012], [835350.0000000009, 820616.8675300013], [835349.6656400012, 820616.8034100011], [835347.4636400007, 820616.3811800014], [835345.6644900013, 820625.5733300019], [835347.9220200004, 820626.0133100022], [835346.5601600008, 820632.9712900016], [835349.7230300009, 820633.5877100024], [835350.0000000009, 820633.6416900009], [835355.023310001, 820634.6207100023]]], "type": "Polygon"}, "properties": {"BaseHeight": 19.7, "BuildingBlockType": "Tower", "BuildingCSUID": "3535520626T20050430", "BuildingID": 1108231057, "BuildingNameEN": "Prince Edward The Lamma City", "BuildingNameTC": "太子－藍馬之城", "DateCreate": 1114790400000, "DateStamp": 1599580800000, "GeoRefNo": "3535520626", "OBJECTID": 263559, "Shape__Area": 268.9998991222207, "Shape__Length": 67.58444470613914, "Status": "Active", "Storeys": 16, "StoreysInBasement": null, "TopHeight": 68.9}, "type": "Feature"}, {"geometry": {"coordinates": [[[835363.3823800012, 820578.4234700017], [835364.5615000008, 820572.2347700018], [835355.7117100004, 820570.5752400011], [835357.0477300007, 820563.4890900012], [835344.0178800011, 820561.0472400021], [835342.6696900008, 820568.1295700017], [835333.9653600007, 820566.497320002], [835332.804920001, 820572.6895200014], [835339.7224100009, 820573.9867000021], [835338.9744100012, 820577.9161600024], [835355.572540001, 820581.0286700018], [835356.3136400012, 820577.0979200024], [835363.3823800012, 820578.4234700017]]], "type": "Polygon"}, "properties": {"BaseHeight": 15.2, "BuildingBlockType": "Tower", "BuildingCSUID": "3534920571T20050430", "BuildingID": 1108231335, "BuildingNameEN": "Honland Building", "BuildingNameTC": "康齡大廈", "DateCreate": 1114790400000, "DateStamp": 1599580800000, "GeoRefNo": "3534920571", "OBJECTID": 263564, "Shape__Area": 359.22075896759293, "Shape__Length": 97.25478313998693, "Status": "Active", "Storeys": 12, "StoreysInBasement": null, "TopHeight": 49.4}, "type": "Feature"}, {"geometry": {"coordinates": [[[835475.2648600005, 820540.6545600016], [835485.2611700008, 820555.3523200024], [835487.0483800005, 820554.1368000023], [835488.0909800008, 820548.7874500025], [835489.6614300013, 820549.0935400017], [835488.6182600008, 820554.4458100013], [835489.8345600013, 820556.2317700014], [835498.8190800007, 820550.162010001], [835504.5616000006, 820546.2824800014], [835502.4819400012, 820543.2041400019], [835500.0582000008, 820544.8415600024], [835499.3304600008, 820543.7643500026], [835495.7213900005, 820546.202560002], [835496.3284900011, 820543.0876700021], [835493.6861700006, 820542.5833400022], [835494.0343400007, 820540.7969400026], [835487.1485900013, 820539.4826700017], [835486.8004200011, 820541.2690700013], [835484.1581000006, 820540.7647300027], [835483.544830001, 820543.9113100022], [835481.0566200009, 820540.2528400011], [835479.9816700006, 820540.983930001], [835478.3367100004, 820538.5653100014], [835475.2648600005, 820540.6545600016]]], "type": "Polygon"}, "properties": {"BaseHeight": 20.5, "BuildingBlockType": "Tower", "BuildingCSUID": "3548920545T20050430", "BuildingID": 1108231447, "BuildingNameEN": "Bijou Court", "BuildingNameTC": "別樹一居", "DateCreate": 1114790400000, "DateStamp": 1599580800000, "GeoRefNo": "3548920545", "OBJECTID": 263743, "Shape__Area": 250.20398782137408, "Shape__Length": 99.44233322767207, "Status": "Active", "Storeys": 22, "StoreysInBasement": null, "TopHeight": 98.6}, "type": "Feature"}, {"geometry": {"coordinates": [[[835451.5266400008, 820546.6116400026], [835452.8288500011, 820539.8354800027], [835447.8793300008, 820538.9053200018], [835448.8584900005, 820533.6965500023], [835431.0700600008, 820530.3526300024], [835430.0909000011, 820535.5614000019], [835426.5037300009, 820534.8870800026], [835426.1053700009, 820537.0507200025], [835425.3431800008, 820536.9074500017], [835424.4404100012, 820541.5200600009], [835446.5539900009, 820545.6770300027], [835451.5266400008, 820546.6116400026]]], "type": "Polygon"}, "properties": {"BaseHeight": 16.3, "BuildingBlockType": "Tower", "BuildingCSUID": "3543820538T20050430", "BuildingID": 1108231496, "BuildingNameEN": "Bijou Apartments", "BuildingNameTC": "別樹華軒", "DateCreate": 1114790400000, "DateStamp": 1599580800000, "GeoRefNo": "3543820538", "OBJECTID": 263744, "Shape__Area": 284.3381668383142, "Shape__Length": 79.52261741574772, "Status": "Active", "Storeys": 24, "StoreysInBasement": null, "TopHeight": 99.6}, "type": "Feature"}, {"geometry": {"coordinates": [[[835455.037440001, 820528.8514600024], [835455.6909100004, 820525.4673000015], [835456.0714700008, 820523.4964800011], [835453.1251000008, 820522.9317600019], [835453.4219000004, 820521.3946900014], [835456.3682700004, 820521.9594100025], [835458.4248700012, 820511.308840001], [835455.4785000011, 820510.7441200018], [835455.759420001, 820509.2893300019], [835458.705790001, 820509.8540400025], [835460.7898100009, 820499.0614700019], [835457.8434400009, 820498.4967500027], [835458.132170001, 820497.0015000012], [835461.0785400011, 820497.5662200022], [835461.8606300009, 820493.515970001], [835462.484720001, 820490.2839700021], [835459.5254100012, 820487.1740000024], [835458.0229600007, 820485.5950600021], [835455.9552700007, 820487.7784300018], [835454.8314700006, 820486.6009100024], [835456.9008300006, 820484.4157900009], [835456.8034800012, 820484.3134900015], [835449.6010800004, 820476.7702700011], [835447.533210001, 820478.9538200013], [835446.4359500008, 820477.8041100018], [835448.5035700006, 820475.6208200026], [835441.1320400005, 820467.9004700016], [835439.0660900008, 820470.0820000023], [835438.0244200006, 820468.9905400015], [835440.0901300004, 820466.8092600014], [835439.0057500005, 820465.673560001], [835434.2760000005, 820460.7200000025], [835427.4100000011, 820462.6920000017], [835425.9442800004, 820470.3091200013], [835425.4093700005, 820473.0890100021], [835428.3557400005, 820473.6537300013], [835428.0528900009, 820475.227570001], [835425.1065200008, 820474.6628500018], [835423.1335800011, 820484.9159500021], [835426.0799500011, 820485.4806700014], [835425.7771100011, 820487.0545100011], [835422.830740001, 820486.4897900019], [835420.8028500006, 820497.0284600016], [835423.7492200006, 820497.5931800026], [835423.446370001, 820499.1670200024], [835420.5000000009, 820498.6023000013], [835418.446130001, 820509.2759900019], [835421.392500001, 820509.8407100011], [835421.089660001, 820511.4145400021], [835418.143290001, 820510.8498300016], [835418.1419200012, 820510.8569500018], [835416.8995700004, 820517.3132600021], [835415.9400000004, 820522.3000000026], [835418.3371100007, 820522.7594400011], [835427.3931000009, 820524.4951600023], [835436.0087800007, 820480.0141900014], [835449.3445100011, 820494.0907900017], [835445.1782900011, 820515.6898000017], [835435.1365300007, 820513.7651400026], [835433.8675600011, 820520.3438800015], [835443.9093200006, 820522.2685400024], [835442.9063000008, 820527.4685100019], [835454.8620000007, 820529.7600000016], [835455.037440001, 820528.8514600024]]], "type": "Polygon"}, "properties": {"BaseHeight": 20.7, "BuildingBlockType": "Tower", "BuildingCSUID": "3544520483T20050430", "BuildingID": 1108231595, "BuildingNameEN": "Cosmopolitan Centre", "BuildingNameTC": "東海大廈", "DateCreate": 1114790400000, "DateStamp": 1514908800000, "GeoRefNo": "3544520483", "OBJECTID": 263746, "Shape__Area": 1525.4887765315916, "Shape__Length": 351.927689198357, "Status": "Active", "Storeys": null, "StoreysInBasement": null, "TopHeight": 50.7}, "type": "Feature"}, {"geometry": {"coordinates": [[[835363.499710001, 820504.4233900011], [835362.431570001, 820510.1120000016], [835381.3895900007, 820513.6716900021], [835382.4576900005, 820507.9830900021], [835374.5092400005, 820506.4906300027], [835365.4907500008, 820504.7972400021], [835363.499710001, 820504.4233900011]]], "type": "Polygon"}, "properties": {"BaseHeight": 5.6, "BuildingBlockType": "Tower", "BuildingCSUID": "3537320508T20050430", "BuildingID": 1108231671, "BuildingNameEN": "I Do Centre", "BuildingNameTC": "愛都婚紗中心", "DateCreate": 1114790400000, "DateStamp": 1599580800000, "GeoRefNo": "3537320508", "OBJECTID": 270393, "Shape__Area": 111.64674205505152, "Shape__Length": 50.154633273682165, "Status": "Active", "Storeys": 14, "StoreysInBasement": null, "TopHeight": 51.4}, "type": "Feature"}, {"geometry": {"coordinates": [[[835520.4448900009, 820374.0581800025], [835515.5102000004, 820373.1300800014], [835516.6381400004, 820367.2648300026], [835510.3217100007, 820366.0241000019], [835509.1486600004, 820371.8893500026], [835503.9617300006, 820370.8892500009], [835502.9989900012, 820375.9336600024], [835508.4253400005, 820376.9100400023], [835519.504160001, 820379.0295200013], [835520.039880001, 820376.1984300017], [835520.4448900009, 820374.0581800025]]], "type": "Polygon"}, "properties": {"BaseHeight": 5.8, "BuildingBlockType": "Tower", "BuildingCSUID": "3551220373T20050430", "BuildingID": 1108232403, "BuildingNameEN": "Sang Fat Building", "BuildingNameTC": "生發大廈", "DateCreate": 1114790400000, "DateStamp": 1599580800000, "GeoRefNo": "3551220373", "OBJECTID": 270395, "Shape__Area": 123.71400696612997, "Shape__Length": 55.68318695566276, "Status": "Active", "Storeys": 13, "StoreysInBasement": null, "TopHeight": 57.7}, "type": "Feature"}, {"geometry": {"coordinates": [[[835352.3838400012, 820308.4259200022], [835357.2712700004, 820309.3496700022], [835357.5719700009, 820307.7099500019], [835361.4986200007, 820308.4682000019], [835362.3693300011, 820303.7555300016], [835358.4462300008, 820303.0153200012], [835358.9349700008, 820300.5145900026], [835354.0650600009, 820299.599390002], [835353.5776200006, 820302.1043200027], [835349.4478700012, 820301.3054500017], [835348.5474500004, 820305.9835800026], [835352.711050001, 820306.7892200015], [835352.3838400012, 820308.4259200022]]], "type": "Polygon"}, "properties": {"BaseHeight": 15.9, "BuildingBlockType": "Tower", "BuildingCSUID": "3535520304T20050430", "BuildingID": 1108232876, "BuildingNameEN": "Hing Wong Court", "BuildingNameTC": "興旺閣", "DateCreate": 1114790400000, "DateStamp": 1599580800000, "GeoRefNo": "3535520304", "OBJECTID": 270480, "Shape__Area": 83.75529605944813, "Shape__Length": 44.36030373210109, "Status": "Active", "Storeys": 14, "StoreysInBasement": null, "TopHeight": 59.7}, "type": "Feature"}, {"geometry": {"coordinates": [[[835341.0572300004, 820289.4762100019], [835343.9181100009, 820290.019770002], [835344.459950001, 820287.1475300025], [835345.7585900007, 820280.2635200024], [835343.9097500006, 820279.991870001], [835332.8968400005, 820277.9540800024], [835331.041050001, 820287.5731800012], [835341.0572300004, 820289.4762100019]]], "type": "Polygon"}, "properties": {"BaseHeight": 18.9, "BuildingBlockType": "Tower", "BuildingCSUID": "3533420284T20050430", "BuildingID": 1108233045, "BuildingNameEN": "Chun Hoi Commercial Building", "BuildingNameTC": "鎮海商業大廈　", "DateCreate": 1114790400000, "DateStamp": 1599580800000, "GeoRefNo": "3533420284", "OBJECTID": 270481, "Shape__Area": 128.68154645051067, "Shape__Length": 45.900780184120705, "Status": "Active", "Storeys": 18, "StoreysInBasement": null, "TopHeight": 59.6}, "type": "Feature"}, {"geometry": {"coordinates": [[[835400.8891200004, 820276.3692000024], [835402.0323700011, 820270.2682500016], [835405.3742000004, 820270.8944700025], [835407.5096900007, 820259.4983300027], [835404.1678600004, 820258.8721100017], [835405.0419500005, 820254.2075000014], [835400.5675700009, 820253.320100002], [835399.708970001, 820258.0138100013], [835395.187140001, 820257.2104900014], [835394.328590001, 820261.648430001], [835398.8217800008, 820262.5070000011], [835398.4497300005, 820264.7106600013], [835393.9565400006, 820263.8520900011], [835393.0407300005, 820268.5456200019], [835397.5588600012, 820269.4321500026], [835396.4264600007, 820275.5049900021], [835400.0000000009, 820276.1970200017], [835400.8891200004, 820276.3692000024]]], "type": "Polygon"}, "properties": {"BaseHeight": 20.4, "BuildingBlockType": "Tower", "BuildingCSUID": "3539920264T20050430", "BuildingID": 1108233164, "BuildingNameEN": "Portland Building", "BuildingNameTC": "寶齡大廈", "DateCreate": 1114790400000, "DateStamp": 1599580800000, "GeoRefNo": "3539920264", "OBJECTID": 270485, "Shape__Area": 184.9879829702376, "Shape__Length": 79.28663649981891, "Status": "Active", "Storeys": 16, "StoreysInBasement": null, "TopHeight": 60.2}, "type": "Feature"}, {"geometry": {"coordinates": [[[835355.4688800005, 820229.6411800012], [835342.763770001, 820227.1770300027], [835341.815010001, 820232.053530002], [835344.2480000006, 820232.5367500018], [835343.904430001, 820234.4744900018], [835341.4307200005, 820233.9797500018], [835340.486560001, 820238.9203800019], [835342.9183600005, 820239.3995100018], [835342.5567500005, 820241.3160200026], [835340.1068700012, 820240.8278500009], [835339.0806200011, 820245.9267900027], [835351.8433600012, 820248.365720002], [835355.4688800005, 820229.6411800012]]], "type": "Polygon"}, "properties": {"BaseHeight": 16.1, "BuildingBlockType": "Tower", "BuildingCSUID": "3534320236T20050430", "BuildingID": 1108233379, "BuildingNameEN": "Shanghai Building", "BuildingNameTC": "上海大廈", "DateCreate": 1114790400000, "DateStamp": 1599580800000, "GeoRefNo": "3534320236", "OBJECTID": 270487, "Shape__Area": 237.56224600727828, "Shape__Length": 74.10511422305723, "Status": "Active", "Storeys": 14, "StoreysInBasement": null, "TopHeight": 60.1}, "type": "Feature"}, {"geometry": {"coordinates": [[[835355.5120800007, 820216.010350002], [835350.0000000009, 820214.9470200017], [835345.3257100005, 820214.0453100018], [835343.5543900011, 820223.0541800018], [835350.0000000009, 820224.3311600015], [835356.2570100008, 820225.5707800016], [835356.9408100005, 820222.0293700024], [835358.0099600004, 820216.4922200013], [835355.5120800007, 820216.010350002]]], "type": "Polygon"}, "properties": {"BaseHeight": 14.2, "BuildingBlockType": "Tower", "BuildingCSUID": "3534720218T20050430", "BuildingID": 1108233545, "BuildingNameEN": "Tin Po House", "BuildingNameTC": "天寶樓", "DateCreate": 1114790400000, "DateStamp": 1599580800000, "GeoRefNo": "3534720218", "OBJECTID": 270560, "Shape__Area": 119.16902653071216, "Shape__Length": 44.295224767966175, "Status": "Active", "Storeys": 10, "StoreysInBasement": null, "TopHeight": 48}, "type": "Feature"}, {"geometry": {"coordinates": [[[835421.6567700012, 820219.8370100018], [835433.0310000004, 820222.0293700024], [835435.8071100004, 820222.5644600019], [835436.1286600009, 820220.9034200013], [835437.702920001, 820212.7691000011], [835423.571250001, 820210.0595100019], [835421.6567700012, 820219.8370100018]]], "type": "Polygon"}, "properties": {"BaseHeight": 22.7, "BuildingBlockType": "Tower", "BuildingCSUID": "3543220216T20050430", "BuildingID": 1108233572, "BuildingNameEN": "Silver Commercial Building", "BuildingNameTC": "銀都商業大廈", "DateCreate": 1114790400000, "DateStamp": 1599580800000, "GeoRefNo": "3543220216", "OBJECTID": 270561, "Shape__Area": 143.5694691313375, "Shape__Length": 48.74019213139452, "Status": "Active", "Storeys": 16, "StoreysInBasement": null, "TopHeight": 57.6}, "type": "Feature"}, {"geometry": {"coordinates": [[[835493.7770000007, 820254.430180002], [835492.0431200005, 820254.1002600025], [835491.5058100009, 820256.892930001], [835490.9707700005, 820259.6728900019], [835493.916220001, 820260.2467500027], [835506.2586200004, 820262.6506200023], [835507.3560000006, 820257.0140000023], [835501.7642800007, 820255.9500100017], [835493.7770000007, 820254.430180002]]], "type": "Polygon"}, "properties": {"BaseHeight": 5.4, "BuildingBlockType": "Tower", "BuildingCSUID": "3549520258T20050430", "BuildingID": 1108233271, "BuildingNameEN": "Ng Po House", "BuildingNameTC": "五寶大廈", "DateCreate": 1114790400000, "DateStamp": 1599580800000, "GeoRefNo": "3549520258", "OBJECTID": 270876, "Shape__Area": 88.94943964902892, "Shape__Length": 42.58009562409564, "Status": "Active", "Storeys": 11, "StoreysInBasement": null, "TopHeight": 37.4}, "type": "Feature"}, {"geometry": {"coordinates": [[[835505.2947300011, 820267.6016300023], [835506.2586200004, 820262.6506200023], [835493.916220001, 820260.2467500027], [835493.6732400004, 820261.5231000017], [835493.3845000006, 820263.0398400016], [835487.7288600011, 820261.9330900013], [835487.2962000007, 820264.1573700011], [835505.2947300011, 820267.6016300023]]], "type": "Polygon"}, "properties": {"BaseHeight": 5.4, "BuildingBlockType": "Tower", "BuildingCSUID": "3549720263T20050430", "BuildingID": 1108233235, "BuildingNameEN": "Ng Po House", "BuildingNameTC": "五寶大廈", "DateCreate": 1114790400000, "DateStamp": 1599580800000, "GeoRefNo": "3549720263", "OBJECTID": 272148, "Shape__Area": 76.62925715967523, "Shape__Length": 46.81553380074203, "Status": "Active", "Storeys": 11, "StoreysInBasement": null, "TopHeight": 37.4}, "type": "Feature"}, {"geometry": {"coordinates": [[[835530.4634700008, 820443.4641600009], [835518.3588300012, 820441.1398100015], [835512.515300001, 820440.0177200027], [835512.2618000004, 820441.3366400022], [835514.635280001, 820441.7672900017], [835514.0386100011, 820444.8113200013], [835516.2235000012, 820445.2512600012], [835515.9123100005, 820446.8240100015], [835513.7292900011, 820446.3894000016], [835513.0422800006, 820449.8943000026], [835523.2715000007, 820451.8585300017], [835528.6431600004, 820452.8900000025], [835530.4634700008, 820443.4641600009]]], "type": "Polygon"}, "properties": {"BaseHeight": 5.9, "BuildingBlockType": "Tower", "BuildingCSUID": "3552120447T20201111", "BuildingID": 1108232032, "BuildingNameEN": null, "BuildingNameTC": null, "DateCreate": 1605024000000, "DateStamp": 1605628800000, "GeoRefNo": "3552120447", "OBJECTID": 272741, "Shape__Area": 152.0128015275788, "Shape__Length": 60.248657860686706, "Status": "Active", "Storeys": 9, "StoreysInBasement": null, "TopHeight": 34.6}, "type": "Feature"}, {"geometry": {"coordinates": [[[835498.5000000009, 820194.070340002], [835505.7404200006, 820195.5164400022], [835516.447350001, 820187.4990100022], [835519.0851800004, 820174.1107200012], [835511.9763600007, 820163.1165900026], [835495.373610001, 820159.8454300016], [835484.5327500012, 820167.248850001], [835481.8695800006, 820180.8185800016], [835489.0929800011, 820192.1915100012], [835498.5000000009, 820194.070340002]]], "type": "Polygon"}, "properties": {"BaseHeight": 21.7, "BuildingBlockType": "Tower", "BuildingCSUID": "3550420171T20050430", "BuildingID": 1108233780, "BuildingNameEN": "700 Nathan Road", "BuildingNameTC": "彌敦道７００號", "DateCreate": 1114790400000, "DateStamp": 1635782400000, "GeoRefNo": "3550420171", "OBJECTID": 280226, "Shape__Area": 985.6192974095713, "Shape__Length": 114.44127190833682, "Status": "Active", "Storeys": 16, "StoreysInBasement": null, "TopHeight": 75.7}, "type": "Feature"}, {"geometry": {"coordinates": [[[835442.5895200009, 820207.8441600017], [835442.0274100006, 820210.8494100012], [835444.7562500006, 820211.3552100025], [835445.2979100011, 820208.3428100012], [835442.5895200009, 820207.8441600017]]], "type": "Polygon"}, "properties": {"BaseHeight": 5, "BuildingBlockType": "Tower", "BuildingCSUID": "3544420210T20211008", "BuildingID": 1910216110, "BuildingNameEN": null, "BuildingNameTC": null, "DateCreate": 1633622400000, "DateStamp": 1633622400000, "GeoRefNo": "3544420210", "OBJECTID": 281914, "Shape__Area": 8.457007223373612, "Shape__Length": 11.647309448087052, "Status": "Active", "Storeys": null, "StoreysInBasement": null, "TopHeight": 17.9}, "type": "Feature"}, {"geometry": {"coordinates": [[[835449.2686400004, 820187.5681600012], [835446.6265000012, 820187.100610001], [835445.9867700012, 820190.1211800016], [835448.5948700011, 820190.5625600014], [835448.7345700013, 820190.5862000026], [835448.8877400011, 820189.7206300013], [835449.2686400004, 820187.5681600012]]], "type": "Polygon"}, "properties": {"BaseHeight": 5, "BuildingBlockType": "Tower", "BuildingCSUID": "3544820189T20211008", "BuildingID": 1910216111, "BuildingNameEN": null, "BuildingNameTC": null, "DateCreate": 1633622400000, "DateStamp": 1633622400000, "GeoRefNo": "3544820189", "OBJECTID": 281915, "Shape__Area": 8.410600821790275, "Shape__Length": 11.62256191409923, "Status": "Active", "Storeys": null, "StoreysInBasement": null, "TopHeight": 18.1}, "type": "Feature"}, {"geometry": {"coordinates": [[[835400.0000000009, 820315.7614600025], [835401.9842500007, 820305.7237800024], [835400.0000000009, 820305.3231800012], [835398.814100001, 820305.0837600026], [835399.2644900009, 820302.6878500022], [835392.1616700012, 820301.2744500022], [835391.4183900012, 820304.8736800011], [835390.378370001, 820304.677120002], [835391.2912000008, 820299.8573500011], [835384.4959500004, 820298.5000000019], [835382.3934000004, 820298.0800200012], [835382.3114800006, 820298.5000000019], [835379.2686500009, 820314.099750001], [835397.933480001, 820317.6409400012], [835399.5671100011, 820317.9513100013], [835400.0000000009, 820315.7614600025]]], "type": "Polygon"}, "properties": {"BaseHeight": 5.2, "BuildingBlockType": "Tower", "BuildingCSUID": "3539020312T20050430", "BuildingID": 1108232814, "BuildingNameEN": "Lee Fat Building", "BuildingNameTC": "利發大樓", "DateCreate": 1114790400000, "DateStamp": 1639411200000, "GeoRefNo": "3539020312", "OBJECTID": 287346, "Shape__Area": 309.41547448338946, "Shape__Length": 81.07312687466509, "Status": "Active", "Storeys": 12, "StoreysInBasement": null, "TopHeight": 40.7}, "type": "Feature"}, {"geometry": {"coordinates": [[[835405.0419500005, 820254.2075000014], [835411.4473300008, 820255.4778600018], [835412.087030001, 820252.3268900011], [835410.9310600013, 820252.0957600027], [835411.3617000012, 820250.0000000019], [835412.5202200012, 820250.1940600015], [835412.5596200004, 820250.0000000019], [835413.2515800009, 820246.5911600012], [835408.7030600011, 820245.6977400016], [835400.0000000009, 820243.9887800012], [835393.1853200011, 820242.650630001], [835391.7795300009, 820250.0000000019], [835391.4888700005, 820251.5195400026], [835400.0000000009, 820253.2075400017], [835400.5675700009, 820253.320100002], [835405.0419500005, 820254.2075000014]]], "type": "Polygon"}, "properties": {"BaseHeight": 5.2, "BuildingBlockType": "Tower", "BuildingCSUID": "3540020248T20050430", "BuildingID": 1108233326, "BuildingNameEN": "Hung Yip House", "BuildingNameTC": "鴻業大樓", "DateCreate": 1114790400000, "DateStamp": 1639411200000, "GeoRefNo": "3540020248", "OBJECTID": 287351, "Shape__Area": 182.04248359626683, "Shape__Length": 61.21109884831002, "Status": "Active", "Storeys": 13, "StoreysInBasement": null, "TopHeight": 49.2}, "type": "Feature"}, {"geometry": {"coordinates": [[[835481.8060000008, 820302.8550000023], [835479.8760000011, 820302.4980000015], [835479.461000001, 820304.4510000013], [835478.5320000006, 820309.262000002], [835476.1980000008, 820321.353000002], [835474.2480000006, 820331.4510000013], [835476.2140000006, 820331.8210000023], [835476.705000001, 820331.9130000025], [835478.1890000012, 820332.1920000017], [835480.1450000005, 820332.5600000024], [835486.7300000004, 820333.7980000023], [835489.3430000013, 820334.2890000027], [835491.7545700008, 820334.7420200016], [835492.3471300006, 820334.8533300012], [835492.9110900005, 820331.9072700012], [835493.8323600013, 820327.0946300011], [835496.2961600004, 820314.2239700016], [835497.9243800007, 820305.869570002], [835495.7646400006, 820305.465640001], [835485.7252300009, 820303.5880000014], [835485.7210100004, 820303.5872100014], [835481.8060000008, 820302.8550000023]]], "type": "Polygon"}, "properties": {"BaseHeight": 5.5, "BuildingBlockType": "Podium", "BuildingCSUID": "3548520318P20060311", "BuildingID": 1108246121, "BuildingNameEN": "MONGKOK CHRISTIAN CENTRE", "BuildingNameTC": "基督教大樓", "DateCreate": 1142006400000, "DateStamp": 1639497600000, "GeoRefNo": "3548520318", "OBJECTID": 287396, "Shape__Area": 542.7925184658151, "Shape__Length": 95.78751505084843, "Status": "Active", "Storeys": 3, "StoreysInBasement": 1, "TopHeight": 22.4}, "type": "Feature"}, {"geometry": {"coordinates": [[[835539.6963000009, 820542.6821600012], [835523.5037600007, 820525.2196200024], [835518.3776700012, 820529.9729100019], [835534.5702100005, 820547.435440002], [835539.6963000009, 820542.6821600012]]], "type": "Polygon"}, "properties": {"BaseHeight": 6, "BuildingBlockType": "Temporary Structure", "BuildingCSUID": "3552920536T20260528", "BuildingID": 1910275708, "BuildingNameEN": null, "BuildingNameTC": null, "DateCreate": 1779897600000, "DateStamp": 1779897600000, "GeoRefNo": "3552920536", "OBJECTID": 294420, "Shape__Area": 166.48228352825865, "Shape__Length": 61.61082905745329, "Status": "Active", "Storeys": null, "StoreysInBasement": null, "TopHeight": 8.8}, "type": "Feature"}, {"geometry": {"coordinates": [[[835528.166650001, 820596.2525700014], [835520.2879700009, 820594.7798000015], [835520.0000000009, 820596.2874200027], [835518.2155300006, 820605.629850002], [835516.600970001, 820614.0827900022], [835516.2624900006, 820615.8548700027], [835520.0000000009, 820616.5956000015], [835524.146350001, 820617.4173500016], [835524.5317000011, 820615.3886800017], [835524.5663100006, 820615.2064700015], [835528.166650001, 820596.2525700014]]], "type": "Polygon"}, "properties": {"BaseHeight": 5.6, "BuildingBlockType": "Tower", "BuildingCSUID": "3552220604T20050430", "BuildingID": 1108231153, "BuildingNameEN": "Chue Jen Building", "BuildingNameTC": "賜珍大廈", "DateCreate": 1114790400000, "DateStamp": 1666886400000, "GeoRefNo": "3552220604", "OBJECTID": 301226, "Shape__Area": 172.55715151540983, "Shape__Length": 59.051653917701955, "Status": "Active", "Storeys": 12, "StoreysInBasement": null, "TopHeight": 41.4}, "type": "Feature"}, {"geometry": {"coordinates": [[[835350.0000000009, 820365.348100001], [835342.9876500005, 820357.156080002], [835344.7090100013, 820355.7107500024], [835334.8572400007, 820344.0987700019], [835333.3188300012, 820345.1594000012], [835332.6486600004, 820348.6359600015], [835336.2815400008, 820353.0967900027], [835331.0408800012, 820356.9766300023], [835330.8611800009, 820357.9088600017], [835330.8125000009, 820358.161410002], [835330.4085100004, 820360.2572200019], [835330.8125000009, 820360.7333500013], [835358.4690000005, 820393.620000001], [835369.5246600006, 820383.9673400018], [835364.7569600008, 820378.2869300023], [835362.5949800005, 820380.0619100016], [835350.0000000009, 820365.348100001]]], "type": "Polygon"}, "properties": {"BaseHeight": 5.4, "BuildingBlockType": "Tower", "BuildingCSUID": "3534920373T20050430", "BuildingID": 1108232327, "BuildingNameEN": "S.K.H. Kei Wing Primary School", "BuildingNameTC": "聖公會基榮小學", "DateCreate": 1114790400000, "DateStamp": 1667923200000, "GeoRefNo": "3534920373", "OBJECTID": 302013, "Shape__Area": 602.0462226258259, "Shape__Length": 137.13540268068436, "Status": "Active", "Storeys": 7, "StoreysInBasement": null, "TopHeight": 30.3}, "type": "Feature"}, {"geometry": {"coordinates": [[[835383.5032000011, 820372.7391100023], [835386.8669800004, 820369.9282500017], [835375.038040001, 820355.7548100017], [835373.2324300008, 820357.2622900009], [835375.7320100004, 820360.2809700016], [835374.1317700008, 820361.6221700013], [835383.5032000011, 820372.7391100023]]], "type": "Polygon"}, "properties": {"BaseHeight": 5.2, "BuildingBlockType": "Tower", "BuildingCSUID": "3537920364T20050430", "BuildingID": 1108232452, "BuildingNameEN": null, "BuildingNameTC": null, "DateCreate": 1114790400000, "DateStamp": 1667923200000, "GeoRefNo": "3537920364", "OBJECTID": 302014, "Shape__Area": 73.51563091940477, "Shape__Length": 45.74395488360296, "Status": "Active", "Storeys": 9, "StoreysInBasement": null, "TopHeight": 32.5}, "type": "Feature"}, {"geometry": {"coordinates": [[[835374.1317700008, 820361.6221700013], [835372.2168300012, 820363.2271900009], [835369.6452600006, 820360.2595700026], [835367.8422500007, 820361.7623900026], [835369.8873100011, 820364.8995700013], [835379.9180000005, 820375.7350000013], [835383.5032000011, 820372.7391100023], [835374.1317700008, 820361.6221700013]]], "type": "Polygon"}, "properties": {"BaseHeight": 5.2, "BuildingBlockType": "Tower", "BuildingCSUID": "3537520367T20050430", "BuildingID": 1108232432, "BuildingNameEN": null, "BuildingNameTC": null, "DateCreate": 1114790400000, "DateStamp": 1667923200000, "GeoRefNo": "3537520367", "OBJECTID": 302015, "Shape__Area": 83.10221842744568, "Shape__Length": 46.495136497983104, "Status": "Active", "Storeys": 9, "StoreysInBasement": null, "TopHeight": 32.5}, "type": "Feature"}, {"geometry": {"coordinates": [[[835386.8669800004, 820369.9282500017], [835390.227810001, 820367.1198500022], [835380.9078100007, 820355.9459800012], [835379.7164000012, 820356.9438400026], [835377.1836600006, 820353.9634700026], [835375.038040001, 820355.7548100017], [835386.8669800004, 820369.9282500017]]], "type": "Polygon"}, "properties": {"BaseHeight": 5.2, "BuildingBlockType": "Tower", "BuildingCSUID": "3538220360T20050430", "BuildingID": 1108232464, "BuildingNameEN": null, "BuildingNameTC": null, "DateCreate": 1114790400000, "DateStamp": 1667923200000, "GeoRefNo": "3538220360", "OBJECTID": 302016, "Shape__Area": 74.75401468460889, "Shape__Length": 45.651701751092105, "Status": "Active", "Storeys": 9, "StoreysInBasement": null, "TopHeight": 32.5}, "type": "Feature"}, {"geometry": {"coordinates": [[[835390.227810001, 820367.1198500022], [835393.6823000005, 820364.2331900019], [835389.6319200005, 820359.3879500013], [835384.9468500009, 820353.7834500019], [835381.8445000006, 820350.0722800009], [835379.9030100005, 820351.6931800023], [835382.3990300009, 820354.6969800014], [835380.9078100007, 820355.9459800012], [835390.227810001, 820367.1198500022]]], "type": "Polygon"}, "properties": {"BaseHeight": 5.2, "BuildingBlockType": "Tower", "BuildingCSUID": "3538620357T20050430", "BuildingID": 1108232483, "BuildingNameEN": null, "BuildingNameTC": null, "DateCreate": 1114790400000, "DateStamp": 1667923200000, "GeoRefNo": "3538620357", "OBJECTID": 302019, "Shape__Area": 75.29415008728144, "Shape__Length": 45.88929869985276, "Status": "Active", "Storeys": 9, "StoreysInBasement": null, "TopHeight": 32.4}, "type": "Feature"}, {"geometry": {"coordinates": [[[835352.1028400008, 820332.2077700011], [835363.6165400008, 820348.9172300026], [835373.2643800005, 820351.6169700027], [835391.6167900013, 820340.1428500023], [835387.3253300004, 820334.4161100015], [835357.1225100011, 820328.5665700026], [835352.1028400008, 820332.2077700011]]], "type": "Polygon"}, "properties": {"BaseHeight": 20.4, "BuildingBlockType": "Tower", "BuildingCSUID": "3537220339T20050430", "BuildingID": 1108232571, "BuildingNameEN": "Mongkok Exchange", "BuildingNameTC": "旺角機樓", "DateCreate": 1114790400000, "DateStamp": 1667923200000, "GeoRefNo": "3537220339", "OBJECTID": 302020, "Shape__Area": 530.3560769576391, "Shape__Length": 96.07626102670837, "Status": "Active", "Storeys": 14, "StoreysInBasement": null, "TopHeight": 81.2}, "type": "Feature"}, {"geometry": {"coordinates": [[[835396.3949800013, 820336.1726800017], [835387.3253300004, 820334.4161100015], [835357.1225100011, 820328.5665700026], [835348.4344100012, 820326.8839000016], [835352.1028400008, 820332.2077700011], [835363.6165400008, 820348.9172300026], [835369.9661500007, 820358.1322200019], [835386.8602400012, 820344.0950300023], [835391.6167900013, 820340.1428500023], [835396.3949800013, 820336.1726800017]]], "type": "Polygon"}, "properties": {"BaseHeight": 5, "BuildingBlockType": "Podium", "BuildingCSUID": "3537120340P20060311", "BuildingID": 1108246109, "BuildingNameEN": "MONGKOK EXCHANGE", "BuildingNameTC": "MONGKOK EXCHANGE", "DateCreate": 1142006400000, "DateStamp": 1667923200000, "GeoRefNo": "3537120340", "OBJECTID": 302021, "Shape__Area": 649.3417916389641, "Shape__Length": 121.16147166375461, "Status": "Active", "Storeys": 2, "StoreysInBasement": null, "TopHeight": 20.4}, "type": "Feature"}, {"geometry": {"coordinates": [[[835386.8602400012, 820344.0950300023], [835387.7500000009, 820345.1420000009], [835381.8440000005, 820350.0720000025], [835393.6823000005, 820364.2331900019], [835398.5235700011, 820360.1912100017], [835410.2930000005, 820350.3650000021], [835415.9430000009, 820339.8860000018], [835396.3949800013, 820336.1726800017], [835391.6167900013, 820340.1428500023], [835386.8602400012, 820344.0950300023]]], "type": "Polygon"}, "properties": {"BaseHeight": 5.3, "BuildingBlockType": "Podium", "BuildingCSUID": "3539820348P20060311", "BuildingID": 1108246104, "BuildingNameEN": "CARPRIO MANSION", "BuildingNameTC": "嘉業大廈", "DateCreate": 1142006400000, "DateStamp": 1667923200000, "GeoRefNo": "3539820348", "OBJECTID": 302022, "Shape__Area": 515.7951190161195, "Shape__Length": 93.36302586293627, "Status": "Active", "Storeys": 2, "StoreysInBasement": 1, "TopHeight": 13.9}, "type": "Feature"}, {"geometry": {"coordinates": [[[835384.9468500009, 820353.7834500019], [835389.6319200005, 820359.3879500013], [835394.4606300006, 820355.3405800015], [835398.5235700011, 820360.1912100017], [835410.2930000005, 820350.3650000021], [835400.3456800012, 820338.6407500021], [835395.6313300012, 820342.501480002], [835397.7881700005, 820345.0221000016], [835395.6279500006, 820346.8098700009], [835394.6347500011, 820345.6676800009], [835384.9468500009, 820353.7834500019]]], "type": "Polygon"}, "properties": {"BaseHeight": 13.9, "BuildingBlockType": "Tower", "BuildingCSUID": "3539720348T20050430", "BuildingID": 1109261336, "BuildingNameEN": "Carprio Mansion", "BuildingNameTC": "嘉業大廈", "DateCreate": 1114790400000, "DateStamp": 1667923200000, "GeoRefNo": "3539720348", "OBJECTID": 302023, "Shape__Area": 260.9816412934574, "Shape__Length": 77.00715262390243, "Status": "Active", "Storeys": 12, "StoreysInBasement": 1, "TopHeight": 48.7}, "type": "Feature"}, {"geometry": {"coordinates": [[[835455.8045800012, 820314.6760900021], [835453.2860800009, 820328.4985200018], [835471.234290001, 820331.895010002], [835472.6685200008, 820324.3639100026], [835468.9849700006, 820323.6610800009], [835470.2003200008, 820317.3062600009], [835469.4307400007, 820317.1656500027], [835457.0243900008, 820314.8989500012], [835455.8045800012, 820314.6760900021]]], "type": "Polygon"}, "properties": {"BaseHeight": 5.4, "BuildingBlockType": "Tower", "BuildingCSUID": "3546120325T20050430", "BuildingID": 1108232710, "BuildingNameEN": "Mascot House", "BuildingNameTC": "有成大廈", "DateCreate": 1114790400000, "DateStamp": 1676217600000, "GeoRefNo": "3546120325", "OBJECTID": 305068, "Shape__Area": 234.19323356082234, "Shape__Length": 64.83723961825976, "Status": "Active", "Storeys": 17, "StoreysInBasement": null, "TopHeight": 58}, "type": "Feature"}, {"geometry": {"coordinates": [[[835476.5391400009, 820304.2091000024], [835476.899170001, 820302.258200001], [835475.1522000004, 820301.9169000015], [835475.6271300009, 820299.4522400014], [835474.3610700006, 820299.2049000021], [835459.3891400006, 820296.2798900027], [835458.5142100006, 820300.7583000027], [835468.739980001, 820302.7159800027], [835476.5391400009, 820304.2091000024]]], "type": "Polygon"}, "properties": {"BaseHeight": 5.3, "BuildingBlockType": "Tower", "BuildingCSUID": "3546820301T20050430", "BuildingID": 1108232915, "BuildingNameEN": "Lee Wah Building", "BuildingNameTC": "利華大廈", "DateCreate": 1114790400000, "DateStamp": 1676217600000, "GeoRefNo": "3546820301", "OBJECTID": 305070, "Shape__Area": 78.55740709090865, "Shape__Length": 45.73416819708616, "Status": "Active", "Storeys": 17, "StoreysInBasement": null, "TopHeight": 55.8}, "type": "Feature"}, {"geometry": {"coordinates": [[[835458.5142100006, 820300.7583000027], [835456.770440001, 820309.7148900013], [835455.8045800012, 820314.6760900021], [835457.0243900008, 820314.8989500012], [835469.4307400007, 820317.1656500027], [835470.2003200008, 820317.3062600009], [835473.8892600005, 820317.9802400023], [835476.5391400009, 820304.2091000024], [835468.739980001, 820302.7159800027], [835458.5142100006, 820300.7583000027]]], "type": "Polygon"}, "properties": {"BaseHeight": 5.3, "BuildingBlockType": "Podium", "BuildingCSUID": "3546620309P20230213", "BuildingID": 1910229026, "BuildingNameEN": null, "BuildingNameTC": null, "DateCreate": 1676217600000, "DateStamp": 1676217600000, "GeoRefNo": "3546620309", "OBJECTID": 305071, "Shape__Area": 259.0101201062138, "Shape__Length": 64.93919663834212, "Status": "Active", "Storeys": null, "StoreysInBasement": null, "TopHeight": 20.3}, "type": "Feature"}, {"geometry": {"coordinates": [[[835457.0243900008, 820314.8989500012], [835469.4307400007, 820317.1656500027], [835470.5954900011, 820311.0903100017], [835469.9410500005, 820310.1511500012], [835467.4076400008, 820309.6654500011], [835468.739980001, 820302.7159800027], [835458.5142100006, 820300.7583000027], [835456.770440001, 820309.7148900013], [835457.9875100004, 820309.9518300015], [835457.0243900008, 820314.8989500012]]], "type": "Polygon"}, "properties": {"BaseHeight": 20.3, "BuildingBlockType": "Tower", "BuildingCSUID": "3546320309T20230213", "BuildingID": 1910229027, "BuildingNameEN": null, "BuildingNameTC": null, "DateCreate": 1676217600000, "DateStamp": 1676217600000, "GeoRefNo": "3546320309", "OBJECTID": 305072, "Shape__Area": 164.65934466342847, "Shape__Length": 55.41413191591223, "Status": "Active", "Storeys": null, "StoreysInBasement": null, "TopHeight": 98.5}, "type": "Feature"}, {"geometry": {"coordinates": [[[835497.9243800007, 820305.869570002], [835503.3620000007, 820277.529000001], [835487.3170000007, 820274.495000001], [835483.6970000006, 820294.5050000027], [835481.499330001, 820294.0448200013], [835479.8760000011, 820302.4980000015], [835481.8060000008, 820302.8550000023], [835485.7252300009, 820303.5880000014], [835495.7646400006, 820305.465640001], [835497.9243800007, 820305.869570002]]], "type": "Polygon"}, "properties": {"BaseHeight": 5.6, "BuildingBlockType": "Tower", "BuildingCSUID": "3549220287T20050430", "BuildingID": 1108232907, "BuildingNameEN": "TWGHs Chi-li Pao School", "BuildingNameTC": "東華三院包玉星學校", "DateCreate": 1114790400000, "DateStamp": 1693929600000, "GeoRefNo": "3549220287", "OBJECTID": 312667, "Shape__Area": 486.7278562912484, "Shape__Length": 94.73522235958065, "Status": "Active", "Storeys": 5, "StoreysInBasement": null, "TopHeight": 22.5}, "type": "Feature"}, {"geometry": {"coordinates": [[[835416.3156000013, 820327.3384900019], [835418.9641600009, 820327.8630700018], [835419.4795100009, 820325.2082700022], [835416.8295600004, 820324.6921700016], [835416.3156000013, 820327.3384900019]]], "type": "Polygon"}, "properties": {"BaseHeight": 4.8, "BuildingBlockType": "Tower", "BuildingCSUID": "3541820326T20160205", "BuildingID": 1810148976, "BuildingNameEN": null, "BuildingNameTC": null, "DateCreate": 1454601600000, "DateStamp": 1684944000000, "GeoRefNo": "3541820326", "OBJECTID": 340834, "Shape__Area": 7.2898049155274345, "Shape__Length": 10.799874922937764, "Status": "Active", "Storeys": null, "StoreysInBasement": null, "TopHeight": 9.8}, "type": "Feature"}, {"geometry": {"coordinates": [[[835454.6331800008, 820334.7916800026], [835457.2836300004, 820335.3065800015], [835457.7985300012, 820332.656130001], [835455.1480800007, 820332.141230002], [835454.6331800008, 820334.7916800026]]], "type": "Polygon"}, "properties": {"BaseHeight": 5.4, "BuildingBlockType": "Tower", "BuildingCSUID": "3545620334T20160129", "BuildingID": 1810148960, "BuildingNameEN": null, "BuildingNameTC": null, "DateCreate": 1453996800000, "DateStamp": 1684944000000, "GeoRefNo": "3545620334", "OBJECTID": 340836, "Shape__Area": 7.29000721371511, "Shape__Length": 10.800005343491351, "Status": "Active", "Storeys": null, "StoreysInBasement": null, "TopHeight": 10.5}, "type": "Feature"}], "type": "FeatureCollection"}
