{"crs": {"properties": {"name": "urn:ogc:def:crs:EPSG::2326"}, "type": "name"}, "features": [{"geometry": {"coordinates": [[[833738.781320001, 816327.7324100025], [833734.809510001, 816312.7129100021], [833728.1236800011, 816314.6179600023], [833729.7192600006, 816320.3692400027], [833727.3270000005, 816321.0835800022], [833729.5503100008, 816329.503750002], [833729.745360001, 816330.2661500014], [833738.781320001, 816327.7324100025]]], "type": "Polygon"}, "properties": {"BaseHeight": 3.7, "BuildingBlockType": "Tower", "BuildingCSUID": "3373216321T20050430", "BuildingID": 1103122547, "BuildingNameEN": "The Strand", "BuildingNameTC": "慶豐商業大廈", "DateCreate": 1114790400000, "DateStamp": 1599580800000, "GeoRefNo": "3373216321", "OBJECTID": 1284, "Shape__Area": 130.74519013920474, "Shape__Length": 49.83306034877118, "Status": "Active", "Storeys": 20, "StoreysInBasement": null, "TopHeight": 75.5}, "type": "Feature"}, {"geometry": {"coordinates": [[[833517.2548600007, 816470.7896600012], [833519.6559000006, 816479.7088600025], [833521.1495700004, 816479.264560001], [833528.8351000007, 816507.9295300022], [833527.3660300011, 816508.3493800014], [833529.8561400007, 816517.5994800013], [833555.1627700012, 816510.8000300024], [833552.6968400013, 816501.5744700022], [833551.2769800005, 816501.9678600021], [833543.5907400008, 816473.2267200015], [833545.0113100009, 816472.9095300026], [833542.5977300005, 816463.861320002], [833517.2408100013, 816470.7374500018], [833517.2548600007, 816470.7896600012]]], "type": "Polygon"}, "properties": {"BaseHeight": 3.4, "BuildingBlockType": "Tower", "BuildingCSUID": "3353216474T20050430", "BuildingID": 1103121354, "BuildingNameEN": "Western Market", "BuildingNameTC": "西港城", "DateCreate": 1114790400000, "DateStamp": 1579708800000, "GeoRefNo": "3353216474", "OBJECTID": 1306, "Shape__Area": 1184.8004419162621, "Shape__Length": 155.7047722100771, "Status": "Active", "Storeys": null, "StoreysInBasement": null, "TopHeight": 20.8}, "type": "Feature"}, {"geometry": {"coordinates": [[[833753.3489200007, 816251.3639100026], [833744.6698900005, 816246.9176300019], [833743.0042600008, 816261.6112000011], [833742.3630700009, 816266.244880002], [833745.092720001, 816267.5460600015], [833746.5465600006, 816264.8881200012], [833753.3489200007, 816251.3639100026]]], "type": "Polygon"}, "properties": {"BaseHeight": 3.7, "BuildingBlockType": "Tower", "BuildingCSUID": "3374716253T20050430", "BuildingID": 1103123055, "BuildingNameEN": null, "BuildingNameTC": null, "DateCreate": 1114790400000, "DateStamp": 1599580800000, "GeoRefNo": "3374716253", "OBJECTID": 1347, "Shape__Area": 116.395678625431, "Shape__Length": 50.40922835939452, "Status": "Active", "Storeys": 6, "StoreysInBasement": null, "TopHeight": 28}, "type": "Feature"}, {"geometry": {"coordinates": [[[833594.4774000011, 816359.154480001], [833596.4764500009, 816366.9352900013], [833608.009920001, 816364.0651900023], [833604.7045000009, 816351.1433400027], [833600.2992800009, 816352.2003000025], [833595.9524400011, 816353.2663200013], [833594.1116900006, 816353.7128300015], [833595.4492200008, 816358.9187600017], [833594.4774000011, 816359.154480001]]], "type": "Polygon"}, "properties": {"BaseHeight": 8.1, "BuildingBlockType": "Tower", "BuildingCSUID": "3360116359T20120116", "BuildingID": 1810077807, "BuildingNameEN": "99 Bonham", "BuildingNameTC": null, "DateCreate": 1326643200000, "DateStamp": 1599580800000, "GeoRefNo": "3360116359", "OBJECTID": 2665, "Shape__Area": 153.70980668640513, "Shape__Length": 50.53166846465605, "Status": "Active", "Storeys": 30, "StoreysInBasement": null, "TopHeight": 107.9}, "type": "Feature"}, {"geometry": {"coordinates": [[[833700.0231300006, 816380.5742300022], [833696.2460000012, 816366.1210000012], [833691.8033200009, 816367.3913400024], [833695.7279100008, 816381.7174500022], [833700.0231300006, 816380.5742300022]]], "type": "Polygon"}, "properties": {"BaseHeight": 3, "BuildingBlockType": "Tower", "BuildingCSUID": "3369516374T20050430", "BuildingID": 1103122182, "BuildingNameEN": null, "BuildingNameTC": "開僑樓", "DateCreate": 1114790400000, "DateStamp": 1599580800000, "GeoRefNo": "3369516374", "OBJECTID": 7310, "Shape__Area": 67.51488958142673, "Shape__Length": 38.858066633251426, "Status": "Active", "Storeys": 6, "StoreysInBasement": null, "TopHeight": 27.2}, "type": "Feature"}, {"geometry": {"coordinates": [[[833670.1659400007, 816293.020940002], [833676.614790001, 816303.3237700015], [833677.760400001, 816302.6406300012], [833679.1665200004, 816290.6026400011], [833677.6300300006, 816288.3645500019], [833670.1659400007, 816293.020940002]]], "type": "Polygon"}, "properties": {"BaseHeight": 3, "BuildingBlockType": "Tower", "BuildingCSUID": "3367516296T20050430", "BuildingID": 1103122748, "BuildingNameEN": null, "BuildingNameTC": null, "DateCreate": 1114790400000, "DateStamp": 1599580800000, "GeoRefNo": "3367516296", "OBJECTID": 7373, "Shape__Area": 72.50838317781586, "Shape__Length": 37.12049974935946, "Status": "Active", "Storeys": 6, "StoreysInBasement": null, "TopHeight": 23.2}, "type": "Feature"}, {"geometry": {"coordinates": [[[833682.0820200006, 816293.2262900025], [833690.5029300004, 816293.5324700009], [833691.0505300006, 816289.5494600013], [833682.6036300007, 816289.0656000022], [833682.0820200006, 816293.2262900025]]], "type": "Polygon"}, "properties": {"BaseHeight": 3, "BuildingBlockType": "Tower", "BuildingCSUID": "3368816292T20050430", "BuildingID": 1103122826, "BuildingNameEN": null, "BuildingNameTC": null, "DateCreate": 1114790400000, "DateStamp": 1599580800000, "GeoRefNo": "3368816292", "OBJECTID": 7374, "Shape__Area": 34.552775739792416, "Shape__Length": 25.100957012981592, "Status": "Active", "Storeys": 4, "StoreysInBasement": null, "TopHeight": 23}, "type": "Feature"}, {"geometry": {"coordinates": [[[833706.9350100011, 816298.3600800019], [833707.3335700007, 816296.1806100011], [833707.9070700007, 816296.2656400017], [833711.4387800004, 816296.7892900016], [833711.7740000011, 816294.695960002], [833700.0370200006, 816292.8164200019], [833699.343940001, 816297.1444700025], [833706.6408900004, 816298.3129800018], [833706.9350100011, 816298.3600800019]]], "type": "Polygon"}, "properties": {"BaseHeight": 3, "BuildingBlockType": "Tower", "BuildingCSUID": "3370016296T20050430", "BuildingID": 1103122783, "BuildingNameEN": null, "BuildingNameTC": null, "DateCreate": 1114790400000, "DateStamp": 1599580800000, "GeoRefNo": "3370016296", "OBJECTID": 7375, "Shape__Area": 42.754673424051454, "Shape__Length": 32.443201493993385, "Status": "Active", "Storeys": 5, "StoreysInBasement": null, "TopHeight": 23.6}, "type": "Feature"}, {"geometry": {"coordinates": [[[833584.594130001, 816406.5685100015], [833592.7076700004, 816404.7683300022], [833590.7046000008, 816396.4974600021], [833583.0738700004, 816398.2010800019], [833578.6963000009, 816399.1618000027], [833580.5741500007, 816408.4845600016], [833584.8198700007, 816407.542700002], [833584.594130001, 816406.5685100015]]], "type": "Polygon"}, "properties": {"BaseHeight": 3.2, "BuildingBlockType": "Podium", "BuildingCSUID": "3358516404P20060312", "BuildingID": 1103117116, "BuildingNameEN": "WAH KIT COMMERCIAL CENTRE", "BuildingNameTC": "華傑商業中心", "DateCreate": 1142092800000, "DateStamp": 1599580800000, "GeoRefNo": "3358516404", "OBJECTID": 7803, "Shape__Area": 110.33256850062548, "Shape__Length": 43.98010102340024, "Status": "Active", "Storeys": 2, "StoreysInBasement": 1, "TopHeight": 20.3}, "type": "Feature"}, {"geometry": {"coordinates": [[[833589.2273400007, 816426.5636400022], [833597.4995100005, 816424.554320002], [833594.3484700006, 816411.5433800016], [833593.9021000005, 816409.7002600022], [833592.7076700004, 816404.7683300022], [833584.594130001, 816406.5685100015], [833584.8198700007, 816407.542700002], [833580.5741500007, 816408.4845600016], [833580.9493300011, 816410.3471500017], [833581.390230001, 816412.5360500012], [833585.7480500005, 816411.5483600013], [833587.1881800005, 816417.763410002], [833589.2273400007, 816426.5636400022]]], "type": "Polygon"}, "properties": {"BaseHeight": 3.7, "BuildingBlockType": "Tower", "BuildingCSUID": "3359216424T20050430", "BuildingID": 1103121883, "BuildingNameEN": "Wah Kit Commercial Centre", "BuildingNameTC": "華傑商業中心", "DateCreate": 1114790400000, "DateStamp": 1428508800000, "GeoRefNo": "3359216424", "OBJECTID": 7805, "Shape__Area": 190.10796622598752, "Shape__Length": 66.54479004545809, "Status": "Active", "Storeys": null, "StoreysInBasement": null, "TopHeight": 71.8}, "type": "Feature"}, {"geometry": {"coordinates": [[[833602.2838600008, 816423.505140001], [833625.1400000006, 816417.5340000018], [833626.614000001, 816413.8790000025], [833623.839300001, 816403.2513300013], [833598.7147100009, 816409.837820001], [833598.8529200004, 816410.3670700025], [833602.2838600008, 816423.505140001]]], "type": "Polygon"}, "properties": {"BaseHeight": 3.7, "BuildingBlockType": "Tower", "BuildingCSUID": "3361116418T20050430", "BuildingID": 1103121909, "BuildingNameEN": "Eton Building", "BuildingNameTC": "易通商業大廈", "DateCreate": 1114790400000, "DateStamp": 1599580800000, "GeoRefNo": "3361116418", "OBJECTID": 7806, "Shape__Area": 363.45703775835307, "Shape__Length": 78.6474313209489, "Status": "Active", "Storeys": 20, "StoreysInBasement": null, "TopHeight": 79.4}, "type": "Feature"}, {"geometry": {"coordinates": [[[833890.3924500011, 816253.4217700027], [833891.5751500009, 816252.6599600017], [833903.4821700007, 816244.990290001], [833898.7685500011, 816238.1302700024], [833885.5208900012, 816246.3813200016], [833887.200100001, 816248.8081500027], [833888.9629900008, 816247.6130000018], [833890.5391800012, 816249.8994300012], [833888.8003900005, 816251.1209000014], [833890.3924500011, 816253.4217700027]]], "type": "Polygon"}, "properties": {"BaseHeight": 5.4, "BuildingBlockType": "Tower", "BuildingCSUID": "3389916240T20050430", "BuildingID": 1103123146, "BuildingNameEN": "Kam Bong Bldg", "BuildingNameTC": "錦邦大廈", "DateCreate": 1114790400000, "DateStamp": 1599580800000, "GeoRefNo": "3389916240", "OBJECTID": 8145, "Shape__Area": 125.55648454327715, "Shape__Length": 52.281550633339165, "Status": "Active", "Storeys": 10, "StoreysInBasement": null, "TopHeight": 37.9}, "type": "Feature"}, {"geometry": {"coordinates": [[[833597.4995100005, 816424.554320002], [833602.2838600008, 816423.505140001], [833598.8529200004, 816410.3670700025], [833594.3484700006, 816411.5433800016], [833597.4995100005, 816424.554320002]]], "type": "Polygon"}, "properties": {"BaseHeight": 3.7, "BuildingBlockType": "Tower", "BuildingCSUID": "3359716420T20050430", "BuildingID": 1103121901, "BuildingNameEN": "Chun Yin House", "BuildingNameTC": "珍賢樓", "DateCreate": 1114790400000, "DateStamp": 1599580800000, "GeoRefNo": "3359716420", "OBJECTID": 8211, "Shape__Area": 64.38526368866212, "Shape__Length": 36.51928608388032, "Status": "Active", "Storeys": 6, "StoreysInBasement": null, "TopHeight": 75.7}, "type": "Feature"}, {"geometry": {"coordinates": [[[833589.2273400007, 816426.5636400022], [833587.1881800005, 816417.763410002], [833585.3723300006, 816418.1504600011], [833584.4925800012, 816414.0231800023], [833578.9598500011, 816415.2025100011], [833579.8396000005, 816419.3297900017], [833578.4703600006, 816419.621650001], [833580.4316000007, 816428.8327300027], [833589.2273400007, 816426.5636400022]]], "type": "Polygon"}, "properties": {"BaseHeight": 3.7, "BuildingBlockType": "Tower", "BuildingCSUID": "3358116427T20050430", "BuildingID": 1103121871, "BuildingNameEN": "Yue's House", "BuildingNameTC": "余氏大廈", "DateCreate": 1114790400000, "DateStamp": 1599580800000, "GeoRefNo": "3358116427", "OBJECTID": 8212, "Shape__Area": 106.86094859218692, "Shape__Length": 44.88833328743663, "Status": "Active", "Storeys": 12, "StoreysInBasement": null, "TopHeight": 47.1}, "type": "Feature"}, {"geometry": {"coordinates": [[[833949.993040001, 816267.6244900022], [833957.5941400006, 816262.7318400014], [833948.7371700006, 816250.3844300024], [833941.4363600006, 816255.2038300019], [833949.993040001, 816267.6244900022]]], "type": "Polygon"}, "properties": {"BaseHeight": 3.4, "BuildingBlockType": "Tower", "BuildingCSUID": "3395116255T20050430", "BuildingID": 1103123059, "BuildingNameEN": "Tin Chak Building", "BuildingNameTC": "天澤行", "DateCreate": 1114790400000, "DateStamp": 1599580800000, "GeoRefNo": "3395116255", "OBJECTID": 8327, "Shape__Area": 134.55344737065528, "Shape__Length": 48.06597232254282, "Status": "Active", "Storeys": 6, "StoreysInBasement": null, "TopHeight": 27}, "type": "Feature"}, {"geometry": {"coordinates": [[[833925.0539600011, 816262.5629600026], [833938.3688600007, 816253.5160000026], [833928.2153600007, 816238.7373500019], [833914.8759600008, 816247.6968100015], [833925.0539600011, 816262.5629600026]]], "type": "Polygon"}, "properties": {"BaseHeight": 4, "BuildingBlockType": "Tower", "BuildingCSUID": "3392116251T20050430", "BuildingID": 1103123081, "BuildingNameEN": "Shing Hing Comm Bldg", "BuildingNameTC": "誠興商業大廈", "DateCreate": 1114790400000, "DateStamp": 1599580800000, "GeoRefNo": "3392116251", "OBJECTID": 8329, "Shape__Area": 289.0647302251655, "Shape__Length": 68.11357598555443, "Status": "Active", "Storeys": 16, "StoreysInBasement": null, "TopHeight": 65.8}, "type": "Feature"}, {"geometry": {"coordinates": [[[834037.4834800009, 816382.951270001], [834035.006860001, 816384.5448100027], [834032.7679000013, 816380.9766200017], [833981.6317500006, 816413.712030001], [833983.7575100008, 816417.1056200024], [833981.2195800012, 816418.6953900009], [833989.7463300005, 816432.2803300023], [833992.2362900004, 816430.717480002], [833994.8162700012, 816434.879040001], [833992.3464900004, 816436.4258500021], [833996.2761100009, 816442.7002500016], [834029.9983100006, 816421.1791500021], [834052.6551700011, 816406.847240001], [834048.7605000008, 816400.7130000014], [834046.1939700004, 816402.3734300025], [834041.4509800011, 816394.814650001], [834043.9626800008, 816393.1562500019], [834037.4834800009, 816382.951270001]]], "type": "Polygon"}, "properties": {"BaseHeight": 3.5, "BuildingBlockType": "Tower", "BuildingCSUID": "3401516413T20050430", "BuildingID": 1103121781, "BuildingNameEN": "Harbour Building", "BuildingNameTC": "海港政府大樓", "DateCreate": 1114790400000, "DateStamp": 1786982400000, "GeoRefNo": "3401516413", "OBJECTID": 9578, "Shape__Area": 2094.6194728250252, "Shape__Length": 210.22433026059792, "Status": "Active", "Storeys": 28, "StoreysInBasement": null, "TopHeight": 96}, "type": "Feature"}, {"geometry": {"coordinates": [[[833420.7107400009, 816431.1892800014], [833421.4194600005, 816430.5998900011], [833421.7373800008, 816431.0019600019], [833427.3850600012, 816426.2332200017], [833427.0484500006, 816425.8311500009], [833427.6889300011, 816425.241580002], [833415.9570200006, 816411.3434800021], [833413.4806700004, 816408.4099900015], [833412.7742100004, 816409.0238500014], [833412.462700001, 816408.6455900017], [833406.8332800008, 816413.4183600023], [833407.1336700004, 816413.7854900025], [833406.435800001, 816414.3672800027], [833420.7107400009, 816431.1892800014]]], "type": "Polygon"}, "properties": {"BaseHeight": 18.2, "BuildingBlockType": "Tower", "BuildingCSUID": "3341716420T20200709", "BuildingID": 1810200124, "BuildingNameEN": "iclub Sheung Wan II Hotel", "BuildingNameTC": "富薈上環ＩＩ酒店", "DateCreate": 1594224000000, "DateStamp": 1599580800000, "GeoRefNo": "3341716420", "OBJECTID": 17031, "Shape__Area": 210.24619607614068, "Shape__Length": 64.49937822231956, "Status": "Active", "Storeys": 28, "StoreysInBasement": null, "TopHeight": 110.5}, "type": "Feature"}, {"geometry": {"coordinates": [[[833432.9953200007, 816665.1914800014], [833437.2114100009, 816664.0373800024], [833436.7322000004, 816662.041120002], [833441.0829000007, 816660.8376800027], [833440.5358700007, 816658.8345500026], [833442.2613100009, 816658.3412800021], [833443.1960000005, 816661.7142600026], [833449.2350000013, 816660.0004700013], [833449.6752200006, 816659.8031700011], [833449.887790001, 816659.6639600024], [833450.083850001, 816659.5024000015], [833450.2610800005, 816659.3203600012], [833450.4174600011, 816659.120120002], [833450.5509700011, 816658.9040300027], [833450.6600700011, 816658.6746500023], [833450.7435100004, 816658.4347200021], [833450.8001500005, 816658.1871900018], [833450.873180001, 816657.6923100017], [833450.8622000013, 816657.4386300016], [833450.8189500012, 816657.1884900015], [833450.7441300005, 816656.9458400011], [833450.6390200006, 816656.7147700023], [833449.156130001, 816650.8555900026], [833445.7811500011, 816651.7654600013], [833445.3130900012, 816649.9646700025], [833447.2165900012, 816649.4957000017], [833441.2898600008, 816626.9481400009], [833437.1794800004, 816628.1419900022], [833436.9459000006, 816627.3050800022], [833436.7556100013, 816626.8529300019], [833436.625070001, 816626.6350900009], [833436.4741500011, 816626.4308400024], [833436.3042100007, 816626.2420600019], [833436.0426100008, 816626.0138900019], [833435.8211500011, 816625.890060002], [833435.581290001, 816625.8068500012], [833435.3307000007, 816625.7666900009], [833435.0768700009, 816625.7708900012], [833434.8276400007, 816625.819310002], [833431.8839300005, 816626.5994900018], [833431.4500900004, 816626.7381600011], [833431.2674800009, 816626.913350001], [833431.0289500011, 816627.394220002], [833430.9569700006, 816627.6377300024], [833430.9209100008, 816627.889010001], [833430.9215100007, 816628.1428500023], [833430.9586600009, 816628.3939500023], [833431.2659800006, 816629.5755700022], [833428.733620001, 816630.2701800019], [833427.002940001, 816630.7449200023], [833431.6790700005, 816648.0669800024], [833415.0842900006, 816652.7416800018], [833415.4872500012, 816654.2666100021], [833416.1499900008, 816656.7743700016], [833414.5764200008, 816657.1650800016], [833414.2422100008, 816657.2956500016], [833414.0359900007, 816657.4435600024], [833413.8646100005, 816657.6306000017], [833413.7351800008, 816657.8488500025], [833413.6533900006, 816658.0889700018], [833413.6227600006, 816658.3407600019], [833413.6444000006, 816658.5934100021], [833414.6052900013, 816662.0932600014], [833414.7913600011, 816662.4320300017], [833414.9666100005, 816662.6154000014], [833415.1755800005, 816662.7591200024], [833415.4096000008, 816662.8570900019], [833415.6586800013, 816662.9051600024], [833415.9124200009, 816662.9013500027], [833417.5557400007, 816662.4815900009], [833418.7260100013, 816667.0216400027], [833423.1291900007, 816665.8037400022], [833423.635590001, 816667.753560001], [833427.6731400006, 816666.6483500022], [833432.9953200007, 816665.1914800014]]], "type": "Polygon"}, "properties": {"BaseHeight": 4.5, "BuildingBlockType": "Tower", "BuildingCSUID": "3343716647T20050430", "BuildingID": 1103120756, "BuildingNameEN": "Central Police Station", "BuildingNameTC": "中區警署", "DateCreate": 1114790400000, "DateStamp": 1375286400000, "GeoRefNo": "3343716647", "OBJECTID": 23028, "Shape__Area": 810.2076931111801, "Shape__Length": 155.06868618621493, "Status": "Active", "Storeys": null, "StoreysInBasement": null, "TopHeight": 33.8}, "type": "Feature"}, {"geometry": {"coordinates": [[[833331.0415500011, 816570.6985000018], [833343.0618100008, 816567.4916100018], [833339.1505500004, 816552.8771400023], [833336.6880500009, 816543.6759700011], [833334.083300001, 816537.1290200017], [833327.4165700013, 816542.7845400013], [833329.3053900013, 816547.1360800024], [833330.672410001, 816552.3891000021], [833326.6613800004, 816553.5743200015], [833331.0415500011, 816570.6985000018]]], "type": "Polygon"}, "properties": {"BaseHeight": 3.4, "BuildingBlockType": "Tower", "BuildingCSUID": "3333316564T20050430", "BuildingID": 1103121055, "BuildingNameEN": "Goldfield Building", "BuildingNameTC": "高富大廈", "DateCreate": 1114790400000, "DateStamp": 1599580800000, "GeoRefNo": "3333316564", "OBJECTID": 23103, "Shape__Area": 317.2485070216674, "Shape__Length": 84.91275259405387, "Status": "Active", "Storeys": 13, "StoreysInBasement": null, "TopHeight": 43}, "type": "Feature"}, {"geometry": {"coordinates": [[[833343.0618100008, 816567.4916100018], [833351.0885100011, 816565.3501700014], [833348.9714000011, 816557.8147200011], [833347.3536500009, 816552.056640001], [833345.1346700005, 816552.6596100014], [833344.2333000004, 816549.5640200023], [833342.5965800006, 816550.0198400021], [833343.1235600011, 816551.7788000014], [833339.1505500004, 816552.8771400023], [833343.0618100008, 816567.4916100018]]], "type": "Polygon"}, "properties": {"BaseHeight": 3.4, "BuildingBlockType": "Tower", "BuildingCSUID": "3334416565T20050430", "BuildingID": 1103121071, "BuildingNameEN": "Tung Kwong Building", "BuildingNameTC": "東江大廈", "DateCreate": 1114790400000, "DateStamp": 1599580800000, "GeoRefNo": "3334416565", "OBJECTID": 23104, "Shape__Area": 124.46392887469415, "Shape__Length": 50.425316808534276, "Status": "Active", "Storeys": 13, "StoreysInBasement": null, "TopHeight": 46.8}, "type": "Feature"}, {"geometry": {"coordinates": [[[833614.0892800009, 816246.5999200027], [833617.4173300005, 816251.4021200016], [833619.6754700011, 816254.6605000012], [833621.2944800006, 816256.9966400024], [833623.0240000011, 816255.8690000027], [833627.1947100004, 816262.2220900021], [833630.5048200004, 816267.264270002], [833639.6525100004, 816261.1807700023], [833639.733190001, 816260.4816000015], [833628.4982500011, 816243.9323300011], [833625.3404300008, 816239.2824300025], [833624.0280000009, 816239.751000002], [833614.1690000007, 816246.5450000018], [833614.0892800009, 816246.5999200027]]], "type": "Polygon"}, "properties": {"BaseHeight": 3.1, "BuildingBlockType": "Podium", "BuildingCSUID": "3362716252P20060312", "BuildingID": 1103117313, "BuildingNameEN": "FU FAI COMMERCIAL CENTRE", "BuildingNameTC": "富輝商業中心", "DateCreate": 1142092800000, "DateStamp": 1599580800000, "GeoRefNo": "3362716252", "OBJECTID": 26763, "Shape__Area": 324.88058062784387, "Shape__Length": 79.12206119355882, "Status": "Active", "Storeys": 2, "StoreysInBasement": null, "TopHeight": 10.1}, "type": "Feature"}, {"geometry": {"coordinates": [[[833316.9829300009, 816574.449260002], [833331.0415500011, 816570.6985000018], [833326.6613800004, 816553.5743200015], [833330.672410001, 816552.3891000021], [833329.3053900013, 816547.1360800024], [833327.4165700013, 816542.7845400013], [833327.1260000011, 816542.1150000021], [833311.5975100007, 816555.4910900015], [833311.9661600012, 816556.788900001], [833312.7961700009, 816559.7107500024], [833315.0915800007, 816567.8600700013], [833316.8574300008, 816574.0074700024], [833316.9829300009, 816574.449260002]]], "type": "Polygon"}, "properties": {"BaseHeight": 3.4, "BuildingBlockType": "Tower", "BuildingCSUID": "3332116571T20050430", "BuildingID": 1103121033, "BuildingNameEN": "Kai Fat Building", "BuildingNameTC": "啓發大廈", "DateCreate": 1114790400000, "DateStamp": 1599580800000, "GeoRefNo": "3332116571", "OBJECTID": 28864, "Shape__Area": 387.54284761898333, "Shape__Length": 87.51349144343347, "Status": "Active", "Storeys": 17, "StoreysInBasement": null, "TopHeight": 56.4}, "type": "Feature"}, {"geometry": {"coordinates": [[[833633.1169900009, 816265.503800001], [833639.6526000006, 816261.1795800012], [833639.733190001, 816260.4816000015], [833628.4915000005, 816243.9303300027], [833627.4717000006, 816243.8705400024], [833619.634610001, 816249.2901200019], [833619.5366600007, 816250.7145900019], [833623.0244300012, 816255.8689600024], [833627.1947100004, 816262.2220900021], [833629.7690100009, 816260.5927000027], [833633.1169900009, 816265.503800001]]], "type": "Polygon"}, "properties": {"BaseHeight": 10.1, "BuildingBlockType": "Tower", "BuildingCSUID": "3363216253T20050430", "BuildingID": 1103123070, "BuildingNameEN": "Fu Fai Commercial Centre", "BuildingNameTC": "富輝商業中心", "DateCreate": 1114790400000, "DateStamp": 1599580800000, "GeoRefNo": "3363216253", "OBJECTID": 29385, "Shape__Area": 218.54517548693144, "Shape__Length": 63.33856129042751, "Status": "Active", "Storeys": 23, "StoreysInBasement": null, "TopHeight": 85.1}, "type": "Feature"}, {"geometry": {"coordinates": [[[833940.8775900006, 816453.1558300015], [833938.4400000004, 816449.2800000012], [833934.3918500012, 816442.8139400017], [833933.0846200008, 816440.7259400021], [833931.8100000005, 816438.6900000013], [833922.2938900013, 816444.3916500024], [833923.1102600005, 816445.7541700024], [833926.1837300006, 816450.790740002], [833928.7800000012, 816458.7100000009], [833928.7300000004, 816460.0700000022], [833929.0500000007, 816460.5700000022], [833933.3600000013, 816462.5200000014], [833943.4978500009, 816463.6930100024], [833950.7941800011, 816464.5372400023], [833951.492060001, 816458.5705600027], [833944.2200000007, 816457.7200000025], [833943.0500000007, 816456.6100000013], [833940.8775900006, 816453.1558300015]]], "type": "Polygon"}, "properties": {"BaseHeight": 4.1, "BuildingBlockType": "Tower", "BuildingCSUID": "3393416454T20050430", "BuildingID": 1103121667, "BuildingNameEN": "Man Kat Street Refuse Collection Point", "BuildingNameTC": "民吉街垃圾收集站", "DateCreate": 1114790400000, "DateStamp": 1789833600000, "GeoRefNo": "3393416454", "OBJECTID": 32764, "Shape__Area": 338.7022555043019, "Shape__Length": 87.24685883537222, "Status": "Active", "Storeys": 2, "StoreysInBasement": null, "TopHeight": 13.3}, "type": "Feature"}, {"geometry": {"coordinates": [[[833330.4644000009, 816246.6836200021], [833313.4048100011, 816260.3299600016], [833318.0632000007, 816265.5833900012], [833324.2088000011, 816268.6869200021], [833337.813480001, 816271.6363500021], [833344.2991200006, 816271.8795700017], [833350.7444400005, 816270.6015700027], [833330.4644000009, 816246.6836200021]]], "type": "Polygon"}, "properties": {"BaseHeight": 18, "BuildingBlockType": "Tower", "BuildingCSUID": "3332816268T20050430", "BuildingID": 1103123029, "BuildingNameEN": "Hollywood Building", "BuildingNameTC": "荷李活大樓", "DateCreate": 1114790400000, "DateStamp": 1599580800000, "GeoRefNo": "3332816268", "OBJECTID": 43247, "Shape__Area": 482.87564066408777, "Shape__Length": 94.09233031508894, "Status": "Active", "Storeys": 8, "StoreysInBasement": null, "TopHeight": 41.7}, "type": "Feature"}, {"geometry": {"coordinates": [[[833561.6505400008, 816598.746770002], [833561.3319400009, 816597.5535700023], [833558.3755200012, 816598.3429700024], [833558.694120001, 816599.5361700021], [833561.6505400008, 816598.746770002]]], "type": "Polygon"}, "properties": {"BaseHeight": 3.9, "BuildingBlockType": "Tower", "BuildingCSUID": "3356016599T20150608", "BuildingID": 1810142947, "BuildingNameEN": null, "BuildingNameTC": null, "DateCreate": 1433692800000, "DateStamp": 1433692800000, "GeoRefNo": "3356016599", "OBJECTID": 48366, "Shape__Area": 3.7791031825098322, "Shape__Length": 8.58999653991916, "Status": "Active", "Storeys": null, "StoreysInBasement": null, "TopHeight": 6.5}, "type": "Feature"}, {"geometry": {"coordinates": [[[833426.5502400007, 816482.9318700023], [833438.0505500007, 816478.5658300016], [833438.4269900005, 816478.4213000014], [833438.3788400004, 816478.1944700014], [833435.4344800012, 816464.3231000025], [833433.0303600011, 816452.9968700018], [833432.6555400006, 816453.3084300011], [833415.375190001, 816467.8791700024], [833419.6358100008, 816479.1864500027], [833420.5183300013, 816481.5285600014], [833420.8190400004, 816482.3266300019], [833422.7131400006, 816481.6075400021], [833423.6480400013, 816481.2526200023], [833425.6336000012, 816480.4988100026], [833426.5502400007, 816482.9318700023]]], "type": "Polygon"}, "properties": {"BaseHeight": 3, "BuildingBlockType": "Tower", "BuildingCSUID": "3342416465T20050430", "BuildingID": 1103121569, "BuildingNameEN": "Nam Wo Hong Building", "BuildingNameTC": "南和行大廈", "DateCreate": 1114790400000, "DateStamp": 1599580800000, "GeoRefNo": "3342416465", "OBJECTID": 57695, "Shape__Area": 412.2913774248207, "Shape__Length": 84.97507924565375, "Status": "Active", "Storeys": 26, "StoreysInBasement": null, "TopHeight": 105.9}, "type": "Feature"}, {"geometry": {"coordinates": [[[833392.7519300012, 816450.9158700015], [833396.4656600012, 816447.7884700019], [833383.6597700007, 816432.5220700018], [833382.9577700011, 816431.8332400024], [833379.294470001, 816434.909450002], [833379.8590600006, 816435.6674000025], [833392.7519300012, 816450.9158700015]]], "type": "Polygon"}, "properties": {"BaseHeight": 3.7, "BuildingBlockType": "Tower", "BuildingCSUID": "3338116435T20050430", "BuildingID": 1103121742, "BuildingNameEN": null, "BuildingNameTC": null, "DateCreate": 1114790400000, "DateStamp": 1599580800000, "GeoRefNo": "3338116435", "OBJECTID": 57697, "Shape__Area": 102.29561581961808, "Shape__Length": 51.462105049819094, "Status": "Active", "Storeys": 6, "StoreysInBasement": null, "TopHeight": 11.5}, "type": "Feature"}, {"geometry": {"coordinates": [[[833381.703110001, 816481.4894600026], [833388.8232700005, 816475.3013400026], [833365.6697600009, 816447.7592200022], [833357.8976500006, 816454.3824900016], [833368.1202100012, 816466.0227900017], [833369.6403600005, 816467.7537800018], [833381.703110001, 816481.4894600026]]], "type": "Polygon"}, "properties": {"BaseHeight": 3, "BuildingBlockType": "Tower", "BuildingCSUID": "3338116479T20050430", "BuildingID": 1103121579, "BuildingNameEN": "Wing Yu Building", "BuildingNameTC": "永裕大廈", "DateCreate": 1114790400000, "DateStamp": 1599580800000, "GeoRefNo": "3338116479", "OBJECTID": 57698, "Shape__Area": 353.86480777342206, "Shape__Length": 91.70229031959028, "Status": "Active", "Storeys": 20, "StoreysInBasement": null, "TopHeight": 75.3}, "type": "Feature"}, {"geometry": {"coordinates": [[[833320.3192100013, 816472.453470001], [833330.8647500006, 816462.922530001], [833312.3448100006, 816441.4492300022], [833309.8235500008, 816443.202320002], [833308.071440001, 816441.1231500022], [833306.8566400008, 816441.9174400009], [833304.4363100007, 816439.269460002], [833303.0360700004, 816440.6045800019], [833304.078110001, 816441.9071300011], [833302.144150001, 816443.5484400019], [833305.015610001, 816446.8749800026], [833302.9336400004, 816448.8541300017], [833304.5844500009, 816450.7898300011], [833302.8494300004, 816452.3899100013], [833320.3192100013, 816472.453470001]]], "type": "Polygon"}, "properties": {"BaseHeight": 3, "BuildingBlockType": "Tower", "BuildingCSUID": "3332116468T20050430", "BuildingID": 1103121626, "BuildingNameEN": "Bonham Commercial Centre", "BuildingNameTC": "南北行商業中心", "DateCreate": 1114790400000, "DateStamp": 1599580800000, "GeoRefNo": "3332116468", "OBJECTID": 57699, "Shape__Area": 435.8871312412383, "Shape__Length": 98.31351524640772, "Status": "Active", "Storeys": 16, "StoreysInBasement": null, "TopHeight": 63.1}, "type": "Feature"}, {"geometry": {"coordinates": [[[833402.907420001, 816463.060750002], [833406.5653100004, 816459.8816800024], [833397.5311800009, 816449.064340001], [833393.8803900005, 816452.2653900012], [833402.907420001, 816463.060750002]]], "type": "Polygon"}, "properties": {"BaseHeight": 3, "BuildingBlockType": "Tower", "BuildingCSUID": "3340216460T20050430", "BuildingID": 1103121678, "BuildingNameEN": null, "BuildingNameTC": null, "DateCreate": 1114790400000, "DateStamp": 1599580800000, "GeoRefNo": "3340216460", "OBJECTID": 57700, "Shape__Area": 68.29816909625646, "Shape__Length": 37.86754747410162, "Status": "Active", "Storeys": 6, "StoreysInBasement": null, "TopHeight": 24.1}, "type": "Feature"}, {"geometry": {"coordinates": [[[833300.7764300006, 816550.503800001], [833308.8234400004, 816543.4185300022], [833300.5099900011, 816533.6586700026], [833295.3228700012, 816527.5690900013], [833294.6827800004, 816526.8176300023], [833290.740770001, 816522.1897800025], [833286.0573900007, 816516.691560002], [833277.9767200006, 816523.7576400023], [833289.5820000004, 816537.3717500027], [833290.4577600006, 816538.3990800027], [833293.5408900008, 816542.0159300026], [833300.7764300006, 816550.503800001]]], "type": "Polygon"}, "properties": {"BaseHeight": 3, "BuildingBlockType": "Tower", "BuildingCSUID": "3330016548T20050430", "BuildingID": 1103121142, "BuildingNameEN": "Shiu Fung Hong Building", "BuildingNameTC": "兆豐行大廈", "DateCreate": 1114790400000, "DateStamp": 1599580800000, "GeoRefNo": "3330016548", "OBJECTID": 58042, "Shape__Area": 376.8044026004388, "Shape__Length": 91.71002449673087, "Status": "Active", "Storeys": 21, "StoreysInBasement": null, "TopHeight": 69.4}, "type": "Feature"}, {"geometry": {"coordinates": [[[833286.1401600009, 816548.6042700019], [833285.6439500004, 816548.0275300015], [833283.0003300011, 816544.9549900014], [833281.2097900007, 816546.5291300025], [833279.183960001, 816548.3115600012], [833279.1706400011, 816548.3232300021], [833277.978240001, 816549.3676000014], [833270.1758800009, 816540.5649500024], [833265.0064800009, 816545.2241400015], [833264.716310001, 816547.1257600021], [833265.5499600004, 816547.7864000015], [833264.8673600005, 816548.7719400022], [833284.2718900004, 816563.9046000019], [833286.7897700006, 816563.2072500009], [833293.635400001, 816557.3158500027], [833286.6772600012, 816549.228550002], [833286.1401600009, 816548.6042700019]]], "type": "Polygon"}, "properties": {"BaseHeight": 3.7, "BuildingBlockType": "Tower", "BuildingCSUID": "3328916559T20050430", "BuildingID": 1103121090, "BuildingNameEN": "Shun Kwong Commercial Building", "BuildingNameTC": "信光商業大廈", "DateCreate": 1114790400000, "DateStamp": 1599580800000, "GeoRefNo": "3328916559", "OBJECTID": 58047, "Shape__Area": 305.7139122216796, "Shape__Length": 82.1516610453181, "Status": "Active", "Storeys": 24, "StoreysInBasement": null, "TopHeight": 81.3}, "type": "Feature"}, {"geometry": {"coordinates": [[[833308.8234400004, 816543.4185300022], [833316.7348700007, 816536.4526900016], [833308.8999300012, 816527.2731500026], [833306.5600400008, 816529.3335200027], [833303.521470001, 816525.7749000024], [833302.2207400007, 816526.9202900026], [833300.2471900005, 816524.5587500017], [833298.9616800006, 816523.0503600016], [833295.8097100006, 816525.8254600018], [833301.6367800012, 816532.6738400012], [833300.5099900011, 816533.6586700026], [833308.8234400004, 816543.4185300022]]], "type": "Polygon"}, "properties": {"BaseHeight": 3, "BuildingBlockType": "Tower", "BuildingCSUID": "3330316529T20050430", "BuildingID": 1103121190, "BuildingNameEN": "235 Wing Lok Street Trade Centre", "BuildingNameTC": "永樂街２３５商業中心", "DateCreate": 1114790400000, "DateStamp": 1599580800000, "GeoRefNo": "3330316529", "OBJECTID": 58048, "Shape__Area": 177.11081828307402, "Shape__Length": 64.70797374118942, "Status": "Active", "Storeys": 26, "StoreysInBasement": null, "TopHeight": 88}, "type": "Feature"}, {"geometry": {"coordinates": [[[833430.7254400011, 816544.1036600024], [833439.624830001, 816541.7293400019], [833432.806880001, 816515.7964200024], [833432.4234900009, 816514.3379100021], [833432.048320001, 816512.9112300016], [833423.4525000006, 816516.2068500016], [833430.7254400011, 816544.1036600024]]], "type": "Polygon"}, "properties": {"BaseHeight": 3.5, "BuildingBlockType": "Tower", "BuildingCSUID": "3343116542T20050430", "BuildingID": 1103121184, "BuildingNameEN": "Chung Ying Building", "BuildingNameTC": "中英大廈", "DateCreate": 1114790400000, "DateStamp": 1599580800000, "GeoRefNo": "3343116542", "OBJECTID": 58098, "Shape__Area": 269.10913601804333, "Shape__Length": 77.04332693380218, "Status": "Active", "Storeys": 15, "StoreysInBasement": null, "TopHeight": 57.3}, "type": "Feature"}, {"geometry": {"coordinates": [[[833348.9714000011, 816557.8147200011], [833351.2856900012, 816557.208130002], [833351.9248300008, 816559.4693900011], [833353.192280001, 816559.1372600012], [833353.5050600013, 816560.2438700013], [833354.3309400007, 816563.1658400018], [833354.6741900006, 816564.3802500013], [833359.5016600005, 816563.060750002], [833358.3469100008, 816558.9752600025], [833361.5944600012, 816558.1243600026], [833361.3585100006, 816557.2525000013], [833358.9216200011, 816548.247940002], [833357.701820001, 816548.586480001], [833357.2431700006, 816548.7174900025], [833356.7730400013, 816547.0735700019], [833355.907730001, 816547.3210300021], [833355.8527400009, 816547.1287400015], [833354.2030000007, 816541.3600000013], [833348.8040000005, 816542.904000001], [833350.4537400007, 816548.6727400012], [833350.7102500005, 816548.5993800014], [833351.415190001, 816548.3977800012], [833351.9788500005, 816550.3687700015], [833352.208970001, 816551.1734300014], [833351.490960001, 816551.3615300022], [833351.1645100005, 816550.2065600026], [833347.1307700006, 816551.2633300014], [833347.3536500009, 816552.056640001], [833348.9714000011, 816557.8147200011]]], "type": "Polygon"}, "properties": {"BaseHeight": 17.9, "BuildingBlockType": "Tower", "BuildingCSUID": "3335416554T20050430", "BuildingID": 1103121089, "BuildingNameEN": "Talon Tower", "BuildingNameTC": "達隆名居", "DateCreate": 1114790400000, "DateStamp": 1599580800000, "GeoRefNo": "3335416554", "OBJECTID": 58108, "Shape__Area": 178.48059227237798, "Shape__Length": 73.31238092037748, "Status": "Active", "Storeys": 22, "StoreysInBasement": null, "TopHeight": 85.1}, "type": "Feature"}, {"geometry": {"coordinates": [[[833406.5432600006, 816550.5552600026], [833430.7254400011, 816544.1036600024], [833423.4525000006, 816516.2068500016], [833399.9159700004, 816525.2307200022], [833406.5432600006, 816550.5552600026]]], "type": "Polygon"}, "properties": {"BaseHeight": 3.5, "BuildingBlockType": "Tower", "BuildingCSUID": "3341016523T20050430", "BuildingID": 1103121141, "BuildingNameEN": "Seaview Commercial Building", "BuildingNameTC": "海景商業大廈", "DateCreate": 1114790400000, "DateStamp": 1599580800000, "GeoRefNo": "3341016523", "OBJECTID": 58109, "Shape__Area": 688.6916897323247, "Shape__Length": 105.24174341820638, "Status": "Active", "Storeys": 24, "StoreysInBasement": null, "TopHeight": 78.1}, "type": "Feature"}, {"geometry": {"coordinates": [[[833418.1915800013, 816354.6287600026], [833395.870000001, 816363.1280000024], [833401.0424100012, 816375.9205100015], [833407.4651300004, 816373.5275200009], [833408.8358600009, 816373.0168100018], [833415.3974200012, 816370.5681300014], [833423.1060000006, 816367.7000000011], [833422.4680000013, 816365.9630000014], [833421.7972600004, 816364.1852600016], [833418.1915800013, 816354.6287600026]]], "type": "Polygon"}, "properties": {"BaseHeight": 3.8, "BuildingBlockType": "Podium", "BuildingCSUID": "3341116366P20060312", "BuildingID": 1103117160, "BuildingNameEN": "THE L.PLAZA", "BuildingNameTC": "THE L.PLAZA", "DateCreate": 1142092800000, "DateStamp": 1599580800000, "GeoRefNo": "3341116366", "OBJECTID": 58151, "Shape__Area": 329.2243461436845, "Shape__Length": 75.19343095306363, "Status": "Active", "Storeys": 1, "StoreysInBasement": null, "TopHeight": 21}, "type": "Feature"}, {"geometry": {"coordinates": [[[833350.6234000009, 816508.5008900017], [833357.993710001, 816502.0954100024], [833347.4305100013, 816489.8684500027], [833345.6229300005, 816487.7761700023], [833334.211550001, 816474.5673700012], [833326.8328500008, 816480.8553800024], [833335.8912500013, 816491.5697500017], [833336.8143900009, 816492.6616200022], [833336.8151500011, 816492.6625300013], [833340.1187400008, 816496.6424600016], [833341.289520001, 816497.9641300011], [833350.6234000009, 816508.5008900017]]], "type": "Polygon"}, "properties": {"BaseHeight": 3, "BuildingBlockType": "Tower", "BuildingCSUID": "3335016506T20050430", "BuildingID": 1103121406, "BuildingNameEN": "Four Seas Communications Bank Building", "BuildingNameTC": "四海通銀行大廈", "DateCreate": 1114790400000, "DateStamp": 1599580800000, "GeoRefNo": "3335016506", "OBJECTID": 58170, "Shape__Area": 358.18706191381233, "Shape__Length": 92.31354335656634, "Status": "Active", "Storeys": 14, "StoreysInBasement": null, "TopHeight": 50}, "type": "Feature"}, {"geometry": {"coordinates": [[[833371.521110001, 816490.3386900015], [833378.2055200012, 816484.5292800013], [833366.2285700012, 816470.7902400009], [833363.9093400007, 816472.8543600012], [833362.3199000005, 816470.935440002], [833368.1202100012, 816466.0227900017], [833357.8976500006, 816454.3824900016], [833344.428270001, 816465.8608900011], [833352.5652700011, 816475.339540001], [833354.0567700006, 816474.071560001], [833357.1343100006, 816477.6624700017], [833358.9752900004, 816476.0316500012], [833360.8801300004, 816478.2345600016], [833371.521110001, 816490.3386900015]]], "type": "Polygon"}, "properties": {"BaseHeight": 3, "BuildingBlockType": "Tower", "BuildingCSUID": "3337316486T20050430", "BuildingID": 1103121517, "BuildingNameEN": "Kiu Kwong Mansion", "BuildingNameTC": "僑港大廈", "DateCreate": 1114790400000, "DateStamp": 1599580800000, "GeoRefNo": "3337316486", "OBJECTID": 58179, "Shape__Area": 450.11905134659486, "Shape__Length": 114.13624351690255, "Status": "Active", "Storeys": 8, "StoreysInBasement": null, "TopHeight": 42.8}, "type": "Feature"}, {"geometry": {"coordinates": [[[833359.3093100004, 816533.830380002], [833362.4934500009, 816532.7216800023], [833361.8517700005, 816531.0730600022], [833364.0345400004, 816530.3019000012], [833365.6567400005, 816534.9788800012], [833367.9844000004, 816533.0546500012], [833366.7769000009, 816529.6554500014], [833368.0065400004, 816529.1789400019], [833362.5303500006, 816514.9373000022], [833357.9085300006, 816516.7104900014], [833358.4996200008, 816518.4355400018], [833354.3622800009, 816519.8244500011], [833354.867800001, 816521.2556500025], [833359.3093100004, 816533.830380002]]], "type": "Polygon"}, "properties": {"BaseHeight": 3, "BuildingBlockType": "Tower", "BuildingCSUID": "3335616520T20050430", "BuildingID": 1103121252, "BuildingNameEN": "Cheong Loong Building", "BuildingNameTC": "昌隆大廈", "DateCreate": 1114790400000, "DateStamp": 1599580800000, "GeoRefNo": "3335616520", "OBJECTID": 58180, "Shape__Area": 152.93765716278273, "Shape__Length": 61.602320141499646, "Status": "Active", "Storeys": 12, "StoreysInBasement": null, "TopHeight": 40}, "type": "Feature"}, {"geometry": {"coordinates": [[[833357.993710001, 816502.0954100024], [833371.521110001, 816490.3386900015], [833360.8801300004, 816478.2345600016], [833359.0544300005, 816479.9028400015], [833357.1343100006, 816477.6624700017], [833355.666410001, 816478.9520200025], [833347.0844800007, 816486.492130002], [833348.9246400008, 816488.5660700016], [833347.4305100013, 816489.8684500027], [833357.993710001, 816502.0954100024]]], "type": "Polygon"}, "properties": {"BaseHeight": 3, "BuildingBlockType": "Tower", "BuildingCSUID": "3336016497T20050430", "BuildingID": 1103121448, "BuildingNameEN": "Heep Kee Commercial Building", "BuildingNameTC": "協基商業大廈", "DateCreate": 1114790400000, "DateStamp": 1599580800000, "GeoRefNo": "3336016497", "OBJECTID": 58181, "Shape__Area": 325.82577908224243, "Shape__Length": 73.75288410521796, "Status": "Active", "Storeys": 17, "StoreysInBasement": null, "TopHeight": 59.6}, "type": "Feature"}, {"geometry": {"coordinates": [[[833395.6666300008, 816469.3537200019], [833402.907420001, 816463.060750002], [833393.8803900005, 816452.2653900012], [833392.7519300012, 816450.9158700015], [833379.8590600006, 816435.6674000025], [833372.586910001, 816441.8645300027], [833395.6666300008, 816469.3537200019]]], "type": "Polygon"}, "properties": {"BaseHeight": 3, "BuildingBlockType": "Tower", "BuildingCSUID": "3339516467T20050430", "BuildingID": 1103121637, "BuildingNameEN": "Ka Fung Building", "BuildingNameTC": "嘉豐大廈", "DateCreate": 1114790400000, "DateStamp": 1599580800000, "GeoRefNo": "3339516467", "OBJECTID": 58497, "Shape__Area": 344.02615993641695, "Shape__Length": 90.84094789476268, "Status": "Active", "Storeys": 18, "StoreysInBasement": null, "TopHeight": 72.9}, "type": "Feature"}, {"geometry": {"coordinates": [[[833345.6229300005, 816487.7761700023], [833347.0844800007, 816486.492130002], [833355.666410001, 816478.9520200025], [833352.5652700011, 816475.339540001], [833344.428270001, 816465.8608900011], [833334.211550001, 816474.5673700012], [833345.6229300005, 816487.7761700023]]], "type": "Polygon"}, "properties": {"BaseHeight": 3, "BuildingBlockType": "Tower", "BuildingCSUID": "3333816473T20050430", "BuildingID": 1103121529, "BuildingNameEN": "Tai Shing Building", "BuildingNameTC": "泰成大廈", "DateCreate": 1114790400000, "DateStamp": 1599580800000, "GeoRefNo": "3333816473", "OBJECTID": 58509, "Shape__Area": 232.475966900281, "Shape__Length": 61.50117451024016, "Status": "Active", "Storeys": 10, "StoreysInBasement": null, "TopHeight": 41.2}, "type": "Feature"}, {"geometry": {"coordinates": [[[833283.6544200005, 816414.3575500026], [833285.2345600007, 816413.0376900025], [833287.0668300008, 816411.5071300026], [833284.9232600005, 816409.0561000016], [833281.5273600006, 816411.9575300012], [833283.6544200005, 816414.3575500026]]], "type": "Polygon"}, "properties": {"BaseHeight": 5, "BuildingBlockType": "Tower", "BuildingCSUID": "3328416412T20050430", "BuildingID": 1103121985, "BuildingNameEN": null, "BuildingNameTC": null, "DateCreate": 1114790400000, "DateStamp": 1382976000000, "GeoRefNo": "3328416412", "OBJECTID": 66080, "Shape__Area": 14.397948450057093, "Shape__Length": 15.375955543968164, "Status": "Active", "Storeys": null, "StoreysInBasement": null, "TopHeight": 12.4}, "type": "Feature"}, {"geometry": {"coordinates": [[[833290.3526000008, 816408.7625000011], [833292.7524500005, 816406.7578700017], [833293.7389600007, 816405.933840001], [833293.2806100007, 816405.4011100009], [833291.5524300011, 816403.3921900019], [833288.1723800004, 816406.2800800018], [833290.3526000008, 816408.7625000011]]], "type": "Polygon"}, "properties": {"BaseHeight": 5, "BuildingBlockType": "Tower", "BuildingCSUID": "3328916407T20050430", "BuildingID": 1103122012, "BuildingNameEN": null, "BuildingNameTC": null, "DateCreate": 1114790400000, "DateStamp": 1599580800000, "GeoRefNo": "3328916407", "OBJECTID": 66084, "Shape__Area": 14.739328401351568, "Shape__Length": 15.514732445640528, "Status": "Active", "Storeys": 6, "StoreysInBasement": null, "TopHeight": 13.2}, "type": "Feature"}, {"geometry": {"coordinates": [[[833287.0668300008, 816411.5071300026], [833288.9864600012, 816409.903690001], [833290.3526000008, 816408.7625000011], [833288.1723800004, 816406.2800800018], [833284.9232600005, 816409.0561000016], [833287.0668300008, 816411.5071300026]]], "type": "Polygon"}, "properties": {"BaseHeight": 5, "BuildingBlockType": "Tower", "BuildingCSUID": "3328716409T20050430", "BuildingID": 1103121998, "BuildingNameEN": null, "BuildingNameTC": null, "DateCreate": 1114790400000, "DateStamp": 1382976000000, "GeoRefNo": "3328716409", "OBJECTID": 66156, "Shape__Area": 14.027490604568431, "Shape__Length": 15.114842578916635, "Status": "Active", "Storeys": null, "StoreysInBasement": null, "TopHeight": 13.2}, "type": "Feature"}, {"geometry": {"coordinates": [[[833310.9946400011, 816404.776750002], [833314.5401300006, 816401.7370600011], [833314.5994000006, 816401.6888400018], [833310.559630001, 816397.0975800026], [833308.7565600006, 816398.6297300011], [833305.8735900009, 816395.389580002], [833304.0727500012, 816396.9230000023], [833310.9946400011, 816404.776750002]]], "type": "Polygon"}, "properties": {"BaseHeight": 4.9, "BuildingBlockType": "Tower", "BuildingCSUID": "3331016402T20050430", "BuildingID": 1103122035, "BuildingNameEN": null, "BuildingNameTC": null, "DateCreate": 1114790400000, "DateStamp": 1599580800000, "GeoRefNo": "3331016402", "OBJECTID": 66157, "Shape__Area": 39.37784517394734, "Shape__Length": 30.399199901748162, "Status": "Active", "Storeys": 6, "StoreysInBasement": null, "TopHeight": 27.1}, "type": "Feature"}, {"geometry": {"coordinates": [[[833314.5994000006, 816401.6888400018], [833317.9900000012, 816398.9300000016], [833315.7234400008, 816396.2972000018], [833314.330000001, 816397.5148900021], [833312.9819600005, 816396.0679600015], [833313.5662200004, 816395.5592300016], [833310.1837100005, 816391.7195400018], [833307.6933700005, 816393.840040002], [833310.559630001, 816397.0975800026], [833314.5994000006, 816401.6888400018]]], "type": "Polygon"}, "properties": {"BaseHeight": 5, "BuildingBlockType": "Tower", "BuildingCSUID": "3331416399T20050430", "BuildingID": 1103122060, "BuildingNameEN": null, "BuildingNameTC": null, "DateCreate": 1114790400000, "DateStamp": 1599580800000, "GeoRefNo": "3331416399", "OBJECTID": 66158, "Shape__Area": 36.70537827886057, "Shape__Length": 31.29047429125082, "Status": "Active", "Storeys": 6, "StoreysInBasement": null, "TopHeight": 27.1}, "type": "Feature"}, {"geometry": {"coordinates": [[[833279.8715000004, 816280.3880200014], [833283.6570900008, 816277.2081200015], [833280.7251100009, 816273.6341600027], [833280.7060400005, 816273.6109200027], [833274.1936500007, 816265.6726000011], [833268.1583100008, 816258.3157900013], [833264.5820600009, 816261.333970001], [833279.8715000004, 816280.3880200014]]], "type": "Polygon"}, "properties": {"BaseHeight": 14.7, "BuildingBlockType": "Tower", "BuildingCSUID": "3327916277T20050430", "BuildingID": 1103122941, "BuildingNameEN": null, "BuildingNameTC": null, "DateCreate": 1114790400000, "DateStamp": 1599580800000, "GeoRefNo": "3327916277", "OBJECTID": 66245, "Shape__Area": 117.54578794622728, "Shape__Length": 58.48983356807581, "Status": "Active", "Storeys": 6, "StoreysInBasement": null, "TopHeight": 25.8}, "type": "Feature"}, {"geometry": {"coordinates": [[[833282.7695300011, 816271.9404300023], [833283.2109400006, 816272.4804700017], [833286.6796900006, 816269.5996100027], [833284.4414100004, 816266.9101600014], [833288.2890600013, 816263.719730001], [833285.6093700007, 816260.4902300015], [833283.9101600004, 816261.8896500021], [833282.9609400006, 816260.7402300015], [833284.6484400006, 816259.3300800025], [833281.4609400006, 816255.4804700017], [833276.8398400005, 816259.3203100022], [833274.4101600004, 816256.3896500021], [833271.0312500009, 816259.2002000026], [833275.5000000009, 816264.5898400024], [833274.1936500007, 816265.6726000011], [833280.7060400005, 816273.6109200027], [833282.7695300011, 816271.9404300023]]], "type": "Polygon"}, "properties": {"BaseHeight": 21.1, "BuildingBlockType": "Tower", "BuildingCSUID": "3328016264T20050430", "BuildingID": 1103123019, "BuildingNameEN": "Kee On Building", "BuildingNameTC": "祺安大廈", "DateCreate": 1114790400000, "DateStamp": 1599580800000, "GeoRefNo": "3328016264", "OBJECTID": 66246, "Shape__Area": 160.67154878880714, "Shape__Length": 64.6202955763272, "Status": "Active", "Storeys": 25, "StoreysInBasement": null, "TopHeight": 91}, "type": "Feature"}, {"geometry": {"coordinates": [[[833230.2540000007, 816436.949000001], [833228.8040000005, 816439.5130000021], [833230.1070000008, 816440.2370000016], [833230.7880000006, 816439.251000002], [833232.1248400006, 816437.1664600018], [833233.546000001, 816437.9250000026], [833235.4606400011, 816434.6092600022], [833235.4560000012, 816432.0330000017], [833219.921000001, 816416.1580000017], [833213.1950000012, 816427.6170000024], [833221.3856700007, 816432.0976500027], [833230.2540000007, 816436.949000001]]], "type": "Polygon"}, "properties": {"BaseHeight": 5.5, "BuildingBlockType": "Tower", "BuildingCSUID": "3322416428T20050430", "BuildingID": 1103121805, "BuildingNameEN": null, "BuildingNameTC": null, "DateCreate": 1114790400000, "DateStamp": 1599580800000, "GeoRefNo": "3322416428", "OBJECTID": 66450, "Shape__Area": 226.48599246674954, "Shape__Length": 71.07029081930538, "Status": "Active", "Storeys": 1, "StoreysInBasement": null, "TopHeight": 10.6}, "type": "Feature"}, {"geometry": {"coordinates": [[[833872.3483200008, 816254.5856100023], [833885.5208900012, 816246.3813200016], [833898.7685500011, 816238.1302700024], [833888.5980000012, 816223.3284300026], [833862.259250001, 816239.6955200024], [833872.3483200008, 816254.5856100023]]], "type": "Polygon"}, "properties": {"BaseHeight": 5.6, "BuildingBlockType": "Tower", "BuildingCSUID": "3388816233T20050430", "BuildingID": 1103123135, "BuildingNameEN": "Shing Lee Commercial Building", "BuildingNameTC": "誠利商業大廈", "DateCreate": 1114790400000, "DateStamp": 1599580800000, "GeoRefNo": "3388816233", "OBJECTID": 67179, "Shape__Area": 557.8714196826592, "Shape__Length": 98.08098758513864, "Status": "Active", "Storeys": 18, "StoreysInBasement": null, "TopHeight": 71.6}, "type": "Feature"}, {"geometry": {"coordinates": [[[833973.2453500004, 816244.0699500013], [833987.4394300012, 816264.3121100012], [833995.3795300005, 816259.1091600023], [833982.8438900011, 816237.8191900011], [833973.2453500004, 816244.0699500013]]], "type": "Polygon"}, "properties": {"BaseHeight": 3.7, "BuildingBlockType": "Tower", "BuildingCSUID": "3398716261T20050430", "BuildingID": 1103123076, "BuildingNameEN": "Tai Sang Bank Building", "BuildingNameTC": "大生銀行大廈", "DateCreate": 1114790400000, "DateStamp": 1599580800000, "GeoRefNo": "3398716261", "OBJECTID": 67190, "Shape__Area": 258.6428844397022, "Shape__Length": 70.37654820522714, "Status": "Active", "Storeys": 15, "StoreysInBasement": 1, "TopHeight": 54.8}, "type": "Feature"}, {"geometry": {"coordinates": [[[833892.9995500008, 816257.1895800009], [833890.3924500011, 816253.4217700027], [833888.8003900005, 816251.1209000014], [833887.200100001, 816248.8081500027], [833885.5208900012, 816246.3813200016], [833872.3483200008, 816254.5856100023], [833879.6856000004, 816265.4144100025], [833892.9995500008, 816257.1895800009]]], "type": "Polygon"}, "properties": {"BaseHeight": 5.2, "BuildingBlockType": "Tower", "BuildingCSUID": "3387716256T20050430", "BuildingID": 1103123073, "BuildingNameEN": "Wo Hing Commercial Building", "BuildingNameTC": "和興商業大廈", "DateCreate": 1114790400000, "DateStamp": 1384790400000, "GeoRefNo": "3387716256", "OBJECTID": 67191, "Shape__Area": 204.12578158386302, "Shape__Length": 57.39203374021009, "Status": "Active", "Storeys": null, "StoreysInBasement": null, "TopHeight": 53}, "type": "Feature"}, {"geometry": {"coordinates": [[[833897.1740300013, 816263.2226000018], [833898.3171700006, 816262.4232000019], [833901.3097400004, 816267.001910001], [833913.3236700008, 816259.3132500015], [833903.4821700007, 816244.990290001], [833891.5751500009, 816252.6599600017], [833894.6054000007, 816257.138960002], [833893.480560001, 816257.8847400025], [833897.1740300013, 816263.2226000018]]], "type": "Polygon"}, "properties": {"BaseHeight": 4.6, "BuildingBlockType": "Tower", "BuildingCSUID": "3390316253T20050430", "BuildingID": 1103123063, "BuildingNameEN": "Wing Fu Building", "BuildingNameTC": "永富大廈", "DateCreate": 1114790400000, "DateStamp": 1599580800000, "GeoRefNo": "3390316253", "OBJECTID": 67192, "Shape__Area": 254.9502042264567, "Shape__Length": 65.91849467929644, "Status": "Active", "Storeys": 12, "StoreysInBasement": null, "TopHeight": 45.7}, "type": "Feature"}, {"geometry": {"coordinates": [[[833747.6696000006, 816274.4737600014], [833745.9851900004, 816271.2386300024], [833741.8944800012, 816273.6181900017], [833747.4289700007, 816284.2059000023], [833750.0000000009, 816282.9102800023], [833751.7119200006, 816282.0036400016], [833750.7443100009, 816280.2756100018], [833747.6696000006, 816274.4737600014]]], "type": "Polygon"}, "properties": {"BaseHeight": 3.7, "BuildingBlockType": "Tower", "BuildingCSUID": "3374616279T20050430", "BuildingID": 1103122908, "BuildingNameEN": null, "BuildingNameTC": null, "DateCreate": 1114790400000, "DateStamp": 1599580800000, "GeoRefNo": "3374616279", "OBJECTID": 67369, "Shape__Area": 57.30844427382314, "Shape__Length": 33.68973778397855, "Status": "Active", "Storeys": 6, "StoreysInBasement": null, "TopHeight": 23.3}, "type": "Feature"}, {"geometry": {"coordinates": [[[833743.9799400009, 816285.9170400016], [833741.0300000012, 816280.4003800023], [833740.1105200006, 816287.9609800018], [833743.9799400009, 816285.9170400016]]], "type": "Polygon"}, "properties": {"BaseHeight": 3.7, "BuildingBlockType": "Tower", "BuildingCSUID": "3374116286T20050430", "BuildingID": 1103122865, "BuildingNameEN": null, "BuildingNameTC": null, "DateCreate": 1114790400000, "DateStamp": 1385049600000, "GeoRefNo": "3374116286", "OBJECTID": 67370, "Shape__Area": 13.687887450022869, "Shape__Length": 18.248240797624227, "Status": "Active", "Storeys": null, "StoreysInBasement": null, "TopHeight": 10}, "type": "Feature"}, {"geometry": {"coordinates": [[[833747.4289700007, 816284.2059000023], [833741.8944800012, 816273.6181900017], [833741.0300000012, 816280.4003800023], [833743.9799400009, 816285.9170400016], [833747.4289700007, 816284.2059000023]]], "type": "Polygon"}, "properties": {"BaseHeight": 3.7, "BuildingBlockType": "Tower", "BuildingCSUID": "3374316283T20050430", "BuildingID": 1103122892, "BuildingNameEN": "Wi Wi Commercial Building", "BuildingNameTC": "威威商業大厦", "DateCreate": 1114790400000, "DateStamp": 1599580800000, "GeoRefNo": "3374316283", "OBJECTID": 67371, "Shape__Area": 35.38185621992044, "Shape__Length": 28.890058337541905, "Status": "Active", "Storeys": 7, "StoreysInBasement": null, "TopHeight": 23.3}, "type": "Feature"}, {"geometry": {"coordinates": [[[833774.0267400006, 816262.2035700027], [833765.4355400009, 816257.7830100022], [833759.2610900011, 816270.166670002], [833760.7383200005, 816270.9572800025], [833763.3581500007, 816275.8396100011], [833770.327250001, 816271.9974600021], [833769.3603000008, 816271.4887900017], [833770.3296300005, 816269.5600400027], [833774.0267400006, 816262.2035700027]]], "type": "Polygon"}, "properties": {"BaseHeight": 6.4, "BuildingBlockType": "Tower", "BuildingCSUID": "3376816261T20050430", "BuildingID": 1103122980, "BuildingNameEN": "Wing Fat House", "BuildingNameTC": "榮發樓", "DateCreate": 1114790400000, "DateStamp": 1599580800000, "GeoRefNo": "3376816261", "OBJECTID": 67372, "Shape__Area": 143.81126942437078, "Shape__Length": 50.158179719331415, "Status": "Active", "Storeys": 6, "StoreysInBasement": null, "TopHeight": 29.7}, "type": "Feature"}, {"geometry": {"coordinates": [[[833760.7383200005, 816270.9572800025], [833759.2610900011, 816270.166670002], [833756.9078300009, 816269.3162400015], [833755.5550900009, 816270.4116600025], [833754.5483700009, 816268.5087300017], [833752.4255300006, 816269.627410002], [833751.7709400011, 816268.3221200015], [833750.0000000009, 816269.2644200027], [833749.6597300004, 816268.3681300022], [833747.2702400004, 816268.5645200014], [833746.6991600012, 816268.9161400013], [833746.0205400009, 816269.2385100015], [833746.0469400007, 816271.2034600023], [833747.3338200012, 816270.5059300009], [833749.0985000012, 816273.5413700026], [833747.6696000006, 816274.4737600014], [833750.7443100009, 816280.2756100018], [833751.7119200006, 816282.0036400016], [833763.3581500007, 816275.8396100011], [833760.7383200005, 816270.9572800025]]], "type": "Polygon"}, "properties": {"BaseHeight": 3.7, "BuildingBlockType": "Tower", "BuildingCSUID": "3375416278T20050430", "BuildingID": 1103122922, "BuildingNameEN": "Sen Fat Building", "BuildingNameTC": "順發樓", "DateCreate": 1114790400000, "DateStamp": 1599580800000, "GeoRefNo": "3375416278", "OBJECTID": 67373, "Shape__Area": 138.10941633353391, "Shape__Length": 54.62580944798279, "Status": "Active", "Storeys": 6, "StoreysInBasement": null, "TopHeight": 28.3}, "type": "Feature"}, {"geometry": {"coordinates": [[[833956.9626800008, 816271.0027700011], [833956.4088800009, 816270.2434600014], [833960.7794900006, 816267.1725000013], [833957.5941400006, 816262.7318400014], [833949.993040001, 816267.6244900022], [833953.8129900005, 816273.1694300026], [833956.9626800008, 816271.0027700011]]], "type": "Polygon"}, "properties": {"BaseHeight": 3.4, "BuildingBlockType": "Tower", "BuildingCSUID": "3395816265T20050430", "BuildingID": 1103123022, "BuildingNameEN": null, "BuildingNameTC": null, "DateCreate": 1114790400000, "DateStamp": 1599580800000, "GeoRefNo": "3395816265", "OBJECTID": 67374, "Shape__Area": 54.82529435170215, "Shape__Length": 31.342365780331956, "Status": "Active", "Storeys": 6, "StoreysInBasement": null, "TopHeight": 26.7}, "type": "Feature"}, {"geometry": {"coordinates": [[[833939.0731500005, 816251.7734500021], [833941.4363600006, 816255.2038300019], [833948.7371700006, 816250.3844300024], [833946.1475500008, 816246.7742800023], [833939.0731500005, 816251.7734500021]]], "type": "Polygon"}, "properties": {"BaseHeight": 3.6, "BuildingBlockType": "Tower", "BuildingCSUID": "3394616248T20050430", "BuildingID": 1103123128, "BuildingNameEN": "Hop Hing Building", "BuildingNameTC": "合興樓", "DateCreate": 1114790400000, "DateStamp": 1599580800000, "GeoRefNo": "3394616248", "OBJECTID": 67486, "Shape__Area": 37.45970132715617, "Shape__Length": 26.019049893040517, "Status": "Active", "Storeys": 6, "StoreysInBasement": null, "TopHeight": 27}, "type": "Feature"}, {"geometry": {"coordinates": [[[833939.0731500005, 816251.7734500021], [833946.1475500008, 816246.7742800023], [833940.0523500005, 816238.2770200018], [833933.2308200011, 816243.2928800024], [833939.0731500005, 816251.7734500021]]], "type": "Polygon"}, "properties": {"BaseHeight": 3.8, "BuildingBlockType": "Tower", "BuildingCSUID": "3394016244T20050430", "BuildingID": 1103123155, "BuildingNameEN": null, "BuildingNameTC": null, "DateCreate": 1114790400000, "DateStamp": 1599580800000, "GeoRefNo": "3394016244", "OBJECTID": 67487, "Shape__Area": 88.8693645767096, "Shape__Length": 37.88510319466965, "Status": "Active", "Storeys": 6, "StoreysInBasement": null, "TopHeight": 29.8}, "type": "Feature"}, {"geometry": {"coordinates": [[[833458.9074900011, 816513.9072900023], [833450.0478500007, 816516.2472800016], [833451.4390000012, 816520.945100002], [833455.7475000005, 816535.9807000011], [833463.9462600006, 816533.6313200016], [833464.1902800007, 816533.5599200018], [833458.9074900011, 816513.9072900023]]], "type": "Polygon"}, "properties": {"BaseHeight": 3.5, "BuildingBlockType": "Podium", "BuildingCSUID": "3345716525P20150901", "BuildingID": 1810145387, "BuildingNameEN": null, "BuildingNameTC": null, "DateCreate": 1441036800000, "DateStamp": 1599580800000, "GeoRefNo": "3345716525", "OBJECTID": 67986, "Shape__Area": 183.10765166461178, "Shape__Length": 58.83690668949107, "Status": "Active", "Storeys": 5, "StoreysInBasement": null, "TopHeight": 18.3}, "type": "Feature"}, {"geometry": {"coordinates": [[[833816.7811500011, 816365.8154000025], [833829.309270001, 816362.4823900014], [833825.7914700005, 816349.393670002], [833813.2768900013, 816352.589780001], [833816.7811500011, 816365.8154000025]]], "type": "Polygon"}, "properties": {"BaseHeight": 3.7, "BuildingBlockType": "Tower", "BuildingCSUID": "3382216362T20050430", "BuildingID": 1103122285, "BuildingNameEN": "Ngan House", "BuildingNameTC": "顏氏大廈", "DateCreate": 1114790400000, "DateStamp": 1599580800000, "GeoRefNo": "3382216362", "OBJECTID": 68217, "Shape__Area": 176.20749867765565, "Shape__Length": 53.11536465692255, "Status": "Active", "Storeys": 20, "StoreysInBasement": null, "TopHeight": 76.6}, "type": "Feature"}, {"geometry": {"coordinates": [[[833934.6949000005, 816297.4632300027], [833938.6793400012, 816294.933000002], [833930.0459100008, 816281.9247200023], [833927.9303800007, 816283.2414900027], [833930.0411200011, 816286.6217400022], [833928.2777600009, 816287.7587300017], [833934.6949000005, 816297.4632300027]]], "type": "Polygon"}, "properties": {"BaseHeight": 3.7, "BuildingBlockType": "Tower", "BuildingCSUID": "3393416293T20050430", "BuildingID": 1103122799, "BuildingNameEN": null, "BuildingNameTC": null, "DateCreate": 1114790400000, "DateStamp": 1385049600000, "GeoRefNo": "3393416293", "OBJECTID": 68274, "Shape__Area": 64.96261687701539, "Shape__Length": 40.54191578480129, "Status": "Active", "Storeys": null, "StoreysInBasement": null, "TopHeight": 23.9}, "type": "Feature"}, {"geometry": {"coordinates": [[[833905.8590400005, 816284.4614200015], [833907.3772900011, 816283.5070700012], [833909.6227700012, 816282.0707900021], [833903.9515200006, 816273.4276800025], [833902.5136300009, 816271.2363100015], [833900.2007100005, 816267.7113800012], [833886.8527200008, 816275.9921000022], [833894.3478400009, 816287.0538600013], [833896.5542800007, 816290.3102700021], [833897.4259200012, 816289.7623700015], [833905.8590400005, 816284.4614200015]]], "type": "Polygon"}, "properties": {"BaseHeight": 4, "BuildingBlockType": "Tower", "BuildingCSUID": "3389516281T20050430", "BuildingID": 1103122852, "BuildingNameEN": "Chun Wo Commercial Centre", "BuildingNameTC": "俊和商業中心", "DateCreate": 1114790400000, "DateStamp": 1599580800000, "GeoRefNo": "3389516281", "OBJECTID": 68275, "Shape__Area": 268.50590792393405, "Shape__Length": 65.62710532487463, "Status": "Active", "Storeys": 24, "StoreysInBasement": null, "TopHeight": 77.6}, "type": "Feature"}, {"geometry": {"coordinates": [[[833843.4648000011, 816330.1476700027], [833842.1972500011, 816331.5921700019], [833842.907230001, 816334.5124400016], [833835.6502900012, 816336.5625000019], [833838.5673200004, 816347.4820100013], [833837.6754100006, 816348.4713600017], [833839.4257200006, 816354.9215100016], [833841.4533100007, 816355.2499700021], [833864.169350001, 816341.0758800022], [833860.7342400011, 816328.6367500015], [833843.4648000011, 816330.1476700027]]], "type": "Polygon"}, "properties": {"BaseHeight": 3.4, "BuildingBlockType": "Tower", "BuildingCSUID": "3385216346T20050430", "BuildingID": 1103122375, "BuildingNameEN": "Golden Centre", "BuildingNameTC": "金龍中心", "DateCreate": 1114790400000, "DateStamp": 1599580800000, "GeoRefNo": "3385216346", "OBJECTID": 68277, "Shape__Area": 475.15804450355466, "Shape__Length": 90.85552538526008, "Status": "Active", "Storeys": 24, "StoreysInBasement": null, "TopHeight": 110.3}, "type": "Feature"}, {"geometry": {"coordinates": [[[833790.7748100013, 816351.396420002], [833792.8681100011, 816350.900580002], [833793.728720001, 816354.3567900024], [833798.9374000011, 816353.0965200011], [833797.9937300012, 816349.6864700019], [833800.0976800006, 816349.1881100014], [833798.300090001, 816342.5621700026], [833789.1841400005, 816344.6943300012], [833790.7748100013, 816351.396420002]]], "type": "Polygon"}, "properties": {"BaseHeight": 3.4, "BuildingBlockType": "Tower", "BuildingCSUID": "3379516346T20050430", "BuildingID": 1103122386, "BuildingNameEN": "Lloyds Commercial Centre", "BuildingNameTC": "萊德商業中心", "DateCreate": 1114790400000, "DateStamp": 1599580800000, "GeoRefNo": "3379516346", "OBJECTID": 68278, "Shape__Area": 83.97055337228493, "Shape__Length": 39.88802494769458, "Status": "Active", "Storeys": 24, "StoreysInBasement": null, "TopHeight": 79.6}, "type": "Feature"}, {"geometry": {"coordinates": [[[833776.8061100012, 816351.9958700016], [833781.869070001, 816350.8013600018], [833783.348220001, 816356.8684200011], [833791.5996800009, 816354.8719300013], [833790.7748100013, 816351.396420002], [833789.1841400005, 816344.6943300012], [833775.709040001, 816347.8460600022], [833776.8061100012, 816351.9958700016]]], "type": "Polygon"}, "properties": {"BaseHeight": 3.4, "BuildingBlockType": "Tower", "BuildingCSUID": "3378816351T20050430", "BuildingID": 1103122358, "BuildingNameEN": "Wing Sing Commercial Centre", "BuildingNameTC": "永昇商業中心", "DateCreate": 1114790400000, "DateStamp": 1599580800000, "GeoRefNo": "3378816351", "OBJECTID": 68279, "Shape__Area": 111.88768838945494, "Shape__Length": 48.527760233745155, "Status": "Active", "Storeys": 19, "StoreysInBasement": null, "TopHeight": 75.2}, "type": "Feature"}, {"geometry": {"coordinates": [[[833917.4728900008, 816308.2503200024], [833934.6949000005, 816297.4632300027], [833928.2777600009, 816287.7587300017], [833926.0603800006, 816284.4054300021], [833908.4758100007, 816295.3505900018], [833917.4728900008, 816308.2503200024]]], "type": "Polygon"}, "properties": {"BaseHeight": 3.7, "BuildingBlockType": "Tower", "BuildingCSUID": "3392116303T20050430", "BuildingID": 1103122712, "BuildingNameEN": "General Commercial Building", "BuildingNameTC": "通用商業大廈", "DateCreate": 1114790400000, "DateStamp": 1599580800000, "GeoRefNo": "3392116303", "OBJECTID": 68280, "Shape__Area": 321.66678024527, "Shape__Length": 72.4158421319259, "Status": "Active", "Storeys": 15, "StoreysInBasement": null, "TopHeight": 49.7}, "type": "Feature"}, {"geometry": {"coordinates": [[[833893.0294600008, 816309.5233100019], [833896.1080900012, 816314.1931200009], [833905.3818800012, 816313.2352600023], [833893.7284600008, 816296.4494400024], [833885.3098300006, 816297.8138200026], [833885.8089800011, 816298.570960002], [833893.0294600008, 816309.5233100019]]], "type": "Polygon"}, "properties": {"BaseHeight": 3.7, "BuildingBlockType": "Tower", "BuildingCSUID": "3389716308T20050430", "BuildingID": 1103122673, "BuildingNameEN": "Cheung's Building", "BuildingNameTC": "世瑛大廈", "DateCreate": 1114790400000, "DateStamp": 1599580800000, "GeoRefNo": "3389716308", "OBJECTID": 68281, "Shape__Area": 159.72737070160008, "Shape__Length": 57.90448797132565, "Status": "Active", "Storeys": 14, "StoreysInBasement": null, "TopHeight": 49.3}, "type": "Feature"}, {"geometry": {"coordinates": [[[833885.8089800011, 816298.570960002], [833880.9957000008, 816301.3889400009], [833880.004540001, 816299.6870500017], [833874.425710001, 816302.8383600023], [833880.6076800004, 816313.844680002], [833881.6425900012, 816315.687210001], [833883.3761400012, 816314.415190002], [833885.1069100006, 816314.6706000026], [833890.6082800012, 816311.679630002], [833891.3731300011, 816310.461670002], [833893.0294600008, 816309.5233100019], [833885.8089800011, 816298.570960002]]], "type": "Polygon"}, "properties": {"BaseHeight": 3.7, "BuildingBlockType": "Tower", "BuildingCSUID": "3388616310T20050430", "BuildingID": 1103122664, "BuildingNameEN": "Wing On Cheong Building", "BuildingNameTC": "永安祥大廈", "DateCreate": 1114790400000, "DateStamp": 1599580800000, "GeoRefNo": "3388616310", "OBJECTID": 68282, "Shape__Area": 178.90688798350456, "Shape__Length": 55.31293894654844, "Status": "Active", "Storeys": 21, "StoreysInBasement": null, "TopHeight": 79.8}, "type": "Feature"}, {"geometry": {"coordinates": [[[833741.0300000012, 816280.4003800023], [833741.8944800012, 816273.6181900017], [833745.9851900004, 816271.2386300024], [833745.9403000008, 816267.9456400014], [833745.092720001, 816267.5460600015], [833742.3630700009, 816266.244880002], [833743.0042600008, 816261.6112000011], [833738.5127700008, 816260.890920002], [833737.7891300004, 816265.5752700027], [833737.3988800012, 816268.1015100013], [833732.0549700009, 816266.9770400021], [833729.9354100004, 816266.5310400017], [833729.9306000005, 816266.587650001], [833729.2535000006, 816274.556040002], [833727.6723700007, 816274.3319200017], [833727.6051000012, 816275.6369100027], [833726.2875200007, 816294.9408200011], [833726.2022100007, 816295.8579100017], [833726.1595500009, 816296.6896900013], [833740.1105200006, 816287.9609800018], [833741.0300000012, 816280.4003800023]]], "type": "Polygon"}, "properties": {"BaseHeight": 3.7, "BuildingBlockType": "Tower", "BuildingCSUID": "3373016291T20050430", "BuildingID": 1103122804, "BuildingNameEN": "Gee Tuck Building", "BuildingNameTC": "至德大廈", "DateCreate": 1114790400000, "DateStamp": 1599580800000, "GeoRefNo": "3373016291", "OBJECTID": 68283, "Shape__Area": 381.2939966331016, "Shape__Length": 99.10676013680934, "Status": "Active", "Storeys": 16, "StoreysInBasement": null, "TopHeight": 60.4}, "type": "Feature"}, {"geometry": {"coordinates": [[[833480.4504000004, 816302.4773000013], [833521.8479000004, 816243.7265000027], [833509.0964900004, 816231.4902800024], [833457.9220000012, 816276.1360000018], [833461.896590001, 816280.815080002], [833462.8097900013, 816281.8795300014], [833467.402040001, 816287.2328600027], [833468.3001200007, 816288.279790001], [833471.564100001, 816292.0706000011], [833472.321920001, 816292.9580700025], [833473.1394100012, 816293.9154400025], [833479.2553400006, 816301.0777700022], [833479.8494900009, 816301.7735800017], [833480.4504000004, 816302.4773000013]]], "type": "Polygon"}, "properties": {"BaseHeight": 6.3, "BuildingBlockType": "Podium", "BuildingCSUID": "3349616270P20100723", "BuildingID": 1109959271, "BuildingNameEN": "Midland Plaza", "BuildingNameTC": "中源廣場", "DateCreate": 1279814400000, "DateStamp": 1599580800000, "GeoRefNo": "3349616270", "OBJECTID": 68856, "Shape__Area": 1804.861285916642, "Shape__Length": 192.11686714939438, "Status": "Active", "Storeys": 4, "StoreysInBasement": null, "TopHeight": 21.5}, "type": "Feature"}, {"geometry": {"coordinates": [[[833446.3424600009, 816260.5753500015], [833447.5558300009, 816261.988260001], [833448.1394800004, 816262.6679100022], [833448.735820001, 816263.3623800017], [833453.8465400012, 816258.8998800013], [833456.815870001, 816256.3070800025], [833455.5508900005, 816254.8714600019], [833455.1438300004, 816254.4094700012], [833454.5279700011, 816253.708370002], [833454.3370400006, 816253.4938900024], [833446.3424600009, 816260.5753500015]]], "type": "Polygon"}, "properties": {"BaseHeight": 13.2, "BuildingBlockType": "Tower", "BuildingCSUID": "3344916260T20050430", "BuildingID": 1103123077, "BuildingNameEN": "Wellpoint House", "BuildingNameTC": "藝邦中心", "DateCreate": 1114790400000, "DateStamp": 1599580800000, "GeoRefNo": "3344916260", "OBJECTID": 72096, "Shape__Area": 39.72568706437578, "Shape__Length": 28.82985641522908, "Status": "Active", "Storeys": 3, "StoreysInBasement": null, "TopHeight": 23.2}, "type": "Feature"}, {"geometry": {"coordinates": [[[833442.1234300006, 816462.6433000024], [833438.6463800007, 816447.7947200015], [833434.8799100006, 816451.0378600024], [833435.1980700009, 816452.5367500018], [833437.5224700011, 816463.4874100015], [833437.5478800004, 816463.6071300022], [833442.1234300006, 816462.6433000024]]], "type": "Polygon"}, "properties": {"BaseHeight": 3, "BuildingBlockType": "Tower", "BuildingCSUID": "3343616452T20050430", "BuildingID": 1103121673, "BuildingNameEN": null, "BuildingNameTC": null, "DateCreate": 1114790400000, "DateStamp": 1599580800000, "GeoRefNo": "3343616452", "OBJECTID": 74603, "Shape__Area": 63.64300881535996, "Shape__Length": 37.74585650013184, "Status": "Active", "Storeys": 6, "StoreysInBasement": null, "TopHeight": 25.9}, "type": "Feature"}, {"geometry": {"coordinates": [[[833930.9961300008, 816380.5619500019], [833916.9035200011, 816358.0961000025], [833911.7763200011, 816361.2892200015], [833910.3010100005, 816358.8778100014], [833909.5919000013, 816359.1125500016], [833909.3037100006, 816359.195890002], [833909.0164300008, 816359.2823100016], [833908.730080001, 816359.3717900012], [833908.4447100004, 816359.4643300027], [833908.1603500005, 816359.5599200018], [833907.8770200005, 816359.6585300025], [833907.5947700012, 816359.7601700015], [833907.3136100005, 816359.8648200016], [833907.0336000007, 816359.9724700022], [833906.7547400007, 816360.0831100009], [833906.4770900011, 816360.1967200022], [833906.2006600006, 816360.3132900018], [833905.9255000008, 816360.4328100011], [833905.6516300011, 816360.5552600026], [833905.3790900009, 816360.6806400027], [833905.1079000011, 816360.8089200016], [833904.8381000012, 816360.9400900025], [833904.5697100004, 816361.0741300024], [833904.3027700009, 816361.2110400014], [833904.0373100005, 816361.3507900015], [833903.7733600009, 816361.4933800027], [833903.510950001, 816361.638770001], [833903.2501100004, 816361.786960002], [833902.9908700008, 816361.937930001], [833902.7332500005, 816362.0916600022], [833902.4773000004, 816362.2481400017], [833902.2230300009, 816362.4073400013], [833901.970470001, 816362.5692600012], [833901.7196600009, 816362.733860001], [833901.4706300013, 816362.901130002], [833901.2233900009, 816363.0710600019], [833900.9779900005, 816363.2436200026], [833900.7344500013, 816363.4187900014], [833900.4927900005, 816363.5965500027], [833900.2530400008, 816363.7768900022], [833900.0152400006, 816363.959780002], [833899.7794000013, 816364.1452000011], [833899.5455600005, 816364.333130002], [833899.3137400011, 816364.5235500019], [833899.083970001, 816364.716430001], [833898.8562800009, 816364.911770001], [833898.6306800004, 816365.1095200013], [833898.4072200004, 816365.3096700013], [833898.1859000009, 816365.5122000016], [833897.9667600011, 816365.7170800027], [833897.7498200005, 816365.9243000019], [833897.5351100005, 816366.133820001], [833897.322660001, 816366.3456200026], [833897.112470001, 816366.5596800018], [833896.9045900004, 816366.7759800013], [833896.6990300007, 816366.9944900014], [833896.4958200008, 816367.2151800022], [833896.2949800007, 816367.4380300026], [833896.0965300007, 816367.6630100012], [833895.9005000005, 816367.8901000023], [833895.7069100011, 816368.1192800011], [833895.5157700004, 816368.3505100012], [833895.3271200005, 816368.5837700013], [833895.1409800006, 816368.8190300018], [833894.9573600013, 816369.0562700015], [833894.7762800008, 816369.295450002], [833894.5977700008, 816369.5365600027], [833895.6230900008, 816371.3500300013], [833890.5100900009, 816374.7909400016], [833904.7518600011, 816397.5389300026], [833909.8424200006, 816394.1138000023], [833911.0321300011, 816395.9337600023], [833926.9177900013, 816385.6990100015], [833925.7906400012, 816383.911150001], [833930.9961300008, 816380.5619500019]]], "type": "Polygon"}, "properties": {"BaseHeight": 3.7, "BuildingBlockType": "Tower", "BuildingCSUID": "3391716388T20050430", "BuildingID": 1103122090, "BuildingNameEN": "Li Po Chun Chambers", "BuildingNameTC": "李寶椿大廈", "DateCreate": 1114790400000, "DateStamp": 1599580800000, "GeoRefNo": "3391716388", "OBJECTID": 75565, "Shape__Area": 942.425826386713, "Shape__Length": 125.32920819499505, "Status": "Active", "Storeys": 24, "StoreysInBasement": null, "TopHeight": 130.4}, "type": "Feature"}, {"geometry": {"coordinates": [[[833753.7144600004, 816328.8993100021], [833752.5718300007, 816324.0749400016], [833752.0855300007, 816322.0217500012], [833750.0000000009, 816322.5149300024], [833742.3422800004, 816324.320220001], [833746.6127300011, 816341.3057100009], [833750.0000000009, 816340.4996900018], [833755.8853600007, 816339.1014600024], [833753.7144600004, 816328.8993100021]]], "type": "Polygon"}, "properties": {"BaseHeight": 3.7, "BuildingBlockType": "Tower", "BuildingCSUID": "3375016338T20050430", "BuildingID": 1103122486, "BuildingNameEN": "Foo Sang Building", "BuildingNameTC": "富生行", "DateCreate": 1114790400000, "DateStamp": 1599580800000, "GeoRefNo": "3375016338", "OBJECTID": 75566, "Shape__Area": 171.86397393060562, "Shape__Length": 54.55420486090207, "Status": "Active", "Storeys": 6, "StoreysInBasement": null, "TopHeight": 23.3}, "type": "Feature"}, {"geometry": {"coordinates": [[[833916.9035200011, 816358.0961000025], [833930.9961300008, 816380.5619500019], [833932.897210001, 816383.5927700009], [833941.5573900007, 816378.1400800012], [833917.686470001, 816340.1230000015], [833911.6205400005, 816343.9422900025], [833909.520870001, 816340.6140900012], [833906.9465500005, 816342.2230000012], [833908.5351800006, 816344.7555500027], [833916.9035200011, 816358.0961000025]]], "type": "Polygon"}, "properties": {"BaseHeight": 3.7, "BuildingBlockType": "Tower", "BuildingCSUID": "3391816350T20050430", "BuildingID": 1103122166, "BuildingNameEN": "Sun House", "BuildingNameTC": "大新行", "DateCreate": 1114790400000, "DateStamp": 1599580800000, "GeoRefNo": "3391816350", "OBJECTID": 75611, "Shape__Area": 470.9313112850733, "Shape__Length": 118.09831911546377, "Status": "Active", "Storeys": 19, "StoreysInBasement": null, "TopHeight": 71.7}, "type": "Feature"}, {"geometry": {"coordinates": [[[833958.4317500005, 816282.621530002], [833952.5448400006, 816274.0417800024], [833949.5861300007, 816269.7296700012], [833934.605800001, 816279.415190002], [833943.2956500007, 816292.0744900014], [833958.4317500005, 816282.621530002]]], "type": "Polygon"}, "properties": {"BaseHeight": 3.7, "BuildingBlockType": "Tower", "BuildingCSUID": "3394616287T20050430", "BuildingID": 1103122841, "BuildingNameEN": "Amtel Building", "BuildingNameTC": "安泰大廈", "DateCreate": 1114790400000, "DateStamp": 1599580800000, "GeoRefNo": "3394616287", "OBJECTID": 75616, "Shape__Area": 276.27798517522996, "Shape__Length": 66.67374409614168, "Status": "Active", "Storeys": 16, "StoreysInBasement": null, "TopHeight": 70.8}, "type": "Feature"}, {"geometry": {"coordinates": [[[833896.5542800007, 816290.3102700021], [833899.1115800012, 816294.0845000017], [833905.6888500005, 816289.9009100012], [833908.3510600012, 816288.2075700015], [833905.8590400005, 816284.4614200015], [833897.4259200012, 816289.7623700015], [833896.5542800007, 816290.3102700021]]], "type": "Polygon"}, "properties": {"BaseHeight": 3.8, "BuildingBlockType": "Tower", "BuildingCSUID": "3390016290T20050430", "BuildingID": 1103122821, "BuildingNameEN": "Care & Health Building", "BuildingNameTC": "康而健大廈", "DateCreate": 1114790400000, "DateStamp": 1388592000000, "GeoRefNo": "3390016290", "OBJECTID": 75619, "Shape__Area": 49.66670958906064, "Shape__Length": 30.99883880637818, "Status": "Active", "Storeys": null, "StoreysInBasement": null, "TopHeight": 16.7}, "type": "Feature"}, {"geometry": {"coordinates": [[[833712.4366700007, 816290.2266500015], [833700.7514000004, 816288.3554000016], [833700.0370200006, 816292.8164200019], [833711.7740000011, 816294.695960002], [833711.8640500009, 816294.0885900017], [833712.4366700007, 816290.2266500015]]], "type": "Polygon"}, "properties": {"BaseHeight": 3, "BuildingBlockType": "Tower", "BuildingCSUID": "3370116292T20050430", "BuildingID": 1103122809, "BuildingNameEN": null, "BuildingNameTC": null, "DateCreate": 1114790400000, "DateStamp": 1599580800000, "GeoRefNo": "3370116292", "OBJECTID": 75620, "Shape__Area": 53.58334955216207, "Shape__Length": 32.756698811819085, "Status": "Active", "Storeys": 4, "StoreysInBasement": null, "TopHeight": 26.6}, "type": "Feature"}, {"geometry": {"coordinates": [[[833899.1115800012, 816294.0845000017], [833901.6418400006, 816297.818810001], [833907.5270000007, 816293.9902100023], [833914.5475000013, 816289.5761700012], [833913.2339400006, 816287.5742800012], [833906.892930001, 816291.6030600015], [833905.6888500005, 816289.9009100012], [833899.1115800012, 816294.0845000017]]], "type": "Polygon"}, "properties": {"BaseHeight": 3.8, "BuildingBlockType": "Tower", "BuildingCSUID": "3390216294T20050430", "BuildingID": 1103122795, "BuildingNameEN": null, "BuildingNameTC": null, "DateCreate": 1114790400000, "DateStamp": 1599580800000, "GeoRefNo": "3390216294", "OBJECTID": 75623, "Shape__Area": 52.79487222850606, "Shape__Length": 39.611575239155066, "Status": "Active", "Storeys": 4, "StoreysInBasement": null, "TopHeight": 13.7}, "type": "Feature"}, {"geometry": {"coordinates": [[[833713.0043000011, 816286.3982800022], [833701.363330001, 816284.5341200009], [833700.7514000004, 816288.3554000016], [833712.4366700007, 816290.2266500015], [833713.0043000011, 816286.3982800022]]], "type": "Polygon"}, "properties": {"BaseHeight": 3, "BuildingBlockType": "Tower", "BuildingCSUID": "3370116288T20050430", "BuildingID": 1103122846, "BuildingNameEN": null, "BuildingNameTC": null, "DateCreate": 1114790400000, "DateStamp": 1599580800000, "GeoRefNo": "3370116288", "OBJECTID": 75624, "Shape__Area": 45.71092801098541, "Shape__Length": 31.36362528003007, "Status": "Active", "Storeys": 6, "StoreysInBasement": null, "TopHeight": 26.6}, "type": "Feature"}, {"geometry": {"coordinates": [[[833714.4235200007, 816276.8264500014], [833702.8240900012, 816275.0799000021], [833702.6711100005, 816276.095850002], [833701.9861800009, 816280.6446600016], [833701.363330001, 816284.5341200009], [833713.0043000011, 816286.3982800022], [833714.4235200007, 816276.8264500014]]], "type": "Polygon"}, "properties": {"BaseHeight": 3, "BuildingBlockType": "Tower", "BuildingCSUID": "3370216283T20050430", "BuildingID": 1103122879, "BuildingNameEN": "Golden Building", "BuildingNameTC": "金滿大廈", "DateCreate": 1114790400000, "DateStamp": 1599580800000, "GeoRefNo": "3370216283", "OBJECTID": 75626, "Shape__Area": 113.03946074052052, "Shape__Length": 42.76244809632812, "Status": "Active", "Storeys": 6, "StoreysInBasement": null, "TopHeight": 27.2}, "type": "Feature"}, {"geometry": {"coordinates": [[[833691.0505300006, 816289.5494600013], [833692.5951200007, 816278.3143000025], [833683.9956400013, 816277.9618700016], [833682.6036300007, 816289.0656000022], [833691.0505300006, 816289.5494600013]]], "type": "Polygon"}, "properties": {"BaseHeight": 3, "BuildingBlockType": "Tower", "BuildingCSUID": "3368916286T20050430", "BuildingID": 1103122856, "BuildingNameEN": "Cheong Tai Building", "BuildingNameTC": "祥泰大廈", "DateCreate": 1114790400000, "DateStamp": 1599580800000, "GeoRefNo": "3368916286", "OBJECTID": 75667, "Shape__Area": 95.8132642261152, "Shape__Length": 39.59892645720243, "Status": "Active", "Storeys": 6, "StoreysInBasement": null, "TopHeight": 30}, "type": "Feature"}, {"geometry": {"coordinates": [[[833958.4317500005, 816282.621530002], [833967.7064000005, 816276.8292300012], [833961.8435500013, 816268.655890001], [833957.5021300009, 816271.7423900012], [833956.9626800008, 816271.0027700011], [833953.8129900005, 816273.1694300026], [833952.5448400006, 816274.0417800024], [833958.4317500005, 816282.621530002]]], "type": "Polygon"}, "properties": {"BaseHeight": 3.7, "BuildingBlockType": "Tower", "BuildingCSUID": "3395916279T20050430", "BuildingID": 1103122921, "BuildingNameEN": "Full View Building", "BuildingNameTC": "富偉大廈", "DateCreate": 1114790400000, "DateStamp": 1599580800000, "GeoRefNo": "3395916279", "OBJECTID": 75669, "Shape__Area": 110.41997591560546, "Shape__Length": 43.003019453825374, "Status": "Active", "Storeys": 21, "StoreysInBasement": null, "TopHeight": 69.6}, "type": "Feature"}, {"geometry": {"coordinates": [[[833684.5581800006, 816273.4805000015], [833693.4467300009, 816273.6928700022], [833694.2082500011, 816264.9558100011], [833683.3575800005, 816264.3663700018], [833682.7324600006, 816273.4368900023], [833684.5581800006, 816273.4805000015]]], "type": "Polygon"}, "properties": {"BaseHeight": 3, "BuildingBlockType": "Tower", "BuildingCSUID": "3369116272T20050430", "BuildingID": 1103123018, "BuildingNameEN": null, "BuildingNameTC": "孖寶樓", "DateCreate": 1114790400000, "DateStamp": 1599580800000, "GeoRefNo": "3369116272", "OBJECTID": 75670, "Shape__Area": 96.29787262102977, "Shape__Length": 39.446215272223526, "Status": "Active", "Storeys": 6, "StoreysInBasement": null, "TopHeight": 27.5}, "type": "Feature"}, {"geometry": {"coordinates": [[[833714.7124300012, 816274.8779200017], [833715.1686900007, 816273.4377900027], [833727.6051000012, 816275.6369100027], [833727.6723700007, 816274.3319200017], [833727.9842500007, 816268.2812300026], [833728.2117500007, 816266.2337700017], [833728.2188500008, 816266.1698400024], [833724.3350500008, 816265.3526100013], [833718.6430800008, 816264.1549000014], [833716.4540000008, 816263.6300000027], [833713.9365800004, 816263.1870600022], [833713.1690000007, 816263.0520000011], [833704.8963300008, 816261.5964100026], [833703.6850200007, 816269.3621900026], [833702.8240900012, 816275.0799000021], [833714.4235200007, 816276.8264500014], [833714.7124300012, 816274.8779200017]]], "type": "Polygon"}, "properties": {"BaseHeight": 3, "BuildingBlockType": "Tower", "BuildingCSUID": "3370416271T20050430", "BuildingID": 1103122964, "BuildingNameEN": "Gold & Silver Commercial Building", "BuildingNameTC": "金銀商業大廈", "DateCreate": 1114790400000, "DateStamp": 1599580800000, "GeoRefNo": "3370416271", "OBJECTID": 75671, "Shape__Area": 277.7933820659861, "Shape__Length": 74.74352614069566, "Status": "Active", "Storeys": 14, "StoreysInBasement": null, "TopHeight": 18.2}, "type": "Feature"}, {"geometry": {"coordinates": [[[833683.9956400013, 816277.9618700016], [833692.5951200007, 816278.3143000025], [833693.4467300009, 816273.6928700022], [833684.5581800006, 816273.4805000015], [833683.9956400013, 816277.9618700016]]], "type": "Polygon"}, "properties": {"BaseHeight": 3, "BuildingBlockType": "Tower", "BuildingCSUID": "3369016277T20050430", "BuildingID": 1103122957, "BuildingNameEN": null, "BuildingNameTC": null, "DateCreate": 1114790400000, "DateStamp": 1599580800000, "GeoRefNo": "3369016277", "OBJECTID": 75672, "Shape__Area": 39.997187852769706, "Shape__Length": 26.713564639960683, "Status": "Active", "Storeys": 5, "StoreysInBasement": null, "TopHeight": 23.2}, "type": "Feature"}, {"geometry": {"coordinates": [[[833895.1226600008, 816265.4535200018], [833897.5992500009, 816263.8371300027], [833897.1740300013, 816263.2226000018], [833893.480560001, 816257.8847400025], [833892.9995500008, 816257.1895800009], [833879.6856000004, 816265.4144100025], [833884.4374100007, 816272.427430002], [833895.1226600008, 816265.4535200018]]], "type": "Polygon"}, "properties": {"BaseHeight": 5.1, "BuildingBlockType": "Tower", "BuildingCSUID": "3388316265T20050430", "BuildingID": 1103123027, "BuildingNameEN": "Wai Hing Commercial Building", "BuildingNameTC": "偉興商業大廈", "DateCreate": 1114790400000, "DateStamp": 1599580800000, "GeoRefNo": "3388316265", "OBJECTID": 75674, "Shape__Area": 129.73031441795698, "Shape__Length": 47.92168667406216, "Status": "Active", "Storeys": 13, "StoreysInBasement": null, "TopHeight": 52.3}, "type": "Feature"}, {"geometry": {"coordinates": [[[833744.6698900005, 816246.9176300019], [833740.4391200012, 816245.2971600015], [833738.5127700008, 816260.890920002], [833743.0042600008, 816261.6112000011], [833744.6698900005, 816246.9176300019]]], "type": "Polygon"}, "properties": {"BaseHeight": 3.7, "BuildingBlockType": "Tower", "BuildingCSUID": "3374116247T20050430", "BuildingID": 1103123087, "BuildingNameEN": "Sun Wing On Building", "BuildingNameTC": "新永安大廈", "DateCreate": 1114790400000, "DateStamp": 1599580800000, "GeoRefNo": "3374116247", "OBJECTID": 75714, "Shape__Area": 68.14547353102792, "Shape__Length": 39.57933565695613, "Status": "Active", "Storeys": 6, "StoreysInBasement": null, "TopHeight": 23.6}, "type": "Feature"}, {"geometry": {"coordinates": [[[833715.722000001, 816251.6610000022], [833706.6886100005, 816250.1060000025], [833704.8963300008, 816261.5964100026], [833713.1690000007, 816263.0520000011], [833713.9365800004, 816263.1870600022], [833715.057000001, 816255.9540000018], [833715.722000001, 816251.6610000022]]], "type": "Polygon"}, "properties": {"BaseHeight": 3.4, "BuildingBlockType": "Tower", "BuildingCSUID": "3370616259T20050430", "BuildingID": 1103123078, "BuildingNameEN": "Kam Tak Building", "BuildingNameTC": "金德樓", "DateCreate": 1114790400000, "DateStamp": 1599580800000, "GeoRefNo": "3370616259", "OBJECTID": 75715, "Shape__Area": 106.81137277073118, "Shape__Length": 41.63824749656821, "Status": "Active", "Storeys": 6, "StoreysInBasement": null, "TopHeight": 26}, "type": "Feature"}, {"geometry": {"coordinates": [[[833661.9355400009, 816254.5088500027], [833678.415430001, 816255.1281200014], [833681.7562600011, 816235.5651100017], [833665.0656500012, 816235.6024600025], [833661.9355400009, 816254.5088500027]]], "type": "Polygon"}, "properties": {"BaseHeight": 3.4, "BuildingBlockType": "Tower", "BuildingCSUID": "3366916242T20050430", "BuildingID": 1103123130, "BuildingNameEN": "So Hong Commercial Building", "BuildingNameTC": "蘇杭商業大廈", "DateCreate": 1114790400000, "DateStamp": 1599580800000, "GeoRefNo": "3366916242", "OBJECTID": 76397, "Shape__Area": 319.95370052154533, "Shape__Length": 72.19214065405723, "Status": "Active", "Storeys": 14, "StoreysInBasement": null, "TopHeight": 52.3}, "type": "Feature"}, {"geometry": {"coordinates": [[[833580.1704400005, 816503.2664600015], [833576.4223900009, 816489.2591900025], [833576.0244900007, 816487.7721300013], [833574.9536300004, 816483.7701900024], [833574.205740001, 816480.4231000021], [833573.8220800012, 816478.9517900012], [833572.7258900013, 816474.7488800026], [833568.0196500011, 816456.7036900017], [833558.2875700006, 816459.3542500027], [833556.6615900006, 816463.0497800019], [833558.0598700009, 816474.4724700022], [833558.9264900004, 816481.5519700013], [833559.5001700008, 816483.6942200027], [833565.761810001, 816507.0777400024], [833580.1704400005, 816503.2664600015]]], "type": "Polygon"}, "properties": {"BaseHeight": 3.7, "BuildingBlockType": "Tower", "BuildingCSUID": "3356916504T20050430", "BuildingID": 1103121420, "BuildingNameEN": "Kai Tak Commercial Building", "BuildingNameTC": "啓德商業大廈", "DateCreate": 1114790400000, "DateStamp": 1599580800000, "GeoRefNo": "3356916504", "OBJECTID": 77104, "Shape__Area": 686.1506334565647, "Shape__Length": 122.21818117499112, "Status": "Active", "Storeys": 18, "StoreysInBasement": null, "TopHeight": 74.1}, "type": "Feature"}, {"geometry": {"coordinates": [[[833442.1234300006, 816462.6433000024], [833446.405770001, 816461.7412200011], [833442.8338900004, 816445.2199800014], [833438.6463800007, 816447.7947200015], [833442.1234300006, 816462.6433000024]]], "type": "Polygon"}, "properties": {"BaseHeight": 3, "BuildingBlockType": "Tower", "BuildingCSUID": "3344016448T20050430", "BuildingID": 1103121680, "BuildingNameEN": null, "BuildingNameTC": null, "DateCreate": 1114790400000, "DateStamp": 1599580800000, "GeoRefNo": "3344016448", "OBJECTID": 77612, "Shape__Area": 72.55138268650786, "Shape__Length": 41.44526552589819, "Status": "Active", "Storeys": 6, "StoreysInBasement": null, "TopHeight": 26.2}, "type": "Feature"}, {"geometry": {"coordinates": [[[833454.5221700007, 816456.4474300016], [833458.8183500012, 816455.5426800009], [833454.2145800004, 816434.3224700019], [833450.2959900005, 816437.7930300012], [833450.8439100012, 816440.2115600016], [833454.5221700007, 816456.4474300016]]], "type": "Polygon"}, "properties": {"BaseHeight": 3, "BuildingBlockType": "Tower", "BuildingCSUID": "3345116438T20050430", "BuildingID": 1103121712, "BuildingNameEN": null, "BuildingNameTC": null, "DateCreate": 1114790400000, "DateStamp": 1599580800000, "GeoRefNo": "3345116438", "OBJECTID": 77613, "Shape__Area": 91.54864176303987, "Shape__Length": 50.46592807108909, "Status": "Active", "Storeys": 6, "StoreysInBasement": null, "TopHeight": 27.1}, "type": "Feature"}, {"geometry": {"coordinates": [[[833458.8183500012, 816455.5426800009], [833467.3486400004, 816453.7462700009], [833462.5813500006, 816432.5194700025], [833454.2145800004, 816434.3224700019], [833458.8183500012, 816455.5426800009]]], "type": "Polygon"}, "properties": {"BaseHeight": 3, "BuildingBlockType": "Tower", "BuildingCSUID": "3345516435T20050430", "BuildingID": 1103121718, "BuildingNameEN": null, "BuildingNameTC": null, "DateCreate": 1114790400000, "DateStamp": 1599580800000, "GeoRefNo": "3345516435", "OBJECTID": 77614, "Shape__Area": 187.73999044827593, "Shape__Length": 60.74564723699495, "Status": "Active", "Storeys": 6, "StoreysInBasement": null, "TopHeight": 30.4}, "type": "Feature"}, {"geometry": {"coordinates": [[[833485.8158400012, 816451.4438900016], [833494.267190001, 816449.5216300022], [833493.9405900007, 816448.0234000012], [833493.937210001, 816448.0079000015], [833492.5948600005, 816441.8499100022], [833491.7781700008, 816438.1034000013], [833491.7584100012, 816438.0127700027], [833487.872200001, 816420.1849600021], [833479.3677200004, 816421.9834700022], [833485.8158400012, 816451.4438900016]]], "type": "Polygon"}, "properties": {"BaseHeight": 3, "BuildingBlockType": "Tower", "BuildingCSUID": "3348816449T20050430", "BuildingID": 1103121739, "BuildingNameEN": "Yau Sing Building", "BuildingNameTC": "有成大廈", "DateCreate": 1114790400000, "DateStamp": 1599580800000, "GeoRefNo": "3348816449", "OBJECTID": 77615, "Shape__Area": 261.1848290194936, "Shape__Length": 77.54319411480306, "Status": "Active", "Storeys": 12, "StoreysInBasement": null, "TopHeight": 44.8}, "type": "Feature"}, {"geometry": {"coordinates": [[[833491.7584100012, 816438.0127700027], [833494.229580001, 816437.6107400022], [833495.1916200006, 816442.1890600026], [833497.6649600007, 816441.6755500026], [833498.1902400004, 816443.8151400015], [833502.0931900004, 816442.9838400017], [833496.626290001, 816418.5338800009], [833487.872200001, 816420.1849600021], [833491.7584100012, 816438.0127700027]]], "type": "Polygon"}, "properties": {"BaseHeight": 3.7, "BuildingBlockType": "Tower", "BuildingCSUID": "3349216423T20050430", "BuildingID": 1103121771, "BuildingNameEN": "Cheong Sun Tower", "BuildingNameTC": "昌生商業大廈", "DateCreate": 1114790400000, "DateStamp": 1599580800000, "GeoRefNo": "3349216423", "OBJECTID": 77617, "Shape__Area": 202.8313193576639, "Shape__Length": 68.11026166359773, "Status": "Active", "Storeys": 23, "StoreysInBasement": null, "TopHeight": 81.5}, "type": "Feature"}, {"geometry": {"coordinates": [[[833439.5873600012, 816424.8064100016], [833442.8451900007, 816428.6650800016], [833454.6600000011, 816418.620000001], [833455.3900000006, 816415.5200000014], [833454.9300000006, 816414.6100000013], [833443.698210001, 816410.5116600022], [833434.3197400011, 816418.5672700014], [833439.5873600012, 816424.8064100016]]], "type": "Polygon"}, "properties": {"BaseHeight": 3.7, "BuildingBlockType": "Tower", "BuildingCSUID": "3344616423T20050430", "BuildingID": 1103121878, "BuildingNameEN": "Fung Lok Commercial Building", "BuildingNameTC": "豐樂商業大廈", "DateCreate": 1114790400000, "DateStamp": 1599580800000, "GeoRefNo": "3344616423", "OBJECTID": 80890, "Shape__Area": 208.7633211563426, "Shape__Length": 57.24712552758086, "Status": "Active", "Storeys": 15, "StoreysInBasement": 1, "TopHeight": 52.4}, "type": "Feature"}, {"geometry": {"coordinates": [[[833406.5653100004, 816459.8816800024], [833421.5170900011, 816446.8869900014], [833398.727570001, 816419.6441000011], [833383.6597700007, 816432.5220700018], [833396.4656600012, 816447.7884700019], [833397.5311800009, 816449.064340001], [833406.5653100004, 816459.8816800024]]], "type": "Polygon"}, "properties": {"BaseHeight": 3, "BuildingBlockType": "Tower", "BuildingCSUID": "3341016454T20050430", "BuildingID": 1103121695, "BuildingNameEN": "Wing Tuck Commercial Centre", "BuildingNameTC": "永德商業中心", "DateCreate": 1114790400000, "DateStamp": 1599580800000, "GeoRefNo": "3341016454", "OBJECTID": 80891, "Shape__Area": 705.0098485671966, "Shape__Length": 110.8309973307902, "Status": "Active", "Storeys": 23, "StoreysInBasement": null, "TopHeight": 73.8}, "type": "Feature"}, {"geometry": {"coordinates": [[[833285.2543200012, 816419.9457100015], [833284.4489100007, 816420.6364600025], [833283.510470001, 816419.5442400016], [833282.4106700011, 816420.4892000016], [833280.5207600007, 816418.2896000016], [833280.0656700004, 816418.6806100011], [833279.283640001, 816417.7704300024], [833277.3571000006, 816419.4257300012], [833275.4457200011, 816421.0680000018], [833276.2277500005, 816421.9781800024], [833275.7726600012, 816422.3691900019], [833277.6951600006, 816424.6067200024], [833276.6029400006, 816425.5451600011], [833277.5413800012, 816426.6373700015], [833276.7830200009, 816427.289210001], [833279.7300000004, 816430.7000000011], [833282.788420001, 816427.996580001], [833283.3000000007, 816428.540000001], [833288.645990001, 816423.9092700016], [833285.2543200012, 816419.9457100015]]], "type": "Polygon"}, "properties": {"BaseHeight": 5, "BuildingBlockType": "Tower", "BuildingCSUID": "3328016423T20050430", "BuildingID": 1103121866, "BuildingNameEN": "Medal Court", "BuildingNameTC": "美意居", "DateCreate": 1114790400000, "DateStamp": 1599580800000, "GeoRefNo": "3328016423", "OBJECTID": 80892, "Shape__Area": 92.98874444272461, "Shape__Length": 43.966271263385586, "Status": "Active", "Storeys": 24, "StoreysInBasement": null, "TopHeight": 90.5}, "type": "Feature"}, {"geometry": {"coordinates": [[[833364.8262500009, 816424.0337800011], [833366.5813300004, 816422.5472500026], [833369.4357600007, 816425.8897600025], [833371.1117000012, 816424.464540001], [833373.0657200012, 816426.7526800018], [833383.8679000009, 816417.6033300012], [833368.7414700007, 816399.7250500023], [833366.5457700007, 816397.1248200014], [833366.2339700004, 816396.7570600025], [833362.575530001, 816399.9238500018], [833363.1647700006, 816400.5799700022], [833359.3731000004, 816403.7648600023], [833358.8249500012, 816403.1224500015], [833355.1811100012, 816406.4781500027], [833353.3814900005, 816404.3880800027], [833350.2834200012, 816407.0042600017], [833364.8262500009, 816424.0337800011]]], "type": "Polygon"}, "properties": {"BaseHeight": 3.7, "BuildingBlockType": "Tower", "BuildingCSUID": "3337316425T20050430", "BuildingID": 1103121894, "BuildingNameEN": "Bangkok Bank Building", "BuildingNameTC": "盤谷銀行大廈", "DateCreate": 1114790400000, "DateStamp": 1599580800000, "GeoRefNo": "3337316425", "OBJECTID": 80893, "Shape__Area": 492.03592645120403, "Shape__Length": 99.04250224032242, "Status": "Active", "Storeys": 22, "StoreysInBasement": null, "TopHeight": 81.4}, "type": "Feature"}, {"geometry": {"coordinates": [[[833343.5053400006, 816377.0914700013], [833324.6594700012, 816355.1333600022], [833302.8284500008, 816373.9614900015], [833321.636690001, 816395.8088100012], [833343.5053400006, 816377.0914700013]]], "type": "Polygon"}, "properties": {"BaseHeight": 4.9, "BuildingBlockType": "Tower", "BuildingCSUID": "3333016386T20050430", "BuildingID": 1103122097, "BuildingNameEN": "Arion Commercial Centre", "BuildingNameTC": "聯發商業中心", "DateCreate": 1114790400000, "DateStamp": 1599580800000, "GeoRefNo": "3333016386", "OBJECTID": 80894, "Shape__Area": 832.0060231233934, "Shape__Length": 115.37827763625017, "Status": "Active", "Storeys": 23, "StoreysInBasement": null, "TopHeight": 93.6}, "type": "Feature"}, {"geometry": {"coordinates": [[[833651.0721600009, 816466.1456400026], [833655.9001300009, 816483.6778100021], [833659.8190000011, 816482.6080600023], [833672.274650001, 816479.2079800013], [833667.5555300005, 816461.7296800017], [833652.157660001, 816465.8548300024], [833651.0721600009, 816466.1456400026]]], "type": "Polygon"}, "properties": {"BaseHeight": 3.6, "BuildingBlockType": "Tower", "BuildingCSUID": "3366216478T20050430", "BuildingID": 1103121563, "BuildingNameEN": "Chu Kong Shipping Tower", "BuildingNameTC": "珠江船務大廈", "DateCreate": 1114790400000, "DateStamp": 1599580800000, "GeoRefNo": "3366216478", "OBJECTID": 82547, "Shape__Area": 308.8009243247658, "Shape__Length": 70.32723646126172, "Status": "Active", "Storeys": 24, "StoreysInBasement": null, "TopHeight": 116}, "type": "Feature"}, {"geometry": {"coordinates": [[[833672.274650001, 816479.2079800013], [833685.203660001, 816475.6787000019], [833683.3265600009, 816468.6226900015], [833679.7611100012, 816455.2202000022], [833679.3065400012, 816453.5111000016], [833675.9454000005, 816454.4164500013], [833676.5227100011, 816456.3179200012], [833672.920930001, 816457.3353700023], [833672.3347400008, 816455.3890200015], [833666.283640001, 816457.018980002], [833667.5555300005, 816461.7296800017], [833672.274650001, 816479.2079800013]]], "type": "Polygon"}, "properties": {"BaseHeight": 3.6, "BuildingBlockType": "Tower", "BuildingCSUID": "3367616471T20050430", "BuildingID": 1103121591, "BuildingNameEN": "San Toi Building", "BuildingNameTC": "三台大廈", "DateCreate": 1114790400000, "DateStamp": 1599580800000, "GeoRefNo": "3367616471", "OBJECTID": 82549, "Shape__Area": 301.181493685355, "Shape__Length": 76.83453003190832, "Status": "Active", "Storeys": 11, "StoreysInBasement": null, "TopHeight": 50.7}, "type": "Feature"}, {"geometry": {"coordinates": [[[833580.1704400005, 816503.2664600015], [833585.721880001, 816501.7980500013], [833581.9334600009, 816487.8059600014], [833576.4223900009, 816489.2591900025], [833580.1704400005, 816503.2664600015]]], "type": "Polygon"}, "properties": {"BaseHeight": 3.6, "BuildingBlockType": "Tower", "BuildingCSUID": "3358116494T20050430", "BuildingID": 1103121437, "BuildingNameEN": "Hoi Kiu Commercial Building", "BuildingNameTC": "開僑商業大廈", "DateCreate": 1114790400000, "DateStamp": 1599580800000, "GeoRefNo": "3358116494", "OBJECTID": 82553, "Shape__Area": 82.9405130538305, "Shape__Length": 40.43775219973086, "Status": "Active", "Storeys": 18, "StoreysInBasement": null, "TopHeight": 71}, "type": "Feature"}, {"geometry": {"coordinates": [[[833711.6574100005, 816460.8823300023], [833708.0429300005, 816447.6527900025], [833679.7611100012, 816455.2202000022], [833683.3265600009, 816468.6226900015], [833711.6574100005, 816460.8823300023]]], "type": "Polygon"}, "properties": {"BaseHeight": 3.6, "BuildingBlockType": "Tower", "BuildingCSUID": "3368916461T20050430", "BuildingID": 1103121643, "BuildingNameEN": "Alliance Building", "BuildingNameTC": "誠信大廈", "DateCreate": 1114790400000, "DateStamp": 1599580800000, "GeoRefNo": "3368916461", "OBJECTID": 82554, "Shape__Area": 404.4047606940876, "Shape__Length": 86.22899298496003, "Status": "Active", "Storeys": 25, "StoreysInBasement": null, "TopHeight": 82.8}, "type": "Feature"}, {"geometry": {"coordinates": [[[833624.5481000012, 816459.1127500013], [833625.6100500012, 816463.062450001], [833638.0881600007, 816459.6909800023], [833632.5868400009, 816439.2171800025], [833620.1055400008, 816442.5895100012], [833624.5351200011, 816459.0644600019], [833624.5481000012, 816459.1127500013]]], "type": "Polygon"}, "properties": {"BaseHeight": 3.7, "BuildingBlockType": "Tower", "BuildingCSUID": "3362316443T20050430", "BuildingID": 1103121677, "BuildingNameEN": "Champion Building", "BuildingNameTC": "長達大廈", "DateCreate": 1114790400000, "DateStamp": 1599580800000, "GeoRefNo": "3362316443", "OBJECTID": 82557, "Shape__Area": 274.0569049932383, "Shape__Length": 68.2544641444498, "Status": "Active", "Storeys": 17, "StoreysInBasement": null, "TopHeight": 71.5}, "type": "Feature"}, {"geometry": {"coordinates": [[[833708.0429300005, 816447.6527900025], [833711.6574100005, 816460.8823300023], [833719.8883200008, 816458.6375700012], [833715.8087100005, 816443.6787500009], [833707.5639700005, 816445.8995600026], [833708.0429300005, 816447.6527900025]]], "type": "Polygon"}, "properties": {"BaseHeight": 3.6, "BuildingBlockType": "Tower", "BuildingCSUID": "3371316449T20050430", "BuildingID": 1103121690, "BuildingNameEN": "Yue Thai Commercial Building", "BuildingNameTC": "豫泰商業大廈", "DateCreate": 1114790400000, "DateStamp": 1599580800000, "GeoRefNo": "3371316449", "OBJECTID": 82607, "Shape__Area": 132.45141819777967, "Shape__Length": 48.10715829674199, "Status": "Active", "Storeys": 23, "StoreysInBasement": null, "TopHeight": 85.5}, "type": "Feature"}, {"geometry": {"coordinates": [[[833647.0263100006, 816435.624710001], [833643.914880001, 816440.154860001], [833649.2367900005, 816459.4807600025], [833653.3384100012, 816458.2990500014], [833652.7684400007, 816456.2515900023], [833647.0263100006, 816435.624710001]]], "type": "Polygon"}, "properties": {"BaseHeight": 3.7, "BuildingBlockType": "Tower", "BuildingCSUID": "3364616438T20050430", "BuildingID": 1103121697, "BuildingNameEN": "Kam Hong Building", "BuildingNameTC": "錦康樓", "DateCreate": 1114790400000, "DateStamp": 1599580800000, "GeoRefNo": "3364616438", "OBJECTID": 82608, "Shape__Area": 92.35045622298604, "Shape__Length": 53.346014242620896, "Status": "Active", "Storeys": 6, "StoreysInBasement": null, "TopHeight": 28.1}, "type": "Feature"}, {"geometry": {"coordinates": [[[833741.5475400006, 816452.6679900009], [833743.5859900005, 816460.1969600022], [833750.0000000009, 816458.4839800019], [833755.5673700012, 816456.9601500016], [833754.1556900004, 816451.622200001], [833750.2247600006, 816436.7582500018], [833750.0000000009, 816435.9084200021], [833748.6936100004, 816430.8712000027], [833748.4939900013, 816430.1068000011], [833736.305300001, 816433.3059300017], [833741.5475400006, 816452.6679900009]]], "type": "Polygon"}, "properties": {"BaseHeight": 3.6, "BuildingBlockType": "Tower", "BuildingCSUID": "3374516453T20050430", "BuildingID": 1103121693, "BuildingNameEN": "Harbour Commercial Building", "BuildingNameTC": "海港商業大廈", "DateCreate": 1114790400000, "DateStamp": 1599580800000, "GeoRefNo": "3374516453", "OBJECTID": 82609, "Shape__Area": 347.6710913213188, "Shape__Length": 80.6410752416039, "Status": "Active", "Storeys": 20, "StoreysInBasement": null, "TopHeight": 74.4}, "type": "Feature"}, {"geometry": {"coordinates": [[[833687.7246200005, 816435.8766500019], [833689.033040001, 816435.496050002], [833690.6754200011, 816441.3520400021], [833691.5380500006, 816441.1424100026], [833693.058960001, 816446.7174500022], [833704.6728700008, 816443.5886500012], [833703.1054300005, 816438.0336100012], [833703.9933300009, 816437.7984100021], [833702.426740001, 816431.8656500019], [833703.7537300009, 816431.493350001], [833702.433840001, 816426.7316300012], [833700.9379100008, 816421.3347600009], [833684.8752400009, 816425.5923900027], [833687.7246200005, 816435.8766500019]]], "type": "Polygon"}, "properties": {"BaseHeight": 3.7, "BuildingBlockType": "Tower", "BuildingCSUID": "3368916426T20050430", "BuildingID": 1103121760, "BuildingNameEN": "O.T.B . Building", "BuildingNameTC": "海外銀行大廈", "DateCreate": 1114790400000, "DateStamp": 1599580800000, "GeoRefNo": "3368916426", "OBJECTID": 82610, "Shape__Area": 330.07453959198995, "Shape__Length": 78.17456548172598, "Status": "Active", "Storeys": 16, "StoreysInBasement": 1, "TopHeight": 51.5}, "type": "Feature"}, {"geometry": {"coordinates": [[[833703.7537300009, 816431.493350001], [833706.9372900007, 816442.9786100015], [833715.023620001, 816440.8001400027], [833710.5966800004, 816424.567950001], [833702.433840001, 816426.7316300012], [833703.7537300009, 816431.493350001]]], "type": "Polygon"}, "properties": {"BaseHeight": 3.7, "BuildingBlockType": "Tower", "BuildingCSUID": "3370716426T20050430", "BuildingID": 1103121779, "BuildingNameEN": "Kam Sang Building", "BuildingNameTC": "錦甡大廈", "DateCreate": 1114790400000, "DateStamp": 1599580800000, "GeoRefNo": "3370716426", "OBJECTID": 82611, "Shape__Area": 141.63413268640042, "Shape__Length": 50.50397651159261, "Status": "Active", "Storeys": 25, "StoreysInBasement": null, "TopHeight": 81.5}, "type": "Feature"}, {"geometry": {"coordinates": [[[833564.6020100005, 816375.8708600011], [833562.2455400005, 816366.2996300012], [833561.6687000012, 816366.6501100026], [833558.5072300006, 816368.571010001], [833560.2803300004, 816376.7031400017], [833564.6020100005, 816375.8708600011]]], "type": "Polygon"}, "properties": {"BaseHeight": 3, "BuildingBlockType": "Tower", "BuildingCSUID": "3355916370T20050430", "BuildingID": 1103122214, "BuildingNameEN": null, "BuildingNameTC": null, "DateCreate": 1114790400000, "DateStamp": 1393257600000, "GeoRefNo": "3355916370", "OBJECTID": 82694, "Shape__Area": 38.87643142143223, "Shape__Length": 26.95558296497175, "Status": "Active", "Storeys": null, "StoreysInBasement": null, "TopHeight": 22.2}, "type": "Feature"}, {"geometry": {"coordinates": [[[833736.305300001, 816433.3059300017], [833748.4939900013, 816430.1068000011], [833744.4041800005, 816415.0084500015], [833743.0269900011, 816409.9243200012], [833730.8815600006, 816413.274480002], [833732.9201200008, 816420.803460002], [833736.305300001, 816433.3059300017]]], "type": "Polygon"}, "properties": {"BaseHeight": 3.7, "BuildingBlockType": "Tower", "BuildingCSUID": "3373716417T20050430", "BuildingID": 1103121854, "BuildingNameEN": "Blissful Building", "BuildingNameTC": "德祐大廈", "DateCreate": 1114790400000, "DateStamp": 1599580800000, "GeoRefNo": "3373716417", "OBJECTID": 82696, "Shape__Area": 262.4743473159469, "Shape__Length": 66.86309488050921, "Status": "Active", "Storeys": 12, "StoreysInBasement": null, "TopHeight": 58.9}, "type": "Feature"}, {"geometry": {"coordinates": [[[833550.0162300011, 816376.5313800015], [833544.1641200008, 816377.6901900023], [833544.9422600009, 816382.6958700027], [833542.547340001, 816383.289520001], [833543.5994200008, 816389.4159000013], [833546.0169400005, 816388.9240700025], [833546.916840001, 816394.1101300027], [833553.0970600005, 816392.9854200017], [833552.4417900005, 816389.0711000022], [833553.9933300009, 816388.7837700024], [833553.7480500005, 816387.5373100024], [833554.7671200009, 816387.2863100022], [833553.9104200006, 816382.3797400016], [833552.8680700008, 816382.5542100016], [833552.5263200011, 816381.1280400027], [833551.0260300012, 816381.3914500009], [833550.0162300011, 816376.5313800015]]], "type": "Polygon"}, "properties": {"BaseHeight": 3.4, "BuildingBlockType": "Tower", "BuildingCSUID": "3354916382T20050430", "BuildingID": 1103122112, "BuildingNameEN": "Harmony Court", "BuildingNameTC": "萬和閣", "DateCreate": 1114790400000, "DateStamp": 1599580800000, "GeoRefNo": "3354916382", "OBJECTID": 82697, "Shape__Area": 136.82958529154644, "Shape__Length": 55.58522549743979, "Status": "Active", "Storeys": 26, "StoreysInBasement": null, "TopHeight": 82.2}, "type": "Feature"}, {"geometry": {"coordinates": [[[833580.6835100008, 816388.3934900016], [833587.8162200004, 816386.5326500013], [833589.1904300004, 816386.1349400021], [833585.6409400012, 816373.4073700011], [833582.649290001, 816374.2040300015], [833582.4010200007, 816373.1255100016], [833581.2363000009, 816373.4010900017], [833579.4678900009, 816373.7939500026], [833579.7501500007, 816375.0258800015], [833577.5833300008, 816375.5102900025], [833577.7701900005, 816376.2870300021], [833580.6835100008, 816388.3934900016]]], "type": "Polygon"}, "properties": {"BaseHeight": 3, "BuildingBlockType": "Tower", "BuildingCSUID": "3358416384T20050430", "BuildingID": 1103122147, "BuildingNameEN": "Kai Wah Building", "BuildingNameTC": "啓華樓", "DateCreate": 1114790400000, "DateStamp": 1599580800000, "GeoRefNo": "3358416384", "OBJECTID": 82698, "Shape__Area": 116.74766605303083, "Shape__Length": 45.961454165683485, "Status": "Active", "Storeys": 6, "StoreysInBasement": null, "TopHeight": 26.2}, "type": "Feature"}, {"geometry": {"coordinates": [[[833568.3083600011, 816391.1871600021], [833579.6982400008, 816388.6505400017], [833580.6835100008, 816388.3934900016], [833577.7701900005, 816376.2870300021], [833575.1047300007, 816376.7571300026], [833574.9188900013, 816375.6308900025], [833569.0140200006, 816376.9105300009], [833569.2771100011, 816378.0127300024], [833565.3340200009, 816378.871530002], [833568.3083600011, 816391.1871600021]]], "type": "Polygon"}, "properties": {"BaseHeight": 3.4, "BuildingBlockType": "Tower", "BuildingCSUID": "3358016386T20050430", "BuildingID": 1103122137, "BuildingNameEN": "Wing Hing Commercial Building", "BuildingNameTC": "永興商業大廈", "DateCreate": 1114790400000, "DateStamp": 1599580800000, "GeoRefNo": "3358016386", "OBJECTID": 82699, "Shape__Area": 166.98558901850637, "Shape__Length": 52.867635156478826, "Status": "Active", "Storeys": 20, "StoreysInBasement": null, "TopHeight": 85.6}, "type": "Feature"}, {"geometry": {"coordinates": [[[833682.1826700009, 816399.1358100027], [833682.7939500008, 816401.6324600019], [833695.4934500009, 816398.5380000025], [833695.1710600005, 816397.4037700016], [833694.430420001, 816394.5553700011], [833691.9774600007, 816384.6868700013], [833679.4604300009, 816388.0174300019], [833682.1826700009, 816399.1358100027]]], "type": "Polygon"}, "properties": {"BaseHeight": 3.7, "BuildingBlockType": "Tower", "BuildingCSUID": "3368816399T20050430", "BuildingID": 1103122061, "BuildingNameEN": "Yat Chau Building", "BuildingNameTC": "一洲大廈", "DateCreate": 1114790400000, "DateStamp": 1599580800000, "GeoRefNo": "3368816399", "OBJECTID": 82700, "Shape__Area": 183.7525934970477, "Shape__Length": 54.33187529280933, "Status": "Active", "Storeys": 20, "StoreysInBasement": null, "TopHeight": 86.9}, "type": "Feature"}, {"geometry": {"coordinates": [[[833635.8812800013, 816372.5404000022], [833644.174420001, 816370.137860002], [833641.3671400007, 816360.0589400027], [833640.7805900006, 816357.9530800022], [833640.4891700009, 816356.9068000019], [833638.0680900011, 816357.6597700026], [833637.583920001, 816355.9021600019], [833633.6608200008, 816357.0410800017], [833634.1238600006, 816358.6867300011], [833632.2388600009, 816359.2390800025], [833635.8812800013, 816372.5404000022]]], "type": "Polygon"}, "properties": {"BaseHeight": 3, "BuildingBlockType": "Tower", "BuildingCSUID": "3363616369T20050430", "BuildingID": 1103122245, "BuildingNameEN": null, "BuildingNameTC": null, "DateCreate": 1114790400000, "DateStamp": 1599580800000, "GeoRefNo": "3363616369", "OBJECTID": 82701, "Shape__Area": 125.45321345738228, "Shape__Length": 48.27729850435818, "Status": "Active", "Storeys": 6, "StoreysInBasement": null, "TopHeight": 27.2}, "type": "Feature"}, {"geometry": {"coordinates": [[[833576.2321600011, 816370.8381900024], [833575.3357700007, 816367.0836700015], [833573.5156200007, 816359.4600400012], [833572.5333600007, 816360.0487900022], [833569.8922100011, 816361.6535600014], [833572.7498000013, 816373.7980900016], [833573.449860001, 816373.6219700016], [833573.5758700008, 816373.5902700014], [833574.5325300004, 816373.3496200014], [833574.0883600004, 816371.3546100017], [833576.2321600011, 816370.8381900024]]], "type": "Polygon"}, "properties": {"BaseHeight": 3, "BuildingBlockType": "Tower", "BuildingCSUID": "3357216368T20050430", "BuildingID": 1103122238, "BuildingNameEN": null, "BuildingNameTC": null, "DateCreate": 1114790400000, "DateStamp": 1599580800000, "GeoRefNo": "3357216368", "OBJECTID": 82702, "Shape__Area": 48.583164572362556, "Shape__Length": 34.49704580706168, "Status": "Active", "Storeys": 6, "StoreysInBasement": null, "TopHeight": 28.9}, "type": "Feature"}, {"geometry": {"coordinates": [[[833568.0490000006, 816372.7684600018], [833565.9492700007, 816364.0492800027], [833565.2134900009, 816364.496340001], [833562.2455400005, 816366.2996300012], [833564.6020100005, 816375.8708600011], [833564.8891900005, 816377.0575600024], [833568.8097200012, 816375.978790002], [833568.540430001, 816374.8570100013], [833568.0490000006, 816372.7684600018]]], "type": "Polygon"}, "properties": {"BaseHeight": 3, "BuildingBlockType": "Tower", "BuildingCSUID": "3356416371T20050430", "BuildingID": 1103122210, "BuildingNameEN": null, "BuildingNameTC": null, "DateCreate": 1114790400000, "DateStamp": 1599580800000, "GeoRefNo": "3356416371", "OBJECTID": 82703, "Shape__Area": 47.84920676945028, "Shape__Length": 31.745705752457944, "Status": "Active", "Storeys": 4, "StoreysInBasement": null, "TopHeight": 22.2}, "type": "Feature"}, {"geometry": {"coordinates": [[[833589.4781500008, 816371.2422800027], [833589.7584000006, 816372.2509500012], [833590.6550000012, 816371.9525700025], [833592.1409800006, 816371.458060002], [833591.9041700009, 816370.5584700014], [833591.8498600004, 816370.3521500025], [833596.9413300008, 816368.7447200026], [833596.4764500009, 816366.9352900013], [833594.4774000011, 816359.154480001], [833593.1398900012, 816353.9485600013], [833585.6317000007, 816356.0711300019], [833589.472550001, 816371.2221200019], [833589.4781500008, 816371.2422800027]]], "type": "Polygon"}, "properties": {"BaseHeight": 3, "BuildingBlockType": "Tower", "BuildingCSUID": "3358716357T20050430", "BuildingID": 1103122246, "BuildingNameEN": "Lee Man Commercial Building", "BuildingNameTC": "利文商業大廈", "DateCreate": 1114790400000, "DateStamp": 1599580800000, "GeoRefNo": "3358716357", "OBJECTID": 82704, "Shape__Area": 123.39407551459949, "Shape__Length": 48.77100886788485, "Status": "Active", "Storeys": 15, "StoreysInBasement": null, "TopHeight": 50.1}, "type": "Feature"}, {"geometry": {"coordinates": [[[833580.2043800009, 816369.0526900012], [833578.5432700012, 816362.9152200017], [833577.9939600006, 816360.8856000025], [833577.3243600009, 816358.4115800019], [833573.5156200007, 816359.4600400012], [833575.3357700007, 816367.0836700015], [833576.2321600011, 816370.8381900024], [833576.6954300012, 816372.7719000019], [833578.6638300009, 816372.2337700017], [833578.0743000004, 816369.6914700009], [833580.2159200013, 816369.0953100026], [833580.2043800009, 816369.0526900012]]], "type": "Polygon"}, "properties": {"BaseHeight": 3, "BuildingBlockType": "Tower", "BuildingCSUID": "3357716366T20110321", "BuildingID": 1103122243, "BuildingNameEN": null, "BuildingNameTC": null, "DateCreate": 1300636800000, "DateStamp": 1393257600000, "GeoRefNo": "3357716366", "OBJECTID": 82753, "Shape__Area": 50.92142854677683, "Shape__Length": 35.578342610383125, "Status": "Active", "Storeys": null, "StoreysInBasement": null, "TopHeight": 24.7}, "type": "Feature"}, {"geometry": {"coordinates": [[[833585.6409400012, 816373.4073700011], [833589.1904300004, 816386.1349400021], [833591.268840001, 816385.5334100015], [833596.9430000009, 816383.7440000027], [833596.296000001, 816381.3960000016], [833595.0880000005, 816376.9130000025], [833593.7842700006, 816372.1840700023], [833592.4250600012, 816372.5372400023], [833592.1409800006, 816371.458060002], [833590.6550000012, 816371.9525700025], [833589.7584000006, 816372.2509500012], [833589.4781500008, 816371.2422800027], [833586.719370001, 816372.0194800012], [833587.0053700004, 816373.0440300014], [833585.6409400012, 816373.4073700011]]], "type": "Polygon"}, "properties": {"BaseHeight": 3, "BuildingBlockType": "Tower", "BuildingCSUID": "3358916380T20050430", "BuildingID": 1103122158, "BuildingNameEN": "Fu Lok Building", "BuildingNameTC": "富樂大樓", "DateCreate": 1114790400000, "DateStamp": 1599580800000, "GeoRefNo": "3358916380", "OBJECTID": 82754, "Shape__Area": 108.67288325194548, "Shape__Length": 44.73042928853684, "Status": "Active", "Storeys": 6, "StoreysInBasement": null, "TopHeight": 28.3}, "type": "Feature"}, {"geometry": {"coordinates": [[[833613.7897400009, 816365.2729400024], [833609.6000000006, 816348.8940000013], [833605.3408700004, 816350.2003200017], [833608.3646900011, 816362.0213400014], [833609.1836400004, 816365.222860001], [833601.1683300007, 816367.5013000015], [833601.181520001, 816367.5492900014], [833601.457080001, 816368.5522600021], [833604.8074000012, 816380.7463800013], [833605.0486500012, 816381.6244400013], [833605.0527100004, 816381.623230001], [833617.0200000005, 816377.9010000024], [833613.7897400009, 816365.2729400024]]], "type": "Polygon"}, "properties": {"BaseHeight": 3, "BuildingBlockType": "Tower", "BuildingCSUID": "3360616379T20050430", "BuildingID": 1103122184, "BuildingNameEN": "Wing Tat Commercial Building", "BuildingNameTC": "永達商業大廈", "DateCreate": 1114790400000, "DateStamp": 1599580800000, "GeoRefNo": "3360616379", "OBJECTID": 82755, "Shape__Area": 252.61808056636954, "Shape__Length": 85.41857568312693, "Status": "Active", "Storeys": 11, "StoreysInBasement": null, "TopHeight": 54.5}, "type": "Feature"}, {"geometry": {"coordinates": [[[833558.5072300006, 816368.571010001], [833558.2875400009, 816368.7044900022], [833554.104150001, 816371.1711500026], [833556.2775400011, 816382.4013000019], [833559.2800100008, 816381.7549600024], [833558.9176200004, 816379.6800500024], [833560.8141500009, 816379.3644200023], [833560.857760001, 816379.3559000026], [833560.2803300004, 816376.7031400017], [833558.5072300006, 816368.571010001]]], "type": "Polygon"}, "properties": {"BaseHeight": 3.7, "BuildingBlockType": "Tower", "BuildingCSUID": "3355716375T20050430", "BuildingID": 1103122175, "BuildingNameEN": null, "BuildingNameTC": null, "DateCreate": 1114790400000, "DateStamp": 1599580800000, "GeoRefNo": "3355716375", "OBJECTID": 82756, "Shape__Area": 56.843933290732494, "Shape__Length": 34.73472640863639, "Status": "Active", "Storeys": 6, "StoreysInBasement": null, "TopHeight": 28.9}, "type": "Feature"}, {"geometry": {"coordinates": [[[833623.4033700004, 816361.0129200015], [833627.6016500005, 816359.8119200021], [833623.5705600008, 816344.7763500027], [833619.3793000011, 816345.9735600017], [833623.4033700004, 816361.0129200015]]], "type": "Polygon"}, "properties": {"BaseHeight": 3, "BuildingBlockType": "Tower", "BuildingCSUID": "3362216352T20050430", "BuildingID": 1103122322, "BuildingNameEN": "North East Commercial Building", "BuildingNameTC": "東北商業大廈", "DateCreate": 1114790400000, "DateStamp": 1599580800000, "GeoRefNo": "3362216352", "OBJECTID": 82757, "Shape__Area": 67.90819836758003, "Shape__Length": 39.86056438893611, "Status": "Active", "Storeys": 6, "StoreysInBasement": null, "TopHeight": 26.4}, "type": "Feature"}, {"geometry": {"coordinates": [[[833645.5460800007, 816358.8914200012], [833650.1014800007, 816357.6187200025], [833650.1809100006, 816357.906990001], [833658.3635500008, 816355.598720001], [833657.5868700007, 816352.7656500023], [833661.4601700008, 816351.6471200027], [833657.0112700006, 816335.2241700012], [833640.4291900005, 816339.9607600011], [833643.7502800012, 816352.1327800024], [833644.9935700009, 816356.6895200014], [833645.5460800007, 816358.8914200012]]], "type": "Polygon"}, "properties": {"BaseHeight": 3, "BuildingBlockType": "Tower", "BuildingCSUID": "3364516341T20050430", "BuildingID": 1103122335, "BuildingNameEN": "Bonham Centre", "BuildingNameTC": "文咸中心", "DateCreate": 1114790400000, "DateStamp": 1599580800000, "GeoRefNo": "3364516341", "OBJECTID": 82758, "Shape__Area": 330.38221804064534, "Shape__Length": 74.37063081224892, "Status": "Active", "Storeys": 16, "StoreysInBasement": null, "TopHeight": 64.9}, "type": "Feature"}, {"geometry": {"coordinates": [[[833683.8174100006, 816354.1436800025], [833692.4964400008, 816351.6376600023], [833685.7746700011, 816327.0080400016], [833677.1839000005, 816329.4619500022], [833680.7741800006, 816342.8205300011], [833681.1690300005, 816344.2896600012], [833683.8174100006, 816354.1436800025]]], "type": "Polygon"}, "properties": {"BaseHeight": 3, "BuildingBlockType": "Tower", "BuildingCSUID": "3368616350T20050430", "BuildingID": 1103122392, "BuildingNameEN": "Hillier Commercial Building", "BuildingNameTC": "喜利商業大廈", "DateCreate": 1114790400000, "DateStamp": 1599580800000, "GeoRefNo": "3368616350", "OBJECTID": 82759, "Shape__Area": 229.4595551245752, "Shape__Length": 69.05594713373031, "Status": "Active", "Storeys": 21, "StoreysInBasement": 1, "TopHeight": 70.5}, "type": "Feature"}, {"geometry": {"coordinates": [[[833516.2101000007, 816337.7533000018], [833516.0424800012, 816337.9615200013], [833515.5668700011, 816338.5523500014], [833510.9792500008, 816344.2218300011], [833510.8949600011, 816345.9214000013], [833518.4025400011, 816357.1692100018], [833524.9675100008, 816352.0329800025], [833521.6162400004, 816346.568450002], [833516.2101000007, 816337.7533000018]]], "type": "Polygon"}, "properties": {"BaseHeight": 4.9, "BuildingBlockType": "Tower", "BuildingCSUID": "3351616339T20050430", "BuildingID": 1103122355, "BuildingNameEN": "Well View Commercial Building", "BuildingNameTC": "宏基商業大廈", "DateCreate": 1114790400000, "DateStamp": 1599580800000, "GeoRefNo": "3351616339", "OBJECTID": 82818, "Shape__Area": 134.07908344326665, "Shape__Length": 48.63034968665179, "Status": "Active", "Storeys": 19, "StoreysInBasement": null, "TopHeight": 82.6}, "type": "Feature"}, {"geometry": {"coordinates": [[[833565.1490400005, 816332.7208600026], [833561.7899000011, 816334.850920001], [833561.7305200007, 816334.8885800019], [833560.296980001, 816332.6782500017], [833559.3462800011, 816331.2124100011], [833551.9554400006, 816336.0243100021], [833562.5529600009, 816352.285000002], [833574.6427700007, 816346.4915200025], [833565.1490400005, 816332.7208600026]]], "type": "Polygon"}, "properties": {"BaseHeight": 3.4, "BuildingBlockType": "Tower", "BuildingCSUID": "3356516347T20050430", "BuildingID": 1103122404, "BuildingNameEN": "Workington Tower", "BuildingNameTC": "華東商業大廈", "DateCreate": 1114790400000, "DateStamp": 1599580800000, "GeoRefNo": "3356516347", "OBJECTID": 82819, "Shape__Area": 246.1837228167441, "Shape__Length": 66.7903176777785, "Status": "Active", "Storeys": 28, "StoreysInBasement": null, "TopHeight": 101.2}, "type": "Feature"}, {"geometry": {"coordinates": [[[833537.3237900008, 816352.8795300014], [833538.1956900004, 816352.3063800018], [833540.6446200004, 816355.9868300017], [833546.0312300008, 816352.4537000023], [833546.9535500007, 816353.8936000019], [833549.7798800012, 816352.0713500027], [833548.802790001, 816350.6358200014], [833554.343510001, 816347.0016400013], [833551.9047200009, 816343.2953100018], [833553.0343000004, 816342.5528100021], [833551.6928900005, 816340.5426500011], [833547.545140001, 816343.2424500026], [833546.7326600011, 816342.029480001], [833539.4246200006, 816346.8893000018], [833540.1498800004, 816348.0561300013], [833535.9062800007, 816350.8183800019], [833537.3237900008, 816352.8795300014]]], "type": "Polygon"}, "properties": {"BaseHeight": 3.7, "BuildingBlockType": "Tower", "BuildingCSUID": "3354716351T20050430", "BuildingID": 1103122365, "BuildingNameEN": "Shun Loong Mansion", "BuildingNameTC": "順隆大廈", "DateCreate": 1114790400000, "DateStamp": 1599580800000, "GeoRefNo": "3354716351", "OBJECTID": 82820, "Shape__Area": 137.0921976724814, "Shape__Length": 57.67093274265112, "Status": "Active", "Storeys": 22, "StoreysInBasement": null, "TopHeight": 74.3}, "type": "Feature"}, {"geometry": {"coordinates": [[[833574.6427700007, 816346.4915200025], [833590.9997500004, 816341.8663600013], [833578.9749100013, 816323.9537400026], [833565.1490400005, 816332.7208600026], [833574.6427700007, 816346.4915200025]]], "type": "Polygon"}, "properties": {"BaseHeight": 3, "BuildingBlockType": "Tower", "BuildingCSUID": "3357816344T20050430", "BuildingID": 1103122458, "BuildingNameEN": "Hing Lung Commercial Building", "BuildingNameTC": "興隆大廈", "DateCreate": 1114790400000, "DateStamp": 1599580800000, "GeoRefNo": "3357816344", "OBJECTID": 82821, "Shape__Area": 311.11860059421736, "Shape__Length": 71.6701271490383, "Status": "Active", "Storeys": 23, "StoreysInBasement": null, "TopHeight": 72.9}, "type": "Feature"}, {"geometry": {"coordinates": [[[833670.5524700005, 816306.2953100018], [833667.9681200013, 816302.3428200018], [833663.6590600004, 816305.4177400023], [833666.1768700005, 816309.2677700017], [833670.5524700005, 816306.2953100018]]], "type": "Polygon"}, "properties": {"BaseHeight": 3, "BuildingBlockType": "Tower", "BuildingCSUID": "3366816306T20050430", "BuildingID": 1103122708, "BuildingNameEN": null, "BuildingNameTC": null, "DateCreate": 1114790400000, "DateStamp": 1393257600000, "GeoRefNo": "3366816306", "OBJECTID": 82822, "Shape__Area": 24.654233420619555, "Shape__Length": 19.90605804390332, "Status": "Active", "Storeys": null, "StoreysInBasement": null, "TopHeight": 14.8}, "type": "Feature"}, {"geometry": {"coordinates": [[[833554.4546400011, 816316.4701700024], [833556.3641100004, 816315.1755700018], [833557.6298400005, 816316.9822900016], [833558.3803400006, 816316.2126200013], [833560.822900001, 816313.5928600021], [833557.6532400008, 816308.5991100017], [833558.8153100004, 816307.8738800026], [833554.328160001, 816300.9549800027], [833553.2399100009, 816299.2769700009], [833546.5084100012, 816303.9084900022], [833554.4546400011, 816316.4701700024]]], "type": "Polygon"}, "properties": {"BaseHeight": 4.1, "BuildingBlockType": "Tower", "BuildingCSUID": "3354816304T20050430", "BuildingID": 1103122658, "BuildingNameEN": "Crawford Tower", "BuildingNameTC": "嘉發商業中心", "DateCreate": 1114790400000, "DateStamp": 1599580800000, "GeoRefNo": "3354816304", "OBJECTID": 82874, "Shape__Area": 124.13386852872338, "Shape__Length": 49.73577076669707, "Status": "Active", "Storeys": 25, "StoreysInBasement": null, "TopHeight": 76.6}, "type": "Feature"}, {"geometry": {"coordinates": [[[833657.1428700006, 816285.7867500018], [833652.4622600004, 816278.6282300018], [833642.6425700011, 816285.4060300011], [833639.0222400008, 816287.9048800021], [833643.6998200007, 816294.892880002], [833650.4855500013, 816290.2963200025], [833657.1428700006, 816285.7867500018]]], "type": "Polygon"}, "properties": {"BaseHeight": 3, "BuildingBlockType": "Tower", "BuildingCSUID": "3365016286T20050430", "BuildingID": 1103122814, "BuildingNameEN": "Lin Wai Building", "BuildingNameTC": "連威大廈", "DateCreate": 1114790400000, "DateStamp": 1599580800000, "GeoRefNo": "3365016286", "OBJECTID": 83830, "Shape__Area": 138.08286550668566, "Shape__Length": 49.52952721661734, "Status": "Active", "Storeys": 9, "StoreysInBasement": null, "TopHeight": 51.1}, "type": "Feature"}, {"geometry": {"coordinates": [[[833641.3671400007, 816360.0589400027], [833644.174420001, 816370.137860002], [833644.4052100005, 816370.9664700013], [833653.066420001, 816368.3803100027], [833652.8575900011, 816367.6223300025], [833650.1809100006, 816357.906990001], [833650.1014800007, 816357.6187200025], [833645.5460800007, 816358.8914200012], [833641.3671400007, 816360.0589400027]]], "type": "Polygon"}, "properties": {"BaseHeight": 3, "BuildingBlockType": "Tower", "BuildingCSUID": "3364816365T20050430", "BuildingID": 1109345835, "BuildingNameEN": null, "BuildingNameTC": null, "DateCreate": 1114790400000, "DateStamp": 1599580800000, "GeoRefNo": "3364816365", "OBJECTID": 84118, "Shape__Area": 101.77994877269575, "Shape__Length": 40.59316423659626, "Status": "Active", "Storeys": 6, "StoreysInBasement": null, "TopHeight": 23.4}, "type": "Feature"}, {"geometry": {"coordinates": [[[833663.6590600004, 816305.4177400023], [833667.9681200013, 816302.3428200018], [833665.5459200004, 816298.6383200027], [833661.1892300006, 816301.6410800014], [833663.6590600004, 816305.4177400023]]], "type": "Polygon"}, "properties": {"BaseHeight": 3, "BuildingBlockType": "Tower", "BuildingCSUID": "3366516302T20050430", "BuildingID": 1103122733, "BuildingNameEN": null, "BuildingNameTC": null, "DateCreate": 1114790400000, "DateStamp": 1393257600000, "GeoRefNo": "3366516302", "OBJECTID": 84119, "Shape__Area": 23.6405137912297, "Shape__Length": 19.523600712637275, "Status": "Active", "Storeys": null, "StoreysInBasement": null, "TopHeight": 15.6}, "type": "Feature"}, {"geometry": {"coordinates": [[[833667.7670900011, 816289.1883800011], [833670.1659400007, 816293.020940002], [833677.6300300006, 816288.3645500019], [833679.8629400004, 816286.9715800025], [833680.4636400007, 816281.3778500017], [833667.7670900011, 816289.1883800011]]], "type": "Polygon"}, "properties": {"BaseHeight": 3, "BuildingBlockType": "Tower", "BuildingCSUID": "3367116290T20050430", "BuildingID": 1103122831, "BuildingNameEN": null, "BuildingNameTC": null, "DateCreate": 1114790400000, "DateStamp": 1599580800000, "GeoRefNo": "3367116290", "OBJECTID": 84120, "Shape__Area": 59.00254123742008, "Shape__Length": 36.48308405016615, "Status": "Active", "Storeys": 6, "StoreysInBasement": null, "TopHeight": 24.7}, "type": "Feature"}, {"geometry": {"coordinates": [[[833634.8052100008, 816292.8586600013], [833637.0282100011, 816291.3443800025], [833635.0433400013, 816288.2398500014], [833633.2331200009, 816285.4790100027], [833634.4767300012, 816284.5996700022], [833636.2720100004, 816287.3763900027], [833640.3908300009, 816284.5464200024], [833632.5431000004, 816273.088440001], [833624.8904800005, 816278.2404700015], [833634.8052100008, 816292.8586600013]]], "type": "Polygon"}, "properties": {"BaseHeight": 3, "BuildingBlockType": "Tower", "BuildingCSUID": "3362716279T20050430", "BuildingID": 1103122832, "BuildingNameEN": "Kam Fai House", "BuildingNameTC": "金輝樓", "DateCreate": 1114790400000, "DateStamp": 1599580800000, "GeoRefNo": "3362716279", "OBJECTID": 84121, "Shape__Area": 134.10085158857788, "Shape__Length": 60.27938367429915, "Status": "Active", "Storeys": 6, "StoreysInBasement": null, "TopHeight": 50}, "type": "Feature"}, {"geometry": {"coordinates": [[[833661.038590001, 816278.4386600014], [833663.3572300011, 816282.1430400014], [833669.3042300008, 816278.4016900025], [833671.0196900005, 816277.322110001], [833668.6633700011, 816273.644030001], [833661.038590001, 816278.4386600014]]], "type": "Polygon"}, "properties": {"BaseHeight": 3, "BuildingBlockType": "Tower", "BuildingCSUID": "3366416279T20050430", "BuildingID": 1103122926, "BuildingNameEN": null, "BuildingNameTC": null, "DateCreate": 1114790400000, "DateStamp": 1599580800000, "GeoRefNo": "3366416279", "OBJECTID": 84122, "Shape__Area": 39.45351204634755, "Shape__Length": 26.798175217077073, "Status": "Active", "Storeys": 7, "StoreysInBasement": null, "TopHeight": 25.3}, "type": "Feature"}, {"geometry": {"coordinates": [[[833663.3572300011, 816282.1430400014], [833665.5273900004, 816285.610220002], [833671.4840800008, 816281.9937900025], [833669.3042300008, 816278.4016900025], [833663.3572300011, 816282.1430400014]]], "type": "Polygon"}, "properties": {"BaseHeight": 3, "BuildingBlockType": "Tower", "BuildingCSUID": "3366616282T20050430", "BuildingID": 1103122898, "BuildingNameEN": null, "BuildingNameTC": null, "DateCreate": 1114790400000, "DateStamp": 1599580800000, "GeoRefNo": "3366616282", "OBJECTID": 84174, "Shape__Area": 29.009474329014747, "Shape__Length": 22.286663403740498, "Status": "Active", "Storeys": 5, "StoreysInBasement": null, "TopHeight": 26.4}, "type": "Feature"}, {"geometry": {"coordinates": [[[833665.5273900004, 816285.610220002], [833667.7670900011, 816289.1883800011], [833680.4636400007, 816281.3778500017], [833680.8934200006, 816277.3750500027], [833677.3999100011, 816277.0327200014], [833677.3961300012, 816278.4045200013], [833671.4840800008, 816281.9937900025], [833665.5273900004, 816285.610220002]]], "type": "Polygon"}, "properties": {"BaseHeight": 3, "BuildingBlockType": "Tower", "BuildingCSUID": "3366816286T20050430", "BuildingID": 1103122858, "BuildingNameEN": null, "BuildingNameTC": null, "DateCreate": 1114790400000, "DateStamp": 1599580800000, "GeoRefNo": "3366816286", "OBJECTID": 84175, "Shape__Area": 69.33365648310456, "Shape__Length": 41.92062018926064, "Status": "Active", "Storeys": 5, "StoreysInBasement": null, "TopHeight": 19.8}, "type": "Feature"}, {"geometry": {"coordinates": [[[833658.7879300006, 816274.842910001], [833661.038590001, 816278.4386600014], [833668.6633700011, 816273.644030001], [833666.4055400006, 816270.1196000017], [833665.8179700011, 816270.4839100018], [833658.7879300006, 816274.842910001]]], "type": "Polygon"}, "properties": {"BaseHeight": 3, "BuildingBlockType": "Tower", "BuildingCSUID": "3366216275T20050430", "BuildingID": 1103122956, "BuildingNameEN": null, "BuildingNameTC": null, "DateCreate": 1114790400000, "DateStamp": 1599580800000, "GeoRefNo": "3366216275", "OBJECTID": 84176, "Shape__Area": 37.860076312983594, "Shape__Length": 26.397766742447978, "Status": "Active", "Storeys": 7, "StoreysInBasement": null, "TopHeight": 25.3}, "type": "Feature"}, {"geometry": {"coordinates": [[[833410.2867200011, 816249.0877100024], [833411.9519200008, 816247.6632200014], [833415.6477000006, 816251.907250002], [833413.9783000005, 816253.3605600018], [833417.8470700011, 816257.838630002], [833426.9646900008, 816250.0059200022], [833414.0588700008, 816235.0128200017], [833404.9151100004, 816242.8702100012], [833410.2867200011, 816249.0877100024]]], "type": "Polygon"}, "properties": {"BaseHeight": 20.1, "BuildingBlockType": "Tower", "BuildingCSUID": "3340716242T20050430", "BuildingID": 1103123104, "BuildingNameEN": "Luen Yick Building", "BuildingNameTC": "聯益大廈", "DateCreate": 1114790400000, "DateStamp": 1599580800000, "GeoRefNo": "3340716242", "OBJECTID": 84177, "Shape__Area": 225.71881385588117, "Shape__Length": 68.02546443823746, "Status": "Active", "Storeys": 6, "StoreysInBasement": null, "TopHeight": 39}, "type": "Feature"}, {"geometry": {"coordinates": [[[833396.8104400011, 816257.9434000012], [833405.9291000012, 816250.0522000026], [833401.8469700012, 816245.3024000023], [833392.6284500007, 816253.1069100015], [833395.1950000012, 816256.0752000026], [833396.052050001, 816257.0663400013], [833396.8104400011, 816257.9434000012]]], "type": "Polygon"}, "properties": {"BaseHeight": 19.2, "BuildingBlockType": "Tower", "BuildingCSUID": "3339816251T20050430", "BuildingID": 1103123101, "BuildingNameEN": "Tai Hing Building", "BuildingNameTC": "大興樓", "DateCreate": 1114790400000, "DateStamp": 1599580800000, "GeoRefNo": "3339816251", "OBJECTID": 84178, "Shape__Area": 76.37431508707363, "Shape__Length": 36.79435497631175, "Status": "Active", "Storeys": 6, "StoreysInBasement": null, "TopHeight": 42.8}, "type": "Feature"}, {"geometry": {"coordinates": [[[833396.8104400011, 816257.9434000012], [833396.8809900004, 816258.0250400025], [833405.6838900009, 816268.2057900019], [833414.7768300008, 816260.347000001], [833405.9291000012, 816250.0522000026], [833396.8104400011, 816257.9434000012]]], "type": "Polygon"}, "properties": {"BaseHeight": 16.6, "BuildingBlockType": "Tower", "BuildingCSUID": "3340116259T20050430", "BuildingID": 1103123054, "BuildingNameEN": "Pong Fai Building", "BuildingNameTC": "邦暉大樓", "DateCreate": 1114790400000, "DateStamp": 1599580800000, "GeoRefNo": "3340116259", "OBJECTID": 84179, "Shape__Area": 163.37214072078515, "Shape__Length": 51.21858268170617, "Status": "Active", "Storeys": 6, "StoreysInBasement": null, "TopHeight": 39.8}, "type": "Feature"}, {"geometry": {"coordinates": [[[833297.9473200012, 816554.7191500012], [833301.643600001, 816551.5211500023], [833300.7764300006, 816550.503800001], [833293.5408900008, 816542.0159300026], [833289.8278400004, 816545.3213700019], [833297.9473200012, 816554.7191500012]]], "type": "Polygon"}, "properties": {"BaseHeight": 3, "BuildingBlockType": "Tower", "BuildingCSUID": "3329716552T20050430", "BuildingID": 1103121122, "BuildingNameEN": null, "BuildingNameTC": null, "DateCreate": 1114790400000, "DateStamp": 1599580800000, "GeoRefNo": "3329716552", "OBJECTID": 84651, "Shape__Area": 61.389976273251605, "Shape__Length": 34.768522979790966, "Status": "Active", "Storeys": 6, "StoreysInBasement": null, "TopHeight": 23.5}, "type": "Feature"}, {"geometry": {"coordinates": [[[833293.635400001, 816557.3158500027], [833294.1946800007, 816557.9658900015], [833297.9473200012, 816554.7191500012], [833289.8278400004, 816545.3213700019], [833286.1401600009, 816548.6042700019], [833286.6772600012, 816549.228550002], [833293.635400001, 816557.3158500027]]], "type": "Polygon"}, "properties": {"BaseHeight": 3, "BuildingBlockType": "Tower", "BuildingCSUID": "3329316556T20050430", "BuildingID": 1103121109, "BuildingNameEN": null, "BuildingNameTC": null, "DateCreate": 1114790400000, "DateStamp": 1599580800000, "GeoRefNo": "3329316556", "OBJECTID": 84652, "Shape__Area": 61.29665682566176, "Shape__Length": 34.66868301062069, "Status": "Active", "Storeys": 6, "StoreysInBasement": null, "TopHeight": 23.5}, "type": "Feature"}, {"geometry": {"coordinates": [[[833289.5820000004, 816537.3717500027], [833277.9767200006, 816523.7576400023], [833266.6712900009, 816533.643670002], [833278.2799700005, 816547.2773300018], [833289.5820000004, 816537.3717500027]]], "type": "Polygon"}, "properties": {"BaseHeight": 3, "BuildingBlockType": "Tower", "BuildingCSUID": "3327216531T20050430", "BuildingID": 1103121154, "BuildingNameEN": "Kian Nan Mansion", "BuildingNameTC": "建南大廈", "DateCreate": 1114790400000, "DateStamp": 1599580800000, "GeoRefNo": "3327216531", "OBJECTID": 84653, "Shape__Area": 268.86112829871223, "Shape__Length": 65.84237595201657, "Status": "Active", "Storeys": 20, "StoreysInBasement": null, "TopHeight": 68.8}, "type": "Feature"}, {"geometry": {"coordinates": [[[833222.8809500011, 816515.934030002], [833229.6416100012, 816503.990220001], [833218.9875300005, 816496.7205300014], [833214.7027400006, 816504.0260500014], [833210.495240001, 816511.199810002], [833211.5103600007, 816514.5457700025], [833214.574930001, 816516.6060700025], [833217.8412900008, 816515.7637600023], [833218.4309900012, 816515.6117200013], [833219.409070001, 816513.7751300018], [833222.8809500011, 816515.934030002]]], "type": "Polygon"}, "properties": {"BaseHeight": 3.9, "BuildingBlockType": "Tower", "BuildingCSUID": "3321216511T20050430", "BuildingID": 1103121358, "BuildingNameEN": "Kingdom Power Commercial Building", "BuildingNameTC": "帝權商業大樓", "DateCreate": 1114790400000, "DateStamp": 1599580800000, "GeoRefNo": "3321216511", "OBJECTID": 84654, "Shape__Area": 218.79588141713398, "Shape__Length": 60.74909162515987, "Status": "Active", "Storeys": 17, "StoreysInBasement": 1, "TopHeight": 54.5}, "type": "Feature"}, {"geometry": {"coordinates": [[[833621.6748200012, 816257.5454600025], [833621.2944800006, 816256.9966400024], [833619.6754700011, 816254.6605000012], [833617.4173300005, 816251.4021200016], [833614.0892800009, 816246.5999200027], [833609.8770000013, 816249.5020000022], [833596.1230000006, 816258.9810000025], [833599.106110001, 816263.3151900023], [833605.4447600013, 816272.5245800018], [833606.7943800008, 816274.485530002], [833610.711000001, 816280.1760000009], [833628.8498600004, 816267.898670001], [833624.6341700004, 816261.8156500012], [833621.6748200012, 816257.5454600025]]], "type": "Polygon"}, "properties": {"BaseHeight": 3.3, "BuildingBlockType": "Podium", "BuildingCSUID": "3361216263P20060312", "BuildingID": 1103117293, "BuildingNameEN": null, "BuildingNameTC": null, "DateCreate": 1142092800000, "DateStamp": 1599580800000, "GeoRefNo": "3361216263", "OBJECTID": 87495, "Shape__Area": 564.4893688666111, "Shape__Length": 95.3660736569581, "Status": "Active", "Storeys": 6, "StoreysInBasement": null, "TopHeight": 19.3}, "type": "Feature"}, {"geometry": {"coordinates": [[[833438.1870000008, 816319.1250000019], [833436.3454200011, 816320.7255900018], [833434.7070000004, 816318.7660000026], [833436.5110000009, 816317.2160000019], [833423.0600000005, 816301.8910000026], [833416.591000001, 816304.0900000017], [833414.6250000009, 816305.8330000024], [833430.3175700009, 816324.1435100026], [833430.3180000009, 816324.1440100018], [833428.6770000011, 816325.597000001], [833434.7451100005, 816332.544230001], [833446.4340000004, 816328.5210000016], [833438.1870000008, 816319.1250000019]]], "type": "Polygon"}, "properties": {"BaseHeight": 7.1, "BuildingBlockType": "Podium", "BuildingCSUID": "3343016317P20060312", "BuildingID": 1103117220, "BuildingNameEN": "GOLD SHINE TOWER", "BuildingNameTC": "金煌行", "DateCreate": 1142092800000, "DateStamp": 1599580800000, "GeoRefNo": "3343016317", "OBJECTID": 88205, "Shape__Area": 337.0357623879292, "Shape__Length": 97.61885694717546, "Status": "Active", "Storeys": 2, "StoreysInBasement": null, "TopHeight": 21.7}, "type": "Feature"}, {"geometry": {"coordinates": [[[833578.9248200012, 816249.2423400022], [833579.0032900004, 816249.3613300025], [833582.2640000004, 816254.194000002], [833586.4446500009, 816251.3106700014], [833581.4584400011, 816243.9479900021], [833580.4278000006, 816244.6405200027], [833575.9806700004, 816238.0805400014], [833572.9495100006, 816240.1746400017], [833573.1382100005, 816240.4667500015], [833578.9248200012, 816249.2423400022]]], "type": "Polygon"}, "properties": {"BaseHeight": 4, "BuildingBlockType": "Tower", "BuildingCSUID": "3358116252T20050430", "BuildingID": 1103123143, "BuildingNameEN": null, "BuildingNameTC": null, "DateCreate": 1114790400000, "DateStamp": 1599580800000, "GeoRefNo": "3358116252", "OBJECTID": 89902, "Shape__Area": 74.72507614769398, "Shape__Length": 43.65373187439101, "Status": "Active", "Storeys": 6, "StoreysInBasement": null, "TopHeight": 26.9}, "type": "Feature"}, {"geometry": {"coordinates": [[[833578.9248200012, 816249.2423400022], [833573.1382100005, 816240.4667500015], [833572.9495100006, 816240.1746400017], [833567.5499500008, 816243.9049900025], [833563.6490000011, 816246.6000000015], [833568.7308300007, 816253.9472200014], [833569.7763200011, 816255.4587700013], [833573.7890000008, 816252.6970000025], [833573.2499400005, 816251.9137800019], [833574.489000001, 816251.0650000013], [833575.0240000011, 816251.8460000027], [833578.0919700004, 816249.7982300017], [833578.9248200012, 816249.2423400022]]], "type": "Polygon"}, "properties": {"BaseHeight": 4, "BuildingBlockType": "Tower", "BuildingCSUID": "3357016248T20050430", "BuildingID": 1103123125, "BuildingNameEN": "Kong Ling Building", "BuildingNameTC": "江寧大廈", "DateCreate": 1114790400000, "DateStamp": 1599580800000, "GeoRefNo": "3357016248", "OBJECTID": 89904, "Shape__Area": 119.27720974407069, "Shape__Length": 45.895531233376616, "Status": "Active", "Storeys": 15, "StoreysInBasement": null, "TopHeight": 28.2}, "type": "Feature"}, {"geometry": {"coordinates": [[[833535.3635000009, 816251.9513000026], [833544.4800600009, 816260.5425900016], [833548.0359200006, 816256.5757600013], [833541.0750800008, 816249.778450001], [833540.4309900012, 816249.1480400022], [833539.8164100004, 816248.5408800021], [833539.1962400004, 816247.9395200014], [833539.0899100006, 816247.8399300016], [833535.3635000009, 816251.9513000026]]], "type": "Polygon"}, "properties": {"BaseHeight": 4, "BuildingBlockType": "Tower", "BuildingCSUID": "3353916252T20050430", "BuildingID": 1103123091, "BuildingNameEN": "Greenland Building", "BuildingNameTC": "蔚林樓", "DateCreate": 1114790400000, "DateStamp": 1599580800000, "GeoRefNo": "3353916252", "OBJECTID": 89905, "Shape__Area": 68.031189675496, "Shape__Length": 35.906838012709144, "Status": "Active", "Storeys": 6, "StoreysInBasement": 1, "TopHeight": 26.3}, "type": "Feature"}, {"geometry": {"coordinates": [[[833569.7763200011, 816255.4587700013], [833568.7308300007, 816253.9472200014], [833563.6490000011, 816246.6000000015], [833562.9936400009, 816247.1407100018], [833557.847000001, 816251.387000002], [833557.7240000004, 816252.5310000014], [833564.5163800009, 816259.0633700024], [833569.133510001, 816255.899530001], [833569.6830000011, 816255.5230000019], [833569.7763200011, 816255.4587700013]]], "type": "Polygon"}, "properties": {"BaseHeight": 4, "BuildingBlockType": "Tower", "BuildingCSUID": "3356316253T20050430", "BuildingID": 1103123096, "BuildingNameEN": "Xiu Ping Commercial Building", "BuildingNameTC": "秀平商業大廈", "DateCreate": 1114790400000, "DateStamp": 1599580800000, "GeoRefNo": "3356316253", "OBJECTID": 89906, "Shape__Area": 76.86158978708623, "Shape__Length": 35.244153524508164, "Status": "Active", "Storeys": 22, "StoreysInBasement": null, "TopHeight": 72.3}, "type": "Feature"}, {"geometry": {"coordinates": [[[833586.4446500009, 816251.3106700014], [833591.0267600007, 816248.1504600011], [833582.0633200007, 816234.9629000016], [833578.6634600004, 816237.2613500021], [833582.6316600004, 816243.1511900015], [833581.4584400011, 816243.9479900021], [833586.4446500009, 816251.3106700014]]], "type": "Polygon"}, "properties": {"BaseHeight": 4, "BuildingBlockType": "Tower", "BuildingCSUID": "3358616249T20050430", "BuildingID": 1103123160, "BuildingNameEN": null, "BuildingNameTC": null, "DateCreate": 1114790400000, "DateStamp": 1599580800000, "GeoRefNo": "3358616249", "OBJECTID": 89907, "Shape__Area": 78.54705428557772, "Shape__Length": 43.02778475049931, "Status": "Active", "Storeys": 6, "StoreysInBasement": null, "TopHeight": 26.9}, "type": "Feature"}, {"geometry": {"coordinates": [[[833546.4686700013, 816282.7438100018], [833549.1437800005, 816279.9151100013], [833540.0868100012, 816271.8313300014], [833537.4262800012, 816274.648620002], [833546.4686700013, 816282.7438100018]]], "type": "Polygon"}, "properties": {"BaseHeight": 3.8, "BuildingBlockType": "Tower", "BuildingCSUID": "3354516281T20050430", "BuildingID": 1103122919, "BuildingNameEN": null, "BuildingNameTC": null, "DateCreate": 1114790400000, "DateStamp": 1398268800000, "GeoRefNo": "3354516281", "OBJECTID": 90746, "Shape__Area": 47.12849126482283, "Shape__Length": 32.04474016916083, "Status": "Active", "Storeys": null, "StoreysInBasement": null, "TopHeight": 30.6}, "type": "Feature"}, {"geometry": {"coordinates": [[[833549.1437800005, 816279.9151100013], [833552.7726700008, 816276.074380001], [833545.1963900011, 816268.7984400019], [833542.0356300008, 816266.0775900017], [833540.5541200005, 816264.8022500016], [833536.7886900008, 816268.8876400013], [833538.1971700005, 816270.1447900012], [833540.0868100012, 816271.8313300014], [833549.1437800005, 816279.9151100013]]], "type": "Polygon"}, "properties": {"BaseHeight": 3.8, "BuildingBlockType": "Tower", "BuildingCSUID": "3354916277T20050430", "BuildingID": 1103122948, "BuildingNameEN": null, "BuildingNameTC": "商業大樓", "DateCreate": 1114790400000, "DateStamp": 1599580800000, "GeoRefNo": "3354916277", "OBJECTID": 90747, "Shape__Area": 91.66614194838711, "Shape__Length": 44.03014162832136, "Status": "Active", "Storeys": 10, "StoreysInBasement": null, "TopHeight": 33.1}, "type": "Feature"}, {"geometry": {"coordinates": [[[833541.1735300012, 816288.3471400011], [833546.4686700013, 816282.7438100018], [833537.4262800012, 816274.648620002], [833535.5758800004, 816272.9920100011], [833534.1677700011, 816271.7314000018], [833536.7886900008, 816268.8876400013], [833540.5541200005, 816264.8022500016], [833544.4800600009, 816260.5425900016], [833535.3635000009, 816251.9513000026], [833527.9969800012, 816261.8123400025], [833528.8094800012, 816265.9519800022], [833526.4383900007, 816265.7322600018], [833523.1376100006, 816269.5926100016], [833523.4696400007, 816271.0125300027], [833521.9969800012, 816271.1521800011], [833518.6844600011, 816274.3123400025], [833525.8620500006, 816280.7587200012], [833529.1893600011, 816277.1477900017], [833541.1735300012, 816288.3471400011]]], "type": "Polygon"}, "properties": {"BaseHeight": 6.2, "BuildingBlockType": "Tower", "BuildingCSUID": "3353216270T20050430", "BuildingID": 1103122868, "BuildingNameEN": "Centre Mark II", "BuildingNameTC": "永業中心", "DateCreate": 1114790400000, "DateStamp": 1599580800000, "GeoRefNo": "3353216270", "OBJECTID": 90749, "Shape__Area": 414.17017631522185, "Shape__Length": 114.42631647159575, "Status": "Active", "Storeys": 22, "StoreysInBasement": null, "TopHeight": 83.4}, "type": "Feature"}, {"geometry": {"coordinates": [[[833545.1963900011, 816268.7984400019], [833552.7726700008, 816276.074380001], [833560.1658900008, 816268.2494700011], [833549.4601200009, 816258.0477600023], [833543.6737200012, 816264.3059100024], [833546.7204500008, 816267.221760001], [833545.1963900011, 816268.7984400019]]], "type": "Polygon"}, "properties": {"BaseHeight": 4, "BuildingBlockType": "Tower", "BuildingCSUID": "3355416270T20050430", "BuildingID": 1103122989, "BuildingNameEN": null, "BuildingNameTC": null, "DateCreate": 1114790400000, "DateStamp": 1599580800000, "GeoRefNo": "3355416270", "OBJECTID": 90750, "Shape__Area": 148.97250144083625, "Shape__Length": 50.99092029584333, "Status": "Active", "Storeys": 6, "StoreysInBasement": null, "TopHeight": 25.9}, "type": "Feature"}, {"geometry": {"coordinates": [[[833864.0810600007, 816471.3293400016], [833812.7904500011, 816485.0628500022], [833809.8260900006, 816485.8580000009], [833804.9603100009, 816487.1631900016], [833805.5455400012, 816489.3432600014], [833808.3445100011, 816499.7698300015], [833812.468820001, 816515.133510001], [833817.1828200007, 816532.6938700024], [833823.6605100008, 816530.9609400015], [833857.9896000009, 816521.7771200016], [833869.7950900011, 816518.6188900024], [833876.3317500008, 816516.8701800015], [833864.0810600007, 816471.3293400016]]], "type": "Polygon"}, "properties": {"BaseHeight": 3.7, "BuildingBlockType": "Tower", "BuildingCSUID": "3386916494T20050430", "BuildingID": 1103121265, "BuildingNameEN": "Rumsey Street Multi-Storey Car Park", "BuildingNameTC": "林士街多層停車場", "DateCreate": 1114790400000, "DateStamp": 1394553600000, "GeoRefNo": "3386916494", "OBJECTID": 91723, "Shape__Area": 2886.5363153495136, "Shape__Length": 216.73580999418024, "Status": "Active", "Storeys": null, "StoreysInBasement": null, "TopHeight": 43.6}, "type": "Feature"}, {"geometry": {"coordinates": [[[833904.7518600011, 816397.5389300026], [833890.5100900009, 816374.7909400016], [833881.9764100006, 816361.1603200026], [833881.1804300006, 816359.8889300022], [833868.5258600004, 816367.8152600024], [833868.7792900009, 816368.6756600011], [833869.035600001, 816369.5458000023], [833858.6675300011, 816375.9852900021], [833858.6899100011, 816379.0065100025], [833850.5488900011, 816384.1194800027], [833850.5558000011, 816384.1449500024], [833855.8845400009, 816403.7735700011], [833860.5819000006, 816421.0764700025], [833860.5926600005, 816421.0838800017], [833862.7952100011, 816422.601710001], [833867.1884500012, 816419.7622200027], [833867.2278700005, 816419.7367400024], [833868.9307700004, 816422.4801700022], [833872.573880001, 816420.1906500012], [833899.4086300004, 816403.3263600022], [833905.6449100012, 816399.4071700014], [833905.8434000006, 816399.2824300025], [833904.7518600011, 816397.5389300026]]], "type": "Polygon"}, "properties": {"BaseHeight": 3.7, "BuildingBlockType": "Tower", "BuildingCSUID": "3388416410T20050430", "BuildingID": 1103121920, "BuildingNameEN": "Infinitus Plaza", "BuildingNameTC": "無限極廣場", "DateCreate": 1114790400000, "DateStamp": 1599580800000, "GeoRefNo": "3388416410", "OBJECTID": 91773, "Shape__Area": 1982.751605703384, "Shape__Length": 181.1391537554479, "Status": "Active", "Storeys": 30, "StoreysInBasement": null, "TopHeight": 121.8}, "type": "Feature"}, {"geometry": {"coordinates": [[[833778.6213100012, 816264.5506700017], [833774.0267400006, 816262.2035700027], [833770.3296300005, 816269.5600400027], [833772.4295000006, 816270.6881200019], [833778.4385300009, 816266.9417100027], [833778.8613200011, 816266.5970800016], [833779.0893700011, 816266.1446700022], [833779.1570500005, 816265.9000900015], [833779.1932300013, 816265.6325600017], [833779.0478200009, 816265.1469400022], [833778.8122400008, 816264.7181900013], [833778.6213100012, 816264.5506700017]]], "type": "Polygon"}, "properties": {"BaseHeight": 6.4, "BuildingBlockType": "Tower", "BuildingCSUID": "3377616265T20050430", "BuildingID": 1103123034, "BuildingNameEN": "Jervois House", "BuildingNameTC": "蘇杭樓", "DateCreate": 1114790400000, "DateStamp": 1599580800000, "GeoRefNo": "3377616265", "OBJECTID": 92620, "Shape__Area": 39.06678817458089, "Shape__Length": 25.683503913369847, "Status": "Active", "Storeys": 6, "StoreysInBasement": null, "TopHeight": 23.7}, "type": "Feature"}, {"geometry": {"coordinates": [[[833453.9323200006, 816253.0345700011], [833452.8522400009, 816251.8088600021], [833451.6767300004, 816252.8429700024], [833450.646110001, 816251.673270002], [833449.6802800009, 816250.5770900026], [833450.8305200012, 816249.5144600011], [833449.9415500006, 816248.5001200009], [833449.5467200009, 816248.0575200021], [833441.5636600005, 816255.0103600025], [833442.7730200011, 816256.4185900018], [833443.5080300011, 816257.2745100018], [833444.002580001, 816257.8504600022], [833445.2104800008, 816259.2570700012], [833445.9304600004, 816260.0955700018], [833446.3424600009, 816260.5753500015], [833454.3370400006, 816253.4938900024], [833453.9323200006, 816253.0345700011]]], "type": "Polygon"}, "properties": {"BaseHeight": 13.2, "BuildingBlockType": "Tower", "BuildingCSUID": "3344816254T20140507", "BuildingID": 1103123090, "BuildingNameEN": null, "BuildingNameTC": "太盛樓", "DateCreate": 1399392000000, "DateStamp": 1599580800000, "GeoRefNo": "3344816254", "OBJECTID": 92621, "Shape__Area": 72.7633610613718, "Shape__Length": 38.94081884845754, "Status": "Active", "Storeys": 5, "StoreysInBasement": null, "TopHeight": 34.6}, "type": "Feature"}, {"geometry": {"coordinates": [[[833673.4202100011, 816263.8265500013], [833665.679370001, 816263.4060600027], [833670.2499000011, 816270.8422800023], [833672.8927900009, 816271.0011000019], [833673.4202100011, 816263.8265500013]]], "type": "Polygon"}, "properties": {"BaseHeight": 3, "BuildingBlockType": "Tower", "BuildingCSUID": "3367016265T20050430", "BuildingID": 1103123039, "BuildingNameEN": null, "BuildingNameTC": null, "DateCreate": 1114790400000, "DateStamp": 1599580800000, "GeoRefNo": "3367016265", "OBJECTID": 92673, "Shape__Area": 37.343019181400756, "Shape__Length": 26.322342824600028, "Status": "Active", "Storeys": 6, "StoreysInBasement": null, "TopHeight": 24.3}, "type": "Feature"}, {"geometry": {"coordinates": [[[833677.6065700008, 816273.2421500012], [833682.7092700005, 816273.7724600025], [833682.7324600006, 816273.4368900023], [833683.3575800005, 816264.3663700018], [833678.3125100005, 816264.0923100021], [833677.6065700008, 816273.2421500012]]], "type": "Polygon"}, "properties": {"BaseHeight": 3, "BuildingBlockType": "Tower", "BuildingCSUID": "3368116265T20050430", "BuildingID": 1103123015, "BuildingNameEN": null, "BuildingNameTC": null, "DateCreate": 1114790400000, "DateStamp": 1599580800000, "GeoRefNo": "3368116265", "OBJECTID": 92674, "Shape__Area": 47.347943881101045, "Shape__Length": 28.78812928137297, "Status": "Active", "Storeys": 4, "StoreysInBasement": null, "TopHeight": 23.3}, "type": "Feature"}, {"geometry": {"coordinates": [[[833672.8927900009, 816271.0011000019], [833672.7608100008, 816272.728240002], [833675.9881700007, 816272.9138900023], [833675.6998800011, 816276.0124500021], [833677.3767700009, 816276.2197400015], [833677.4482400008, 816275.2939100023], [833677.6065700008, 816273.2421500012], [833678.3125100005, 816264.0923100021], [833673.4202100011, 816263.8265500013], [833672.8927900009, 816271.0011000019]]], "type": "Polygon"}, "properties": {"BaseHeight": 3, "BuildingBlockType": "Tower", "BuildingCSUID": "3367516265T20050430", "BuildingID": 1103122985, "BuildingNameEN": null, "BuildingNameTC": null, "DateCreate": 1114790400000, "DateStamp": 1599580800000, "GeoRefNo": "3367516265", "OBJECTID": 92675, "Shape__Area": 48.8904473037523, "Shape__Length": 34.0233661673057, "Status": "Active", "Storeys": 4, "StoreysInBasement": null, "TopHeight": 19.5}, "type": "Feature"}, {"geometry": {"coordinates": [[[833583.1109700007, 816315.9654900022], [833583.472190001, 816315.6988200024], [833583.9147500005, 816315.294900002], [833584.3161200006, 816314.8449500017], [833584.6665400006, 816314.3593500014], [833584.9671300007, 816313.8366200011], [833585.2083600005, 816313.2889400013], [833585.5130000012, 816312.2000000011], [833583.9710000008, 816312.0720000025], [833583.641210001, 816312.914090002], [833583.3486600006, 816313.4326100014], [833582.9728900008, 816313.9062200021], [833582.7627700008, 816314.1219800021], [833582.5403000005, 816314.3204200026], [833582.1626500012, 816314.5924200024], [833582.0502900006, 816314.6733500026], [833582.0075100008, 816314.6960800011], [833581.5205300013, 816314.9548000023], [833581.241870001, 816315.0669400021], [833580.6606600005, 816315.2345500011], [833580.0698100012, 816315.3116100021], [833579.0980000012, 816315.2840000018], [833578.6760000009, 816316.9220000021], [833579.8730200008, 816317.023430001], [833580.4708900005, 816316.9828000013], [833581.064770001, 816316.8796400018], [833581.641090001, 816316.7166800015], [833582.2014500005, 816316.493830001], [833582.9875200009, 816316.0566200018], [833583.1109700007, 816315.9654900022]]], "type": "Polygon"}, "properties": {"BaseHeight": null, "BuildingBlockType": "Open-sided Structure", "BuildingCSUID": "3358316314T20080228", "BuildingID": 1103122656, "BuildingNameEN": null, "BuildingNameTC": null, "DateCreate": 1204128000000, "DateStamp": 1285516800000, "GeoRefNo": "3358316314", "OBJECTID": 93448, "Shape__Area": 12.86914482061336, "Shape__Length": 18.85982114826777, "Status": "Active", "Storeys": null, "StoreysInBasement": null, "TopHeight": null}, "type": "Feature"}, {"geometry": {"coordinates": [[[833265.2990000006, 816386.8570000026], [833264.2380000008, 816384.836000001], [833263.3400100004, 816385.0391100012], [833262.3400100004, 816385.2090300024], [833261.3400100004, 816385.3184100017], [833260.3400100004, 816385.3594200015], [833259.8401900008, 816385.3438000027], [833259.3400100004, 816385.3281700015], [833258.3400100004, 816385.238330001], [833257.3400100004, 816385.0879400019], [833256.3595400006, 816384.8691900019], [833255.4080000008, 816384.6010000017], [833254.5450000009, 816386.6910000015], [833254.827010001, 816386.7804700024], [833255.1137200007, 816386.8687700015], [833255.4018800007, 816386.9522200022], [833255.6914000008, 816387.0307900012], [833255.982210001, 816387.1044500023], [833256.2742300006, 816387.1731800027], [833256.5673700012, 816387.2369700018], [833256.8615400009, 816387.2957900017], [833257.1566600008, 816387.3496300019], [833257.4526600009, 816387.3984800018], [833257.7494400004, 816387.4423100017], [833258.046910001, 816387.4811200015], [833258.3450000007, 816387.5149000026], [833258.6436200012, 816387.5436300021], [833259.0850000009, 816387.5800000019], [833259.5417800006, 816387.5994900018], [833259.8416600004, 816387.6079800017], [833260.141640001, 816387.6114000026], [833260.4416300012, 816387.6097500026], [833260.7415500004, 816387.6030200012], [833261.0413200008, 816387.5912300013], [833261.3408400007, 816387.5743700024], [833261.6400300004, 816387.5524500012], [833261.9388100011, 816387.5254700016], [833262.2371000005, 816387.4934500027], [833262.5347900009, 816387.4563900027], [833262.8318200009, 816387.4143100027], [833263.1281000013, 816387.3672000021], [833263.4235400008, 816387.3151000012], [833263.7180500012, 816387.2580100019], [833264.0115600005, 816387.1959500015], [833264.3039700007, 816387.1289300025], [833264.5952100009, 816387.0569900014], [833264.8852000004, 816386.9801200014], [833265.2990000006, 816386.8570000026]]], "type": "Polygon"}, "properties": {"BaseHeight": null, "BuildingBlockType": "Open-sided Structure", "BuildingCSUID": "3325916386T20080228", "BuildingID": 1103122152, "BuildingNameEN": null, "BuildingNameTC": null, "DateCreate": 1204128000000, "DateStamp": 1285516800000, "GeoRefNo": "3325916386", "OBJECTID": 93817, "Shape__Area": 22.450807914648024, "Shape__Length": 24.422069387276903, "Status": "Active", "Storeys": null, "StoreysInBasement": null, "TopHeight": null}, "type": "Feature"}, {"geometry": {"coordinates": [[[833501.648430001, 816385.3311200012], [833502.3638400007, 816386.4877400026], [833503.004040001, 816387.5259300023], [833503.6983000012, 816388.6451600026], [833504.1361700008, 816389.3023300022], [833514.6297200006, 816383.0084800012], [833511.879350001, 816378.2606100012], [833501.2192900004, 816384.6655800026], [833501.648430001, 816385.3311200012]]], "type": "Polygon"}, "properties": {"BaseHeight": 3.7, "BuildingBlockType": "Tower", "BuildingCSUID": "3350716384T20050430", "BuildingID": 1103122143, "BuildingNameEN": "UC Sheung Wan Complex East Substation", "BuildingNameTC": "上環市政大廈東變壓站", "DateCreate": 1114790400000, "DateStamp": 1121184000000, "GeoRefNo": "3350716384", "OBJECTID": 94273, "Shape__Area": 67.65137331795292, "Shape__Length": 35.63788742050182, "Status": "Active", "Storeys": null, "StoreysInBasement": null, "TopHeight": 13.9}, "type": "Feature"}, {"geometry": {"coordinates": [[[833630.0071600005, 816560.8009700011], [833636.9792000009, 816586.7722400017], [833640.3109500008, 816585.8660200015], [833641.0119200004, 816588.3767100014], [833748.6558500007, 816559.1864500027], [833748.1481500007, 816557.5428100023], [833750.0000000009, 816556.924920002], [833750.2288700007, 816556.8490600027], [833751.204570001, 816556.5207300019], [833750.0000000009, 816552.0508400016], [833744.3481900012, 816530.4643700011], [833741.3255400006, 816531.3127100021], [833740.6774700005, 816529.1319700014], [833631.7885700008, 816558.4061000012], [833632.2819000008, 816560.1813400015], [833630.0071600005, 816560.8009700011]]], "type": "Polygon"}, "properties": {"BaseHeight": 3.9, "BuildingBlockType": "Tower", "BuildingCSUID": "3368716545T20050430", "BuildingID": 1103120949, "BuildingNameEN": "Shun Tak Centre", "BuildingNameTC": "信德中心", "DateCreate": 1114790400000, "DateStamp": 1285516800000, "GeoRefNo": "3368716545", "OBJECTID": 94513, "Shape__Area": 3664.0946426128157, "Shape__Length": 298.738289316578, "Status": "Active", "Storeys": null, "StoreysInBasement": null, "TopHeight": 33.1}, "type": "Feature"}, {"geometry": {"coordinates": [[[833388.8232700005, 816475.3013400026], [833395.6666300008, 816469.3537200019], [833372.586910001, 816441.8645300027], [833365.6697600009, 816447.7592200022], [833388.8232700005, 816475.3013400026]]], "type": "Polygon"}, "properties": {"BaseHeight": 3, "BuildingBlockType": "Tower", "BuildingCSUID": "3338816473T20050430", "BuildingID": 1103121613, "BuildingNameEN": "Kin Tye Lung Building", "BuildingNameTC": "乾泰隆大廈", "DateCreate": 1114790400000, "DateStamp": 1599580800000, "GeoRefNo": "3338816473", "OBJECTID": 94794, "Shape__Area": 326.191783386977, "Shape__Length": 90.02947486429245, "Status": "Active", "Storeys": 17, "StoreysInBasement": null, "TopHeight": 67.3}, "type": "Feature"}, {"geometry": {"coordinates": [[[833497.5454700012, 816388.7595400009], [833499.0240000011, 816391.0928000025], [833500.8118700013, 816389.9374100026], [833499.3303500004, 816387.5892600026], [833497.5454700012, 816388.7595400009]]], "type": "Polygon"}, "properties": {"BaseHeight": 3.7, "BuildingBlockType": "Tower", "BuildingCSUID": "3349916389T20050430", "BuildingID": 1103122138, "BuildingNameEN": "SHEUNG WAN MUNICIPAL SERVICES BUILDING", "BuildingNameTC": "上環市政大廈", "DateCreate": 1114790400000, "DateStamp": 1285516800000, "GeoRefNo": "3349916389", "OBJECTID": 94883, "Shape__Area": 5.902401765126987, "Shape__Length": 9.801766337623038, "Status": "Active", "Storeys": null, "StoreysInBasement": null, "TopHeight": 6.7}, "type": "Feature"}, {"geometry": {"coordinates": [[[833293.7676300006, 816392.9371800013], [833296.1256400011, 816390.7536900025], [833293.7676300006, 816388.0713800024], [833291.3347300012, 816390.3171300013], [833293.7676300006, 816392.9371800013]]], "type": "Polygon"}, "properties": {"BaseHeight": 5.5, "BuildingBlockType": "Tower", "BuildingCSUID": "3329416390T20050430", "BuildingID": 1103122122, "BuildingNameEN": null, "BuildingNameTC": null, "DateCreate": 1114790400000, "DateStamp": 1285516800000, "GeoRefNo": "3329416390", "OBJECTID": 94884, "Shape__Area": 11.655804936235082, "Shape__Length": 13.671485577572355, "Status": "Active", "Storeys": null, "StoreysInBasement": null, "TopHeight": 9.8}, "type": "Feature"}, {"geometry": {"coordinates": [[[833630.0071600005, 816560.8009700011], [833626.9580100011, 816549.4428400025], [833578.4390700012, 816562.5192300025], [833588.5193100004, 816599.9533000011], [833636.9792000009, 816586.7722400017], [833630.0071600005, 816560.8009700011]]], "type": "Polygon"}, "properties": {"BaseHeight": 21.3, "BuildingBlockType": "Tower", "BuildingCSUID": "3360716574T20050430", "BuildingID": 1103120896, "BuildingNameEN": "Shun Tak Centre West Tower", "BuildingNameTC": "信德中心西座", "DateCreate": 1114790400000, "DateStamp": 1599580800000, "GeoRefNo": "3360716574", "OBJECTID": 94904, "Shape__Area": 1944.5720156801476, "Shape__Length": 177.88932936849528, "Status": "Active", "Storeys": 31, "StoreysInBasement": null, "TopHeight": 150.8}, "type": "Feature"}, {"geometry": {"coordinates": [[[833378.2055200012, 816484.5292800013], [833381.703110001, 816481.4894600026], [833369.6403600005, 816467.7537800018], [833366.2285700012, 816470.7902400009], [833378.2055200012, 816484.5292800013]]], "type": "Polygon"}, "properties": {"BaseHeight": 3, "BuildingBlockType": "Tower", "BuildingCSUID": "3337616480T20050430", "BuildingID": 1103121558, "BuildingNameEN": "MSC BUILDING", "BuildingNameTC": "萬順昌大廈", "DateCreate": 1114790400000, "DateStamp": 1599580800000, "GeoRefNo": "3337616480", "OBJECTID": 95490, "Shape__Area": 83.97630728145587, "Shape__Length": 45.70843306092985, "Status": "Active", "Storeys": 6, "StoreysInBasement": null, "TopHeight": 27.1}, "type": "Feature"}, {"geometry": {"coordinates": [[[833532.2982400004, 816463.0616900027], [833531.6386100007, 816460.1459700018], [833531.8167800009, 816460.0482000019], [833531.9824400004, 816459.9305300023], [833532.1335500004, 816459.7945600022], [833532.2678900007, 816459.6420900021], [833532.383820001, 816459.4751700014], [833532.4796200013, 816459.296000002], [833532.5542200012, 816459.1069800016], [833532.6064900011, 816458.9106500018], [833532.672580001, 816458.3867300022], [833532.6817500005, 816458.1837700009], [833532.669590001, 816457.9809900019], [833532.6362100011, 816457.780580001], [833532.582010001, 816457.5848000012], [833532.5075800009, 816457.3957800027], [833532.4137000004, 816457.2156100012], [833532.3014600007, 816457.0462900009], [833532.172030001, 816456.8896800019], [833532.0268800007, 816456.7474700026], [833531.8676500004, 816456.6212600023], [833531.6961100008, 816456.5124600027], [833531.5140000004, 816456.4222500026], [833531.3234700011, 816456.351590002], [833531.1265500011, 816456.3013100009], [833530.6407900006, 816456.255160002], [833530.4378000004, 816456.2650200017], [833530.2368600005, 816456.2955900021], [833530.040000001, 816456.3465600014], [833529.8494600011, 816456.4173900019], [833529.6671700012, 816456.5073100012], [833529.4950600006, 816456.6154200025], [833529.3348800009, 816456.7405400015], [833529.0710900007, 816457.0182200018], [833525.6204500012, 816457.708680002], [833525.438240001, 816457.6189800017], [833525.2451300006, 816457.5559800025], [833525.0450000009, 816457.5209700018], [833524.8419200005, 816457.5146800019], [833524.6399600012, 816457.5372100025], [833524.4433000004, 816457.5881100018], [833524.2557100011, 816457.666360002], [833524.0811600005, 816457.7703600023], [833523.8437500009, 816457.9781700019], [833523.7184700007, 816458.1382400021], [833523.6113000009, 816458.3108900022], [833523.5232800012, 816458.4940500017], [833523.4555700012, 816458.6856300011], [833523.4088500012, 816458.8833600022], [833523.3837600006, 816459.0849800017], [833523.3805000009, 816459.2881000023], [833523.3991600005, 816459.490410002], [833523.4395100009, 816459.6895000022], [833523.5010700012, 816459.8830800019], [833523.5831500012, 816460.0689000022], [833523.6848500008, 816460.2447800022], [833523.8048200011, 816460.4086700026], [833523.9418700011, 816460.5587100014], [833524.0942600006, 816460.6930900011], [833524.2602200005, 816460.8102700021], [833524.4378200006, 816460.9089100026], [833524.8096400006, 816461.0436400026], [833524.6537500005, 816461.174130002], [833524.3819500012, 816461.4758700021], [833524.1711900011, 816461.822900001], [833524.0313500008, 816462.193570001], [833523.9886000007, 816462.3921800014], [833523.9692400005, 816462.5944000017], [833523.9734500004, 816462.7975000013], [833524.0012100004, 816462.9987100009], [833524.0522200009, 816463.195340002], [833524.1256900011, 816463.3847000021], [833524.2207200006, 816463.5642300025], [833524.3359500011, 816463.7315200027], [833524.469920001, 816463.8842800017], [833524.620670001, 816464.0204500016], [833525.0099000009, 816464.2726600021], [833525.194790001, 816464.3569900021], [833525.3879000004, 816464.4200500026], [833525.5870000012, 816464.4609900024], [833525.7893700004, 816464.4793100022], [833526.1088700006, 816464.4618600011], [833532.2982400004, 816463.0616900027]]], "type": "Polygon"}, "properties": {"BaseHeight": 3.7, "BuildingBlockType": "Tower", "BuildingCSUID": "3352916461T20050430", "BuildingID": 1103121668, "BuildingNameEN": null, "BuildingNameTC": null, "DateCreate": 1114790400000, "DateStamp": 1121184000000, "GeoRefNo": "3352916461", "OBJECTID": 95641, "Shape__Area": 56.58162342988114, "Shape__Length": 30.976136356200072, "Status": "Active", "Storeys": null, "StoreysInBasement": null, "TopHeight": 13.2}, "type": "Feature"}, {"geometry": {"coordinates": [[[833419.0998300007, 816311.0533300024], [833424.7644000007, 816305.8382800017], [833423.0597800007, 816301.8909000009], [833416.591430001, 816304.0896800011], [833416.514130001, 816304.1581900027], [833415.8864000011, 816304.7147900015], [833415.2586700004, 816305.2713600025], [833414.624950001, 816305.8332500011], [833419.0998300007, 816311.0533300024]]], "type": "Polygon"}, "properties": {"BaseHeight": 11.9, "BuildingBlockType": "Tower", "BuildingCSUID": "3342016306T20050430", "BuildingID": 1103122691, "BuildingNameEN": "Lok Ku Road Refuse Collection Point", "BuildingNameTC": "樂古道垃圾收集站", "DateCreate": 1114790400000, "DateStamp": 1121184000000, "GeoRefNo": "3342016306", "OBJECTID": 95711, "Shape__Area": 49.93805572409572, "Shape__Length": 28.334907311131587, "Status": "Active", "Storeys": null, "StoreysInBasement": null, "TopHeight": 22.4}, "type": "Feature"}, {"geometry": {"coordinates": [[[833750.2288700007, 816556.8490600027], [833753.4795700004, 816568.8417300023], [833791.1141600013, 816558.7445300017], [833777.775940001, 816509.0239100009], [833750.0000000009, 816516.4759600013], [833741.2994100004, 816518.8138400018], [833744.3481900012, 816530.4643700011], [833750.0000000009, 816552.0508400016], [833751.204570001, 816556.5207300019], [833750.2288700007, 816556.8490600027]]], "type": "Polygon"}, "properties": {"BaseHeight": 3.9, "BuildingBlockType": "Tower", "BuildingCSUID": "3376016519T20050430", "BuildingID": 1103121066, "BuildingNameEN": "China Merchants Tower", "BuildingNameTC": "招商局大廈", "DateCreate": 1114790400000, "DateStamp": 1599580800000, "GeoRefNo": "3376016519", "OBJECTID": 95750, "Shape__Area": 1963.8850980375832, "Shape__Length": 180.65280324704239, "Status": "Active", "Storeys": 31, "StoreysInBasement": null, "TopHeight": 151.2}, "type": "Feature"}, {"geometry": {"coordinates": [[[833341.6882100012, 816288.114140002], [833337.584950001, 816285.9840600025], [833334.4067300009, 816288.8573900014], [833333.4148100009, 816289.7541800011], [833332.4389900006, 816290.6363800019], [833331.4631800009, 816291.5185900014], [833330.4873700012, 816292.4007900022], [833329.904120001, 816292.9280700013], [833328.7021000013, 816294.014750002], [833331.378440001, 816297.1487500016], [833333.133390001, 816295.6108400021], [833341.6882100012, 816288.114140002]]], "type": "Polygon"}, "properties": {"BaseHeight": 18, "BuildingBlockType": "Tower", "BuildingCSUID": "3333316292T20050430", "BuildingID": 1103122801, "BuildingNameEN": null, "BuildingNameTC": null, "DateCreate": 1114790400000, "DateStamp": 1599580800000, "GeoRefNo": "3333316292", "OBJECTID": 95818, "Shape__Area": 54.18157088944618, "Shape__Length": 34.4275342921813, "Status": "Active", "Storeys": 6, "StoreysInBasement": 1, "TopHeight": 37.5}, "type": "Feature"}, {"geometry": {"coordinates": [[[833297.8748100009, 816357.5939900018], [833298.063000001, 816356.7150000017], [833298.1951200012, 816355.7043400016], [833298.2654400012, 816354.7541400027], [833298.2537200004, 816353.7941800021], [833298.1110000005, 816352.808000002], [833295.8180000009, 816352.8990000021], [833296.018050001, 816353.7177600022], [833296.1116500013, 816354.6850500014], [833296.0804500012, 816355.5899300016], [833295.9750000006, 816356.3600000013], [833295.7060200004, 816357.5401000027], [833295.4251900008, 816358.5073800012], [833295.0466900012, 816359.4143000022], [833294.5960000008, 816360.2420000024], [833296.4070000006, 816361.381000001], [833296.8865300007, 816360.2941800021], [833297.2732500006, 816359.424060002], [833297.6052800007, 816358.523670001], [833297.8748100009, 816357.5939900018]]], "type": "Polygon"}, "properties": {"BaseHeight": null, "BuildingBlockType": "Open-sided Structure", "BuildingCSUID": "3329616357T20080228", "BuildingID": 1103122320, "BuildingNameEN": null, "BuildingNameTC": null, "DateCreate": 1204128000000, "DateStamp": 1285516800000, "GeoRefNo": "3329616357", "OBJECTID": 95855, "Shape__Area": 17.53211467746736, "Shape__Length": 20.96947571390114, "Status": "Active", "Storeys": null, "StoreysInBasement": null, "TopHeight": null}, "type": "Feature"}, {"geometry": {"coordinates": [[[833277.9313600007, 816297.517930001], [833282.4403100004, 816302.785840001], [833284.7494800007, 816300.8701500017], [833284.2438400006, 816300.2793000024], [833280.213750001, 816295.570960002], [833277.9313600007, 816297.517930001]]], "type": "Polygon"}, "properties": {"BaseHeight": null, "BuildingBlockType": "Open-sided Structure", "BuildingCSUID": "3328116299T20080228", "BuildingID": 1103122752, "BuildingNameEN": "BUTTERFLY ON HOLLYWOOD", "BuildingNameTC": "晉逸好萊塢精品酒店", "DateCreate": 1204128000000, "DateStamp": 1285516800000, "GeoRefNo": "3328116299", "OBJECTID": 95866, "Shape__Area": 20.864226145280576, "Shape__Length": 19.909698649464598, "Status": "Active", "Storeys": null, "StoreysInBasement": null, "TopHeight": null}, "type": "Feature"}, {"geometry": {"coordinates": [[[833651.0721600009, 816466.1456400026], [833652.157660001, 816465.8548300024], [833651.698020001, 816464.0984700024], [833650.5885700006, 816464.3895700015], [833650.7806600006, 816465.0871400014], [833651.0319200009, 816465.9995200019], [833651.0721600009, 816466.1456400026]]], "type": "Polygon"}, "properties": {"BaseHeight": 3.6, "BuildingBlockType": "Tower", "BuildingCSUID": "3365116465T20050430", "BuildingID": 1103121663, "BuildingNameEN": "GD REAL ESTATE TOWER", "BuildingNameTC": "粵海置業大廈", "DateCreate": 1114790400000, "DateStamp": 1285516800000, "GeoRefNo": "3365116465", "OBJECTID": 95875, "Shape__Area": 2.0646280250923947, "Shape__Length": 5.9077311248942115, "Status": "Active", "Storeys": null, "StoreysInBasement": null, "TopHeight": 6.7}, "type": "Feature"}, {"geometry": {"coordinates": [[[833859.0660000006, 816282.8950000014], [833856.2918900009, 816280.3687500022], [833853.7044400005, 816277.6516300011], [833851.3167600008, 816274.7573900018], [833849.1409500008, 816271.7006900012], [833847.188000001, 816268.4970000014], [833846.5390400011, 816267.225610001], [833844.7242600005, 816267.7109500021], [833844.4132000012, 816267.7941400018], [833846.7611100012, 816276.5733800009], [833848.973650001, 816284.8464100026], [833849.9678500006, 816288.5638700016], [833850.279000001, 816288.4810000025], [833858.4910000004, 816286.2860000022], [833859.0660000006, 816282.8950000014]]], "type": "Polygon"}, "properties": {"BaseHeight": null, "BuildingBlockType": "Open-sided Structure", "BuildingCSUID": "3385116279T20080228", "BuildingID": 1103122864, "BuildingNameEN": null, "BuildingNameTC": null, "DateCreate": 1204128000000, "DateStamp": 1285516800000, "GeoRefNo": "3385116279", "OBJECTID": 95974, "Shape__Area": 131.4045058694236, "Shape__Length": 56.149432110180086, "Status": "Active", "Storeys": null, "StoreysInBasement": null, "TopHeight": null}, "type": "Feature"}, {"geometry": {"coordinates": [[[833215.3383800006, 816442.2453600019], [833217.7174700005, 816443.522040002], [833218.9941500006, 816441.1429500021], [833218.6221800009, 816440.9406900015], [833217.0188200008, 816440.0802900009], [833216.6150600007, 816439.866270002], [833215.3383800006, 816442.2453600019]]], "type": "Polygon"}, "properties": {"BaseHeight": null, "BuildingBlockType": "Open-sided Structure", "BuildingCSUID": "3321716441T20080228", "BuildingID": 1103121774, "BuildingNameEN": null, "BuildingNameTC": null, "DateCreate": 1204128000000, "DateStamp": 1285516800000, "GeoRefNo": "3321716441", "OBJECTID": 97765, "Shape__Area": 7.295257092783818, "Shape__Length": 10.799998365431465, "Status": "Active", "Storeys": null, "StoreysInBasement": null, "TopHeight": null}, "type": "Feature"}, {"geometry": {"coordinates": [[[833304.4363100007, 816439.269460002], [833300.045450001, 816434.2107300013], [833299.4272700008, 816434.5873500016], [833296.6359600006, 816436.8195000011], [833302.144150001, 816443.5484400019], [833304.078110001, 816441.9071300011], [833303.0360700004, 816440.6045800019], [833304.4363100007, 816439.269460002]]], "type": "Polygon"}, "properties": {"BaseHeight": 5.5, "BuildingBlockType": "Tower", "BuildingCSUID": "3329816437T20050430", "BuildingID": 1103121773, "BuildingNameEN": "BONHAM COMMERCIAL CENTRE", "BuildingNameTC": "南北行商業中心", "DateCreate": 1114790400000, "DateStamp": 1285516800000, "GeoRefNo": "3329816437", "OBJECTID": 97887, "Shape__Area": 34.66119121903088, "Shape__Length": 25.83174500297081, "Status": "Active", "Storeys": null, "StoreysInBasement": null, "TopHeight": 15.5}, "type": "Feature"}, {"geometry": {"coordinates": [[[833369.6505800011, 816536.7822100017], [833376.5536100008, 816534.1878500022], [833375.477020001, 816531.8042500019], [833368.7019300004, 816534.601350002], [833369.6505800011, 816536.7822100017]]], "type": "Polygon"}, "properties": {"BaseHeight": 3, "BuildingBlockType": "Tower", "BuildingCSUID": "3337216534T20050519", "BuildingID": 1103121241, "BuildingNameEN": "WAYSON COMMERCIAL BUILDING", "BuildingNameTC": "威勝商業大廈", "DateCreate": 1116432000000, "DateStamp": 1599580800000, "GeoRefNo": "3337216534", "OBJECTID": 98013, "Shape__Area": 18.338058017063247, "Shape__Length": 19.697932815300856, "Status": "Active", "Storeys": 21, "StoreysInBasement": null, "TopHeight": 18.3}, "type": "Feature"}, {"geometry": {"coordinates": [[[833296.5794900004, 816441.2497500014], [833293.9986000005, 816443.3963200022], [833295.7282200009, 816445.4305700026], [833298.2707300009, 816443.3159200009], [833296.5794900004, 816441.2497500014]]], "type": "Polygon"}, "properties": {"BaseHeight": 5.5, "BuildingBlockType": "Tower", "BuildingCSUID": "3329616443T20050430", "BuildingID": 1103121764, "BuildingNameEN": "QUEEN STREET COOKED FOOD MARKET", "BuildingNameTC": "皇后街熟食市場", "DateCreate": 1114790400000, "DateStamp": 1285516800000, "GeoRefNo": "3329616443", "OBJECTID": 98014, "Shape__Area": 8.896282222384595, "Shape__Length": 12.004119749186117, "Status": "Active", "Storeys": null, "StoreysInBasement": null, "TopHeight": 9.1}, "type": "Feature"}, {"geometry": {"coordinates": [[[833748.6590000009, 816228.5200000014], [833745.5551200006, 816234.423080001], [833745.4407000011, 816234.640680002], [833744.961000001, 816235.5530000012], [833750.0000000009, 816238.2266900018], [833785.6320000011, 816257.1330000013], [833787.4020000007, 816255.722000001], [833788.2651900006, 816254.718150001], [833788.9072700012, 816253.5603300016], [833789.3016500007, 816252.2965000011], [833789.4237800008, 816251.6418800019], [833789.4378500013, 816251.2619900014], [833789.432000001, 816250.9790000021], [833789.2366200006, 816250.5896900017], [833788.9839000013, 816250.2864300013], [833788.4784600008, 816249.8719600011], [833787.952800001, 816249.5484800022], [833787.0700000012, 816249.188000001], [833783.1870700009, 816247.5498200022], [833779.2076800009, 816246.1622700021], [833775.148000001, 816245.0310000014], [833771.1087900009, 816243.4227600023], [833767.2234600009, 816241.4719000012], [833763.5210000006, 816239.1930000018], [833758.432000001, 816235.790000001], [833753.4590200009, 816232.2712500021], [833750.0000000009, 816229.5680000018], [833748.6590000009, 816228.5200000014]]], "type": "Polygon"}, "properties": {"BaseHeight": 4.3, "BuildingBlockType": "Tower", "BuildingCSUID": "3377816251T20050430", "BuildingID": 1103123107, "BuildingNameEN": "Kai Fung Building", "BuildingNameTC": "啓豐大廈", "DateCreate": 1114790400000, "DateStamp": 1599580800000, "GeoRefNo": "3377816251", "OBJECTID": 98047, "Shape__Area": 300.40124240092337, "Shape__Length": 108.59858658260818, "Status": "Active", "Storeys": 8, "StoreysInBasement": 1, "TopHeight": 34.7}, "type": "Feature"}, {"geometry": {"coordinates": [[[833207.5535000004, 816266.8390600011], [833205.2000900004, 816268.8234100025], [833207.0731600011, 816271.0828400012], [833206.7314300006, 816271.5060300026], [833209.9619800011, 816275.2184400018], [833212.5944400011, 816272.962840002], [833207.5535000004, 816266.8390600011]]], "type": "Polygon"}, "properties": {"BaseHeight": 17.4, "BuildingBlockType": "Tower", "BuildingCSUID": "3320816271T20050430", "BuildingID": 1103123004, "BuildingNameEN": "TUNG WAH HOSPITAL", "BuildingNameTC": "東華醫院", "DateCreate": 1114790400000, "DateStamp": 1285516800000, "GeoRefNo": "3320816271", "OBJECTID": 98091, "Shape__Area": 26.703465374414566, "Shape__Length": 22.876696147666088, "Status": "Active", "Storeys": null, "StoreysInBasement": null, "TopHeight": 20.8}, "type": "Feature"}, {"geometry": {"coordinates": [[[833900.2007100005, 816267.7113800012], [833902.5136300009, 816271.2363100015], [833915.5929900007, 816262.6159200016], [833913.3236700008, 816259.3132500015], [833901.3097400004, 816267.001910001], [833900.2007100005, 816267.7113800012]]], "type": "Polygon"}, "properties": {"BaseHeight": null, "BuildingBlockType": "Open-sided Structure", "BuildingCSUID": "3390616266T20080228", "BuildingID": 1103123036, "BuildingNameEN": "CHUN WO COMMERCIAL CENTRE", "BuildingNameTC": "俊和商業中心", "DateCreate": 1204128000000, "DateStamp": 1285516800000, "GeoRefNo": "3390616266", "OBJECTID": 98226, "Shape__Area": 64.21875994321002, "Shape__Length": 39.46795438759548, "Status": "Active", "Storeys": null, "StoreysInBasement": null, "TopHeight": null}, "type": "Feature"}, {"geometry": {"coordinates": [[[833254.4492200008, 816324.3300800025], [833253.1601600004, 816325.2597700022], [833251.8290000008, 816326.3920000009], [833253.3750000009, 816328.1510000024], [833254.4248100007, 816327.1798500009], [833254.5041900007, 816327.120000001], [833255.4389000004, 816326.4153800011], [833256.4997900007, 816325.6665200014], [833257.6180000007, 816325.0380000025], [833258.6995800007, 816324.4028000012], [833259.9164900007, 816323.8567600027], [833261.0865900004, 816323.388720002], [833262.3210000005, 816322.9740000013], [833261.5950000007, 816320.654000001], [833260.1193100009, 816321.2981300019], [833258.6093700007, 816321.9902300015], [833257.3730000006, 816322.6500000022], [833255.7890600013, 816323.469730001], [833254.4492200008, 816324.3300800025]]], "type": "Polygon"}, "properties": {"BaseHeight": null, "BuildingBlockType": "Open-sided Structure", "BuildingCSUID": "3325516324T20080228", "BuildingID": 1103122559, "BuildingNameEN": null, "BuildingNameTC": null, "DateCreate": 1204128000000, "DateStamp": 1285516800000, "GeoRefNo": "3325516324", "OBJECTID": 98594, "Shape__Area": 24.756743496015346, "Shape__Length": 26.589926913428737, "Status": "Active", "Storeys": null, "StoreysInBasement": null, "TopHeight": null}, "type": "Feature"}, {"geometry": {"coordinates": [[[833658.2634000005, 816323.2503200024], [833661.6759000011, 816321.7632400021], [833664.8647500006, 816320.3600500021], [833663.7498700004, 816318.7151100021], [833658.2634000005, 816323.2503200024]]], "type": "Polygon"}, "properties": {"BaseHeight": null, "BuildingBlockType": "Open-sided Structure", "BuildingCSUID": "3366116321T20080228", "BuildingID": 1103122604, "BuildingNameEN": "E I B CENTRE", "BuildingNameTC": "泰基商業大廈", "DateCreate": 1204128000000, "DateStamp": 1285516800000, "GeoRefNo": "3366116321", "OBJECTID": 98596, "Shape__Area": 7.063719852663892, "Shape__Length": 16.31176661350476, "Status": "Active", "Storeys": null, "StoreysInBasement": null, "TopHeight": null}, "type": "Feature"}, {"geometry": {"coordinates": [[[833570.2540800013, 816320.7796500027], [833570.4572800007, 816320.4534000009], [833572.210190001, 816317.6389900018], [833571.1433700006, 816316.9779900014], [833569.187260001, 816320.1186500024], [833570.2540800013, 816320.7796500027]]], "type": "Polygon"}, "properties": {"BaseHeight": null, "BuildingBlockType": "Open-sided Structure", "BuildingCSUID": "3357016319T20080228", "BuildingID": 1103122627, "BuildingNameEN": null, "BuildingNameTC": null, "DateCreate": 1204128000000, "DateStamp": 1285516800000, "GeoRefNo": "3357016319", "OBJECTID": 98856, "Shape__Area": 4.6435082232865525, "Shape__Length": 9.910030882518662, "Status": "Active", "Storeys": null, "StoreysInBasement": null, "TopHeight": null}, "type": "Feature"}, {"geometry": {"coordinates": [[[833563.580740001, 816323.3520900011], [833564.6040000012, 816324.1220000014], [833566.8830000004, 816321.2080000024], [833565.8974700011, 816320.4372300021], [833563.580740001, 816323.3520900011]]], "type": "Polygon"}, "properties": {"BaseHeight": null, "BuildingBlockType": "Open-sided Structure", "BuildingCSUID": "3356516322T20080228", "BuildingID": 1103122594, "BuildingNameEN": null, "BuildingNameTC": null, "DateCreate": 1204128000000, "DateStamp": 1285516800000, "GeoRefNo": "3356516322", "OBJECTID": 98868, "Shape__Area": 4.697376242393589, "Shape__Length": 9.954445428608988, "Status": "Active", "Storeys": null, "StoreysInBasement": null, "TopHeight": null}, "type": "Feature"}, {"geometry": {"coordinates": [[[833446.405770001, 816461.7412200011], [833455.2863300005, 816459.8450600021], [833454.5221700007, 816456.4474300016], [833450.8439100012, 816440.2115600016], [833446.5067300005, 816441.1490200013], [833447.0350300008, 816443.5932200011], [833442.6854700008, 816444.5333600026], [833442.8338900004, 816445.2199800014], [833446.405770001, 816461.7412200011]]], "type": "Polygon"}, "properties": {"BaseHeight": 3, "BuildingBlockType": "Tower", "BuildingCSUID": "3344416445T20050430", "BuildingID": 1103121685, "BuildingNameEN": "Hang Fat Building", "BuildingNameTC": "恆發大廈", "DateCreate": 1114790400000, "DateStamp": 1599580800000, "GeoRefNo": "3344416445", "OBJECTID": 98907, "Shape__Area": 169.65352425384302, "Shape__Length": 58.20396532727847, "Status": "Active", "Storeys": 14, "StoreysInBasement": null, "TopHeight": 52.7}, "type": "Feature"}, {"geometry": {"coordinates": [[[833467.3486400004, 816453.7462700009], [833476.0077400012, 816451.9227400012], [833469.7075700006, 816424.0263400022], [833468.7296700012, 816424.1324800011], [833467.7224700004, 816424.2903600018], [833466.9353500009, 816424.4954100009], [833466.3520100005, 816424.673940001], [833465.7754700007, 816424.8734200019], [833465.5239300011, 816424.9955600016], [833464.9988000011, 816425.3055200018], [833464.6693400005, 816425.5437900014], [833461.585810001, 816428.0867600013], [833462.5813500006, 816432.5194700025], [833467.3486400004, 816453.7462700009]]], "type": "Polygon"}, "properties": {"BaseHeight": 3, "BuildingBlockType": "Tower", "BuildingCSUID": "3346916451T20050430", "BuildingID": 1103121727, "BuildingNameEN": "Hang Lok Building", "BuildingNameTC": "恒樂大廈", "DateCreate": 1114790400000, "DateStamp": 1599580800000, "GeoRefNo": "3346916451", "OBJECTID": 98908, "Shape__Area": 247.74926438077912, "Shape__Length": 73.0761929779305, "Status": "Active", "Storeys": 12, "StoreysInBasement": null, "TopHeight": 45.7}, "type": "Feature"}, {"geometry": {"coordinates": [[[833502.0931900004, 816442.9838400017], [833507.1135200011, 816441.8613100015], [833501.6242900006, 816417.4997000024], [833496.626290001, 816418.5338800009], [833502.0931900004, 816442.9838400017]]], "type": "Polygon"}, "properties": {"BaseHeight": 3.7, "BuildingBlockType": "Tower", "BuildingCSUID": "3349816419T20050430", "BuildingID": 1103121778, "BuildingNameEN": "Hing Tai Commercial Building", "BuildingNameTC": "興泰商業大廈", "DateCreate": 1114790400000, "DateStamp": 1599580800000, "GeoRefNo": "3349816419", "OBJECTID": 98909, "Shape__Area": 128.15990280326696, "Shape__Length": 60.27424241312387, "Status": "Active", "Storeys": 11, "StoreysInBasement": null, "TopHeight": 41.1}, "type": "Feature"}, {"geometry": {"coordinates": [[[833378.9941900009, 816384.6320700012], [833382.3110300004, 816381.5182600021], [833379.1557900012, 816379.2072500009], [833377.1996400012, 816380.781680001], [833375.2576800007, 816382.3446400017], [833378.1092600012, 816385.4628300015], [833378.9941900009, 816384.6320700012]]], "type": "Polygon"}, "properties": {"BaseHeight": 4.9, "BuildingBlockType": "Tower", "BuildingCSUID": "3337916380T20050430", "BuildingID": 1103122161, "BuildingNameEN": "Hiang Kie House", "BuildingNameTC": null, "DateCreate": 1114790400000, "DateStamp": 1393948800000, "GeoRefNo": "3337916380", "OBJECTID": 98910, "Shape__Area": 21.628936869457196, "Shape__Length": 18.903570578247127, "Status": "Active", "Storeys": null, "StoreysInBasement": null, "TopHeight": 23.1}, "type": "Feature"}, {"geometry": {"coordinates": [[[833727.3270000005, 816321.0835800022], [833729.7192600006, 816320.3692400027], [833728.1236800011, 816314.6179600023], [833725.7933400013, 816315.2752800025], [833727.3270000005, 816321.0835800022]]], "type": "Polygon"}, "properties": {"BaseHeight": null, "BuildingBlockType": "Open-sided Structure", "BuildingCSUID": "3372716318T20080228", "BuildingID": 1103122625, "BuildingNameEN": "THE STRAND", "BuildingNameTC": "慶豐商業大廈", "DateCreate": 1204128000000, "DateStamp": 1285516800000, "GeoRefNo": "3372716318", "OBJECTID": 98991, "Shape__Area": 14.720881461028103, "Shape__Length": 16.893782909117384, "Status": "Active", "Storeys": null, "StoreysInBasement": null, "TopHeight": null}, "type": "Feature"}, {"geometry": {"coordinates": [[[833577.9939600006, 816360.8856000025], [833578.5432700012, 816362.9152200017], [833580.2043800009, 816369.0526900012], [833581.2857000008, 816369.8806000017], [833587.6784000006, 816368.2117000017], [833588.2005000012, 816367.4518000018], [833586.0320500005, 816358.8393200021], [833577.9939600006, 816360.8856000025]]], "type": "Polygon"}, "properties": {"BaseHeight": 3.3, "BuildingBlockType": "Tower", "BuildingCSUID": "3358216364T20090423", "BuildingID": 1103122258, "BuildingNameEN": "MW Tower", "BuildingNameTC": null, "DateCreate": 1240416000000, "DateStamp": 1599580800000, "GeoRefNo": "3358216364", "OBJECTID": 99348, "Shape__Area": 77.42324336828932, "Shape__Length": 34.52746307848145, "Status": "Active", "Storeys": 23, "StoreysInBasement": null, "TopHeight": 83.5}, "type": "Feature"}, {"geometry": {"coordinates": [[[833639.4134100005, 816353.0445300024], [833640.0104900012, 816355.1977100018], [833642.6216100007, 816354.4396700021], [833642.1913400004, 816352.5542300027], [833643.7502800012, 816352.1327800024], [833640.4291900005, 816339.9607600011], [833636.1126100011, 816341.1937700026], [833639.4134100005, 816353.0445300024]]], "type": "Polygon"}, "properties": {"BaseHeight": 3, "BuildingBlockType": "Tower", "BuildingCSUID": "3363816346T20050430", "BuildingID": 1103122376, "BuildingNameEN": null, "BuildingNameTC": null, "DateCreate": 1114790400000, "DateStamp": 1599580800000, "GeoRefNo": "3363816346", "OBJECTID": 99718, "Shape__Area": 61.485479561538874, "Shape__Length": 37.91022842722605, "Status": "Active", "Storeys": 6, "StoreysInBasement": null, "TopHeight": 27.6}, "type": "Feature"}, {"geometry": {"coordinates": [[[833663.7498700004, 816318.7151100021], [833664.8647500006, 816320.3600500021], [833665.4382100012, 816321.2061600015], [833677.9678600011, 816317.6363800019], [833670.5524700005, 816306.2953100018], [833666.1768700005, 816309.2677700017], [833664.3486300008, 816310.5097500011], [833661.776730001, 816306.760950001], [833659.2032700004, 816303.009870002], [833656.4861200005, 816299.0493600015], [833655.2823200012, 816297.2947000023], [833653.1668800004, 816298.6149200015], [833652.1756700007, 816297.183240002], [833650.0605800012, 816298.5174000021], [833663.7498700004, 816318.7151100021]]], "type": "Polygon"}, "properties": {"BaseHeight": 3, "BuildingBlockType": "Tower", "BuildingCSUID": "3366716318T20050430", "BuildingID": 1103122623, "BuildingNameEN": null, "BuildingNameTC": null, "DateCreate": 1114790400000, "DateStamp": 1599580800000, "GeoRefNo": "3366716318", "OBJECTID": 99719, "Shape__Area": 229.71004961636268, "Shape__Length": 84.24909590034733, "Status": "Active", "Storeys": 6, "StoreysInBasement": null, "TopHeight": 23.2}, "type": "Feature"}, {"geometry": {"coordinates": [[[833750.0000000009, 816665.6063100025], [833762.8191400012, 816662.1971200015], [833763.732400001, 816665.625190001], [833768.4649400013, 816668.345780002], [833776.7406700011, 816666.1189900022], [833777.2766400008, 816664.6470100023], [833795.4577300008, 816659.8140600026], [833785.6145400004, 816623.0955700018], [833767.3570600012, 816627.9538400024], [833765.983070001, 816627.1910200026], [833758.0383800007, 816629.316540001], [833755.2846000008, 816634.0107400026], [833756.153020001, 816637.2594600022], [833750.0000000009, 816638.8628300019], [833719.1168400012, 816647.2056500018], [833725.704330001, 816672.1471000016], [833750.0000000009, 816665.6063100025]]], "type": "Polygon"}, "properties": {"BaseHeight": 4.3, "BuildingBlockType": "Tower", "BuildingCSUID": "3373516654T20050430", "BuildingID": 1103120745, "BuildingNameEN": null, "BuildingNameTC": null, "DateCreate": 1114790400000, "DateStamp": 1285516800000, "GeoRefNo": "3373516654", "OBJECTID": 99757, "Shape__Area": 2228.0376390906017, "Shape__Length": 216.03487658600304, "Status": "Active", "Storeys": null, "StoreysInBasement": null, "TopHeight": 27.9}, "type": "Feature"}, {"geometry": {"coordinates": [[[833230.033400001, 816322.300160002], [833237.0278600007, 816316.3662900012], [833230.8421000009, 816308.7913200017], [833227.3468900006, 816311.6906700023], [833223.8006000007, 816314.6418400016], [833230.033400001, 816322.300160002]]], "type": "Polygon"}, "properties": {"BaseHeight": 14.3, "BuildingBlockType": "Tower", "BuildingCSUID": "3322916320T20050430", "BuildingID": 1103122609, "BuildingNameEN": null, "BuildingNameTC": null, "DateCreate": 1114790400000, "DateStamp": 1599580800000, "GeoRefNo": "3322916320", "OBJECTID": 99837, "Shape__Area": 90.05626233912923, "Shape__Length": 37.98112918713436, "Status": "Active", "Storeys": 6, "StoreysInBasement": null, "TopHeight": 35.7}, "type": "Feature"}, {"geometry": {"coordinates": [[[833457.7567300005, 816287.0337700024], [833456.853050001, 816286.0081900023], [833452.8655200005, 816281.4829900023], [833444.1574000008, 816289.102760002], [833444.9708600007, 816290.0317100026], [833445.7843200006, 816290.9606500026], [833446.5922800004, 816291.8944200017], [833447.4002400013, 816292.828180002], [833448.1993200006, 816293.7517100014], [833449.0923400009, 816294.7788300011], [833457.7567300005, 816287.0337700024]]], "type": "Polygon"}, "properties": {"BaseHeight": 13.8, "BuildingBlockType": "Tower", "BuildingCSUID": "3344716288T20050430", "BuildingID": 1103122816, "BuildingNameEN": "Queen's Tower", "BuildingNameTC": "皇后商業大廈", "DateCreate": 1114790400000, "DateStamp": 1599580800000, "GeoRefNo": "3344716288", "OBJECTID": 99838, "Shape__Area": 86.47702766685008, "Shape__Length": 38.11235000087472, "Status": "Active", "Storeys": 12, "StoreysInBasement": 1, "TopHeight": 56.9}, "type": "Feature"}, {"geometry": {"coordinates": [[[833439.2921600007, 816264.1694400012], [833430.1890200004, 816272.1325300019], [833432.0008400008, 816274.1652500015], [833433.7728500012, 816276.1533100009], [833437.0876300009, 816273.3576500025], [833442.9798500007, 816268.3882900011], [833442.3831700012, 816267.7026900016], [833441.7880800012, 816267.0244400017], [833440.1465100013, 816265.145920001], [833439.4192900006, 816264.3137100022], [833439.2921600007, 816264.1694400012]]], "type": "Polygon"}, "properties": {"BaseHeight": 13.8, "BuildingBlockType": "Tower", "BuildingCSUID": "3344016267T20050430", "BuildingID": 1103122987, "BuildingNameEN": "Tung Sing House", "BuildingNameTC": "東昇樓", "DateCreate": 1114790400000, "DateStamp": 1599580800000, "GeoRefNo": "3344016267", "OBJECTID": 99839, "Shape__Area": 66.31269803743633, "Shape__Length": 35.12832580030669, "Status": "Active", "Storeys": 11, "StoreysInBasement": null, "TopHeight": 51}, "type": "Feature"}, {"geometry": {"coordinates": [[[833447.3735600011, 816345.5678700022], [833449.4680100009, 816344.2115000021], [833448.3870900013, 816342.6538500022], [833446.2926400006, 816344.0102200024], [833447.3735600011, 816345.5678700022]]], "type": "Polygon"}, "properties": {"BaseHeight": 7.3, "BuildingBlockType": "Tower", "BuildingCSUID": "3344816344T20050430", "BuildingID": 1103122464, "BuildingNameEN": "SHEUNG WAN MUNICIPAL SERVICES BUILDING", "BuildingNameTC": "上環市政大廈", "DateCreate": 1114790400000, "DateStamp": 1285516800000, "GeoRefNo": "3344816344", "OBJECTID": 100012, "Shape__Area": 4.728547503235255, "Shape__Length": 8.782493817733565, "Status": "Active", "Storeys": null, "StoreysInBasement": null, "TopHeight": 10.4}, "type": "Feature"}, {"geometry": {"coordinates": [[[833217.8527500005, 816332.4456000011], [833221.506620001, 816329.4247700013], [833212.7704700008, 816318.7239200026], [833210.9067000011, 816320.2968400009], [833213.0400900012, 816322.8916000016], [833211.2372600008, 816324.3423300013], [833217.8527500005, 816332.4456000011]]], "type": "Polygon"}, "properties": {"BaseHeight": 14.3, "BuildingBlockType": "Tower", "BuildingCSUID": "3321716331T20050430", "BuildingID": 1103122531, "BuildingNameEN": null, "BuildingNameTC": null, "DateCreate": 1114790400000, "DateStamp": 1599580800000, "GeoRefNo": "3321716331", "OBJECTID": 100644, "Shape__Area": 57.68470591768533, "Shape__Length": 37.1277705878123, "Status": "Active", "Storeys": 6, "StoreysInBasement": null, "TopHeight": 37.5}, "type": "Feature"}, {"geometry": {"coordinates": [[[833204.0649400009, 816344.0859600026], [833210.8687200006, 816338.2915900014], [833204.2755300011, 816330.1381900012], [833202.6410100004, 816331.5785100013], [833200.4919800004, 816329.0899900012], [833197.1449100012, 816331.9159200024], [833199.2910000011, 816334.3957300019], [833197.4412200004, 816335.9501100015], [833197.7453500004, 816336.324000001], [833202.546910001, 816342.222740002], [833204.0649400009, 816344.0859600026]]], "type": "Polygon"}, "properties": {"BaseHeight": 11.7, "BuildingBlockType": "Tower", "BuildingCSUID": "3320316342T20050430", "BuildingID": 1103122466, "BuildingNameEN": null, "BuildingNameTC": null, "DateCreate": 1114790400000, "DateStamp": 1599580800000, "GeoRefNo": "3320316342", "OBJECTID": 100647, "Shape__Area": 108.09738730612527, "Shape__Length": 45.45636502440821, "Status": "Active", "Storeys": 6, "StoreysInBasement": null, "TopHeight": 34.7}, "type": "Feature"}, {"geometry": {"coordinates": [[[833166.2706200005, 816311.5967400018], [833169.9492200008, 816322.0595700014], [833210.4609400006, 816288.400390001], [833203.8789100004, 816280.1796900015], [833166.2706200005, 816311.5967400018]]], "type": "Polygon"}, "properties": {"BaseHeight": 13.1, "BuildingBlockType": "Tower", "BuildingCSUID": "3319116299T20050430", "BuildingID": 1103122616, "BuildingNameEN": "Tung Wah Group of Hospitals Wong Fung Ling Memorial Building", "BuildingNameTC": "東華三院黃鳳翎紀念大樓", "DateCreate": 1114790400000, "DateStamp": 1599580800000, "GeoRefNo": "3319116299", "OBJECTID": 100648, "Shape__Area": 531.8201670543475, "Shape__Length": 123.29605179819988, "Status": "Active", "Storeys": 11, "StoreysInBasement": 2, "TopHeight": 63}, "type": "Feature"}, {"geometry": {"coordinates": [[[833565.3340200009, 816378.871530002], [833560.926380001, 816379.8421400022], [833561.288900001, 816381.3852500021], [833563.8167700004, 816392.1452900022], [833567.8987200009, 816391.2783900015], [833568.3083600011, 816391.1871600021], [833565.3340200009, 816378.871530002]]], "type": "Polygon"}, "properties": {"BaseHeight": 3.4, "BuildingBlockType": "Tower", "BuildingCSUID": "3356416390T20050430", "BuildingID": 1103122130, "BuildingNameEN": null, "BuildingNameTC": null, "DateCreate": 1114790400000, "DateStamp": 1599580800000, "GeoRefNo": "3356416390", "OBJECTID": 100930, "Shape__Area": 57.60859680098579, "Shape__Length": 34.4137253014782, "Status": "Active", "Storeys": 6, "StoreysInBasement": null, "TopHeight": 27.2}, "type": "Feature"}, {"geometry": {"coordinates": [[[833435.6445000004, 816608.4885000009], [833436.6325000012, 816612.1835000012], [833438.5375000006, 816619.3085000012], [833441.3105000006, 816618.5675000027], [833439.4055000013, 816611.4425000027], [833438.4175000004, 816607.7475000024], [833435.6445000004, 816608.4885000009]]], "type": "Polygon"}, "properties": {"BaseHeight": 3.6, "BuildingBlockType": "Tower", "BuildingCSUID": "3343816612T20090811", "BuildingID": 1109345932, "BuildingNameEN": null, "BuildingNameTC": null, "DateCreate": 1249920000000, "DateStamp": 1285516800000, "GeoRefNo": "3343816612", "OBJECTID": 102783, "Shape__Area": 32.14757299715825, "Shape__Length": 28.140760877426302, "Status": "Active", "Storeys": null, "StoreysInBasement": null, "TopHeight": 7.5}, "type": "Feature"}, {"geometry": {"coordinates": [[[833964.6263400009, 816335.2353500016], [833951.6739700008, 816314.4988200013], [833925.8162900005, 816330.664160002], [833951.5636800006, 816371.8010800015], [833977.4066200005, 816355.6963700019], [833964.6263400009, 816335.2353500016]]], "type": "Polygon"}, "properties": {"BaseHeight": 3.8, "BuildingBlockType": "Tower", "BuildingCSUID": "3396016363T20050430", "BuildingID": 1103122247, "BuildingNameEN": "Nan Fung Tower", "BuildingNameTC": "南豐大廈", "DateCreate": 1114790400000, "DateStamp": 1599580800000, "GeoRefNo": "3396016363", "OBJECTID": 104585, "Shape__Area": 1479.501673802727, "Shape__Length": 158.0490262586524, "Status": "Active", "Storeys": 22, "StoreysInBasement": null, "TopHeight": 96.7}, "type": "Feature"}, {"geometry": {"coordinates": [[[833439.5873600012, 816424.8064100016], [833434.3197400011, 816418.5672700014], [833432.5834600013, 816416.5107600018], [833436.036390001, 816413.5459500011], [833430.2132900013, 816406.6908900011], [833430.0232700007, 816406.4380600024], [833429.829020001, 816406.2094900012], [833429.621770001, 816405.9926500022], [833429.5175500009, 816405.8956200015], [833429.402230001, 816405.7882600017], [833429.1711400012, 816405.5970200021], [833428.9292900013, 816405.4195800014], [833428.6775100008, 816405.2565400023], [833428.416650001, 816405.1084600016], [833428.1476000007, 816404.975850001], [833427.8712800005, 816404.8591500018], [833427.5886200005, 816404.7587600015], [833427.300590001, 816404.6750200018], [833427.0081600007, 816404.6082200017], [833426.712340001, 816404.5585900024], [833426.4141300004, 816404.5262900013], [833426.1145400004, 816404.5114400014], [833425.8145900005, 816404.514080001], [833425.5153100006, 816404.5342000015], [833425.2177100005, 816404.571750002], [833424.9228100004, 816404.6265800018], [833424.6316000009, 816404.6985100023], [833424.3450900009, 816404.7873100024], [833424.0642400011, 816404.8926600013], [833423.7900100006, 816405.014200002], [833423.5233400008, 816405.1515300013], [833423.2651300011, 816405.3041800018], [833423.1737800008, 816405.3656400014], [833415.9570200006, 816411.3434800021], [833425.4737400012, 816422.6154000014], [833427.2723900005, 816421.0710200015], [833432.6092700008, 816427.3921900019], [833434.2543100007, 816429.3406300023], [833439.5873600012, 816424.8064100016]]], "type": "Polygon"}, "properties": {"BaseHeight": 3.7, "BuildingBlockType": "Tower", "BuildingCSUID": "3342616413T20050430", "BuildingID": 1103121874, "BuildingNameEN": "135 Bonham Strand Trade Centre", "BuildingNameTC": "文咸東街１３５商業中心", "DateCreate": 1114790400000, "DateStamp": 1599580800000, "GeoRefNo": "3342616413", "OBJECTID": 104842, "Shape__Area": 273.95627568029886, "Shape__Length": 76.64451193599538, "Status": "Active", "Storeys": 21, "StoreysInBasement": null, "TopHeight": 87.2}, "type": "Feature"}, {"geometry": {"coordinates": [[[833430.6154500004, 816508.3346500024], [833430.6183700012, 816508.3335400019], [833439.3343600007, 816505.0082300026], [833434.3765600007, 816491.6663100012], [833425.587460001, 816494.9842200018], [833430.6154500004, 816508.3346500024]]], "type": "Polygon"}, "properties": {"BaseHeight": 3, "BuildingBlockType": "Tower", "BuildingCSUID": "3343216499T20050430", "BuildingID": 1103121408, "BuildingNameEN": "NAM WO HONG BUILDING", "BuildingNameTC": "南和行大廈", "DateCreate": 1114790400000, "DateStamp": 1368460800000, "GeoRefNo": "3343216499", "OBJECTID": 104903, "Shape__Area": 133.41972128463948, "Shape__Length": 47.22556382584614, "Status": "Active", "Storeys": null, "StoreysInBasement": null, "TopHeight": 23.8}, "type": "Feature"}, {"geometry": {"coordinates": [[[833333.9366200007, 816510.457030002], [833340.0623100009, 816517.6795800012], [833347.3759700004, 816511.3233500011], [833338.1458300008, 816500.7843100019], [833332.5703600012, 816494.4182000011], [833323.3164100004, 816483.8519600015], [833316.7137100007, 816489.4786600024], [833317.8823500006, 816490.8469300009], [833325.9872800009, 816500.3363500014], [833327.3202900011, 816499.0938000027], [833332.8543700008, 816505.3021400012], [833331.3860500008, 816506.5371500012], [833330.9343200009, 816506.9171400014], [833333.9255400011, 816510.4439600017], [833333.9366200007, 816510.457030002]]], "type": "Polygon"}, "properties": {"BaseHeight": 3, "BuildingBlockType": "Tower", "BuildingCSUID": "3333916515T20050430", "BuildingID": 1103121352, "BuildingNameEN": "Wallock Mansion", "BuildingNameTC": "和樂大廈", "DateCreate": 1114790400000, "DateStamp": 1599580800000, "GeoRefNo": "3333916515", "OBJECTID": 104904, "Shape__Area": 317.23044958539737, "Shape__Length": 95.92150643773145, "Status": "Active", "Storeys": 22, "StoreysInBasement": null, "TopHeight": 71.5}, "type": "Feature"}, {"geometry": {"coordinates": [[[833387.7418600004, 816400.1169700027], [833391.7713700011, 816396.6732500009], [833392.4456900004, 816397.4390600026], [833396.8411000008, 816393.6523600016], [833392.568690001, 816389.5752700027], [833391.8717900012, 816388.8486200012], [833391.7260200009, 816388.7145600021], [833391.6468100008, 816388.6535500027], [833391.5642700009, 816388.5971100014], [833391.478670001, 816388.5454400014], [833391.3902900005, 816388.4986900017], [833391.2994000008, 816388.457010001], [833391.2063000007, 816388.4205400012], [833391.1112900004, 816388.3894000016], [833391.0146700004, 816388.3636700027], [833390.9167500008, 816388.343460001], [833390.8178400006, 816388.3288100027], [833390.7182600005, 816388.3197800014], [833390.6183300009, 816388.3164000027], [833390.5183700006, 816388.3186800014], [833390.4187000012, 816388.3266100027], [833390.3196400013, 816388.3401600011], [833390.2215000009, 816388.3592900019], [833390.1246000007, 816388.3839500025], [833390.0292500006, 816388.4140400011], [833389.9357500011, 816388.4494800009], [833389.8444100004, 816388.4901500009], [833389.755520001, 816388.5359200016], [833389.669350001, 816388.5866500009], [833389.5862000007, 816388.6421700027], [833389.5119200004, 816388.6998900026], [833382.9793900009, 816394.7083900012], [833387.7418600004, 816400.1169700027]]], "type": "Polygon"}, "properties": {"BaseHeight": 3.7, "BuildingBlockType": "Tower", "BuildingCSUID": "3338816394T20050525", "BuildingID": 1103122073, "BuildingNameEN": "So Hotel", "BuildingNameTC": "尚豪酒店", "DateCreate": 1116950400000, "DateStamp": 1599580800000, "GeoRefNo": "3338816394", "OBJECTID": 104905, "Shape__Area": 84.41698764885956, "Shape__Length": 37.70890089944916, "Status": "Active", "Storeys": 11, "StoreysInBasement": null, "TopHeight": 61.4}, "type": "Feature"}, {"geometry": {"coordinates": [[[833590.9997500004, 816341.8663600013], [833594.998110001, 816340.7357600015], [833582.3397500012, 816321.8200700022], [833578.9749100013, 816323.9537400026], [833590.9997500004, 816341.8663600013]]], "type": "Polygon"}, "properties": {"BaseHeight": 3, "BuildingBlockType": "Tower", "BuildingCSUID": "3359116340T20050430", "BuildingID": 1103122480, "BuildingNameEN": "BULL HSE", "BuildingNameTC": "牛子大廈", "DateCreate": 1114790400000, "DateStamp": 1599580800000, "GeoRefNo": "3359116340", "OBJECTID": 104906, "Shape__Area": 87.936710364757, "Shape__Length": 52.47436799118361, "Status": "Active", "Storeys": 7, "StoreysInBasement": null, "TopHeight": 29.3}, "type": "Feature"}, {"geometry": {"coordinates": [[[833594.998110001, 816340.7357600015], [833599.2530800011, 816339.5280800015], [833597.9267000007, 816337.4924000017], [833589.5900800005, 816324.6977000013], [833586.0615700008, 816319.460020002], [833582.3397500012, 816321.8200700022], [833594.998110001, 816340.7357600015]]], "type": "Polygon"}, "properties": {"BaseHeight": 3, "BuildingBlockType": "Tower", "BuildingCSUID": "3359416339T20050430", "BuildingID": 1103122492, "BuildingNameEN": null, "BuildingNameTC": null, "DateCreate": 1114790400000, "DateStamp": 1599580800000, "GeoRefNo": "3359416339", "OBJECTID": 104907, "Shape__Area": 101.65638531083685, "Shape__Length": 55.60651037409487, "Status": "Active", "Storeys": 6, "StoreysInBasement": null, "TopHeight": 29.3}, "type": "Feature"}, {"geometry": {"coordinates": [[[833647.4465000005, 816326.3321300019], [833651.9949000012, 816325.0362600014], [833634.0757900011, 816298.5432900023], [833632.5029900009, 816299.6870000027], [833631.2453400008, 816297.7933500018], [833629.1092600012, 816299.2562100012], [833647.4465000005, 816326.3321300019]]], "type": "Polygon"}, "properties": {"BaseHeight": 3, "BuildingBlockType": "Tower", "BuildingCSUID": "3364716324T20050430", "BuildingID": 1103122572, "BuildingNameEN": null, "BuildingNameTC": null, "DateCreate": 1114790400000, "DateStamp": 1599580800000, "GeoRefNo": "3364716324", "OBJECTID": 104908, "Shape__Area": 146.29679012076488, "Shape__Length": 76.22128835369294, "Status": "Active", "Storeys": 6, "StoreysInBasement": null, "TopHeight": 26.4}, "type": "Feature"}, {"geometry": {"coordinates": [[[833628.9974100012, 816292.1173100024], [833629.9729400007, 816291.4631100018], [833632.1812500004, 816294.6460600011], [833634.8052100008, 816292.8586600013], [833624.8904800005, 816278.2404700015], [833621.3059200011, 816280.6537300013], [833628.9974100012, 816292.1173100024]]], "type": "Polygon"}, "properties": {"BaseHeight": 3, "BuildingBlockType": "Tower", "BuildingCSUID": "3362316282T20050430", "BuildingID": 1103122817, "BuildingNameEN": null, "BuildingNameTC": null, "DateCreate": 1114790400000, "DateStamp": 1599580800000, "GeoRefNo": "3362316282", "OBJECTID": 104909, "Shape__Area": 72.4895445630998, "Shape__Length": 44.0128204742102, "Status": "Active", "Storeys": 6, "StoreysInBasement": null, "TopHeight": 50}, "type": "Feature"}, {"geometry": {"coordinates": [[[833642.4867100008, 816327.7452100012], [833642.537990001, 816327.7306000013], [833647.4465000005, 816326.3321300019], [833629.1092600012, 816299.2562100012], [833628.6599100009, 816298.5927400012], [833624.7959600007, 816301.3291100021], [833626.3643600009, 816303.6710600015], [833642.4867100008, 816327.7452100012]]], "type": "Polygon"}, "properties": {"BaseHeight": 3, "BuildingBlockType": "Tower", "BuildingCSUID": "3364016320T20050430", "BuildingID": 1103122561, "BuildingNameEN": null, "BuildingNameTC": null, "DateCreate": 1114790400000, "DateStamp": 1599580800000, "GeoRefNo": "3364016320", "OBJECTID": 104910, "Shape__Area": 157.3038139286375, "Shape__Length": 75.18694816205866, "Status": "Active", "Storeys": 6, "StoreysInBasement": null, "TopHeight": 26.4}, "type": "Feature"}, {"geometry": {"coordinates": [[[833628.9974100012, 816292.1173100024], [833621.3059200011, 816280.6537300013], [833618.0515500009, 816282.8447000012], [833623.6275300011, 816291.0874300022], [833624.8476800006, 816292.8911400009], [833625.7119000005, 816292.3128900025], [833626.7036900008, 816293.6555000022], [833628.9974100012, 816292.1173100024]]], "type": "Polygon"}, "properties": {"BaseHeight": 3, "BuildingBlockType": "Tower", "BuildingCSUID": "3362316286T20050430", "BuildingID": 1103122824, "BuildingNameEN": null, "BuildingNameTC": null, "DateCreate": 1114790400000, "DateStamp": 1599580800000, "GeoRefNo": "3362316286", "OBJECTID": 104911, "Shape__Area": 51.990922210423555, "Shape__Length": 35.32798529219146, "Status": "Active", "Storeys": 6, "StoreysInBasement": null, "TopHeight": 50}, "type": "Feature"}, {"geometry": {"coordinates": [[[833638.4459700007, 816279.0793100018], [833648.3079200005, 816272.2746100016], [833643.858860001, 816265.4702500012], [833633.8766300008, 816272.1906600017], [833638.4459700007, 816279.0793100018]]], "type": "Polygon"}, "properties": {"BaseHeight": 3, "BuildingBlockType": "Tower", "BuildingCSUID": "3364316268T20050430", "BuildingID": 1103122951, "BuildingNameEN": "Kam Shing House", "BuildingNameTC": "金城樓", "DateCreate": 1114790400000, "DateStamp": 1599580800000, "GeoRefNo": "3364316268", "OBJECTID": 105203, "Shape__Area": 98.42535180395001, "Shape__Length": 40.411517204180676, "Status": "Active", "Storeys": 6, "StoreysInBasement": null, "TopHeight": 23.9}, "type": "Feature"}, {"geometry": {"coordinates": [[[833658.7879300006, 816274.842910001], [833665.8179700011, 816270.4839100018], [833661.3745600004, 816263.1722000018], [833651.1346700005, 816262.615960002], [833658.7879300006, 816274.842910001]]], "type": "Polygon"}, "properties": {"BaseHeight": 3, "BuildingBlockType": "Tower", "BuildingCSUID": "3365716269T20050430", "BuildingID": 1103123007, "BuildingNameEN": null, "BuildingNameTC": null, "DateCreate": 1114790400000, "DateStamp": 1599580800000, "GeoRefNo": "3365716269", "OBJECTID": 105204, "Shape__Area": 95.85800582309146, "Shape__Length": 41.50741413217723, "Status": "Active", "Storeys": 5, "StoreysInBasement": null, "TopHeight": 22.5}, "type": "Feature"}, {"geometry": {"coordinates": [[[833424.8758800011, 816487.3431200013], [833424.4419900011, 816486.1924400013], [833425.3768800013, 816485.8375100009], [833424.5653800005, 816483.6854100022], [833426.5502400007, 816482.9318700023], [833425.6336000012, 816480.4988100026], [833423.6480400013, 816481.2526200023], [833422.7131400006, 816481.6075400021], [833420.8190400004, 816482.3266300019], [833422.4655100005, 816486.6963100024], [833422.9790000012, 816488.0592000019], [833424.8758800011, 816487.3431200013]]], "type": "Polygon"}, "properties": {"BaseHeight": 3, "BuildingBlockType": "Tower", "BuildingCSUID": "3342516482T20050430", "BuildingID": 1103121527, "BuildingNameEN": "NAM WO HONG BUILDING", "BuildingNameTC": "南和行大廈", "DateCreate": 1114790400000, "DateStamp": 1368547200000, "GeoRefNo": "3342516482", "OBJECTID": 105480, "Shape__Area": 22.840738698016523, "Shape__Length": 22.556245471583868, "Status": "Active", "Storeys": null, "StoreysInBasement": null, "TopHeight": 9.3}, "type": "Feature"}, {"geometry": {"coordinates": [[[833434.3765600007, 816491.6663100012], [833431.7989300005, 816484.729650002], [833424.8758800011, 816487.3431200013], [833422.9790000012, 816488.0592000019], [833423.7243700009, 816490.0373300016], [833425.3408700004, 816494.3294900022], [833425.587460001, 816494.9842200018], [833434.3765600007, 816491.6663100012]]], "type": "Polygon"}, "properties": {"BaseHeight": 3, "BuildingBlockType": "Tower", "BuildingCSUID": "3342816489T20050430", "BuildingID": 1103121486, "BuildingNameEN": "Wing Lok St 148 Substation", "BuildingNameTC": "永樂街１４８號變壓站", "DateCreate": 1114790400000, "DateStamp": 1368547200000, "GeoRefNo": "3342816489", "OBJECTID": 105481, "Shape__Area": 69.64037729022648, "Shape__Length": 33.62206705425, "Status": "Active", "Storeys": null, "StoreysInBasement": null, "TopHeight": 13.8}, "type": "Feature"}, {"geometry": {"coordinates": [[[833661.4601700008, 816351.6471200027], [833665.576580001, 816350.458370002], [833661.0824300004, 816334.0612600017], [833657.0112700006, 816335.2241700012], [833661.4601700008, 816351.6471200027]]], "type": "Polygon"}, "properties": {"BaseHeight": 3, "BuildingBlockType": "Tower", "BuildingCSUID": "3366116339T20050430", "BuildingID": 1103122409, "BuildingNameEN": "Soho77", "BuildingNameTC": null, "DateCreate": 1114790400000, "DateStamp": 1599580800000, "GeoRefNo": "3366116339", "OBJECTID": 106111, "Shape__Area": 72.43688790914268, "Shape__Length": 42.53532942073953, "Status": "Active", "Storeys": 6, "StoreysInBasement": null, "TopHeight": 27.2}, "type": "Feature"}, {"geometry": {"coordinates": [[[833768.9830100005, 816360.3937600013], [833778.4101200011, 816358.0632300023], [833776.8061100012, 816351.9958700016], [833775.709040001, 816347.8460600022], [833774.9519200008, 816344.9821800012], [833774.9000100009, 816344.7858300023], [833765.7209500009, 816347.063740002], [833768.9830100005, 816360.3937600013]]], "type": "Polygon"}, "properties": {"BaseHeight": 3.7, "BuildingBlockType": "Tower", "BuildingCSUID": "3377216351T20050430", "BuildingID": 1103122324, "BuildingNameEN": "Nim Chi Lau", "BuildingNameTC": "念慈樓", "DateCreate": 1114790400000, "DateStamp": 1599580800000, "GeoRefNo": "3377216351", "OBJECTID": 106115, "Shape__Area": 131.56785792056536, "Shape__Length": 46.62529325475488, "Status": "Active", "Storeys": 12, "StoreysInBasement": null, "TopHeight": 41}, "type": "Feature"}, {"geometry": {"coordinates": [[[833642.6425700011, 816285.4060300011], [833652.4622600004, 816278.6282300018], [833648.3079200005, 816272.2746100016], [833638.4459700007, 816279.0793100018], [833642.6425700011, 816285.4060300011]]], "type": "Polygon"}, "properties": {"BaseHeight": 3, "BuildingBlockType": "Tower", "BuildingCSUID": "3364716275T20050430", "BuildingID": 1103122902, "BuildingNameEN": "Po Yick Building", "BuildingNameTC": "普益商會大廈", "DateCreate": 1114790400000, "DateStamp": 1599580800000, "GeoRefNo": "3364716275", "OBJECTID": 106160, "Shape__Area": 90.74913237170344, "Shape__Length": 39.0966831725797, "Status": "Active", "Storeys": 6, "StoreysInBasement": null, "TopHeight": 24}, "type": "Feature"}, {"geometry": {"coordinates": [[[833720.8856400009, 816331.964490002], [833725.1317600012, 816347.1282400023], [833742.6369400006, 816342.310250001], [833738.781320001, 816327.7324100025], [833729.745360001, 816330.2661500014], [833729.5503100008, 816329.503750002], [833720.8856400009, 816331.964490002]]], "type": "Polygon"}, "properties": {"BaseHeight": 3, "BuildingBlockType": "Tower", "BuildingCSUID": "3373116336T20050430", "BuildingID": 1103122450, "BuildingNameEN": "Ovest", "BuildingNameTC": null, "DateCreate": 1114790400000, "DateStamp": 1599580800000, "GeoRefNo": "3373116336", "OBJECTID": 106973, "Shape__Area": 281.5417030135459, "Shape__Length": 68.16098482082765, "Status": "Active", "Storeys": 23, "StoreysInBasement": null, "TopHeight": 97.6}, "type": "Feature"}, {"geometry": {"coordinates": [[[833312.7961700009, 816559.7107500024], [833308.6333800005, 816560.768960001], [833308.5250642835, 816560.8450597359], [833308.4290782377, 816560.936219723], [833308.3474969428, 816561.0404692148], [833308.2820840686, 816561.155554488], [833308.234253747, 816561.2789875652], [833308.2050400004, 816561.4081000015], [833308.2331100004, 816561.7502900027], [833308.8322600005, 816563.9449200016], [833303.176690001, 816565.5322200023], [833302.9353480499, 816565.6987324366], [833302.7224540422, 816565.9003470932], [833302.5430632419, 816566.1322765416], [833302.4014353638, 816566.3890135128], [833302.3009334255, 816566.6644616724], [833302.2439438907, 816566.9520803803], [833302.2318200013, 816567.2450400013], [833300.6137200007, 816567.6822900027], [833300.4196600011, 816567.7696100026], [833300.2824165737, 816567.8972514687], [833300.1676255839, 816568.0454106092], [833300.0783100144, 816568.2101857021], [833300.0168219609, 816568.3872374502], [833299.984780691, 816568.5719032544], [833299.9830300007, 816568.759320002], [833300.3272200013, 816570.010110002], [833298.7353600012, 816570.4113000017], [833298.4577822612, 816570.5352735687], [833298.2000060723, 816570.6964265505], [833297.9669806493, 816570.8916648647], [833297.7631800007, 816571.1172400024], [833297.574099351, 816571.4011165102], [833297.4313022806, 816571.7108686053], [833297.3382400004, 816572.0390100013], [833297.2865964943, 816572.2105444355], [833297.2615041457, 816572.3879183003], [833297.263540835, 816572.5670466503], [833297.2926596571, 816572.7438041341], [833297.3481900012, 816572.9141200017], [833297.6666700011, 816573.4880300015], [833302.6654000012, 816577.3235700019], [833302.9535244616, 816577.4351890564], [833303.2557508564, 816577.4994831025], [833303.5643600011, 816577.5148100015], [833307.0578400008, 816576.7097400017], [833311.4095100006, 816575.5196000021], [833314.761140001, 816574.6029600017], [833316.8574300008, 816574.0074700024], [833315.0915800007, 816567.8600700013], [833312.7961700009, 816559.7107500024]]], "type": "Polygon"}, "properties": {"BaseHeight": 3.7, "BuildingBlockType": "Podium", "BuildingCSUID": "3330716571P20200716", "BuildingID": 1810200841, "BuildingNameEN": null, "BuildingNameTC": null, "DateCreate": 1594828800000, "DateStamp": 1599580800000, "GeoRefNo": "3330716571", "OBJECTID": 111813, "Shape__Area": 201.9243327431221, "Shape__Length": 61.22642175117252, "Status": "Active", "Storeys": 3, "StoreysInBasement": null, "TopHeight": 18.4}, "type": "Feature"}, {"geometry": {"coordinates": [[[833355.5414800011, 816399.2737000026], [833357.7732400009, 816401.8896100018], [833361.2448900007, 816398.663540002], [833360.2227700008, 816397.451700002], [833353.0451000007, 816388.9417100027], [833353.0329800006, 816388.9521000013], [833349.3951700004, 816392.0691700019], [833355.5414800011, 816399.2737000026]]], "type": "Polygon"}, "properties": {"BaseHeight": 4.9, "BuildingBlockType": "Tower", "BuildingCSUID": "3335216392T20050430", "BuildingID": 1103122059, "BuildingNameEN": null, "BuildingNameTC": null, "DateCreate": 1114790400000, "DateStamp": 1599580800000, "GeoRefNo": "3335216392", "OBJECTID": 113814, "Shape__Area": 61.12520588784475, "Shape__Length": 35.17250593389478, "Status": "Active", "Storeys": 6, "StoreysInBasement": null, "TopHeight": 26.6}, "type": "Feature"}, {"geometry": {"coordinates": [[[833363.8099600011, 816354.4964100011], [833368.3938800013, 816352.9220100027], [833369.0284700012, 816354.942350002], [833371.8184700012, 816353.9830900021], [833369.2697800007, 816346.5294100009], [833378.6166000012, 816343.377340002], [833374.7948000012, 816332.2284800019], [833365.458370001, 816335.3829900026], [833362.8014900004, 816327.6128500011], [833359.5220300006, 816328.7392900027], [833360.2665400011, 816330.8247100022], [833356.2102900008, 816332.2176800016], [833355.4748600004, 816330.1262600012], [833352.3093100004, 816331.2113700025], [833354.9564200006, 816338.9312900025], [833348.6925100004, 816341.0476900022], [833350.2731100004, 816345.617490001], [833352.6350500006, 816344.7537600026], [833353.2104200004, 816346.2813000027], [833350.7673600009, 816347.0464000013], [833352.5398700004, 816352.1712900009], [833358.7754400009, 816350.0684600025], [833361.3517000005, 816357.5817500018], [833364.491200001, 816356.5023200009], [833363.8099600011, 816354.4964100011]]], "type": "Polygon"}, "properties": {"BaseHeight": 4.9, "BuildingBlockType": "Tower", "BuildingCSUID": "3336516352T20050430", "BuildingID": 1103122349, "BuildingNameEN": "Fook Sing Court", "BuildingNameTC": "福陞閣", "DateCreate": 1114790400000, "DateStamp": 1599580800000, "GeoRefNo": "3336516352", "OBJECTID": 113822, "Shape__Area": 478.9636318743887, "Shape__Length": 124.74256982265462, "Status": "Active", "Storeys": 24, "StoreysInBasement": null, "TopHeight": 83.7}, "type": "Feature"}, {"geometry": {"coordinates": [[[833383.8679000009, 816417.6033300012], [833384.3342000004, 816418.1545100026], [833387.9458100004, 816414.9516800027], [833387.6024900004, 816414.5482900012], [833372.3985400004, 816396.6821600012], [833368.7414700007, 816399.7250500023], [833383.8679000009, 816417.6033300012]]], "type": "Polygon"}, "properties": {"BaseHeight": 3.7, "BuildingBlockType": "Tower", "BuildingCSUID": "3338416415T20050430", "BuildingID": 1103121958, "BuildingNameEN": null, "BuildingNameTC": null, "DateCreate": 1114790400000, "DateStamp": 1359993600000, "GeoRefNo": "3338416415", "OBJECTID": 113823, "Shape__Area": 115.31050464860034, "Shape__Length": 57.71488416441251, "Status": "Active", "Storeys": null, "StoreysInBasement": null, "TopHeight": 11.9}, "type": "Feature"}, {"geometry": {"coordinates": [[[833360.2227700008, 816397.451700002], [833363.7559900004, 816394.4019100014], [833362.2284600008, 816392.652300002], [833356.445150001, 816386.0284400024], [833353.0451000007, 816388.9417100027], [833360.2227700008, 816397.451700002]]], "type": "Polygon"}, "properties": {"BaseHeight": 4.9, "BuildingBlockType": "Tower", "BuildingCSUID": "3335516389T20050430", "BuildingID": 1103122091, "BuildingNameEN": null, "BuildingNameTC": null, "DateCreate": 1114790400000, "DateStamp": 1599580800000, "GeoRefNo": "3335516389", "OBJECTID": 113824, "Shape__Area": 50.863556359273595, "Shape__Length": 31.393557700502903, "Status": "Active", "Storeys": 6, "StoreysInBasement": null, "TopHeight": 26.8}, "type": "Feature"}, {"geometry": {"coordinates": [[[833387.6024900004, 816414.5482900012], [833394.9241500013, 816408.2736500017], [833388.4300600011, 816400.8985300027], [833387.7418600004, 816400.1169700027], [833382.9793900009, 816394.7083900012], [833381.8961600009, 816393.4782000016], [833384.5801600004, 816390.9792000018], [833378.9941900009, 816384.6320700012], [833378.1092600012, 816385.4628300015], [833376.5376200005, 816386.9382500015], [833375.3734000009, 816385.5941000022], [833369.193810001, 816390.6772300024], [833368.0560800005, 816391.5793100018], [833370.1870600004, 816394.0834800024], [833372.3985400004, 816396.6821600012], [833387.6024900004, 816414.5482900012]]], "type": "Polygon"}, "properties": {"BaseHeight": 3.7, "BuildingBlockType": "Tower", "BuildingCSUID": "3339016410T20050430", "BuildingID": 1103121984, "BuildingNameEN": "Chao's Building", "BuildingNameTC": "趙氏大廈", "DateCreate": 1114790400000, "DateStamp": 1599580800000, "GeoRefNo": "3339016410", "OBJECTID": 113825, "Shape__Area": 313.60081109485924, "Shape__Length": 86.24011385632447, "Status": "Active", "Storeys": 22, "StoreysInBasement": null, "TopHeight": 73.7}, "type": "Feature"}, {"geometry": {"coordinates": [[[833347.862160001, 816405.8589000013], [833355.5414800011, 816399.2737000026], [833349.3951700004, 816392.0691700019], [833341.6294300007, 816398.7230800018], [833347.862160001, 816405.8589000013]]], "type": "Polygon"}, "properties": {"BaseHeight": 4.9, "BuildingBlockType": "Tower", "BuildingCSUID": "3334416398T20050430", "BuildingID": 1103122024, "BuildingNameEN": null, "BuildingNameTC": null, "DateCreate": 1114790400000, "DateStamp": 1599580800000, "GeoRefNo": "3334416398", "OBJECTID": 113826, "Shape__Area": 96.34375960519168, "Shape__Length": 39.287277811144484, "Status": "Active", "Storeys": 6, "StoreysInBasement": null, "TopHeight": 28.4}, "type": "Feature"}, {"geometry": {"coordinates": [[[833396.8411000008, 816393.6523600016], [833392.4456900004, 816397.4390600026], [833391.2055800008, 816398.5074300021], [833397.7039900012, 816405.8913300019], [833407.012910001, 816397.9136300012], [833398.3201400004, 816392.3781500012], [833396.8411000008, 816393.6523600016]]], "type": "Polygon"}, "properties": {"BaseHeight": 3.7, "BuildingBlockType": "Tower", "BuildingCSUID": "3339916401T20050430", "BuildingID": 1103122023, "BuildingNameEN": null, "BuildingNameTC": null, "DateCreate": 1114790400000, "DateStamp": 1599580800000, "GeoRefNo": "3339916401", "OBJECTID": 113827, "Shape__Area": 106.62071609342026, "Shape__Length": 41.792209982056505, "Status": "Active", "Storeys": 6, "StoreysInBasement": null, "TopHeight": 24}, "type": "Feature"}, {"geometry": {"coordinates": [[[833376.0782100009, 816379.5485700015], [833377.1996400012, 816380.781680001], [833379.1557900012, 816379.2072500009], [833371.9630900007, 816373.9391500019], [833376.0782100009, 816379.5485700015]]], "type": "Polygon"}, "properties": {"BaseHeight": 4.9, "BuildingBlockType": "Tower", "BuildingCSUID": "3337616377T20050430", "BuildingID": 1103122196, "BuildingNameEN": null, "BuildingNameTC": null, "DateCreate": 1114790400000, "DateStamp": 1359993600000, "GeoRefNo": "3337616377", "OBJECTID": 113881, "Shape__Area": 11.422886362866715, "Shape__Length": 20.05041966593895, "Status": "Active", "Storeys": null, "StoreysInBasement": null, "TopHeight": 23.1}, "type": "Feature"}, {"geometry": {"coordinates": [[[833372.8987000007, 816382.2727400027], [833376.0782100009, 816379.5485700015], [833371.9630900007, 816373.9391500019], [833371.275870001, 816373.4358400013], [833367.820650001, 816376.3331600018], [833372.8987000007, 816382.2727400027]]], "type": "Polygon"}, "properties": {"BaseHeight": 4.9, "BuildingBlockType": "Tower", "BuildingCSUID": "3337016376T20050430", "BuildingID": 1103122176, "BuildingNameEN": null, "BuildingNameTC": null, "DateCreate": 1114790400000, "DateStamp": 1359993600000, "GeoRefNo": "3337016376", "OBJECTID": 113882, "Shape__Area": 34.76844636300389, "Shape__Length": 24.319380737931503, "Status": "Active", "Storeys": null, "StoreysInBasement": null, "TopHeight": 21.9}, "type": "Feature"}, {"geometry": {"coordinates": [[[833447.409260001, 816387.281940002], [833440.2984800013, 816369.0824100021], [833436.5791100012, 816359.5044700019], [833435.8010900011, 816359.1584600024], [833429.7732200008, 816361.4512800016], [833429.455860001, 816362.1582900025], [833429.8526400011, 816363.1870400012], [833430.6526500005, 816365.2597900014], [833427.7773200013, 816366.3564300016], [833432.6523400005, 816379.753560001], [833434.1584100006, 816379.1753800027], [833434.1591100004, 816379.1772100013], [833438.5422100006, 816390.669780001], [833439.3136400012, 816391.0142400023], [833447.0759200007, 816388.0344900023], [833447.409260001, 816387.281940002]]], "type": "Polygon"}, "properties": {"BaseHeight": 3.7, "BuildingBlockType": "Tower", "BuildingCSUID": "3343816375T20050430", "BuildingID": 1103122133, "BuildingNameEN": "Nan Dao Commercial Building", "BuildingNameTC": "南島商業大廈", "DateCreate": 1114790400000, "DateStamp": 1599580800000, "GeoRefNo": "3343816375", "OBJECTID": 114009, "Shape__Area": 304.9925528749991, "Shape__Length": 82.44576762511176, "Status": "Active", "Storeys": 18, "StoreysInBasement": null, "TopHeight": 79.1}, "type": "Feature"}, {"geometry": {"coordinates": [[[833964.6263400009, 816335.2353500016], [833980.7368500009, 816325.1845100019], [833967.7769700009, 816304.4317800011], [833951.6739700008, 816314.4988200013], [833964.6263400009, 816335.2353500016]]], "type": "Polygon"}, "properties": {"BaseHeight": 3.7, "BuildingBlockType": "Tower", "BuildingCSUID": "3395716312T20050430", "BuildingID": 1103122522, "BuildingNameEN": "Hong Kong Trade Centre", "BuildingNameTC": "香港貿易中心", "DateCreate": 1114790400000, "DateStamp": 1599580800000, "GeoRefNo": "3395716312", "OBJECTID": 114292, "Shape__Area": 464.453556992574, "Shape__Length": 86.8957530718785, "Status": "Active", "Storeys": 22, "StoreysInBasement": null, "TopHeight": 76.9}, "type": "Feature"}, {"geometry": {"coordinates": [[[833980.7368500009, 816325.1845100019], [833988.8746700007, 816320.1075800024], [833987.6822600011, 816318.2009800021], [834004.6298900004, 816307.6269800011], [833992.8430000013, 816288.7613400016], [833979.5797000006, 816297.0531100016], [833967.7769700009, 816304.4317800011], [833980.7368500009, 816325.1845100019]]], "type": "Polygon"}, "properties": {"BaseHeight": 3.7, "BuildingBlockType": "Tower", "BuildingCSUID": "3397816299T20050430", "BuildingID": 1103122583, "BuildingNameEN": "Nanyang Commercial Bank Building", "BuildingNameTC": "南洋商業銀行大廈", "DateCreate": 1114790400000, "DateStamp": 1599580800000, "GeoRefNo": "3397816299", "OBJECTID": 114296, "Shape__Area": 678.8187822231297, "Shape__Length": 108.0895163362117, "Status": "Active", "Storeys": 17, "StoreysInBasement": 1, "TopHeight": 55.9}, "type": "Feature"}, {"geometry": {"coordinates": [[[833387.3201700011, 816350.4070800021], [833387.3393900013, 816350.399770001], [833390.3992000008, 816349.2365800012], [833391.2221000008, 816348.568500001], [833384.2388500012, 816331.0463900026], [833383.7519200006, 816329.8244600017], [833380.3504500007, 816332.8140700012], [833387.3201700011, 816350.4070800021]]], "type": "Polygon"}, "properties": {"BaseHeight": 4.9, "BuildingBlockType": "Tower", "BuildingCSUID": "3338716348T20050430", "BuildingID": 1103122423, "BuildingNameEN": null, "BuildingNameTC": null, "DateCreate": 1114790400000, "DateStamp": 1599580800000, "GeoRefNo": "3338716348", "OBJECTID": 114392, "Shape__Area": 84.32205871941474, "Shape__Length": 47.983577810615415, "Status": "Active", "Storeys": 8, "StoreysInBasement": 1, "TopHeight": 35.2}, "type": "Feature"}, {"geometry": {"coordinates": [[[833387.3201700011, 816350.4070800021], [833380.3504500007, 816332.8140700012], [833379.849200001, 816333.2546800021], [833377.318190001, 816335.479170002], [833383.455790001, 816351.8760800026], [833387.3023400009, 816350.413850002], [833387.3201700011, 816350.4070800021]]], "type": "Polygon"}, "properties": {"BaseHeight": 4.9, "BuildingBlockType": "Tower", "BuildingCSUID": "3338316349T20050430", "BuildingID": 1103122407, "BuildingNameEN": null, "BuildingNameTC": null, "DateCreate": 1114790400000, "DateStamp": 1599580800000, "GeoRefNo": "3338316349", "OBJECTID": 114404, "Shape__Area": 72.15070681452232, "Shape__Length": 44.602428744956335, "Status": "Active", "Storeys": 8, "StoreysInBasement": 1, "TopHeight": 35}, "type": "Feature"}, {"geometry": {"coordinates": [[[833391.2221000008, 816348.568500001], [833399.7206200007, 816341.668320002], [833427.1487200009, 816331.100800002], [833426.2908800012, 816330.0887700021], [833425.4801800009, 816329.1324400026], [833424.654550001, 816328.1585100014], [833408.909070001, 816309.5839300025], [833400.3731700005, 816317.0100100022], [833386.1081200009, 816329.4201800022], [833384.2388500012, 816331.0463900026], [833391.2221000008, 816348.568500001]]], "type": "Polygon"}, "properties": {"BaseHeight": 7.3, "BuildingBlockType": "Tower", "BuildingCSUID": "3340316338T20050430", "BuildingID": 1103122433, "BuildingNameEN": "Welland Building", "BuildingNameTC": "偉利大廈", "DateCreate": 1114790400000, "DateStamp": 1599580800000, "GeoRefNo": "3340316338", "OBJECTID": 114405, "Shape__Area": 787.1664019226376, "Shape__Length": 120.10979311582996, "Status": "Active", "Storeys": 17, "StoreysInBasement": null, "TopHeight": 74.7}, "type": "Feature"}, {"geometry": {"coordinates": [[[833709.9821700007, 816338.9120600019], [833708.4515400007, 816333.1466700025], [833706.9182100007, 816333.6018000022], [833704.9878200004, 816326.597860001], [833698.4757000012, 816328.3674100023], [833704.3584500011, 816350.3612400014], [833711.069290001, 816348.4582500011], [833709.1766800005, 816341.732950002], [833710.6284500007, 816341.3464100026], [833709.9821700007, 816338.9120600019]]], "type": "Polygon"}, "properties": {"BaseHeight": 3, "BuildingBlockType": "Tower", "BuildingCSUID": "3370416338T20050430", "BuildingID": 1103122424, "BuildingNameEN": "Teda Building", "BuildingNameTC": "泰達大廈", "DateCreate": 1114790400000, "DateStamp": 1599580800000, "GeoRefNo": "3370416338", "OBJECTID": 114463, "Shape__Area": 168.77836116543824, "Shape__Length": 62.3278907026696, "Status": "Active", "Storeys": 20, "StoreysInBasement": null, "TopHeight": 75.9}, "type": "Feature"}, {"geometry": {"coordinates": [[[833760.7563400008, 816338.8069100026], [833764.4992500013, 816337.896230001], [833764.3133400008, 816337.0991600025], [833761.9249800006, 816326.8592200018], [833760.052910001, 816327.324380001], [833759.2684400007, 816324.1312100012], [833757.4149300009, 816324.6004400011], [833760.7563400008, 816338.8069100026]]], "type": "Polygon"}, "properties": {"BaseHeight": 3.7, "BuildingBlockType": "Tower", "BuildingCSUID": "3376116336T20050430", "BuildingID": 1103122508, "BuildingNameEN": null, "BuildingNameTC": "譚氏宏陽大廈", "DateCreate": 1114790400000, "DateStamp": 1599580800000, "GeoRefNo": "3376116336", "OBJECTID": 114464, "Shape__Area": 50.06970717988112, "Shape__Length": 36.90858279750892, "Status": "Active", "Storeys": 6, "StoreysInBasement": null, "TopHeight": 23.3}, "type": "Feature"}, {"geometry": {"coordinates": [[[833755.8853600007, 816339.1014600024], [833756.0967900008, 816339.9452800024], [833760.7563400008, 816338.8069100026], [833757.4149300009, 816324.6004400011], [833755.270870001, 816325.1432200018], [833756.0090000005, 816328.3291800022], [833753.7144600004, 816328.8993100021], [833755.8853600007, 816339.1014600024]]], "type": "Polygon"}, "properties": {"BaseHeight": 3.7, "BuildingBlockType": "Tower", "BuildingCSUID": "3375716333T20050430", "BuildingID": 1103122501, "BuildingNameEN": null, "BuildingNameTC": "譚氏宏陽大廈", "DateCreate": 1114790400000, "DateStamp": 1599580800000, "GeoRefNo": "3375716333", "OBJECTID": 114465, "Shape__Area": 60.459334452759315, "Shape__Length": 38.53755245086175, "Status": "Active", "Storeys": 6, "StoreysInBasement": null, "TopHeight": 23.3}, "type": "Feature"}, {"geometry": {"coordinates": [[[833764.3133400008, 816337.0991600025], [833768.9079300007, 816336.0075900014], [833764.5771000013, 816319.0677700024], [833760.3413300011, 816320.0694400016], [833760.8113900004, 816322.0848000012], [833761.9249800006, 816326.8592200018], [833764.3133400008, 816337.0991600025]]], "type": "Polygon"}, "properties": {"BaseHeight": 3.7, "BuildingBlockType": "Tower", "BuildingCSUID": "3376416330T20050430", "BuildingID": 1103122514, "BuildingNameEN": null, "BuildingNameTC": null, "DateCreate": 1114790400000, "DateStamp": 1599580800000, "GeoRefNo": "3376416330", "OBJECTID": 114466, "Shape__Area": 79.33576544255651, "Shape__Length": 44.046540888993306, "Status": "Active", "Storeys": 6, "StoreysInBasement": null, "TopHeight": 23.9}, "type": "Feature"}, {"geometry": {"coordinates": [[[833764.5771000013, 816319.0677700024], [833768.9079300007, 816336.0075900014], [833777.1546000009, 816334.0483600013], [833774.5434800005, 816322.6721400023], [833773.1742400005, 816317.034740001], [833771.9672300005, 816317.320170002], [833764.5771000013, 816319.0677700024]]], "type": "Polygon"}, "properties": {"BaseHeight": 3.7, "BuildingBlockType": "Tower", "BuildingCSUID": "3377116333T20050430", "BuildingID": 1103122518, "BuildingNameEN": null, "BuildingNameTC": null, "DateCreate": 1114790400000, "DateStamp": 1599580800000, "GeoRefNo": "3377116333", "OBJECTID": 114467, "Shape__Area": 151.69985761495028, "Shape__Length": 52.268464308431874, "Status": "Active", "Storeys": 6, "StoreysInBasement": null, "TopHeight": 23.3}, "type": "Feature"}, {"geometry": {"coordinates": [[[833707.9070700007, 816296.2656400017], [833707.3335700007, 816296.1806100011], [833706.9350100011, 816298.3600800019], [833706.5264700009, 816300.594180001], [833705.3179900004, 816307.2026600018], [833710.3697500005, 816304.1667700019], [833711.4387800004, 816296.7892900016], [833707.9070700007, 816296.2656400017]]], "type": "Polygon"}, "properties": {"BaseHeight": 3, "BuildingBlockType": "Tower", "BuildingCSUID": "3370616304T20050430", "BuildingID": 1103122718, "BuildingNameEN": null, "BuildingNameTC": null, "DateCreate": 1114790400000, "DateStamp": 1599580800000, "GeoRefNo": "3370616304", "OBJECTID": 114468, "Shape__Area": 40.24925066043331, "Shape__Length": 28.70324995064861, "Status": "Active", "Storeys": 6, "StoreysInBasement": null, "TopHeight": 23.8}, "type": "Feature"}, {"geometry": {"coordinates": [[[833699.8107600007, 816299.5528600011], [833698.9789200006, 816299.4238800015], [833697.2901400011, 816309.9696600027], [833701.2367700012, 816309.655290002], [833705.3179900004, 816307.2026600018], [833706.5264700009, 816300.594180001], [833706.3064900013, 816300.5600700025], [833704.7910300009, 816300.3250900023], [833699.8107600007, 816299.5528600011]]], "type": "Polygon"}, "properties": {"BaseHeight": 4.1, "BuildingBlockType": "Tower", "BuildingCSUID": "3370016306T20070515", "BuildingID": 1103122695, "BuildingNameEN": null, "BuildingNameTC": null, "DateCreate": 1179158400000, "DateStamp": 1599580800000, "GeoRefNo": "3370016306", "OBJECTID": 114534, "Shape__Area": 69.83790795150915, "Shape__Length": 33.7565701966634, "Status": "Active", "Storeys": 6, "StoreysInBasement": null, "TopHeight": 23.9}, "type": "Feature"}, {"geometry": {"coordinates": [[[833356.8433700008, 816290.6970800012], [833358.3603100004, 816292.3548500016], [833361.4960800009, 816289.6814800017], [833356.0225600004, 816283.697350001], [833355.1018600008, 816284.2643600013], [833354.1094000004, 816284.8330500014], [833353.3724700008, 816285.2255300023], [833352.3128500013, 816285.7460700013], [833356.8433700008, 816290.6970800012]]], "type": "Polygon"}, "properties": {"BaseHeight": 18, "BuildingBlockType": "Tower", "BuildingCSUID": "3335716287T20050430", "BuildingID": 1103122837, "BuildingNameEN": null, "BuildingNameTC": null, "DateCreate": 1114790400000, "DateStamp": 1599580800000, "GeoRefNo": "3335716287", "OBJECTID": 114535, "Shape__Area": 34.96931274702737, "Shape__Length": 25.429249219680834, "Status": "Active", "Storeys": 2, "StoreysInBasement": null, "TopHeight": 26.3}, "type": "Feature"}, {"geometry": {"coordinates": [[[833352.3128500013, 816285.7460700013], [833351.0751600005, 816286.313190002], [833350.2007600004, 816286.6763600018], [833348.9971100008, 816287.0840100013], [833347.894820001, 816287.3891600017], [833351.1797200004, 816291.0201600026], [833351.6876600012, 816291.5802100021], [833353.5384300007, 816293.6253600027], [833356.8433700008, 816290.6970800012], [833352.3128500013, 816285.7460700013]]], "type": "Polygon"}, "properties": {"BaseHeight": 18, "BuildingBlockType": "Tower", "BuildingCSUID": "3335016288T20050430", "BuildingID": 1103122825, "BuildingNameEN": null, "BuildingNameTC": null, "DateCreate": 1114790400000, "DateStamp": 1599580800000, "GeoRefNo": "3335016288", "OBJECTID": 114536, "Shape__Area": 32.84515849349042, "Shape__Length": 24.260184257950634, "Status": "Active", "Storeys": 6, "StoreysInBasement": null, "TopHeight": 38.1}, "type": "Feature"}, {"geometry": {"coordinates": [[[833361.4960800009, 816289.6814800017], [833382.0152800009, 816272.1882800013], [833379.2891000006, 816269.0734400023], [833373.9014200009, 816269.0427800026], [833358.7809000006, 816281.6589100026], [833357.2297400013, 816282.8521200027], [833356.4066500012, 816283.4491100013], [833356.0225600004, 816283.697350001], [833361.4960800009, 816289.6814800017]]], "type": "Polygon"}, "properties": {"BaseHeight": 18, "BuildingBlockType": "Tower", "BuildingCSUID": "3336416278T20050430", "BuildingID": 1103122853, "BuildingNameEN": "Curios Court", "BuildingNameTC": "古今閣", "DateCreate": 1114790400000, "DateStamp": 1599580800000, "GeoRefNo": "3336416278", "OBJECTID": 114735, "Shape__Area": 203.12429536574524, "Shape__Length": 67.72448760789531, "Status": "Active", "Storeys": 14, "StoreysInBasement": null, "TopHeight": 66.7}, "type": "Feature"}, {"geometry": {"coordinates": [[[833678.415430001, 816255.1281200014], [833678.0034700008, 816257.5405300017], [833687.2477400005, 816257.9051800016], [833690.4679500004, 816235.5456100013], [833681.7562600011, 816235.5651100017], [833678.415430001, 816255.1281200014]]], "type": "Polygon"}, "properties": {"BaseHeight": 3.4, "BuildingBlockType": "Tower", "BuildingCSUID": "3368216237T20050430", "BuildingID": 1103123102, "BuildingNameEN": null, "BuildingNameTC": null, "DateCreate": 1114790400000, "DateStamp": 1599580800000, "GeoRefNo": "3368216237", "OBJECTID": 114808, "Shape__Area": 199.62114653668317, "Shape__Length": 62.84699040282585, "Status": "Active", "Storeys": 6, "StoreysInBasement": null, "TopHeight": 28.5}, "type": "Feature"}, {"geometry": {"coordinates": [[[833687.2477400005, 816257.9051800016], [833695.8435700005, 816258.2442400027], [833699.0321300011, 816235.8966100011], [833690.4679500004, 816235.5456100013], [833687.2477400005, 816257.9051800016]]], "type": "Polygon"}, "properties": {"BaseHeight": 3.4, "BuildingBlockType": "Tower", "BuildingCSUID": "3369416250T20050430", "BuildingID": 1103123099, "BuildingNameEN": "Chuk On Building", "BuildingNameTC": "祝安行", "DateCreate": 1114790400000, "DateStamp": 1599580800000, "GeoRefNo": "3369416250", "OBJECTID": 114809, "Shape__Area": 192.89960874201586, "Shape__Length": 62.338106189869535, "Status": "Active", "Storeys": 11, "StoreysInBasement": null, "TopHeight": 37.7}, "type": "Feature"}, {"geometry": {"coordinates": [[[833287.2983500008, 816250.4191400018], [833291.2503300011, 816255.0945200026], [833296.0371800009, 816250.9868800025], [833297.0371600008, 816250.1269000024], [833298.0371400006, 816249.2669300027], [833298.2120200004, 816249.1164800022], [833296.938120001, 816247.5367900021], [833298.3436100008, 816246.3024700023], [833299.701820001, 816247.8371600024], [833300.0381800011, 816247.5483300015], [833301.0388400005, 816246.6891100015], [833301.7186900005, 816246.1053100023], [833297.7576100007, 816241.4872200023], [833287.2983500008, 816250.4191400018]]], "type": "Polygon"}, "properties": {"BaseHeight": 18, "BuildingBlockType": "Tower", "BuildingCSUID": "3329116251T20050430", "BuildingID": 1103123131, "BuildingNameEN": null, "BuildingNameTC": null, "DateCreate": 1114790400000, "DateStamp": 1599580800000, "GeoRefNo": "3329116251", "OBJECTID": 114873, "Shape__Area": 80.17684745738015, "Shape__Length": 43.743978226569006, "Status": "Active", "Storeys": 6, "StoreysInBasement": null, "TopHeight": 39.3}, "type": "Feature"}, {"geometry": {"coordinates": [[[833606.7943800008, 816274.485530002], [833612.0490000006, 816271.5160000026], [833612.9530000007, 816272.8480000012], [833615.7480000006, 816271.063000001], [833623.5830000006, 816264.5890000015], [833622.6430000011, 816263.472000001], [833624.6341700004, 816261.8156500012], [833621.6748200012, 816257.5454600025], [833619.6240000008, 816258.9540000018], [833617.6060000006, 816256.183000002], [833619.6754700011, 816254.6605000012], [833617.4173300005, 816251.4021200016], [833614.836000001, 816253.2330000009], [833613.6340000005, 816251.5330000017], [833609.0200000005, 816254.8890000023], [833608.3660000004, 816254.2230000012], [833603.3580000009, 816257.756000001], [833604.3820000011, 816259.6180000026], [833599.106110001, 816263.3151900023], [833605.4447600013, 816272.5245800018], [833606.7943800008, 816274.485530002]]], "type": "Polygon"}, "properties": {"BaseHeight": 19.3, "BuildingBlockType": "Tower", "BuildingCSUID": "3361116263T20050430", "BuildingID": 1103123009, "BuildingNameEN": null, "BuildingNameTC": null, "DateCreate": 1114790400000, "DateStamp": 1599580800000, "GeoRefNo": "3361116263", "OBJECTID": 115194, "Shape__Area": 334.53982552863323, "Shape__Length": 82.96242612356917, "Status": "Active", "Storeys": 27, "StoreysInBasement": null, "TopHeight": 117}, "type": "Feature"}, {"geometry": {"coordinates": [[[833382.9563300004, 816500.9005700015], [833370.4983200012, 816505.8362000026], [833378.843940001, 816528.3099600021], [833391.7537700012, 816523.2877300009], [833383.0624200013, 816501.1705300026], [833382.9563300004, 816500.9005700015]]], "type": "Polygon"}, "properties": {"BaseHeight": 3, "BuildingBlockType": "Tower", "BuildingCSUID": "3337416505T20050430", "BuildingID": 1103121285, "BuildingNameEN": "Winfull Commercial Building", "BuildingNameTC": "永富商業大廈", "DateCreate": 1114790400000, "DateStamp": 1599580800000, "GeoRefNo": "3337416505", "OBJECTID": 116101, "Shape__Area": 327.1832565204856, "Shape__Length": 75.27939274199119, "Status": "Active", "Storeys": 18, "StoreysInBasement": null, "TopHeight": 58.7}, "type": "Feature"}, {"geometry": {"coordinates": [[[833368.0065400004, 816529.1789400019], [833369.0414700005, 816531.8702200018], [833376.9148200005, 816528.9530500025], [833369.2094800007, 816507.7468500026], [833362.0138700008, 816513.594180001], [833362.5303500006, 816514.9373000022], [833368.0065400004, 816529.1789400019]]], "type": "Polygon"}, "properties": {"BaseHeight": 3, "BuildingBlockType": "Tower", "BuildingCSUID": "3336316514T20050430", "BuildingID": 1103121270, "BuildingNameEN": "Pak Wing Building", "BuildingNameTC": "栢榮大廈", "DateCreate": 1114790400000, "DateStamp": 1599580800000, "GeoRefNo": "3336316514", "OBJECTID": 116102, "Shape__Area": 181.02120739128162, "Shape__Length": 59.811613718326065, "Status": "Active", "Storeys": 21, "StoreysInBasement": null, "TopHeight": 67.7}, "type": "Feature"}, {"geometry": {"coordinates": [[[833476.0077400012, 816451.9227400012], [833476.3841200005, 816453.5891700014], [833480.9889600007, 816452.5417800024], [833474.5247100005, 816423.0076400023], [833469.7075700006, 816424.0263400022], [833476.0077400012, 816451.9227400012]]], "type": "Polygon"}, "properties": {"BaseHeight": 3, "BuildingBlockType": "Tower", "BuildingCSUID": "3347516438T20140718", "BuildingID": 1103121728, "BuildingNameEN": null, "BuildingNameTC": null, "DateCreate": 1405612800000, "DateStamp": 1599580800000, "GeoRefNo": "3347516438", "OBJECTID": 116103, "Shape__Area": 145.99056357347794, "Shape__Length": 70.186802190142, "Status": "Active", "Storeys": 3, "StoreysInBasement": null, "TopHeight": 23.8}, "type": "Feature"}, {"geometry": {"coordinates": [[[833368.4695000006, 816624.1515000015], [833383.528500001, 816680.472500002], [833402.2225000011, 816675.4745000023], [833401.892500001, 816674.2435000017], [833410.1045000004, 816672.0475000013], [833397.1275000004, 816623.5125000011], [833408.7935000006, 816620.3935000021], [833416.7875000006, 816618.2555000018], [833418.0625000009, 816623.023500001], [833437.2295000004, 816617.898500001], [833435.6095000012, 816611.841500001], [833434.1845000004, 816612.222500002], [833433.6805000007, 816610.3385000024], [833435.6135000009, 816609.8225000016], [833434.3475000011, 816605.0885000024], [833369.460500001, 816622.4375000019], [833369.8225000007, 816623.7895000018], [833368.4695000006, 816624.1515000015]]], "type": "Polygon"}, "properties": {"BaseHeight": 4, "BuildingBlockType": "Tower", "BuildingCSUID": "3338816644T20090811", "BuildingID": 1109347617, "BuildingNameEN": "Central Police District Headquarters", "BuildingNameTC": "中區警區總部", "DateCreate": 1249920000000, "DateStamp": 1678951331000, "GeoRefNo": "3338816644", "OBJECTID": 116481, "Shape__Area": 2076.426224454201, "Shape__Length": 269.35434769763765, "Status": "Active", "Storeys": null, "StoreysInBasement": null, "TopHeight": 41.8}, "type": "Feature"}, {"geometry": {"coordinates": [[[833391.8295100005, 816365.0779400021], [833391.6675900007, 816364.6695600022], [833387.2120000012, 816366.3040000014], [833387.2079800004, 816366.305470001], [833387.2107500006, 816366.3150900025], [833387.5127800005, 816367.3642400019], [833387.8593000006, 816368.3193700016], [833388.1808300009, 816369.0659200009], [833388.8008800009, 816369.9654800016], [833389.5484000007, 816370.928770002], [833390.2142700013, 816371.6963400021], [833391.1844800012, 816372.7232400011], [833391.6271800008, 816373.1425000019], [833392.2544500008, 816373.6595200021], [833392.5828200011, 816373.8991500009], [833393.0924500013, 816374.233860001], [833393.4428500012, 816374.4400700014], [833393.9829300009, 816374.7231400013], [833395.4213400008, 816374.136570001], [833395.3214200009, 816373.8845700026], [833393.5480300011, 816369.4120700024], [833391.8295100005, 816365.0779400021]]], "type": "Polygon"}, "properties": {"BaseHeight": 11.3, "BuildingBlockType": "Tower", "BuildingCSUID": "3338816368T20050430", "BuildingID": 1103122220, "BuildingNameEN": null, "BuildingNameTC": null, "DateCreate": 1114790400000, "DateStamp": 1599580800000, "GeoRefNo": "3338816368", "OBJECTID": 121542, "Shape__Area": 40.3947866027275, "Shape__Length": 27.614230786710955, "Status": "Active", "Storeys": 6, "StoreysInBasement": null, "TopHeight": 28.8}, "type": "Feature"}, {"geometry": {"coordinates": [[[833337.4486200009, 816297.9361000024], [833339.0707800006, 816299.7937300019], [833338.0306400005, 816300.7211200017], [833339.0055500008, 816301.8650500011], [833346.4593100008, 816295.2022900023], [833343.8669000007, 816292.2404500023], [833337.4486200009, 816297.9361000024]]], "type": "Polygon"}, "properties": {"BaseHeight": 13.4, "BuildingBlockType": "Tower", "BuildingCSUID": "3334416294T20050430", "BuildingID": 1103122760, "BuildingNameEN": null, "BuildingNameTC": null, "DateCreate": 1114790400000, "DateStamp": 1599580800000, "GeoRefNo": "3334416294", "OBJECTID": 121557, "Shape__Area": 36.02353159969665, "Shape__Length": 27.877491839060475, "Status": "Active", "Storeys": 4, "StoreysInBasement": null, "TopHeight": 29}, "type": "Feature"}, {"geometry": {"coordinates": [[[833391.8295100005, 816365.0779400021], [833391.6675900007, 816364.6695600022], [833387.2120000012, 816366.3040000014], [833387.2079800004, 816366.305470001], [833387.2107500006, 816366.3150900025], [833387.5127800005, 816367.3642400019], [833387.8593000006, 816368.3193700016], [833388.1808300009, 816369.0659200009], [833388.8008800009, 816369.9654800016], [833389.5484000007, 816370.928770002], [833390.2142700013, 816371.6963400021], [833391.1844800012, 816372.7232400011], [833391.6271800008, 816373.1425000019], [833392.2544500008, 816373.6595200021], [833392.5828200011, 816373.8991500009], [833393.0924500013, 816374.233860001], [833393.4428500012, 816374.4400700014], [833393.9829300009, 816374.7231400013], [833396.9133900013, 816377.4589100014], [833395.4213400008, 816374.136570001], [833395.3214200009, 816373.8845700026], [833393.5480300011, 816369.4120700024], [833391.8295100005, 816365.0779400021]]], "type": "Polygon"}, "properties": {"BaseHeight": 4.9, "BuildingBlockType": "Podium", "BuildingCSUID": "3339216370P20130508", "BuildingID": 1810099368, "BuildingNameEN": null, "BuildingNameTC": null, "DateCreate": 1367942400000, "DateStamp": 1465488000000, "GeoRefNo": "3339216370", "OBJECTID": 121658, "Shape__Area": 43.221826027230236, "Shape__Length": 33.71181214870514, "Status": "Active", "Storeys": null, "StoreysInBasement": null, "TopHeight": 11.3}, "type": "Feature"}, {"geometry": {"coordinates": [[[833264.5820600009, 816261.333970001], [833261.227620001, 816264.1650300026], [833276.5530900005, 816283.1755600013], [833279.8715000004, 816280.3880200014], [833264.5820600009, 816261.333970001]]], "type": "Polygon"}, "properties": {"BaseHeight": 14.6, "BuildingBlockType": "Tower", "BuildingCSUID": "3327516279T20050430", "BuildingID": 1103122914, "BuildingNameEN": null, "BuildingNameTC": null, "DateCreate": 1114790400000, "DateStamp": 1599580800000, "GeoRefNo": "3327516279", "OBJECTID": 121659, "Shape__Area": 106.50304150136527, "Shape__Length": 57.57190824198335, "Status": "Active", "Storeys": 5, "StoreysInBasement": 1, "TopHeight": 23.9}, "type": "Feature"}, {"geometry": {"coordinates": [[[833417.9281000011, 816274.8948700018], [833414.0948200012, 816278.2746600024], [833421.2636200013, 816286.7033000011], [833430.4983200012, 816278.9150100015], [833424.3409400005, 816271.8513000011], [833420.3117400007, 816275.2399600018], [833421.9863000009, 816277.1920200009], [833420.7610300006, 816278.2767800018], [833417.9281000011, 816274.8948700018]]], "type": "Polygon"}, "properties": {"BaseHeight": 13.7, "BuildingBlockType": "Tower", "BuildingCSUID": "3342116284T20050430", "BuildingID": 1103122888, "BuildingNameEN": null, "BuildingNameTC": null, "DateCreate": 1114790400000, "DateStamp": 1599580800000, "GeoRefNo": "3342116284", "OBJECTID": 121664, "Shape__Area": 117.42141090022092, "Shape__Length": 51.511329742296084, "Status": "Active", "Storeys": 6, "StoreysInBasement": null, "TopHeight": 36.9}, "type": "Feature"}, {"geometry": {"coordinates": [[[833333.133390001, 816295.6108400021], [833333.9887700006, 816296.6334200017], [833332.2261300012, 816298.1476500016], [833334.3779000007, 816300.661100002], [833337.4486200009, 816297.9361000024], [833343.8669000007, 816292.2404500023], [833345.9964500004, 816290.3506600019], [833341.6882100012, 816288.114140002], [833333.133390001, 816295.6108400021]]], "type": "Polygon"}, "properties": {"BaseHeight": 12.8, "BuildingBlockType": "Tower", "BuildingCSUID": "3334116291T20050430", "BuildingID": 1103122775, "BuildingNameEN": null, "BuildingNameTC": null, "DateCreate": 1114790400000, "DateStamp": 1599580800000, "GeoRefNo": "3334116291", "OBJECTID": 121669, "Shape__Area": 63.79000507108468, "Shape__Length": 38.728266532094416, "Status": "Active", "Storeys": 6, "StoreysInBasement": 1, "TopHeight": 39.7}, "type": "Feature"}, {"geometry": {"coordinates": [[[833300.569910001, 816344.4590000026], [833303.6768500004, 816348.0684000012], [833316.0764800012, 816337.476590002], [833316.0508200005, 816337.4465500023], [833313.3217100007, 816334.2575200014], [833312.9461000012, 816333.8186000027], [833300.569910001, 816344.4590000026]]], "type": "Polygon"}, "properties": {"BaseHeight": 7.3, "BuildingBlockType": "Tower", "BuildingCSUID": "3331316336T20050430", "BuildingID": 1103122439, "BuildingNameEN": null, "BuildingNameTC": null, "DateCreate": 1114790400000, "DateStamp": 1599580800000, "GeoRefNo": "3331316336", "OBJECTID": 122185, "Shape__Area": 78.12198022431014, "Shape__Length": 42.2060057694281, "Status": "Active", "Storeys": 6, "StoreysInBasement": null, "TopHeight": 30.3}, "type": "Feature"}, {"geometry": {"coordinates": [[[833499.9630400008, 816322.6457000021], [833497.8890300011, 816325.3862400018], [833504.2643000009, 816334.7664200012], [833508.5618700013, 816328.9871000014], [833499.9630400008, 816322.6457000021]]], "type": "Polygon"}, "properties": {"BaseHeight": 4.9, "BuildingBlockType": "Tower", "BuildingCSUID": "3350416331T20050430", "BuildingID": 1103122527, "BuildingNameEN": null, "BuildingNameTC": null, "DateCreate": 1114790400000, "DateStamp": 1599580800000, "GeoRefNo": "3350416331", "OBJECTID": 122286, "Shape__Area": 56.93713507702047, "Shape__Length": 32.66477831461038, "Status": "Active", "Storeys": 6, "StoreysInBasement": null, "TopHeight": 24.6}, "type": "Feature"}, {"geometry": {"coordinates": [[[833294.739430001, 816337.6856400017], [833297.6663300004, 816341.0859000012], [833310.059390001, 816330.4454900026], [833309.6227900004, 816329.9353600014], [833307.6538900007, 816327.6346200015], [833307.1440900005, 816327.0388800018], [833294.739430001, 816337.6856400017]]], "type": "Polygon"}, "properties": {"BaseHeight": 8.2, "BuildingBlockType": "Tower", "BuildingCSUID": "3330716328T20050430", "BuildingID": 1103122488, "BuildingNameEN": null, "BuildingNameTC": null, "DateCreate": 1114790400000, "DateStamp": 1599580800000, "GeoRefNo": "3330716328", "OBJECTID": 122391, "Shape__Area": 73.28960064311792, "Shape__Length": 41.651573977154385, "Status": "Active", "Storeys": 6, "StoreysInBasement": null, "TopHeight": 32}, "type": "Feature"}, {"geometry": {"coordinates": [[[833267.4500000011, 816430.1700000018], [833274.7743900008, 816423.8743600026], [833271.7100000009, 816420.3000000026], [833263.8600000013, 816427.0300000012], [833267.4500000011, 816430.1700000018]]], "type": "Polygon"}, "properties": {"BaseHeight": 9.4, "BuildingBlockType": "Tower", "BuildingCSUID": "3326616427T20050430", "BuildingID": 1103121870, "BuildingNameEN": null, "BuildingNameTC": null, "DateCreate": 1114790400000, "DateStamp": 1599580800000, "GeoRefNo": "3326616427", "OBJECTID": 122576, "Shape__Area": 47.14100144677455, "Shape__Length": 29.475829158315975, "Status": "Active", "Storeys": 6, "StoreysInBasement": null, "TopHeight": 25.9}, "type": "Feature"}, {"geometry": {"coordinates": [[[833245.088370001, 816398.2040300015], [833242.2573300004, 816401.9747600015], [833240.9095700011, 816400.9343700018], [833238.242970001, 816404.5958000012], [833246.2240200005, 816410.9364700019], [833248.3616400007, 816408.3206800018], [833250.8283800008, 816410.2492200024], [833248.6696000006, 816412.8793800026], [833256.8326700004, 816419.3647500016], [833261.3280500006, 816413.7450500019], [833258.7086900007, 816411.6388000026], [833260.7913500005, 816409.095900001], [833257.3073800011, 816406.355320001], [833255.8324900009, 816405.3150500022], [833245.088370001, 816398.2040300015]]], "type": "Polygon"}, "properties": {"BaseHeight": 5.5, "BuildingBlockType": "Tower", "BuildingCSUID": "3325016409T20050430", "BuildingID": 1103121948, "BuildingNameEN": "Lai Yan Lau", "BuildingNameTC": "賴恩樓", "DateCreate": 1114790400000, "DateStamp": 1599580800000, "GeoRefNo": "3325016409", "OBJECTID": 122577, "Shape__Area": 210.8623608422134, "Shape__Length": 74.44452528648411, "Status": "Active", "Storeys": 17, "StoreysInBasement": null, "TopHeight": 65.9}, "type": "Feature"}, {"geometry": {"coordinates": [[[833203.6770400004, 816385.8291700017], [833203.716070001, 816385.8561300021], [833207.1976400008, 816388.2639900018], [833211.227380001, 816390.1584900022], [833222.5596200004, 816374.0119800009], [833215.5262600007, 816369.1586000025], [833212.9720600005, 816372.7520800009], [833203.6770400004, 816385.8291700017]]], "type": "Polygon"}, "properties": {"BaseHeight": 6.7, "BuildingBlockType": "Tower", "BuildingCSUID": "3320716385T20050430", "BuildingID": 1103122141, "BuildingNameEN": null, "BuildingNameTC": null, "DateCreate": 1114790400000, "DateStamp": 1599580800000, "GeoRefNo": "3320716385", "OBJECTID": 122578, "Shape__Area": 174.43662759260994, "Shape__Length": 57.4578064584242, "Status": "Active", "Storeys": 6, "StoreysInBasement": null, "TopHeight": 28.4}, "type": "Feature"}, {"geometry": {"coordinates": [[[833362.7020000005, 816562.2190000024], [833371.1060000006, 816560.0100000016], [833369.7930000005, 816555.0420000013], [833361.3580000009, 816557.2520000022], [833361.5940000005, 816558.1240000017], [833362.7020000005, 816562.2190000024]]], "type": "Polygon"}, "properties": {"BaseHeight": 3.5, "BuildingBlockType": "Podium", "BuildingCSUID": "3336616558P20060312", "BuildingID": 1103116937, "BuildingNameEN": "CONNAUGHT HARBOURFRONT HOUSE", "BuildingNameTC": "香港康諾維港大廈", "DateCreate": 1142092800000, "DateStamp": 1369238400000, "GeoRefNo": "3336616558", "OBJECTID": 122641, "Shape__Area": 44.75906500265509, "Shape__Length": 27.693380281281456, "Status": "Active", "Storeys": null, "StoreysInBasement": null, "TopHeight": 18.5}, "type": "Feature"}, {"geometry": {"coordinates": [[[833219.1126500005, 816393.8656200022], [833224.5630800007, 816396.4280600026], [833226.4574100012, 816397.8006000016], [833234.8772800006, 816386.0707900021], [833227.8725200007, 816381.502150001], [833219.1126500005, 816393.8656200022]]], "type": "Polygon"}, "properties": {"BaseHeight": 6.1, "BuildingBlockType": "Tower", "BuildingCSUID": "3322216393T20050430", "BuildingID": 1103122089, "BuildingNameEN": null, "BuildingNameTC": null, "DateCreate": 1114790400000, "DateStamp": 1599580800000, "GeoRefNo": "3322216393", "OBJECTID": 122972, "Shape__Area": 121.64083286887443, "Shape__Length": 46.31617822225226, "Status": "Active", "Storeys": 6, "StoreysInBasement": null, "TopHeight": 28.9}, "type": "Feature"}, {"geometry": {"coordinates": [[[833211.227380001, 816390.1584900022], [833219.1126500005, 816393.8656200022], [833227.8725200007, 816381.502150001], [833229.6922600009, 816378.9338500015], [833222.5596200004, 816374.0119800009], [833211.227380001, 816390.1584900022]]], "type": "Polygon"}, "properties": {"BaseHeight": 6.1, "BuildingBlockType": "Tower", "BuildingCSUID": "3321416389T20050430", "BuildingID": 1103122114, "BuildingNameEN": null, "BuildingNameTC": null, "DateCreate": 1114790400000, "DateStamp": 1599580800000, "GeoRefNo": "3321416389", "OBJECTID": 122973, "Shape__Area": 163.95187802823563, "Shape__Length": 55.40546626231079, "Status": "Active", "Storeys": 6, "StoreysInBasement": null, "TopHeight": 26.4}, "type": "Feature"}, {"geometry": {"coordinates": [[[833226.4574100012, 816397.8006000016], [833233.4282300007, 816402.8511200026], [833239.366080001, 816394.6144400015], [833234.2439600006, 816391.3367500026], [833236.9866000004, 816387.4465700015], [833234.8772800006, 816386.0707900021], [833226.4574100012, 816397.8006000016]]], "type": "Polygon"}, "properties": {"BaseHeight": 6.1, "BuildingBlockType": "Tower", "BuildingCSUID": "3322916397T20050430", "BuildingID": 1103122055, "BuildingNameEN": null, "BuildingNameTC": null, "DateCreate": 1114790400000, "DateStamp": 1599580800000, "GeoRefNo": "3322916397", "OBJECTID": 123063, "Shape__Area": 97.46251769105527, "Shape__Length": 46.560119673321566, "Status": "Active", "Storeys": 6, "StoreysInBasement": null, "TopHeight": 28.5}, "type": "Feature"}, {"geometry": {"coordinates": [[[833196.8378000008, 816381.0991300009], [833196.8755200012, 816381.1252200026], [833200.3390300004, 816383.5205700025], [833203.6770400004, 816385.8291700017], [833212.9720600005, 816372.7520800009], [833209.371460001, 816370.3870100025], [833208.8890700005, 816370.0700900014], [833211.4355200008, 816366.3357800022], [833209.9964800011, 816365.3427600022], [833205.2557800012, 816372.3350400012], [833204.7472300008, 816372.0560700018], [833203.4266600013, 816373.9630000014], [833202.1983100008, 816373.1285500024], [833196.8509400012, 816381.0796000026], [833196.8378000008, 816381.0991300009]]], "type": "Polygon"}, "properties": {"BaseHeight": 6.7, "BuildingBlockType": "Tower", "BuildingCSUID": "3319916380T20050430", "BuildingID": 1103122159, "BuildingNameEN": null, "BuildingNameTC": null, "DateCreate": 1114790400000, "DateStamp": 1599580800000, "GeoRefNo": "3319916380", "OBJECTID": 123064, "Shape__Area": 132.015087184314, "Shape__Length": 57.95074897447039, "Status": "Active", "Storeys": 6, "StoreysInBasement": null, "TopHeight": 29.3}, "type": "Feature"}, {"geometry": {"coordinates": [[[833730.5498700012, 816365.046550002], [833709.7534800004, 816371.0420100018], [833715.2811200004, 816392.1566400025], [833736.3691500006, 816386.6875500027], [833735.7345700013, 816384.4057300016], [833732.4191700006, 816372.2898300011], [833731.614000001, 816368.8400000017], [833730.5498700012, 816365.046550002]]], "type": "Polygon"}, "properties": {"BaseHeight": 3.7, "BuildingBlockType": "Tower", "BuildingCSUID": "3371816385T20050430", "BuildingID": 1103122129, "BuildingNameEN": "Tung Hip Commercial Building", "BuildingNameTC": "東協商業大廈", "DateCreate": 1114790400000, "DateStamp": 1599580800000, "GeoRefNo": "3371816385", "OBJECTID": 123683, "Shape__Area": 479.61861428526623, "Shape__Length": 87.66740117152703, "Status": "Active", "Storeys": 26, "StoreysInBasement": null, "TopHeight": 64.8}, "type": "Feature"}, {"geometry": {"coordinates": [[[833728.3320000004, 816357.1520000026], [833707.6760000009, 816363.1070000026], [833709.7534800004, 816371.0420100018], [833715.2811200004, 816392.1566400025], [833736.3691500006, 816386.6875500027], [833735.7345700013, 816384.4057300016], [833732.4191700006, 816372.2898300011], [833731.614000001, 816368.8400000017], [833730.5498700012, 816365.046550002], [833728.3320000004, 816357.1520000026]]], "type": "Polygon"}, "properties": {"BaseHeight": 2.9, "BuildingBlockType": "Podium", "BuildingCSUID": "3372116374P20060312", "BuildingID": 1103117153, "BuildingNameEN": "TUNG HIP COMMERCIAL BUILDING", "BuildingNameTC": "東協商業大廈", "DateCreate": 1142092800000, "DateStamp": 1599580800000, "GeoRefNo": "3372116374", "OBJECTID": 123684, "Shape__Area": 656.4947400246023, "Shape__Length": 103.92392940560252, "Status": "Active", "Storeys": 1, "StoreysInBasement": 1, "TopHeight": 19.2}, "type": "Feature"}, {"geometry": {"coordinates": [[[833728.3320000004, 816357.1520000026], [833730.5498700012, 816365.046550002], [833731.614000001, 816368.8400000017], [833744.5270000007, 816365.5650000013], [833748.211000001, 816364.631000001], [833744.8270000005, 816352.0110000018], [833741.1800000006, 816353.0830000024], [833728.256000001, 816356.8800000027], [833728.3320000004, 816357.1520000026]]], "type": "Polygon"}, "properties": {"BaseHeight": 2.9, "BuildingBlockType": "Podium", "BuildingCSUID": "3373816360P20060312", "BuildingID": 1103117173, "BuildingNameEN": "88 COMMERCIAL BUILDING", "BuildingNameTC": "東成商業大廈", "DateCreate": 1142092800000, "DateStamp": 1599580800000, "GeoRefNo": "3373816360", "OBJECTID": 123685, "Shape__Area": 219.10864775513352, "Shape__Length": 59.882198204627834, "Status": "Active", "Storeys": 5, "StoreysInBasement": null, "TopHeight": 19.9}, "type": "Feature"}, {"geometry": {"coordinates": [[[833731.614000001, 816368.8400000017], [833744.5270900009, 816365.5652300026], [833741.1802100008, 816353.0825200025], [833728.256000001, 816356.8800000027], [833728.3320000004, 816357.1520000026], [833730.5498700012, 816365.046550002], [833731.614000001, 816368.8400000017]]], "type": "Polygon"}, "properties": {"BaseHeight": 3, "BuildingBlockType": "Tower", "BuildingCSUID": "3373716359T20050430", "BuildingID": 1103122263, "BuildingNameEN": "88 Commercial Building", "BuildingNameTC": "東成商業大廈", "DateCreate": 1114790400000, "DateStamp": 1599580800000, "GeoRefNo": "3373716359", "OBJECTID": 123686, "Shape__Area": 169.7339869291067, "Shape__Length": 52.138503818668504, "Status": "Active", "Storeys": 17, "StoreysInBasement": null, "TopHeight": 71.4}, "type": "Feature"}, {"geometry": {"coordinates": [[[833689.0011900011, 816301.5061400011], [833689.4040900012, 816301.5256700013], [833690.5029300004, 816293.5324700009], [833682.0820200006, 816293.2262900025], [833681.0897000004, 816301.1227600016], [833689.0011900011, 816301.5061400011]]], "type": "Polygon"}, "properties": {"BaseHeight": 3, "BuildingBlockType": "Tower", "BuildingCSUID": "3368716299T20050430", "BuildingID": 1103122763, "BuildingNameEN": null, "BuildingNameTC": null, "DateCreate": 1114790400000, "DateStamp": 1599580800000, "GeoRefNo": "3368716299", "OBJECTID": 130696, "Shape__Area": 66.85027994902471, "Shape__Length": 32.777573703735925, "Status": "Active", "Storeys": 6, "StoreysInBasement": null, "TopHeight": 27.3}, "type": "Feature"}, {"geometry": {"coordinates": [[[833732.4191700006, 816372.2898300011], [833735.7345700013, 816384.4057300016], [833736.3691500006, 816386.6875500027], [833736.6182400007, 816387.5832400024], [833753.0474300012, 816383.186300002], [833752.1849200008, 816379.9562300015], [833750.2577300007, 816372.7389500011], [833748.8906000005, 816367.6191000026], [833732.4191700006, 816372.2898300011]]], "type": "Polygon"}, "properties": {"BaseHeight": 3.9, "BuildingBlockType": "Podium", "BuildingCSUID": "3374316378P20160603", "BuildingID": 1810151858, "BuildingNameEN": null, "BuildingNameTC": null, "DateCreate": 1464883200000, "DateStamp": 1599580800000, "GeoRefNo": "3374316378", "OBJECTID": 130751, "Shape__Area": 272.86131397530653, "Shape__Length": 66.10030397442479, "Status": "Active", "Storeys": 4, "StoreysInBasement": null, "TopHeight": 19}, "type": "Feature"}, {"geometry": {"coordinates": [[[833231.4512000009, 816295.0350400023], [833224.7408800004, 816286.7248700019], [833213.5181800006, 816296.2790400013], [833219.259490001, 816303.3036900014], [833222.4388200007, 816300.6806100011], [833223.3186500007, 816301.7860100027], [833231.4512000009, 816295.0350400023]]], "type": "Polygon"}, "properties": {"BaseHeight": 17.4, "BuildingBlockType": "Tower", "BuildingCSUID": "3322816294T20050430", "BuildingID": 1103122745, "BuildingNameEN": null, "BuildingNameTC": null, "DateCreate": 1114790400000, "DateStamp": 1599580800000, "GeoRefNo": "3322816294", "OBJECTID": 137859, "Shape__Area": 149.86391226342243, "Shape__Length": 50.596343813766644, "Status": "Active", "Storeys": 6, "StoreysInBasement": null, "TopHeight": 37}, "type": "Feature"}, {"geometry": {"coordinates": [[[833248.6763600009, 816301.4000400025], [833251.6103800004, 816298.8491000012], [833249.9099100009, 816296.7926600017], [833251.6195900012, 816295.3364000022], [833242.7657200005, 816284.6252700016], [833241.3285500007, 816285.9549600016], [833239.7658100007, 816284.0718300026], [833236.5936900005, 816286.7509700023], [833248.6763600009, 816301.4000400025]]], "type": "Polygon"}, "properties": {"BaseHeight": 20.3, "BuildingBlockType": "Tower", "BuildingCSUID": "3324516292T20050430", "BuildingID": 1103122767, "BuildingNameEN": "Hollywood Hill", "BuildingNameTC": null, "DateCreate": 1114790400000, "DateStamp": 1599580800000, "GeoRefNo": "3324516292", "OBJECTID": 152083, "Shape__Area": 105.30485348796684, "Shape__Length": 50.24517009229788, "Status": "Active", "Storeys": 25, "StoreysInBasement": null, "TopHeight": 88.6}, "type": "Feature"}, {"geometry": {"coordinates": [[[833592.694670001, 816293.0024500024], [833610.9442800004, 816280.5149400011], [833610.711000001, 816280.1760000009], [833606.7943800008, 816274.485530002], [833605.4447600013, 816272.5245800018], [833599.106110001, 816263.3151900023], [833596.1230000006, 816258.9810000025], [833579.0678100009, 816270.8339300025], [833576.948950001, 816272.3064900022], [833583.9724400006, 816282.2783900015], [833591.3192300005, 816292.7093200013], [833592.694670001, 816293.0024500024]]], "type": "Polygon"}, "properties": {"BaseHeight": 3.4, "BuildingBlockType": "Podium", "BuildingCSUID": "3359416276P20120118", "BuildingID": 1810077935, "BuildingNameEN": "HOLIDAY INN EXPRESS HONG KONG SOHO", "BuildingNameTC": "香港蘇豪智選假日酒店", "DateCreate": 1326816000000, "DateStamp": 1599580800000, "GeoRefNo": "3359416276", "OBJECTID": 152996, "Shape__Area": 604.2813244313359, "Shape__Length": 97.96627852639124, "Status": "Active", "Storeys": 2, "StoreysInBasement": null, "TopHeight": 17.4}, "type": "Feature"}, {"geometry": {"coordinates": [[[833665.3176500006, 816452.3840300012], [833669.3083800012, 816451.2803200018], [833668.9778900007, 816450.0821900014], [833663.7659100005, 816431.1876800023], [833663.0409400007, 816431.3798400015], [833662.3159800004, 816431.5720000025], [833661.5910100006, 816431.7641600017], [833660.8660500012, 816431.9563300014], [833659.7316500004, 816432.2570100017], [833665.3176500006, 816452.3840300012]]], "type": "Polygon"}, "properties": {"BaseHeight": 3.7, "BuildingBlockType": "Tower", "BuildingCSUID": "3366116433T20050430", "BuildingID": 1103121731, "BuildingNameEN": null, "BuildingNameTC": null, "DateCreate": 1114790400000, "DateStamp": 1599580800000, "GeoRefNo": "3366116433", "OBJECTID": 155774, "Shape__Area": 86.73633590004323, "Shape__Length": 50.044981220646875, "Status": "Active", "Storeys": 6, "StoreysInBasement": null, "TopHeight": 20.2}, "type": "Feature"}, {"geometry": {"coordinates": [[[833668.9778900007, 816450.0821900014], [833673.6988600008, 816448.6925000027], [833674.4549500011, 816451.7293900009], [833690.890110001, 816447.3017300013], [833687.7246200005, 816435.8766500019], [833684.8752400009, 816425.5923900027], [833663.7659100005, 816431.1876800023], [833668.9778900007, 816450.0821900014]]], "type": "Polygon"}, "properties": {"BaseHeight": 3.7, "BuildingBlockType": "Tower", "BuildingCSUID": "3367116430T20050430", "BuildingID": 1103121735, "BuildingNameEN": "Loon Kee Building", "BuildingNameTC": "龍記大廈", "DateCreate": 1114790400000, "DateStamp": 1599580800000, "GeoRefNo": "3367116430", "OBJECTID": 155775, "Shape__Area": 478.18567794071475, "Shape__Length": 89.03764438847602, "Status": "Active", "Storeys": 17, "StoreysInBasement": null, "TopHeight": 66}, "type": "Feature"}, {"geometry": {"coordinates": [[[833652.7684400007, 816456.2515900023], [833656.6488000005, 816455.220040001], [833651.2883200012, 816434.4950300027], [833647.2765300004, 816435.5583900027], [833647.0263100006, 816435.624710001], [833652.7684400007, 816456.2515900023]]], "type": "Polygon"}, "properties": {"BaseHeight": 3.7, "BuildingBlockType": "Tower", "BuildingCSUID": "3365016438T20050430", "BuildingID": 1103121714, "BuildingNameEN": "GD REAL ESTATE TOWER", "BuildingNameTC": "粵海置業大廈", "DateCreate": 1114790400000, "DateStamp": 1599580800000, "GeoRefNo": "3365016438", "OBJECTID": 155776, "Shape__Area": 90.17441458413708, "Shape__Length": 51.24256086771415, "Status": "Active", "Storeys": 25, "StoreysInBasement": null, "TopHeight": 9.7}, "type": "Feature"}, {"geometry": {"coordinates": [[[833623.4033700004, 816361.0129200015], [833627.1635300005, 816375.065940002], [833631.3649900006, 816373.8487700019], [833627.6016500005, 816359.8119200021], [833623.4033700004, 816361.0129200015]]], "type": "Polygon"}, "properties": {"BaseHeight": 3, "BuildingBlockType": "Tower", "BuildingCSUID": "3362916370T20050430", "BuildingID": 1103122221, "BuildingNameEN": null, "BuildingNameTC": null, "DateCreate": 1114790400000, "DateStamp": 1599580800000, "GeoRefNo": "3362916370", "OBJECTID": 155777, "Shape__Area": 63.53517665866256, "Shape__Length": 37.820860490505936, "Status": "Active", "Storeys": 6, "StoreysInBasement": null, "TopHeight": 26.4}, "type": "Feature"}, {"geometry": {"coordinates": [[[833942.6600000011, 816436.5014700014], [833944.2969300011, 816439.1246200018], [833946.9370500008, 816437.4771100022], [833945.3001200007, 816434.8539500013], [833942.6600000011, 816436.5014700014]]], "type": "Polygon"}, "properties": {"BaseHeight": 3.6, "BuildingBlockType": "Tower", "BuildingCSUID": "3394516437T20161006", "BuildingID": 1810154933, "BuildingNameEN": null, "BuildingNameTC": null, "DateCreate": 1475683200000, "DateStamp": 1475683200000, "GeoRefNo": "3394516437", "OBJECTID": 157852, "Shape__Area": 9.62231070806593, "Shape__Length": 12.40800430137395, "Status": "Active", "Storeys": null, "StoreysInBasement": null, "TopHeight": 15.3}, "type": "Feature"}, {"geometry": {"coordinates": [[[833896.973770001, 816480.9731600024], [833893.9750200007, 816481.7975200024], [833894.7967300005, 816484.7866300009], [833897.7954800008, 816483.962270001], [833896.973770001, 816480.9731600024]]], "type": "Polygon"}, "properties": {"BaseHeight": 3.9, "BuildingBlockType": "Tower", "BuildingCSUID": "3389616483T20161006", "BuildingID": 1810155053, "BuildingNameEN": null, "BuildingNameTC": null, "DateCreate": 1475683200000, "DateStamp": 1475683200000, "GeoRefNo": "3389616483", "OBJECTID": 157853, "Shape__Area": 9.640978464410146, "Shape__Length": 12.419986120728804, "Status": "Active", "Storeys": null, "StoreysInBasement": null, "TopHeight": 16}, "type": "Feature"}, {"geometry": {"coordinates": [[[833402.1013600007, 816373.7962600011], [833408.2398400009, 816371.4544800017], [833408.8358600009, 816373.0168100018], [833408.837150001, 816373.0201900024], [833412.0792000005, 816371.8083900027], [833415.3974200012, 816370.5681300014], [833414.7987400005, 816368.9523000009], [833420.9372200007, 816366.610530002], [833417.5011800006, 816357.6036900021], [833398.6653200006, 816364.7894100025], [833402.1013600007, 816373.7962600011]]], "type": "Polygon"}, "properties": {"BaseHeight": 21, "BuildingBlockType": "Tower", "BuildingCSUID": "3341016367T20130626", "BuildingID": 1103122215, "BuildingNameEN": "the L.plaza", "BuildingNameTC": null, "DateCreate": 1372176000000, "DateStamp": 1599580800000, "GeoRefNo": "3341016367", "OBJECTID": 160889, "Shape__Area": 206.25812629552635, "Shape__Length": 62.982461222016134, "Status": "Active", "Storeys": 21, "StoreysInBasement": null, "TopHeight": 72.1}, "type": "Feature"}, {"geometry": {"coordinates": [[[833659.861010001, 816361.0609600022], [833683.8174100006, 816354.1436800025], [833681.1690300005, 816344.2896600012], [833677.2586200004, 816345.3255800027], [833676.846880001, 816343.8474600017], [833673.159930001, 816330.6113800015], [833661.0824300004, 816334.0612600017], [833665.576580001, 816350.458370002], [833661.4601700008, 816351.6471200027], [833657.5868700007, 816352.7656500023], [833658.3635500008, 816355.598720001], [833659.861010001, 816361.0609600022]]], "type": "Polygon"}, "properties": {"BaseHeight": 19.7, "BuildingBlockType": "Tower", "BuildingCSUID": "3366916353T20050430", "BuildingID": 1103122321, "BuildingNameEN": "Officeplus @ Sheung Wan", "BuildingNameTC": "協成行上環中心", "DateCreate": 1114790400000, "DateStamp": 1599580800000, "GeoRefNo": "3366916353", "OBJECTID": 160890, "Shape__Area": 435.2063885963612, "Shape__Length": 100.93844525480363, "Status": "Active", "Storeys": 19, "StoreysInBasement": null, "TopHeight": 70.3}, "type": "Feature"}, {"geometry": {"coordinates": [[[833817.8499500006, 816283.9095600024], [833769.411220001, 816296.9869800024], [833778.1950000012, 816330.1980000027], [833782.4401500011, 816329.5662600026], [833786.646590001, 816328.8511700016], [833794.4970000004, 816327.3370000012], [833798.5042200005, 816326.4673300013], [833802.4764400013, 816325.4195000026], [833805.8993900008, 816324.4606600013], [833809.1690000007, 816323.4900000021], [833812.692470001, 816322.3644500021], [833815.0464100009, 816321.5863600019], [833817.3864100007, 816320.7673000023], [833819.7117500007, 816319.9075100012], [833822.0217300011, 816319.0072400011], [833824.3156400006, 816318.0667900015], [833826.7490000008, 816317.1330000013], [833817.8930000011, 816284.0780000016], [833817.8499500006, 816283.9095600024]]], "type": "Polygon"}, "properties": {"BaseHeight": 34.4, "BuildingBlockType": "Tower", "BuildingCSUID": "3380016308T20050430", "BuildingID": 1103122548, "BuildingNameEN": "Cosco Tower", "BuildingNameTC": "中遠大廈", "DateCreate": 1114790400000, "DateStamp": 1599580800000, "GeoRefNo": "3380016308", "OBJECTID": 160892, "Shape__Area": 1781.9298698345026, "Shape__Length": 169.3496423996405, "Status": "Active", "Storeys": 51, "StoreysInBasement": null, "TopHeight": 204.9}, "type": "Feature"}, {"geometry": {"coordinates": [[[833846.5390400011, 816267.225610001], [833847.188000001, 816268.4970000014], [833849.1409500008, 816271.7006900012], [833851.3167600008, 816274.7573900018], [833853.7044400005, 816277.6516300011], [833856.2918900009, 816280.3687500022], [833859.0660000006, 816282.8950000014], [833862.5365400007, 816285.7136500012], [833865.5504400004, 816287.9483800009], [833868.7156200008, 816289.963130001], [833872.0160700008, 816291.7477100026], [833875.5263800006, 816293.3627600018], [833880.5360000012, 816295.0930000022], [833887.8440000005, 816291.3880000021], [833882.6560000004, 816283.9410000015], [833884.2027800009, 816282.7984200027], [833883.0790000008, 816281.1440000013], [833870.9230000004, 816263.2480000015], [833853.7070000004, 816237.9790000021], [833852.2130000005, 816238.9700000025], [833845.9570000004, 816229.7730000019], [833839.8850000007, 816235.1740000024], [833839.6798400013, 816240.3334000017], [833839.8943100004, 816245.4924300015], [833840.5270000007, 816250.6170000024], [833841.6709400006, 816255.2661200017], [833843.1686700005, 816259.8136200011], [833845.0113200005, 816264.2326200027], [833846.5390400011, 816267.225610001]]], "type": "Polygon"}, "properties": {"BaseHeight": 49.6, "BuildingBlockType": "Tower", "BuildingCSUID": "3385916265T20050430", "BuildingID": 1103122812, "BuildingNameEN": "Grand Millennium Plaza", "BuildingNameTC": "新紀元廣場", "DateCreate": 1114790400000, "DateStamp": 1599580800000, "GeoRefNo": "3385916265", "OBJECTID": 161135, "Shape__Area": 1323.8396209295095, "Shape__Length": 172.7380319595908, "Status": "Active", "Storeys": 25, "StoreysInBasement": null, "TopHeight": 119.9}, "type": "Feature"}, {"geometry": {"coordinates": [[[833484.6278600004, 816266.762120001], [833489.5220000008, 816262.5850000009], [833486.5130000012, 816259.0600000024], [833482.5150000006, 816262.472000001], [833479.9260000009, 816259.4390000012], [833476.4840000011, 816262.3770000022], [833480.5920000011, 816267.1900000013], [833478.5650000004, 816268.9200000018], [833474.614000001, 816264.2910000011], [833471.0390000008, 816267.342000002], [833473.5940000005, 816270.336000001], [833469.7300000004, 816273.6330000013], [833472.773000001, 816277.199000001], [833475.7590000005, 816274.6500000022], [833477.2590000005, 816276.4080000017], [833474.2340000011, 816278.9900000021], [833477.3280000007, 816282.6150000021], [833481.1890000012, 816279.3200000022], [833483.5850000009, 816282.1270000022], [833487.3760000011, 816278.8920000009], [833483.9110000012, 816274.8320000023], [833484.1070000008, 816274.665000001], [833482.8282000013, 816273.1652300023], [833484.240100001, 816271.8941100016], [833485.4340000004, 816273.2940000016], [833485.9070000006, 816272.8900000025], [833489.4930000007, 816277.092000002], [833492.7970000012, 816274.2720000017], [833490.1840000004, 816271.211000001], [833494.1430000011, 816267.8320000023], [833491.1400000006, 816264.313000001], [833486.2105800007, 816268.5203600023], [833484.6278600004, 816266.762120001]]], "type": "Polygon"}, "properties": {"BaseHeight": 21.5, "BuildingBlockType": "Tower", "BuildingCSUID": "3348216269T20100723", "BuildingID": 1109959250, "BuildingNameEN": "Midland Centre Block A", "BuildingNameTC": "中源中心Ａ座", "DateCreate": 1279814400000, "DateStamp": 1599580800000, "GeoRefNo": "3348216269", "OBJECTID": 161138, "Shape__Area": 294.9832436251607, "Shape__Length": 131.54781538279687, "Status": "Active", "Storeys": 23, "StoreysInBasement": null, "TopHeight": 87.2}, "type": "Feature"}, {"geometry": {"coordinates": [[[833501.8043600004, 816256.5063500013], [833503.2148200013, 816255.2335200012], [833504.341000001, 816256.5540000014], [833504.8140000012, 816256.1500000022], [833508.4000000004, 816260.3520000018], [833511.7030000007, 816257.5320000015], [833509.091000001, 816254.4710000027], [833513.0500000007, 816251.092000002], [833510.0470000012, 816247.5730000027], [833505.0099900011, 816251.8723400012], [833503.424540001, 816250.1154200025], [833508.4280000012, 816245.8450000025], [833505.4200000009, 816242.3200000022], [833501.4220000012, 816245.7320000026], [833498.8330000006, 816242.699000001], [833495.3900000006, 816245.637000002], [833499.4990000008, 816250.4500000011], [833497.4710000008, 816252.1800000016], [833493.5210000006, 816247.5510000009], [833489.9460000005, 816250.6020000018], [833492.5000000009, 816253.5960000027], [833488.637000001, 816256.8930000011], [833491.6800000006, 816260.4590000026], [833494.6660000011, 816257.910000002], [833496.1660000011, 816259.6680000015], [833493.1410000008, 816262.2500000019], [833496.2340000011, 816265.8750000019], [833500.0960000008, 816262.5800000019], [833502.4910000004, 816265.3880000021], [833506.2820000006, 816262.1520000026], [833502.8180000009, 816258.092000002], [833503.0140000004, 816257.9250000026], [833501.8043600004, 816256.5063500013]]], "type": "Polygon"}, "properties": {"BaseHeight": 21.5, "BuildingBlockType": "Tower", "BuildingCSUID": "3349816256T20100723", "BuildingID": 1109959251, "BuildingNameEN": "Midland Centre Block B", "BuildingNameTC": "中源中心Ｂ座", "DateCreate": 1279814400000, "DateStamp": 1599580800000, "GeoRefNo": "3349816256", "OBJECTID": 161141, "Shape__Area": 294.8409790203093, "Shape__Length": 131.62131875409253, "Status": "Active", "Storeys": 23, "StoreysInBasement": null, "TopHeight": 87.2}, "type": "Feature"}, {"geometry": {"coordinates": [[[833279.3842700012, 816500.941800002], [833266.4905400006, 816486.5906000026], [833263.0872300006, 816482.8025800027], [833259.0710200006, 816487.2077800017], [833258.0110000009, 816486.2655800022], [833255.5900600012, 816490.4964100011], [833255.5202400004, 816490.6184300017], [833258.398070001, 816493.8757700026], [833264.7547200006, 816501.0706900023], [833271.3368800012, 816508.4474600013], [833274.3442000011, 816511.8178300019], [833274.7744400008, 816512.3028800022], [833282.9270000011, 816504.8850000016], [833279.3842700012, 816500.941800002]]], "type": "Polygon"}, "properties": {"BaseHeight": 3, "BuildingBlockType": "Podium", "BuildingCSUID": "3326916498P20120731", "BuildingID": 1810087347, "BuildingNameEN": "WING SHUN BUILDING", "BuildingNameTC": "永順大廈", "DateCreate": 1343664000000, "DateStamp": 1478534400000, "GeoRefNo": "3326916498", "OBJECTID": 161143, "Shape__Area": 323.8829551316458, "Shape__Length": 82.1016217799567, "Status": "Active", "Storeys": null, "StoreysInBasement": null, "TopHeight": 13.2}, "type": "Feature"}, {"geometry": {"coordinates": [[[833257.3255000012, 816527.0692200027], [833274.3442000011, 816511.8178300019], [833271.3368800012, 816508.4474600013], [833264.7547200006, 816501.0706900023], [833258.398070001, 816493.8757700026], [833255.5202400004, 816490.6184300017], [833251.1761700008, 816485.7014900018], [833242.149530001, 816501.4371300023], [833236.7752900012, 816498.2503300011], [833233.0936400006, 816504.6657500025], [833229.9703400005, 816510.0777300019], [833229.1631900007, 816511.4433500022], [833226.1184200011, 816516.7834300026], [833225.7382700006, 816517.4774900023], [833235.1627700012, 816524.2656000014], [833248.7057000007, 816535.2141600009], [833253.6901500011, 816530.504300002], [833257.3255000012, 816527.0692200027]]], "type": "Polygon"}, "properties": {"BaseHeight": 3.5, "BuildingBlockType": "Podium", "BuildingCSUID": "3325016511P20120801", "BuildingID": 1810087372, "BuildingNameEN": "IBIS HONG KONG CENTRAL & SHEUNG WAN", "BuildingNameTC": "宜必思香港中上環酒店", "DateCreate": 1343750400000, "DateStamp": 1599580800000, "GeoRefNo": "3325016511", "OBJECTID": 161145, "Shape__Area": 1199.1434958408022, "Shape__Length": 145.21217111076965, "Status": "Active", "Storeys": 3, "StoreysInBasement": null, "TopHeight": 18.5}, "type": "Feature"}, {"geometry": {"coordinates": [[[833254.8391300011, 816585.1535100024], [833254.7370000007, 816584.091930002], [833253.8374100011, 816574.7412500009], [833253.6409000009, 816572.6986700017], [833253.279000001, 816568.9370000027], [833242.9281400004, 816560.7441700026], [833243.2813600004, 816563.8775000013], [833244.3853800008, 816573.5021300018], [833245.7731800005, 816585.9820700027], [833254.8391300011, 816585.1535100024]]], "type": "Polygon"}, "properties": {"BaseHeight": 3.7, "BuildingBlockType": "Podium", "BuildingCSUID": "3324916576P20120917", "BuildingID": 1810089248, "BuildingNameEN": "WUI TAT CENTRE", "BuildingNameTC": "會達中心", "DateCreate": 1347811200000, "DateStamp": 1478534400000, "GeoRefNo": "3324916576", "OBJECTID": 162048, "Shape__Area": 192.90736475965787, "Shape__Length": 63.99376556971164, "Status": "Active", "Storeys": null, "StoreysInBasement": null, "TopHeight": 22.6}, "type": "Feature"}, {"geometry": {"coordinates": [[[833254.8391300011, 816585.1535100024], [833268.2014400009, 816583.9322900027], [833268.5939300004, 816581.0594000015], [833253.279000001, 816568.9370000027], [833253.6409000009, 816572.6986700017], [833253.8374100011, 816574.7412500009], [833254.7370000007, 816584.091930002], [833254.8391300011, 816585.1535100024]]], "type": "Polygon"}, "properties": {"BaseHeight": 3.7, "BuildingBlockType": "Podium", "BuildingCSUID": "3326116580P20161108", "BuildingID": 1810156030, "BuildingNameEN": null, "BuildingNameTC": null, "DateCreate": 1478534400000, "DateStamp": 1599580800000, "GeoRefNo": "3326116580", "OBJECTID": 162049, "Shape__Area": 133.67562159712466, "Shape__Length": 52.140976755962114, "Status": "Active", "Storeys": 3, "StoreysInBasement": null, "TopHeight": 17.4}, "type": "Feature"}, {"geometry": {"coordinates": [[[833245.7731800005, 816585.9820700027], [833244.3853800008, 816573.5021300018], [833243.2813600004, 816563.8775000013], [833242.9281400004, 816560.7441700026], [833238.2850000011, 816557.0790000018], [833237.9530000007, 816556.8170000017], [833216.7740000011, 816540.1000000015], [833215.0490000006, 816540.722000001], [833217.8550000004, 816568.9300000016], [833219.4420000007, 816586.9250000026], [833221.665000001, 816588.251000002], [833245.7731800005, 816585.9820700027]]], "type": "Polygon"}, "properties": {"BaseHeight": 3.6, "BuildingBlockType": "Podium", "BuildingCSUID": "3323016569P20120917", "BuildingID": 1103116927, "BuildingNameEN": null, "BuildingNameTC": null, "DateCreate": 1347811200000, "DateStamp": 1599580800000, "GeoRefNo": "3323016569", "OBJECTID": 162478, "Shape__Area": 975.4784609295725, "Shape__Length": 133.76669154074912, "Status": "Active", "Storeys": 5, "StoreysInBasement": null, "TopHeight": 22.6}, "type": "Feature"}, {"geometry": {"coordinates": [[[833477.5962700006, 816393.0447400026], [833478.0960000008, 816392.7480000015], [833478.8640200011, 816394.0160800014], [833478.9520000005, 816394.1248700023], [833478.9823000012, 816394.1548700016], [833479.0229400005, 816394.1951100025], [833479.0735700009, 816394.2358500026], [833479.1010000007, 816394.2580000013], [833479.1850000005, 816394.3120000027], [833479.2541900007, 816394.3458300009], [833479.2748600012, 816394.3560000025], [833479.3680000007, 816394.3910000026], [833479.4636000004, 816394.4146200027], [833479.4651300004, 816394.415000001], [833479.5641200012, 816394.4289600011], [833479.6641200008, 816394.4320800025], [833479.6947100004, 816394.4298500009], [833479.7640000004, 816394.4250000026], [833479.8620000007, 816394.4070000015], [833479.9579800004, 816394.3780200016], [833480.057000001, 816394.3410000019], [833480.123730001, 816394.3083200026], [833480.1548500005, 816394.2931800019], [833480.5090000005, 816394.0890000015], [833485.3239800008, 816391.1216600016], [833495.8220000006, 816384.6520000026], [833496.0297700008, 816384.5231700018], [833496.1010200009, 816384.4791200012], [833496.1250000009, 816384.4600000009], [833496.1713500004, 816384.417460002], [833496.198090001, 816384.3928200025], [833496.2660400011, 816384.3190400023], [833496.3279600004, 816384.2401800025], [833496.3830000004, 816384.1570000015], [833496.4128500009, 816384.1040000021], [833496.4319200013, 816384.0699400026], [833496.4462900013, 816384.0382900015], [833496.4730000012, 816383.9790000021], [833496.4929600004, 816383.9253900014], [833496.5080000004, 816383.8850000016], [833496.5205800012, 816383.8385500014], [833496.5340000009, 816383.7890000027], [833496.5530000012, 816383.6910000015], [833496.5600000005, 816383.6326800026], [833496.5650000004, 816383.5910000019], [833496.5680100005, 816383.4911300018], [833496.563000001, 816383.3910000026], [833496.5510200011, 816383.2921200022], [833496.5310000004, 816383.194000002], [833496.5030000005, 816383.0980000012], [833496.4680000013, 816383.0050000027], [833496.4250000007, 816382.9140000027], [833496.4209500011, 816382.9077700023], [833496.3510200009, 816382.7949900012], [833495.1640400011, 816380.8829300012], [833495.6751000006, 816380.5790400021], [833496.262000001, 816380.2300000023], [833496.9778500004, 816381.4690400027], [833497.0981200011, 816381.6770900022], [833497.2278200006, 816381.8338700011], [833497.3752300004, 816381.9731200021], [833497.5390000008, 816382.0940000024], [833497.835070001, 816382.2428800017], [833497.8472200008, 816382.2489800025], [833498.0419700006, 816382.3078800011], [833498.1589800008, 816382.3225500025], [833498.2430000007, 816382.3330000024], [833498.3332200004, 816382.3294400014], [833498.4460000005, 816382.3250000011], [833498.5123900007, 816382.3106600009], [833498.6450000005, 816382.2820000015], [833498.749210001, 816382.2412000019], [833498.8340000007, 816382.2080000024], [833502.0079200007, 816380.2231200021], [833505.8970000008, 816377.7910000011], [833507.955740001, 816376.5061000027], [833508.1810300006, 816376.2179500014], [833508.2870000005, 816376.0440000016], [833508.3749000011, 816375.8610900026], [833508.4440000011, 816375.6700000018], [833508.4930000007, 816375.4730000012], [833508.5220000008, 816375.2720000017], [833508.5263800006, 816375.1607500017], [833508.5300000012, 816375.069000002], [833508.5181100005, 816374.8659500014], [833508.5050000008, 816374.7843300011], [833508.4860000005, 816374.665000001], [833508.4330800008, 816374.4690500014], [833508.3609700007, 816374.2791100014], [833508.2540000007, 816374.069000002], [833505.3276700005, 816369.4528500009], [833503.2060000012, 816366.1060000025], [833503.0868600011, 816365.9418600015], [833503.0760200005, 816365.9300600011], [833502.8120000008, 816365.6430000011], [833502.6579400012, 816365.510110002], [833502.3219600013, 816365.2819500025], [833501.955000001, 816365.1070000026], [833501.613760001, 816365.0019700024], [833501.4110000012, 816364.9830000009], [833501.006000001, 816365.0000000019], [833500.6100000013, 816365.0910000019], [833500.5026700012, 816365.1316700019], [833500.4200000009, 816365.1630000025], [833500.2371200006, 816365.2529500015], [833499.4480300006, 816365.7730400022], [833498.9209200004, 816364.8549900018], [833499.5079200007, 816364.5290400013], [833499.682000001, 816364.4240000024], [833499.7757400004, 816364.3528200015], [833499.8440000005, 816364.3010000009], [833499.9929600004, 816364.1630000025], [833500.1269300012, 816364.0100800022], [833500.2445900012, 816363.8445200026], [833500.2449400006, 816363.8439700026], [833500.3450000007, 816363.6680000015], [833500.426140001, 816363.4817700014], [833500.4880000008, 816363.2880000025], [833500.5154000008, 816363.1611700021], [833500.5310000004, 816363.0890000015], [833500.5424000006, 816362.9793800022], [833500.5520000011, 816362.887000002], [833500.5280800005, 816362.3269500025], [833500.495430001, 816362.1537100021], [833500.4528900012, 816361.927980002], [833500.3099600011, 816361.5479700025], [833500.1930300007, 816361.3330900017], [833497.8569600005, 816357.6750800014], [833487.2341200011, 816341.0410200022], [833487.1140400004, 816340.8770800009], [833487.0543000009, 816340.8129900023], [833486.8371400004, 816340.5800100025], [833486.5180300009, 816340.3299700022], [833486.5175300008, 816340.3296200018], [833486.344010001, 816340.2239000015], [833486.230750001, 816340.1690400019], [833486.0720000006, 816340.092000002], [833485.8742500013, 816340.0470400024], [833485.862110001, 816340.0459400024], [833485.672030001, 816340.0291300025], [833485.5958600007, 816340.0331300013], [833485.4690000005, 816340.040000001], [833485.2700000005, 816340.0780000016], [833485.0770000005, 816340.1429800019], [833483.677910001, 816340.8369200025], [833483.1830000011, 816339.8330000024], [833483.6654500011, 816339.5779300015], [833484.0190000013, 816339.3910000026], [833484.205000001, 816339.3090000022], [833484.3760000011, 816339.2000000011], [833484.5289600007, 816339.065990001], [833484.6590000009, 816338.910000002], [833484.7917300006, 816338.651180001], [833484.8388900012, 816338.5590600017], [833484.9070000006, 816338.3680000026], [833484.9500000011, 816338.1690000016], [833484.9660200011, 816337.9667900018], [833484.9560000012, 816337.7640000023], [833484.9201200008, 816337.5639500022], [833484.9000300011, 816337.500500001], [833484.8590000011, 816337.370000001], [833484.7960900012, 816337.2369500026], [833484.7720500007, 816337.1859700009], [833484.7067200011, 816337.090880001], [833484.597000001, 816336.9310000017], [833479.5030000005, 816328.7640000023], [833479.3143600011, 816328.557430001], [833479.2190000005, 816328.4530000016], [833479.0688300012, 816328.3168400023], [833478.7410000004, 816328.0770000014], [833478.6088200007, 816328.000740001], [833478.4810000006, 816327.9270000011], [833478.2940000007, 816327.8590000011], [833478.1265800009, 816327.8430100009], [833477.9590000007, 816327.8270000014], [833477.6271700012, 816327.8458400015], [833477.5537600005, 816327.8500000015], [833477.3876400013, 816327.885110002], [833477.156010001, 816327.9341100026], [833476.7760100011, 816328.0780500025], [833476.5310600009, 816328.2090100013], [833469.1010000007, 816332.6760000009], [833468.7710300004, 816332.9131200016], [833468.6160000004, 816333.0440000016], [833468.4683400011, 816333.1906400025], [833468.3270000005, 816333.3310000021], [833468.2578800004, 816333.4110400025], [833468.1940000011, 816333.4850000013], [833467.9540000008, 816333.813000001], [833467.7500000009, 816334.1640000027], [833467.568690001, 816334.5875200015], [833467.4850000013, 816334.7830000017], [833467.4631400006, 816334.8642700016], [833467.432000001, 816334.9800000023], [833467.405960001, 816335.1810800023], [833467.4060000004, 816335.3840000015], [833467.4165100008, 816335.4689300023], [833467.4310000008, 816335.586000001], [833467.4831000008, 816335.7820800021], [833468.1279200008, 816336.9877600018], [833467.6198000005, 816337.3053100016], [833467.3160000006, 816337.495000001], [833467.3049500007, 816337.5020700023], [833449.9420000007, 816348.3560000025], [833449.8150000004, 816348.4350000024], [833449.3472800013, 816348.7271500025], [833448.8480000012, 816349.0390000027], [833448.4707200006, 816348.4968100023], [833448.2440000009, 816348.171000002], [833448.1835700013, 816348.0683200024], [833448.1410000008, 816347.9960000012], [833448.0832700012, 816347.9215100016], [833448.0170000009, 816347.836000001], [833447.8740600012, 816347.6910300013], [833447.8586400012, 816347.6788300015], [833447.7150000008, 816347.5650000013], [833447.6241000006, 816347.5101500023], [833447.5410000011, 816347.4600000009], [833447.462770001, 816347.4244800024], [833447.3560000006, 816347.376000002], [833447.082010001, 816347.2989300024], [833446.8832500009, 816347.2560900021], [833446.6810000008, 816347.2370000016], [833446.4779100008, 816347.243040001], [833446.2769400012, 816347.2729800027], [833446.0810000012, 816347.3270000014], [833445.9009200009, 816347.4000400025], [833437.5392000005, 816352.6678300016], [833437.3320300011, 816352.8299300019], [833437.1194000011, 816353.0755300019], [833437.1190300006, 816353.076030001], [833436.8781400006, 816353.4248700012], [833436.6860000007, 816353.7830000017], [833436.6335500004, 816353.9137600027], [833436.6149300011, 816353.9600300025], [833436.5790000008, 816354.1770000011], [833436.5771000013, 816354.379970001], [833436.5849000011, 816354.4560000021], [833436.5980000012, 816354.5820000023], [833436.6576800011, 816354.8033800013], [833436.6910900008, 816354.9269700013], [833436.7690900005, 816355.1771000009], [833436.9420000007, 816355.5450000018], [833440.4133300008, 816361.400630001], [833441.8948700009, 816363.900030002], [833442.0140000004, 816364.0640000012], [833442.1530000009, 816364.2120000012], [833442.4758900013, 816364.4549600016], [833442.8459600005, 816364.6589100026], [833443.0390000008, 816364.7410000023], [833443.2311300011, 816364.779000001], [833443.4340000004, 816364.7760000024], [833443.5409500012, 816364.7522300016], [833443.6320000011, 816364.7320000026], [833443.8489800012, 816364.6260700021], [833445.254040001, 816363.6711000018], [833445.8820000011, 816364.6920000017], [833445.9176900005, 816364.7506300025], [833445.9379500011, 816364.7838900015], [833445.754350001, 816364.8857300021], [833445.5210000006, 816365.0150000025], [833445.347000001, 816365.120000001], [833445.1851000013, 816365.2429300025], [833445.0360000012, 816365.381000001], [833444.9020000007, 816365.5340000018], [833444.8617000012, 816365.5911800023], [833444.7850000011, 816365.7000000011], [833444.7079200009, 816365.8350800015], [833444.6840000004, 816365.8770000022], [833444.6504800012, 816365.9539900012], [833444.603000001, 816366.063000001], [833444.5410000011, 816366.256000001], [833444.5237800004, 816366.335690001], [833444.4980000006, 816366.4550000019], [833444.4769800007, 816366.656990001], [833444.5010300009, 816367.2171500027], [833444.5760000013, 816367.6160000023], [833444.7191000013, 816367.9961400013], [833444.8360200012, 816368.2110100016], [833457.9318500012, 816388.737780001], [833458.0520000011, 816388.9010000024], [833458.3286100011, 816389.1985900011], [833458.3290100005, 816389.1989900023], [833458.6481400011, 816389.4490600023], [833458.8219800005, 816389.5549700018], [833459.0940000005, 816389.6860000025], [833459.1568300007, 816389.700670002], [833459.2910000011, 816389.7320000026], [833459.4033000004, 816389.7414100021], [833459.4940000009, 816389.7490000017], [833459.6969700009, 816389.7390100025], [833459.8961800011, 816389.7009500023], [833459.9211100005, 816389.6925400011], [833460.0890000006, 816389.6360000018], [833461.4880000008, 816388.9420000017], [833462.023000001, 816389.9580000024], [833461.1468400005, 816390.3870800026], [833460.9609800009, 816390.4690300021], [833460.790000001, 816390.5790000018], [833460.637000001, 816390.7130000014], [833460.506980001, 816390.867990002], [833460.3271000013, 816391.2197700012], [833460.2590000005, 816391.4109900016], [833460.216000001, 816391.6100000013], [833460.2055100007, 816391.7424500026], [833460.1999700004, 816391.8119900022], [833460.2100000009, 816392.0150000025], [833460.2460000012, 816392.2150000017], [833460.2783900006, 816392.3174800016], [833460.307000001, 816392.4080000017], [833460.3930000011, 816392.592000002], [833460.4836600004, 816392.723360002], [833460.5689700004, 816392.8470300026], [833465.0540000005, 816399.9930000026], [833465.8010400012, 816401.1989600025], [833465.9369800007, 816401.350010002], [833466.2460500011, 816401.6131300014], [833466.4170000004, 816401.7230000012], [833466.7705700006, 816401.8896700013], [833466.784140001, 816401.8960400019], [833467.1360000009, 816401.9930000026], [833467.4758700011, 816402.0479900017], [833467.6789500006, 816402.0530500021], [833467.8809800008, 816402.0319100022], [833467.9495900013, 816402.015370002], [833468.0790000008, 816401.9840000011], [833468.2681300007, 816401.911940001], [833469.0878000008, 816401.4183100015], [833473.8990000011, 816398.5210000016], [833475.1713800011, 816397.7535800021], [833476.1290000007, 816397.1760000009], [833476.667270001, 816396.8518000022], [833476.9990200009, 816396.6519000027], [833477.2358700009, 816396.4919900019], [833477.4700000007, 816396.2690000013], [833477.591000001, 816396.1060000025], [833477.6625800012, 816395.9780300017], [833477.6901200004, 816395.9289500024], [833477.7670300007, 816395.7409000024], [833477.772090001, 816395.7221800014], [833477.8200000012, 816395.5450000018], [833477.8480000012, 816395.3430000022], [833477.8491100008, 816395.2306200024], [833477.8500000006, 816395.1400000025], [833477.844800001, 816395.092480002], [833477.8350000009, 816395.0030000024], [833477.8130600005, 816394.9003600013], [833477.779000001, 816394.7410000023], [833477.6261000009, 816394.3952300027], [833477.5784500008, 816394.3196600024], [833476.9980000006, 816393.4000000022], [833477.5962700006, 816393.0447400026]]], "type": "Polygon"}, "properties": {"BaseHeight": 3.4, "BuildingBlockType": "Podium", "BuildingCSUID": "3347216365P20060312", "BuildingID": 1103117134, "BuildingNameEN": "SHEUNG WAN MUNICIPAL SERVICES BUILDING", "BuildingNameTC": "上環市政大廈", "DateCreate": 1142092800000, "DateStamp": 1786982400000, "GeoRefNo": "3347216365", "OBJECTID": 163767, "Shape__Area": 2817.6868804386804, "Shape__Length": 243.31709554671423, "Status": "Active", "Storeys": 3, "StoreysInBasement": 1, "TopHeight": 17.5}, "type": "Feature"}, {"geometry": {"coordinates": [[[833695.1946500009, 816397.4477700014], [833703.8838800006, 816395.0313400012], [833703.1848800005, 816392.4233400021], [833700.0231300006, 816380.535290001], [833691.5130700013, 816382.8448800016], [833695.1946500009, 816397.4477700014]]], "type": "Polygon"}, "properties": {"BaseHeight": 3.7, "BuildingBlockType": "Podium", "BuildingCSUID": "3369616389P20060312", "BuildingID": 1103117143, "BuildingNameEN": "FINANCE BUILDING", "BuildingNameTC": "金融商業大廈", "DateCreate": 1142092800000, "DateStamp": 1478188800000, "GeoRefNo": "3369616389", "OBJECTID": 163769, "Shape__Area": 133.99962606122423, "Shape__Length": 47.89806407510243, "Status": "Active", "Storeys": null, "StoreysInBasement": null, "TopHeight": 17.9}, "type": "Feature"}, {"geometry": {"coordinates": [[[833244.3853800008, 816573.5021300018], [833243.2813600004, 816563.8775000013], [833240.9445300009, 816559.758820001], [833238.2848900007, 816557.0789300017], [833237.953110001, 816556.8170500025], [833228.596260001, 816557.4434200022], [833229.3079700004, 816567.7036900017], [833217.8548400011, 816568.9298500009], [833219.4420500007, 816586.9250800014], [833221.6645300006, 816588.2507800013], [833245.7731800005, 816585.9820700027], [833244.3853800008, 816573.5021300018]]], "type": "Polygon"}, "properties": {"BaseHeight": 22.6, "BuildingBlockType": "Tower", "BuildingCSUID": "3323316583T20050430", "BuildingID": 1103120950, "BuildingNameEN": "No.9 Des Voeux Road West", "BuildingNameTC": "德輔道西九號", "DateCreate": 1114790400000, "DateStamp": 1599580800000, "GeoRefNo": "3323316583", "OBJECTID": 163770, "Shape__Area": 640.9164838479905, "Shape__Length": 107.22775020146051, "Status": "Active", "Storeys": 25, "StoreysInBasement": null, "TopHeight": 123.4}, "type": "Feature"}, {"geometry": {"coordinates": [[[833264.688670001, 816580.1858900022], [833263.9266700009, 816580.2599700019], [833263.7361700004, 816578.7359700017], [833263.380570001, 816578.7804200016], [833263.1406500004, 816576.7429000009], [833262.9316200009, 816576.5774500016], [833261.3443300007, 816576.7039600015], [833261.2173300004, 816575.6350500025], [833260.1590000009, 816575.7303000018], [833259.9851400005, 816574.2451800015], [833253.8374100011, 816574.7412500009], [833254.7370000007, 816584.091930002], [833264.9850100009, 816583.0857300013], [833265.2190174011, 816583.0061112214], [833265.436407117, 816582.8884663112], [833265.6310517718, 816582.7361112264], [833265.7974650841, 816582.5533402687], [833265.9309565052, 816582.3453050457], [833266.0277634272, 816582.1178692672], [833266.085157237, 816581.8774434698], [833266.1015202245, 816581.6308043282], [833266.0763911803, 816581.3849036478], [833266.010478395, 816581.1466724194], [833265.9056396958, 816580.9228254613], [833265.7648300807, 816580.7196721552], [833265.5920184291, 816580.5429386084], [833265.3920756343, 816580.3976062572], [833265.1706373116, 816580.2877714597], [833264.9339449527, 816580.2165300344], [833264.688670001, 816580.1858900022]]], "type": "Polygon"}, "properties": {"BaseHeight": 17.4, "BuildingBlockType": "Tower", "BuildingCSUID": "3325816579T20050430", "BuildingID": 1103120973, "BuildingNameEN": null, "BuildingNameTC": null, "DateCreate": 1114790400000, "DateStamp": 1599580800000, "GeoRefNo": "3325816579", "OBJECTID": 163969, "Shape__Area": 85.27791455496691, "Shape__Length": 40.2705094706758, "Status": "Active", "Storeys": 22, "StoreysInBasement": null, "TopHeight": 86.8}, "type": "Feature"}, {"geometry": {"coordinates": [[[833245.7731800005, 816585.9820700027], [833254.8391300011, 816585.1535100024], [833254.7370000007, 816584.091930002], [833253.8374100011, 816574.7412500009], [833253.6409000009, 816572.6986700017], [833250.6778300004, 816572.970350001], [833250.6098900009, 816572.4721700009], [833245.4470000006, 816572.9024100024], [833245.4922900004, 816573.4232300017], [833244.3853800008, 816573.5021300018], [833245.7731800005, 816585.9820700027]]], "type": "Polygon"}, "properties": {"BaseHeight": 22.6, "BuildingBlockType": "Tower", "BuildingCSUID": "3325016582T20050430", "BuildingID": 1103120967, "BuildingNameEN": "Wui Tat Centre", "BuildingNameTC": "會達中心", "DateCreate": 1114790400000, "DateStamp": 1599580800000, "GeoRefNo": "3325016582", "OBJECTID": 163971, "Shape__Area": 117.81384659337924, "Shape__Length": 44.464525143503266, "Status": "Active", "Storeys": 27, "StoreysInBasement": null, "TopHeight": 84.6}, "type": "Feature"}, {"geometry": {"coordinates": [[[833279.3842700012, 816500.941800002], [833266.4905400006, 816486.5906000026], [833266.4128300007, 816486.6605600026], [833263.3643600009, 816489.4050600026], [833261.8023800012, 816487.6283700019], [833259.109960001, 816490.0277300011], [833260.6547300005, 816491.8469600026], [833258.398070001, 816493.8757700026], [833264.7547200006, 816501.0706900023], [833271.3368800012, 816508.4474600013], [833271.590090001, 816508.2113000024], [833279.3842700012, 816500.941800002]]], "type": "Polygon"}, "properties": {"BaseHeight": 13.2, "BuildingBlockType": "Tower", "BuildingCSUID": "3327116501T20050510", "BuildingID": 1103121411, "BuildingNameEN": "Wing Shun Building", "BuildingNameTC": "永順大廈", "DateCreate": 1115654400000, "DateStamp": 1599580800000, "GeoRefNo": "3327116501", "OBJECTID": 163972, "Shape__Area": 221.06661493996327, "Shape__Length": 65.38379851332793, "Status": "Active", "Storeys": 15, "StoreysInBasement": null, "TopHeight": 49}, "type": "Feature"}, {"geometry": {"coordinates": [[[833632.697540001, 816489.4230200015], [833641.2200900009, 816487.1306300014], [833634.9211500008, 816463.9680700023], [833626.449190001, 816466.183480002], [833632.697540001, 816489.4230200015]]], "type": "Polygon"}, "properties": {"BaseHeight": 19.8, "BuildingBlockType": "Tower", "BuildingCSUID": "3363516486T20050430", "BuildingID": 1103121519, "BuildingNameEN": "Dawning House", "BuildingNameTC": "多寧大廈", "DateCreate": 1114790400000, "DateStamp": 1599580800000, "GeoRefNo": "3363516486", "OBJECTID": 164173, "Shape__Area": 211.28540657290367, "Shape__Length": 65.6509434523145, "Status": "Active", "Storeys": 14, "StoreysInBasement": null, "TopHeight": 45}, "type": "Feature"}, {"geometry": {"coordinates": [[[833665.8314500004, 816403.2523100022], [833663.1945900004, 816392.6377900019], [833637.7794900006, 816399.7846600022], [833640.6202600012, 816410.242370002], [833665.8314500004, 816403.2523100022]]], "type": "Polygon"}, "properties": {"BaseHeight": 19.7, "BuildingBlockType": "Tower", "BuildingCSUID": "3365016401T20090112", "BuildingID": 1103122002, "BuildingNameEN": "Hing Yip Commercial Centre", "BuildingNameTC": "興業商業中心", "DateCreate": 1231689600000, "DateStamp": 1599580800000, "GeoRefNo": "3365016401", "OBJECTID": 164174, "Shape__Area": 286.0614246986281, "Shape__Length": 74.3369595161779, "Status": "Active", "Storeys": 24, "StoreysInBasement": null, "TopHeight": 76.2}, "type": "Feature"}, {"geometry": {"coordinates": [[[833477.5962700006, 816393.0447400026], [833478.0962800011, 816392.7476100009], [833478.8640200011, 816394.0160800014], [833478.9520000005, 816394.1248700023], [833478.9823000012, 816394.1548700016], [833479.0229400005, 816394.1951100025], [833479.0735700009, 816394.2358500026], [833479.1008700011, 816394.257720001], [833479.1851100009, 816394.3115100022], [833479.2541900007, 816394.3458300009], [833479.2748600012, 816394.3560000025], [833479.3683900004, 816394.3906200025], [833479.4636000004, 816394.4146200027], [833479.4651300004, 816394.415000001], [833479.5641200012, 816394.4289600011], [833479.6641200008, 816394.4320800025], [833479.6947100004, 816394.4298500009], [833479.7638700008, 816394.424660001], [833479.8621700006, 816394.4065500014], [833479.9579800004, 816394.3780200016], [833480.0568300011, 816394.3406900018], [833480.123730001, 816394.3083200026], [833480.1548500005, 816394.2931800019], [833480.509250001, 816394.0892000012], [833485.3239800008, 816391.1216600016], [833495.8215100011, 816384.6515300013], [833496.0297700008, 816384.5231700018], [833496.1010200009, 816384.4791200012], [833496.1248900006, 816384.4604500011], [833496.1713500004, 816384.417460002], [833496.198090001, 816384.3928200025], [833496.2660400011, 816384.3190400023], [833496.3279600004, 816384.2401800025], [833496.3832200011, 816384.1572400015], [833496.4128500009, 816384.1040000021], [833496.4319200013, 816384.0699400026], [833496.4462900013, 816384.0382900015], [833496.4734200006, 816383.9789600018], [833496.4929600004, 816383.9253900014], [833496.5076800007, 816383.885040002], [833496.5205800012, 816383.8385500014], [833496.5344100008, 816383.7887100019], [833496.553460001, 816383.6905700024], [833496.5600000005, 816383.6326800026], [833496.5646800008, 816383.5912300013], [833496.5680100005, 816383.4911300018], [833496.563480001, 816383.3914400022], [833496.5510200011, 816383.2921200022], [833496.5308100004, 816383.1943300012], [833496.5029200008, 816383.0983300023], [833496.4675200004, 816383.0048300009], [833496.424850001, 816382.9144200012], [833496.4209500011, 816382.9077700023], [833496.3510200009, 816382.7949900012], [833495.1640400011, 816380.8829300012], [833495.6751000006, 816380.5790400021], [833496.2617700007, 816380.2303800024], [833496.9778500004, 816381.4690400027], [833497.0981200011, 816381.6770900022], [833497.2278200006, 816381.8338700011], [833497.3752800012, 816381.9731700011], [833497.5390600013, 816382.0935200024], [833497.835070001, 816382.2428800017], [833497.8472200008, 816382.2489800025], [833498.0419700006, 816382.3078800011], [833498.1589800008, 816382.3225500025], [833498.2433700012, 816382.3332200013], [833498.3332200004, 816382.3294400014], [833498.446370001, 816382.3246900011], [833498.5123900007, 816382.3106600009], [833498.645010001, 816382.2824600022], [833498.749210001, 816382.2412000019], [833498.8338800007, 816382.2076700013], [833502.0079200007, 816380.2231200021], [833505.8971700007, 816377.7913900018], [833507.955740001, 816376.5061000027], [833508.1810300006, 816376.2179500014], [833508.2869800013, 816376.044420002], [833508.3749000011, 816375.8610900026], [833508.443570001, 816375.6699600015], [833508.492730001, 816375.4728000015], [833508.5216900008, 816375.2716900017], [833508.5263800006, 816375.1607500017], [833508.5302800005, 816375.0686800014], [833508.5181100005, 816374.8659500014], [833508.5050000008, 816374.7843300011], [833508.4857100006, 816374.6653400026], [833508.4330800008, 816374.4690500014], [833508.3609700007, 816374.2791100014], [833508.2538300008, 816374.0694600027], [833505.3276700005, 816369.4528500009], [833503.2063600011, 816366.1060400009], [833503.0868600011, 816365.9418600015], [833503.0760200005, 816365.9300600011], [833502.811710001, 816365.6429500021], [833502.6579400012, 816365.510110002], [833502.3219600013, 816365.2819500025], [833501.9551100004, 816365.1074900012], [833501.613760001, 816365.0019700024], [833501.4113200009, 816364.982520001], [833501.005520001, 816364.9997700024], [833500.609720001, 816365.0908700023], [833500.5026700012, 816365.1316700019], [833500.4197700005, 816365.1632700022], [833500.2371200006, 816365.2529500015], [833499.4480300006, 816365.7730400022], [833499.4475200009, 816365.773430001], [833498.9209200004, 816364.8549900018], [833499.5079200007, 816364.5290400013], [833499.6817100011, 816364.4237900022], [833499.7757400004, 816364.3528200015], [833499.8439500006, 816364.3013500012], [833499.9929600004, 816364.1630000025], [833500.1269300012, 816364.0100800022], [833500.2445900012, 816363.8445200026], [833500.2449400006, 816363.8439700026], [833500.3447200004, 816363.6676500011], [833500.4261200009, 816363.4818400014], [833500.4884900004, 816363.2880800012], [833500.5154000008, 816363.1611700021], [833500.530650001, 816363.0892900024], [833500.5424000006, 816362.9793800022], [833500.552240001, 816362.8872700017], [833500.5280800005, 816362.3269500025], [833500.495430001, 816362.1537100021], [833500.4528900012, 816361.927980002], [833500.3099600011, 816361.5479700025], [833500.1930300007, 816361.3330900017], [833497.8569600005, 816357.6750800014], [833487.2341200011, 816341.0410200022], [833487.1140400004, 816340.8770800009], [833487.0543000009, 816340.8129900023], [833486.8371400004, 816340.5800100025], [833486.5180300009, 816340.3299700022], [833486.5175300008, 816340.3296200018], [833486.344010001, 816340.2239000015], [833486.230750001, 816340.1690400019], [833486.0723700011, 816340.092480002], [833485.8742500013, 816340.0470400024], [833485.862110001, 816340.0459400024], [833485.672030001, 816340.0291300025], [833485.5958600007, 816340.0331300013], [833485.4690500004, 816340.0395600013], [833485.269510001, 816340.077680001], [833485.0770000005, 816340.1429800019], [833483.677910001, 816340.8369200025], [833483.1825900013, 816339.8325200025], [833483.6654500011, 816339.5779300015], [833484.0191900004, 816339.3914100025], [833484.2050100006, 816339.309390001], [833484.3763400009, 816339.2000700012], [833484.5289600007, 816339.065990001], [833484.6593500013, 816338.9102700017], [833484.7917300006, 816338.651180001], [833484.8388900012, 816338.5590600017], [833484.9068600005, 816338.3677000012], [833484.9495100006, 816338.1691000015], [833484.9660200011, 816337.9667900018], [833484.9562300006, 816337.7637800016], [833484.9201200008, 816337.5639500022], [833484.9000300011, 816337.500500001], [833484.8585700011, 816337.3703600019], [833484.7960900012, 816337.2369500026], [833484.7724400004, 816337.1864500027], [833484.7720500007, 816337.1859700009], [833484.7067200011, 816337.090880001], [833484.5970900012, 816336.9314500019], [833479.5026500011, 816328.7644000016], [833479.3143600011, 816328.557430001], [833479.219370001, 816328.4530100022], [833479.0688300012, 816328.3168400023], [833478.7405400006, 816328.0771900024], [833478.6088200007, 816328.000740001], [833478.4812100008, 816327.9266800024], [833478.2937000012, 816327.8586500026], [833478.1265800009, 816327.8430100009], [833477.9591900008, 816327.8273400012], [833477.6271700012, 816327.8458400015], [833477.553700001, 816327.850010002], [833477.3876400013, 816327.885110002], [833477.156010001, 816327.9341100026], [833476.7760100011, 816328.0780500025], [833476.5310600009, 816328.2090100013], [833469.1012900006, 816332.6761100013], [833468.7710300004, 816332.9131200016], [833468.6157600004, 816333.0445000026], [833468.4683400011, 816333.1906400025], [833468.3271000013, 816333.3306500018], [833468.2578800004, 816333.4110400025], [833468.1944100009, 816333.4847400021], [833467.9543700004, 816333.8128000014], [833467.7503200006, 816334.1642700024], [833467.568690001, 816334.5875200015], [833467.4846100006, 816334.7834400013], [833467.4631400006, 816334.8642700016], [833467.4324500011, 816334.979770001], [833467.405960001, 816335.1810800023], [833467.4056600006, 816335.3842600025], [833467.4165100008, 816335.4689300023], [833467.4314800007, 816335.5857300013], [833467.4831000008, 816335.7820800021], [833468.1279200008, 816336.9877600018], [833467.6198000005, 816337.3053100016], [833467.3158500008, 816337.4953000024], [833467.3049500007, 816337.5020700023], [833449.9416700006, 816348.3556100018], [833449.8151700012, 816348.4346900024], [833449.3472800013, 816348.7271500025], [833448.847740001, 816349.0393800009], [833448.4707200006, 816348.4968100023], [833448.2444400005, 816348.1711800024], [833448.1835700013, 816348.0683200024], [833448.1409900011, 816347.9963800013], [833448.0832700012, 816347.9215100016], [833448.0169700012, 816347.8355100024], [833447.8740600012, 816347.6910300013], [833447.8586400012, 816347.6788300015], [833447.7147100009, 816347.5651700012], [833447.6241000006, 816347.5101500023], [833447.5410600007, 816347.4597200025], [833447.462770001, 816347.4244800024], [833447.3557800008, 816347.3763200026], [833447.082010001, 816347.2989300024], [833446.8832500009, 816347.2560900021], [833446.681020001, 816347.2374300025], [833446.4779100008, 816347.243040001], [833446.2769400012, 816347.2729800027], [833446.0808000006, 816347.3266800027], [833445.9009200009, 816347.4000400025], [833437.5392600009, 816352.6678000018], [833437.3320300011, 816352.8299300019], [833437.1194000011, 816353.0755300019], [833437.1190300006, 816353.076030001], [833436.8781400006, 816353.4248700012], [833436.6863200013, 816353.7830600012], [833436.6335500004, 816353.9137600027], [833436.6149300011, 816353.9600300025], [833436.5794800008, 816354.1768000014], [833436.5771000013, 816354.379970001], [833436.5849000011, 816354.4560000021], [833436.5976800006, 816354.5820500012], [833436.6576800011, 816354.8033800013], [833436.6910900008, 816354.9269700013], [833436.7690900005, 816355.1771000009], [833436.942400001, 816355.5445300024], [833440.4133300008, 816361.400630001], [833441.8948700009, 816363.900030002], [833442.0140300011, 816364.0644600019], [833442.1531100012, 816364.2124400027], [833442.4758900013, 816364.4549600016], [833442.8459600005, 816364.6589100026], [833443.0387600008, 816364.7405200023], [833443.2311300011, 816364.779000001], [833443.4341900004, 816364.7764100023], [833443.5409500012, 816364.7522300016], [833443.6322400011, 816364.7315600011], [833443.8489800012, 816364.6260700021], [833445.254040001, 816363.6711000018], [833445.8820000011, 816364.6920000017], [833445.938000001, 816364.7840000018], [833445.754350001, 816364.8857300021], [833445.5213000011, 816365.0151200015], [833445.347430001, 816365.1204100009], [833445.1851000013, 816365.2429300025], [833445.0362400012, 816365.3812100012], [833444.9022900006, 816365.5340400022], [833444.8617000012, 816365.5911800023], [833444.7846000008, 816365.6997100022], [833444.7079200009, 816365.8350800015], [833444.6844300004, 816365.876550002], [833444.6504800012, 816365.9539900012], [833444.6028200006, 816366.0626600012], [833444.5406600004, 816366.2561200019], [833444.5237800004, 816366.335690001], [833444.4984900011, 816366.4549100026], [833444.4769800007, 816366.656990001], [833444.5010300009, 816367.2171500027], [833444.5763700008, 816367.6162400022], [833444.7191000013, 816367.9961400013], [833444.8360200012, 816368.2110100016], [833457.9318500012, 816388.737780001], [833458.0518000005, 816388.9014500026], [833458.3286100011, 816389.1985900011], [833458.3290100005, 816389.1989900023], [833458.6481400011, 816389.4490600023], [833458.8219800005, 816389.5549700018], [833459.093510001, 816389.6861300021], [833459.1568300007, 816389.700670002], [833459.2914700005, 816389.7315900009], [833459.4033000004, 816389.7414100021], [833459.4938400006, 816389.749350002], [833459.6969700009, 816389.7390100025], [833459.8961800011, 816389.7009500023], [833459.9211100005, 816389.6925400011], [833460.0888800006, 816389.6356700025], [833461.4881000007, 816388.9416700024], [833462.023000001, 816389.9580000024], [833461.1468400005, 816390.3870800026], [833460.9609800009, 816390.4690300021], [833460.7895500008, 816390.5785400011], [833460.6369800009, 816390.7126300018], [833460.506980001, 816390.867990002], [833460.5065300008, 816390.868350001], [833460.3271000013, 816391.2197700012], [833460.2590000005, 816391.4109900016], [833460.2163700005, 816391.6095100027], [833460.2055100007, 816391.7424500026], [833460.1999700004, 816391.8119900022], [833460.2096600011, 816392.0148300026], [833460.2456500009, 816392.2147200014], [833460.2783900006, 816392.3174800016], [833460.307310001, 816392.4082500022], [833460.3934500013, 816392.5921600014], [833460.4836600004, 816392.723360002], [833460.5689700004, 816392.8470300026], [833465.0540000005, 816399.9930000026], [833465.8010400012, 816401.1989600025], [833465.9369800007, 816401.350010002], [833466.2460500011, 816401.6131300014], [833466.416840001, 816401.723340001], [833466.7705700006, 816401.8896700013], [833466.784140001, 816401.8960400019], [833467.1355700009, 816401.9934600014], [833467.4758700011, 816402.0479900017], [833467.6789500006, 816402.0530500021], [833467.8809800008, 816402.0319100022], [833467.9495900013, 816402.015370002], [833468.0786100011, 816401.9844700024], [833468.2681300007, 816401.911940001], [833469.0878000008, 816401.4183100015], [833473.8989300011, 816398.5206500012], [833475.1713800011, 816397.7535800021], [833476.1287100008, 816397.1764700022], [833476.667270001, 816396.8518000022], [833476.9990200009, 816396.6519000027], [833477.2358700009, 816396.4919900019], [833477.469560001, 816396.2691500019], [833477.5905600004, 816396.1059300024], [833477.6625800012, 816395.9780300017], [833477.6901200004, 816395.9289500024], [833477.7670300007, 816395.7409000024], [833477.772090001, 816395.7221800014], [833477.8198300004, 816395.5446200017], [833477.8477300005, 816395.3434100021], [833477.8491100008, 816395.2306200024], [833477.8502100008, 816395.140300002], [833477.844800001, 816395.092480002], [833477.8346300004, 816395.0026600026], [833477.8130600005, 816394.9003600013], [833477.779480001, 816394.741080001], [833477.6260700012, 816394.3951800019], [833477.5784500008, 816394.3196600024], [833476.9984000009, 816393.400030002], [833477.5962700006, 816393.0447400026]]], "type": "Polygon"}, "properties": {"BaseHeight": 17.5, "BuildingBlockType": "Tower", "BuildingCSUID": "3346016346T20050430", "BuildingID": 1103122058, "BuildingNameEN": "Sheung Wan Municipal Services Building", "BuildingNameTC": "上環市政大廈", "DateCreate": 1114790400000, "DateStamp": 1786982400000, "GeoRefNo": "3346016346", "OBJECTID": 164176, "Shape__Area": 2817.6802551305072, "Shape__Length": 243.31871943724346, "Status": "Active", "Storeys": 11, "StoreysInBasement": null, "TopHeight": 83.2}, "type": "Feature"}, {"geometry": {"coordinates": [[[833676.846880001, 816343.8474600017], [833680.7741800006, 816342.8205300011], [833677.1839000005, 816329.4619500022], [833673.159930001, 816330.6113800015], [833676.846880001, 816343.8474600017]]], "type": "Polygon"}, "properties": {"BaseHeight": 19.7, "BuildingBlockType": "Tower", "BuildingCSUID": "3367616339T20050430", "BuildingID": 1103122469, "BuildingNameEN": null, "BuildingNameTC": null, "DateCreate": 1114790400000, "DateStamp": 1599580800000, "GeoRefNo": "3367616339", "OBJECTID": 164177, "Shape__Area": 56.82479861754353, "Shape__Length": 35.81688731539165, "Status": "Active", "Storeys": 6, "StoreysInBasement": null, "TopHeight": 27.5}, "type": "Feature"}, {"geometry": {"coordinates": [[[833665.8314500004, 816403.2523100022], [833682.1826700009, 816399.1358100027], [833679.4604300009, 816388.0174300019], [833663.0479300013, 816392.1533000022], [833663.1945900004, 816392.6377900019], [833665.8314500004, 816403.2523100022]]], "type": "Polygon"}, "properties": {"BaseHeight": 19.7, "BuildingBlockType": "Tower", "BuildingCSUID": "3367116396T20090211", "BuildingID": 1103122050, "BuildingNameEN": "Shum Tower", "BuildingNameTC": "岑氏商業大廈", "DateCreate": 1234281600000, "DateStamp": 1599580800000, "GeoRefNo": "3367116396", "OBJECTID": 164178, "Shape__Area": 193.20038184440088, "Shape__Length": 56.67715495308792, "Status": "Active", "Storeys": 25, "StoreysInBasement": null, "TopHeight": 81}, "type": "Feature"}, {"geometry": {"coordinates": [[[833694.430420001, 816394.5553700011], [833703.1219900008, 816392.253490001], [833700.0231300006, 816380.5742300022], [833695.7279100008, 816381.7174500022], [833691.5130700013, 816382.8448800016], [833691.9774600007, 816384.6868700013], [833694.430420001, 816394.5553700011]]], "type": "Polygon"}, "properties": {"BaseHeight": 17.9, "BuildingBlockType": "Tower", "BuildingCSUID": "3369616388T20050713", "BuildingID": 1103122107, "BuildingNameEN": "Finance Building", "BuildingNameTC": "金融商業大廈", "DateCreate": 1121184000000, "DateStamp": 1599580800000, "GeoRefNo": "3369616388", "OBJECTID": 164381, "Shape__Area": 107.44256427677388, "Shape__Length": 41.95079835175611, "Status": "Active", "Storeys": 16, "StoreysInBasement": null, "TopHeight": 57.1}, "type": "Feature"}, {"geometry": {"coordinates": [[[833644.4027300011, 816389.0665500015], [833643.4440300008, 816385.5967200026], [833642.4128600005, 816381.7162500024], [833629.5841000006, 816385.3829500023], [833632.8651900012, 816398.028570002], [833645.7509900006, 816394.4999600016], [833644.4027300011, 816389.0665500015]]], "type": "Polygon"}, "properties": {"BaseHeight": 11.3, "BuildingBlockType": "Tower", "BuildingCSUID": "3363216386T20050430", "BuildingID": 1103122086, "BuildingNameEN": "Winning House", "BuildingNameTC": "永利大廈", "DateCreate": 1114790400000, "DateStamp": 1599580800000, "GeoRefNo": "3363216386", "OBJECTID": 164382, "Shape__Area": 175.76256401449163, "Shape__Length": 52.98019981844464, "Status": "Active", "Storeys": 11, "StoreysInBasement": null, "TopHeight": 39.5}, "type": "Feature"}, {"geometry": {"coordinates": [[[833644.4027300011, 816389.0665500015], [833648.5360400006, 816387.880140001], [833648.8244100008, 816387.7973700017], [833649.2183800004, 816389.2232600022], [833649.4264900004, 816389.976470001], [833650.161390001, 816390.3833600022], [833650.2572300006, 816390.354770001], [833652.3658600012, 816389.7257200014], [833652.7492500013, 816389.6113500018], [833653.1925800005, 816388.8539200015], [833652.6771000009, 816386.8413400017], [833651.7484800005, 816383.2157600019], [833649.6925800005, 816383.8052000012], [833649.0804100009, 816381.5895600021], [833646.869260001, 816382.2230600026], [833647.4815500006, 816384.4391300026], [833643.4440300008, 816385.5967200026], [833644.4027300011, 816389.0665500015]]], "type": "Polygon"}, "properties": {"BaseHeight": 11.3, "BuildingBlockType": "Tower", "BuildingCSUID": "3364716387T20050430", "BuildingID": 1103122140, "BuildingNameEN": "Treasure View Sheung Wan", "BuildingNameTC": null, "DateCreate": 1114790400000, "DateStamp": 1599580800000, "GeoRefNo": "3364716387", "OBJECTID": 164383, "Shape__Area": 47.09010171469894, "Shape__Length": 33.9359691231987, "Status": "Active", "Storeys": 8, "StoreysInBasement": null, "TopHeight": 44.2}, "type": "Feature"}, {"geometry": {"coordinates": [[[833490.3283400005, 816511.7920600027], [833487.524770001, 816500.8528600018], [833487.4155400004, 816500.426640002], [833486.9603500012, 816498.6505400017], [833458.2771100011, 816509.6419500019], [833457.8091300009, 816509.8212400023], [833458.3991100006, 816512.0160400011], [833458.9074900011, 816513.9072900023], [833464.1902800007, 816533.5599200018], [833464.5468400009, 816534.8863600027], [833464.5955000008, 816535.0673700012], [833494.2647900004, 816527.1518100016], [833491.0333200004, 816514.542750001], [833490.3283400005, 816511.7920600027]]], "type": "Polygon"}, "properties": {"BaseHeight": 3.5, "BuildingBlockType": "Tower", "BuildingCSUID": "3347716529T20050430", "BuildingID": 1103121250, "BuildingNameEN": "Ka On Building", "BuildingNameTC": "嘉安大廈", "DateCreate": 1114790400000, "DateStamp": 1599580800000, "GeoRefNo": "3347716529", "OBJECTID": 170465, "Shape__Area": 857.5975469564221, "Shape__Length": 117.49001613839458, "Status": "Active", "Storeys": 18, "StoreysInBasement": null, "TopHeight": 70.9}, "type": "Feature"}, {"geometry": {"coordinates": [[[833259.0095800012, 816475.2182900012], [833262.1353600007, 816478.7203400023], [833273.9668500004, 816467.9942800011], [833270.9719200004, 816464.855080001], [833270.6908900011, 816464.5668300018], [833269.8041100008, 816464.5186600015], [833266.7286300007, 816467.3058900014], [833264.9905000012, 816465.3463900015], [833264.8288100008, 816464.525890002], [833263.3540200004, 816464.5307200011], [833263.4032300012, 816462.5097500011], [833265.1118100006, 816462.6214400027], [833265.1235100012, 816461.8802000023], [833266.6690600011, 816459.7290900014], [833268.5166900009, 816461.2848900016], [833269.1891500009, 816460.5078100022], [833270.0780200008, 816461.1394100022], [833270.4240000006, 816460.796000002], [833271.4540000008, 816461.4650000017], [833273.739000001, 816458.5700000022], [833261.3660000004, 816448.5960000027], [833259.0321600009, 816451.4688400012], [833260.0001200009, 816452.2878400013], [833259.643050001, 816452.7328200024], [833260.5103600007, 816453.4897200018], [833259.923010001, 816454.2638700027], [833261.8387900004, 816455.8894500025], [833261.2065900005, 816456.6913700011], [833260.9014800005, 816456.4199500009], [833259.3528500004, 816456.9059200026], [833259.6617900012, 816457.9836100023], [833261.1252200007, 816459.0805900022], [833261.0121100005, 816460.6186100021], [833253.846880001, 816460.4389100019], [833253.8501500012, 816458.9440100025], [833255.6619900009, 816456.901750002], [833254.2949500009, 816456.280050002], [833253.778260001, 816456.4879500009], [833253.2157300012, 816455.6418900024], [833255.2200000007, 816454.1896200012], [833254.7457500007, 816453.4257500023], [833255.6520000007, 816452.7652000021], [833255.3172400007, 816452.2260000017], [833256.3658100013, 816451.5146500021], [833254.347000001, 816448.3740000017], [833241.2675400004, 816457.6394300014], [833243.3910000008, 816460.5090000015], [833244.3522500005, 816459.8476300016], [833244.7364600012, 816460.3064500019], [833245.6751900008, 816459.638220001], [833246.3337800009, 816460.5989900026], [833248.3225100012, 816459.0816900022], [833249.4694500007, 816461.0090700015], [833249.5771000013, 816461.9625500012], [833251.2005600007, 816462.0771700013], [833251.1389900008, 816464.1182400025], [833249.7136400007, 816464.042700002], [833249.5967000006, 816464.7744400017], [833247.523190001, 816466.6552500017], [833244.8029900007, 816463.6740000024], [833243.8636000007, 816463.6210800018], [833240.3829700006, 816466.9223300014], [833251.5060100006, 816478.4006100018], [833254.8970000008, 816475.0880000014], [833254.7910900004, 816474.1611300018], [833252.0260400008, 816471.2076500021], [833253.7050600005, 816469.4715300016], [833254.6674300004, 816469.2614200022], [833254.8331600009, 816467.7281500027], [833259.4743600013, 816467.9028700013], [833259.3937400011, 816469.4332200009], [833260.3998800004, 816469.6936300024], [833262.0868000006, 816471.510660002], [833259.0282800011, 816474.2251800019], [833259.0095800012, 816475.2182900012]]], "type": "Polygon"}, "properties": {"BaseHeight": 4.3, "BuildingBlockType": "Tower", "BuildingCSUID": "3325716463T20050430", "BuildingID": 1103121593, "BuildingNameEN": "Queen's Terrace Tower 3", "BuildingNameTC": "帝后華庭第三座", "DateCreate": 1114790400000, "DateStamp": 1599580800000, "GeoRefNo": "3325716463", "OBJECTID": 173335, "Shape__Area": 503.69750451685337, "Shape__Length": 203.8653924357488, "Status": "Active", "Storeys": 38, "StoreysInBasement": null, "TopHeight": 126}, "type": "Feature"}, {"geometry": {"coordinates": [[[833320.3192100013, 816472.453470001], [833302.8494300004, 816452.3899100013], [833301.6251000008, 816450.9726000018], [833300.9576900005, 816451.5269300025], [833298.749280001, 816453.3452700023], [833296.6207000008, 816455.1966400016], [833295.2943600006, 816456.333680002], [833313.8853000011, 816478.5306900013], [833320.3192100013, 816472.453470001]]], "type": "Polygon"}, "properties": {"BaseHeight": 3, "BuildingBlockType": "Tower", "BuildingCSUID": "3331516474T20050430", "BuildingID": 1103121594, "BuildingNameEN": "Suen Yue Building", "BuildingNameTC": "信裕大廈", "DateCreate": 1114790400000, "DateStamp": 1599580800000, "GeoRefNo": "3331516474", "OBJECTID": 173556, "Shape__Area": 246.08020641066258, "Shape__Length": 74.57684919031247, "Status": "Active", "Storeys": 19, "StoreysInBasement": null, "TopHeight": 67.4}, "type": "Feature"}, {"geometry": {"coordinates": [[[833327.249210001, 816516.2577600013], [833328.7994700009, 816514.913040001], [833333.9366200007, 816510.457030002], [833333.9255400011, 816510.4439600017], [833330.9343200009, 816506.9171400014], [833331.3860500008, 816506.5371500012], [833332.8543700008, 816505.3021400012], [833327.3202900011, 816499.0938000027], [833325.9872800009, 816500.3363500014], [833317.8823500006, 816490.8469300009], [833301.7275900012, 816505.3757900018], [833301.7357400004, 816505.3852900025], [833303.4778900007, 816507.4160400014], [833310.516210001, 816515.620480001], [833316.2327000005, 816510.6810600013], [833319.7566300007, 816507.6361500025], [833324.0874900008, 816512.6196100023], [833327.249210001, 816516.2577600013]]], "type": "Polygon"}, "properties": {"BaseHeight": 3, "BuildingBlockType": "Tower", "BuildingCSUID": "3331616498T20050430", "BuildingID": 1103121361, "BuildingNameEN": "Golden Sun Centre", "BuildingNameTC": "金日集團中心", "DateCreate": 1114790400000, "DateStamp": 1599580800000, "GeoRefNo": "3331616498", "OBJECTID": 173557, "Shape__Area": 418.6599583400254, "Shape__Length": 97.48133720422642, "Status": "Active", "Storeys": 25, "StoreysInBasement": null, "TopHeight": 87.9}, "type": "Feature"}, {"geometry": {"coordinates": [[[833332.5703600012, 816494.4182000011], [833335.8912500013, 816491.5697500017], [833326.8328500008, 816480.8553800024], [833323.3164100004, 816483.8519600015], [833332.5703600012, 816494.4182000011]]], "type": "Polygon"}, "properties": {"BaseHeight": 3, "BuildingBlockType": "Tower", "BuildingCSUID": "3332516484T20050430", "BuildingID": 1103121491, "BuildingNameEN": null, "BuildingNameTC": null, "DateCreate": 1114790400000, "DateStamp": 1599580800000, "GeoRefNo": "3332516484", "OBJECTID": 173559, "Shape__Area": 63.13469706870474, "Shape__Length": 37.07128609334339, "Status": "Active", "Storeys": 6, "StoreysInBasement": null, "TopHeight": 24.1}, "type": "Feature"}, {"geometry": {"coordinates": [[[833182.2508300012, 816484.1335500013], [833186.9158300012, 816486.8607200012], [833189.0179700004, 816483.2648600023], [833189.7864400009, 816483.7136900015], [833190.6435800008, 816482.2461300027], [833197.2122100005, 816486.0570500027], [833196.3423700007, 816487.5427200012], [833197.1108300006, 816487.9915500022], [833195.0268600006, 816491.6024400014], [833198.7080000006, 816493.7544400021], [833200.4711800013, 816493.8475800026], [833204.3550000004, 816487.2090000026], [833205.425830001, 816487.8095500022], [833205.4486800004, 816487.7700000014], [833208.0241500009, 816483.3107100017], [833205.8495800011, 816482.0571700018], [833206.1511900006, 816481.5349500012], [833203.5729600005, 816480.0405900013], [833203.8565600011, 816479.5495400019], [833202.0901400009, 816478.5134500023], [833203.2419700008, 816476.5191200022], [833205.0137000009, 816477.5460200012], [833205.3448200012, 816476.9727100022], [833207.9265700011, 816478.4609800018], [833208.237350001, 816477.9228800014], [833210.4102000007, 816479.1794100013], [833213.010830001, 816474.6765500009], [833212.010830001, 816474.0685500018], [833214.0329600004, 816470.5330000017], [833214.4039400006, 816469.8843600024], [833213.972910001, 816469.6308900025], [833215.760350001, 816466.5056800023], [833211.1914100004, 816463.8188800011], [833209.0629200004, 816467.5403900016], [833208.2543100007, 816467.0648800023], [833207.5095400009, 816468.3670500014], [833200.9004800012, 816464.4805400018], [833201.660840001, 816463.1875400022], [833200.8521700008, 816462.7120000012], [833203.0252200011, 816459.0167000014], [833200.1026600013, 816457.2980600018], [833199.6903100004, 816457.9992700014], [833197.6558400011, 816456.8028800022], [833193.668370001, 816463.4648400024], [833192.6198300011, 816462.8595500011], [833190.0058100009, 816467.3798400015], [833192.1749300007, 816468.6342100017], [833191.8518600008, 816469.1946500018], [833194.4374900004, 816470.6851400025], [833194.1204100009, 816471.232210001], [833197.2839600006, 816473.0658200011], [833196.1368300011, 816475.0215500016], [833192.9929100005, 816473.1774900015], [833192.675830001, 816473.7245500013], [833190.1009000009, 816472.2321000025], [833189.777830001, 816472.7925500013], [833187.601280001, 816471.537870001], [833184.9818300009, 816476.0675500017], [833186.0158300009, 816476.6705500018], [833185.3731200006, 816477.7785900012], [833183.6401700005, 816480.7662200015], [833184.0567500005, 816481.0185200013], [833182.2508300012, 816484.1335500013]]], "type": "Polygon"}, "properties": {"BaseHeight": 3.7, "BuildingBlockType": "Tower", "BuildingCSUID": "3319616480T20050430", "BuildingID": 1103121499, "BuildingNameEN": "Queen's Terrace Tower 1", "BuildingNameTC": "帝后華庭第一座", "DateCreate": 1114790400000, "DateStamp": 1599580800000, "GeoRefNo": "3319616480", "OBJECTID": 173560, "Shape__Area": 548.0014356330012, "Shape__Length": 167.3362647373362, "Status": "Active", "Storeys": 48, "StoreysInBasement": null, "TopHeight": 144.9}, "type": "Feature"}, {"geometry": {"coordinates": [[[833316.7348700007, 816536.4526900016], [833321.0178200006, 816532.6674200017], [833309.1420900011, 816518.8939900026], [833304.9028900005, 816522.5901500024], [833306.1187400008, 816524.0146600027], [833308.8999300012, 816527.2731500026], [833316.7348700007, 816536.4526900016]]], "type": "Polygon"}, "properties": {"BaseHeight": 3, "BuildingBlockType": "Tower", "BuildingCSUID": "3331716535T20050430", "BuildingID": 1103121242, "BuildingNameEN": null, "BuildingNameTC": null, "DateCreate": 1114790400000, "DateStamp": 1599580800000, "GeoRefNo": "3331716535", "OBJECTID": 173562, "Shape__Area": 103.22138031611573, "Shape__Length": 47.751889872554884, "Status": "Active", "Storeys": 6, "StoreysInBasement": null, "TopHeight": 24.1}, "type": "Feature"}, {"geometry": {"coordinates": [[[833321.0178200006, 816532.6674200017], [833322.3245200012, 816534.1829200014], [833330.3411200009, 816527.0685200021], [833319.2677200008, 816514.2062700018], [833318.2095300006, 816512.9771900009], [833312.5617900006, 816518.0049400013], [833310.516210001, 816515.620480001], [833308.1113300007, 816517.6985300016], [833309.1420900011, 816518.8939900026], [833321.0178200006, 816532.6674200017]]], "type": "Polygon"}, "properties": {"BaseHeight": 3, "BuildingBlockType": "Tower", "BuildingCSUID": "3332216531T20050430", "BuildingID": 1103121255, "BuildingNameEN": null, "BuildingNameTC": "亨隆大廈", "DateCreate": 1114790400000, "DateStamp": 1599580800000, "GeoRefNo": "3332216531", "OBJECTID": 173563, "Shape__Area": 209.3604376381287, "Shape__Length": 64.95956215151205, "Status": "Active", "Storeys": 6, "StoreysInBasement": null, "TopHeight": 24.1}, "type": "Feature"}, {"geometry": {"coordinates": [[[833330.3411200009, 816527.0685200021], [833333.8983600009, 816523.9167300016], [833333.1629300006, 816523.0626100022], [833327.249210001, 816516.2577600013], [833324.0874900008, 816512.6196100023], [833322.6730400007, 816513.864140002], [833321.2898200005, 816512.3501300011], [833319.2677200008, 816514.2062700018], [833330.3411200009, 816527.0685200021]]], "type": "Polygon"}, "properties": {"BaseHeight": 3, "BuildingBlockType": "Tower", "BuildingCSUID": "3332916524T20050430", "BuildingID": 1103121295, "BuildingNameEN": null, "BuildingNameTC": null, "DateCreate": 1114790400000, "DateStamp": 1599580800000, "GeoRefNo": "3332916524", "OBJECTID": 173564, "Shape__Area": 76.308729176714, "Shape__Length": 43.36707942740982, "Status": "Active", "Storeys": 6, "StoreysInBasement": null, "TopHeight": 23.2}, "type": "Feature"}, {"geometry": {"coordinates": [[[833347.3759700004, 816511.3233500011], [833350.6234000009, 816508.5008900017], [833341.289520001, 816497.9641300011], [833338.1458300008, 816500.7843100019], [833347.3759700004, 816511.3233500011]]], "type": "Polygon"}, "properties": {"BaseHeight": 3, "BuildingBlockType": "Tower", "BuildingCSUID": "3334616509T20050430", "BuildingID": 1103121390, "BuildingNameEN": null, "BuildingNameTC": null, "DateCreate": 1114790400000, "DateStamp": 1599580800000, "GeoRefNo": "3334616509", "OBJECTID": 173776, "Shape__Area": 59.862012180944674, "Shape__Length": 36.61177221877297, "Status": "Active", "Storeys": 6, "StoreysInBasement": null, "TopHeight": 25}, "type": "Feature"}, {"geometry": {"coordinates": [[[833211.4077700004, 816410.2265600022], [833194.3787300009, 816398.5923500024], [833186.8265700005, 816409.7088600025], [833203.9002300007, 816421.2428800017], [833211.4077700004, 816410.2265600022]]], "type": "Polygon"}, "properties": {"BaseHeight": 6.1, "BuildingBlockType": "Tower", "BuildingCSUID": "3319916403T20050430", "BuildingID": 1103121933, "BuildingNameEN": "Hollywood Centre", "BuildingNameTC": "荷李活中心", "DateCreate": 1114790400000, "DateStamp": 1599580800000, "GeoRefNo": "3319916403", "OBJECTID": 173777, "Shape__Area": 275.92396373439095, "Shape__Length": 67.99875164747215, "Status": "Active", "Storeys": 21, "StoreysInBasement": null, "TopHeight": 78.9}, "type": "Feature"}, {"geometry": {"coordinates": [[[833369.7926400006, 816555.0420800019], [833371.105750001, 816560.0097200014], [833382.0200700006, 816557.0978400018], [833386.6068700012, 816555.874160001], [833406.5432600006, 816550.5552600026], [833399.9159700004, 816525.2307200022], [833376.5536100008, 816534.1878500022], [833369.6505800011, 816536.7822100017], [833365.3868500004, 816538.3749200013], [833365.7286100006, 816539.6675000023], [833369.7926400006, 816555.0420800019]]], "type": "Polygon"}, "properties": {"BaseHeight": 3.5, "BuildingBlockType": "Tower", "BuildingCSUID": "3338716553T20050430", "BuildingID": 1103121105, "BuildingNameEN": "Wayson Commercial Building", "BuildingNameTC": "威勝商業大廈", "DateCreate": 1114790400000, "DateStamp": 1599580800000, "GeoRefNo": "3338716553", "OBJECTID": 173778, "Shape__Area": 890.0129728948546, "Shape__Length": 122.17880424261989, "Status": "Active", "Storeys": 21, "StoreysInBasement": null, "TopHeight": 82.2}, "type": "Feature"}, {"geometry": {"coordinates": [[[833356.5416900013, 816539.4540800024], [833360.7596800011, 816537.9367600009], [833360.0204600012, 816535.8440300021], [833359.3093100004, 816533.830380002], [833354.867800001, 816521.2556500025], [833351.3226400008, 816522.5044800024], [833351.8760800008, 816524.0755600017], [833347.9155800007, 816525.3948400021], [833353.0207700012, 816540.7206500024], [833356.5416900013, 816539.4540800024]]], "type": "Polygon"}, "properties": {"BaseHeight": 3, "BuildingBlockType": "Tower", "BuildingCSUID": "3335316527T20050430", "BuildingID": 1103121204, "BuildingNameEN": null, "BuildingNameTC": "太景樓", "DateCreate": 1114790400000, "DateStamp": 1599580800000, "GeoRefNo": "3335316527", "OBJECTID": 173779, "Shape__Area": 136.10773412803886, "Shape__Length": 51.66805709862969, "Status": "Active", "Storeys": 6, "StoreysInBasement": null, "TopHeight": 24.9}, "type": "Feature"}, {"geometry": {"coordinates": [[[833391.7537700012, 816523.2877300009], [833400.078110001, 816520.0493800025], [833388.8002600009, 816490.4365100022], [833381.3182300013, 816496.7320300024], [833382.9563300004, 816500.9005700015], [833383.0624200013, 816501.1705300026], [833391.7537700012, 816523.2877300009]]], "type": "Polygon"}, "properties": {"BaseHeight": 3, "BuildingBlockType": "Tower", "BuildingCSUID": "3338316497T20050430", "BuildingID": 1103121316, "BuildingNameEN": "Wing Shing House", "BuildingNameTC": "榮成樓", "DateCreate": 1114790400000, "DateStamp": 1599580800000, "GeoRefNo": "3338316497", "OBJECTID": 173780, "Shape__Area": 273.70844773000204, "Shape__Length": 78.93057385195362, "Status": "Active", "Storeys": 15, "StoreysInBasement": null, "TopHeight": 49.4}, "type": "Feature"}, {"geometry": {"coordinates": [[[833400.078110001, 816520.0493800025], [833408.6117300009, 816516.7295900024], [833403.6052600006, 816503.4892200027], [833400.0662500011, 816494.1281800009], [833396.2881700005, 816484.1359300017], [833388.8002600009, 816490.4365100022], [833400.078110001, 816520.0493800025]]], "type": "Polygon"}, "properties": {"BaseHeight": 3, "BuildingBlockType": "Tower", "BuildingCSUID": "3339016491T20050430", "BuildingID": 1103121338, "BuildingNameEN": "Wing Fai Building", "BuildingNameTC": "永輝大廈", "DateCreate": 1114790400000, "DateStamp": 1599580800000, "GeoRefNo": "3339016491", "OBJECTID": 173781, "Shape__Area": 305.9212200674644, "Shape__Length": 85.47597470778254, "Status": "Active", "Storeys": 19, "StoreysInBasement": null, "TopHeight": 70.8}, "type": "Feature"}, {"geometry": {"coordinates": [[[833283.6544200005, 816414.3575500026], [833290.609050001, 816422.204570001], [833293.9358800007, 816419.3611400016], [833288.6585400011, 816413.3269900009], [833286.8975600004, 816414.825100001], [833285.2345600007, 816413.0376900025], [833283.6544200005, 816414.3575500026]]], "type": "Polygon"}, "properties": {"BaseHeight": 5, "BuildingBlockType": "Tower", "BuildingCSUID": "3329016420T20050430", "BuildingID": 1103121925, "BuildingNameEN": null, "BuildingNameTC": null, "DateCreate": 1114790400000, "DateStamp": 1599580800000, "GeoRefNo": "3329016420", "OBJECTID": 173782, "Shape__Area": 40.42614494737743, "Shape__Length": 29.690321819477813, "Status": "Active", "Storeys": 6, "StoreysInBasement": null, "TopHeight": 25.9}, "type": "Feature"}, {"geometry": {"coordinates": [[[833307.4191300012, 816407.8422000017], [833310.9946400011, 816404.776750002], [833304.0727500012, 816396.9230000023], [833302.3294300009, 816398.4074300025], [833305.1596800005, 816401.6860800013], [833303.3375900006, 816403.2344000023], [833307.4191300012, 816407.8422000017]]], "type": "Polygon"}, "properties": {"BaseHeight": 4.9, "BuildingBlockType": "Tower", "BuildingCSUID": "3330716405T20050430", "BuildingID": 1103122016, "BuildingNameEN": null, "BuildingNameTC": null, "DateCreate": 1114790400000, "DateStamp": 1599580800000, "GeoRefNo": "3330716405", "OBJECTID": 173783, "Shape__Area": 39.001469700448766, "Shape__Length": 30.346008643154235, "Status": "Active", "Storeys": 6, "StoreysInBasement": null, "TopHeight": 27.2}, "type": "Feature"}, {"geometry": {"coordinates": [[[833293.9358800007, 816419.3611400016], [833297.2062500007, 816416.5659800023], [833290.3526000008, 816408.7625000011], [833288.9864600012, 816409.903690001], [833290.5654600011, 816411.7046600021], [833288.6585400011, 816413.3269900009], [833293.9358800007, 816419.3611400016]]], "type": "Polygon"}, "properties": {"BaseHeight": 5, "BuildingBlockType": "Tower", "BuildingCSUID": "3329316417T20050430", "BuildingID": 1103121949, "BuildingNameEN": null, "BuildingNameTC": null, "DateCreate": 1114790400000, "DateStamp": 1599580800000, "GeoRefNo": "3329316417", "OBJECTID": 173784, "Shape__Area": 38.64720813770013, "Shape__Length": 29.38320522553463, "Status": "Active", "Storeys": 6, "StoreysInBasement": null, "TopHeight": 25.9}, "type": "Feature"}, {"geometry": {"coordinates": [[[833297.2062500007, 816416.5659800023], [833300.5505500007, 816413.7076500021], [833297.053460001, 816409.6774700023], [833296.131120001, 816410.4795100018], [833292.7524500005, 816406.7578700017], [833290.3526000008, 816408.7625000011], [833297.2062500007, 816416.5659800023]]], "type": "Polygon"}, "properties": {"BaseHeight": 5, "BuildingBlockType": "Tower", "BuildingCSUID": "3329616415T20050430", "BuildingID": 1103121967, "BuildingNameEN": null, "BuildingNameTC": null, "DateCreate": 1114790400000, "DateStamp": 1599580800000, "GeoRefNo": "3329616415", "OBJECTID": 173785, "Shape__Area": 39.48960044914172, "Shape__Length": 29.49693938163225, "Status": "Active", "Storeys": 6, "StoreysInBasement": null, "TopHeight": 25.9}, "type": "Feature"}, {"geometry": {"coordinates": [[[833300.5505500007, 816413.7076500021], [833304.0859600008, 816410.6859700009], [833307.4191300012, 816407.8422000017], [833303.3375900006, 816403.2344000023], [833302.7019500006, 816402.516760001], [833301.1930100005, 816403.7530000024], [833298.6240300005, 816400.9098500013], [833300.1302200006, 816399.6133900024], [833298.3403200004, 816397.5926700011], [833294.9614500012, 816400.4795500021], [833291.5524300011, 816403.3921900019], [833293.2806100007, 816405.4011100009], [833294.7799900007, 816404.154240001], [833297.374400001, 816407.0735900011], [833295.8755900012, 816408.3200700022], [833297.053460001, 816409.6774700023], [833300.5505500007, 816413.7076500021]]], "type": "Polygon"}, "properties": {"BaseHeight": 4.9, "BuildingBlockType": "Tower", "BuildingCSUID": "3330016412T20050430", "BuildingID": 1103121991, "BuildingNameEN": null, "BuildingNameTC": null, "DateCreate": 1114790400000, "DateStamp": 1599580800000, "GeoRefNo": "3330016412", "OBJECTID": 173786, "Shape__Area": 107.67884329575915, "Shape__Length": 53.131936996242445, "Status": "Active", "Storeys": 6, "StoreysInBasement": null, "TopHeight": 27.2}, "type": "Feature"}, {"geometry": {"coordinates": [[[833362.2284600008, 816392.652300002], [833367.1708200006, 816388.5583000015], [833369.193810001, 816390.6772300024], [833375.3734000009, 816385.5941000022], [833373.6675300011, 816383.6245100014], [833372.6679300005, 816382.4704500027], [833372.8987000007, 816382.2727400027], [833367.820650001, 816376.3331600018], [833367.6734900009, 816376.1607500017], [833356.445150001, 816386.0284400024], [833362.2284600008, 816392.652300002]]], "type": "Polygon"}, "properties": {"BaseHeight": 4.9, "BuildingBlockType": "Tower", "BuildingCSUID": "3336216383T20050430", "BuildingID": 1103122124, "BuildingNameEN": "Tai Wong Building", "BuildingNameTC": "大皇大廈", "DateCreate": 1114790400000, "DateStamp": 1599580800000, "GeoRefNo": "3336216383", "OBJECTID": 174459, "Shape__Area": 157.604807109749, "Shape__Length": 53.567757816064045, "Status": "Active", "Storeys": 13, "StoreysInBasement": null, "TopHeight": 50.5}, "type": "Feature"}, {"geometry": {"coordinates": [[[833689.0011900011, 816301.5061400011], [833681.0897000004, 816301.1227600016], [833680.1064900011, 816308.9464500025], [833683.7504100008, 816314.6711600013], [833686.4975700006, 816313.8394800015], [833689.0011900011, 816301.5061400011]]], "type": "Polygon"}, "properties": {"BaseHeight": 3, "BuildingBlockType": "Tower", "BuildingCSUID": "3368516308T20160711", "BuildingID": 1810152800, "BuildingNameEN": "Le Manndi", "BuildingNameTC": "儷滿邸", "DateCreate": 1468166400000, "DateStamp": 1599580800000, "GeoRefNo": "3368516308", "OBJECTID": 174640, "Shape__Area": 86.05245416836269, "Shape__Length": 38.04723067152441, "Status": "Active", "Storeys": 6, "StoreysInBasement": null, "TopHeight": 26.3}, "type": "Feature"}, {"geometry": {"coordinates": [[[833439.624830001, 816541.7293400019], [833448.4565100009, 816539.3731100019], [833441.4863300007, 816512.989860002], [833432.806880001, 816515.7964200024], [833439.624830001, 816541.7293400019]]], "type": "Polygon"}, "properties": {"BaseHeight": 3.5, "BuildingBlockType": "Tower", "BuildingCSUID": "3344316539T20050430", "BuildingID": 1103121197, "BuildingNameEN": "Uwa Building", "BuildingNameTC": "祐華大廈", "DateCreate": 1114790400000, "DateStamp": 1599580800000, "GeoRefNo": "3344316539", "OBJECTID": 174704, "Shape__Area": 246.82511840739528, "Shape__Length": 72.36515768159774, "Status": "Active", "Storeys": 15, "StoreysInBasement": null, "TopHeight": 50}, "type": "Feature"}, {"geometry": {"coordinates": [[[833485.3715900006, 816486.0608100016], [833485.4009300005, 816486.0540700015], [833484.2445900012, 816480.7424100023], [833491.6153000006, 816479.166290002], [833490.3673100006, 816473.4405600019], [833483.706340001, 816474.883150002], [833483.3697500005, 816473.2586700022], [833490.0322600007, 816471.9032800011], [833488.833300001, 816466.4023100026], [833481.5472600004, 816467.9816400018], [833480.4323900007, 816462.7534100022], [833474.1606600005, 816464.1283200011], [833475.3170500007, 816469.2347000018], [833464.7329700012, 816471.5904900022], [833463.6375100007, 816466.4352900013], [833457.7556000007, 816467.7247400023], [833458.9096700009, 816472.8866400011], [833452.1555200005, 816474.2672700025], [833453.401180001, 816480.5594200026], [833459.7484800005, 816479.2391500026], [833460.0657100007, 816480.7098000012], [833453.6886400012, 816482.0605900027], [833454.8310700012, 816487.835640002], [833461.9316900009, 816486.4038300011], [833463.0044600004, 816491.2020700015], [833468.6260000011, 816489.9099100027], [833467.6245800005, 816485.1975100022], [833478.414210001, 816482.911220001], [833479.4363700012, 816487.4250500016], [833485.3715900006, 816486.0608100016]]], "type": "Polygon"}, "properties": {"BaseHeight": 11.2, "BuildingBlockType": "Tower", "BuildingCSUID": "3347216481T20050430", "BuildingID": 1103121513, "BuildingNameEN": "Hongway Garden", "BuildingNameTC": "康威花園", "DateCreate": 1114790400000, "DateStamp": 1599580800000, "GeoRefNo": "3347216481", "OBJECTID": 174707, "Shape__Area": 618.541890472044, "Shape__Length": 169.84338717450999, "Status": "Active", "Storeys": 35, "StoreysInBasement": null, "TopHeight": 107.3}, "type": "Feature"}, {"geometry": {"coordinates": [[[833451.2877600007, 816529.925040001], [833449.348290001, 816522.7112600021], [833448.5866400013, 816522.9213900026], [833447.5641800007, 816519.1704800017], [833448.3329200009, 816518.9481100012], [833447.7557200007, 816516.809270002], [833446.297960001, 816511.4339000024], [833445.8549100012, 816511.5772200022], [833445.7104800008, 816511.6239500027], [833441.4863300007, 816512.989860002], [833448.4565100009, 816539.3731100019], [833452.9323700005, 816538.1789700016], [833453.5036700005, 816538.021180002], [833451.2877600007, 816529.925040001]]], "type": "Polygon"}, "properties": {"BaseHeight": 3, "BuildingBlockType": "Tower", "BuildingCSUID": "3345016536T20050430", "BuildingID": 1103121216, "BuildingNameEN": null, "BuildingNameTC": null, "DateCreate": 1114790400000, "DateStamp": 1599580800000, "GeoRefNo": "3345016536", "OBJECTID": 174708, "Shape__Area": 137.57802237560554, "Shape__Length": 66.69738532413726, "Status": "Active", "Storeys": 6, "StoreysInBasement": null, "TopHeight": 23.8}, "type": "Feature"}, {"geometry": {"coordinates": [[[833441.0885300012, 816489.9797900021], [833439.3082100004, 816481.8885500021], [833439.1891400004, 816481.934150001], [833438.7745400006, 816482.0963400025], [833437.3690100005, 816482.6269300021], [833431.7989300005, 816484.729650002], [833434.3765600007, 816491.6663100012], [833439.3343600007, 816505.0082300026], [833443.4528600005, 816503.4369300026], [833444.0283200005, 816503.2143700011], [833443.9770000009, 816502.9860000014], [833442.2861700011, 816495.461790001], [833441.0885300012, 816489.9797900021]]], "type": "Polygon"}, "properties": {"BaseHeight": 3, "BuildingBlockType": "Tower", "BuildingCSUID": "3344016497T20050430", "BuildingID": 1103121431, "BuildingNameEN": "On Tung Mansion", "BuildingNameTC": "安東樓", "DateCreate": 1114790400000, "DateStamp": 1599580800000, "GeoRefNo": "3344016497", "OBJECTID": 174709, "Shape__Area": 140.86723890807386, "Shape__Length": 56.529252941088416, "Status": "Active", "Storeys": 6, "StoreysInBasement": null, "TopHeight": 28.5}, "type": "Feature"}, {"geometry": {"coordinates": [[[833417.6055400008, 816513.2982200012], [833430.6154500004, 816508.3346500024], [833425.587460001, 816494.9842200018], [833425.3408700004, 816494.3294900022], [833423.7243700009, 816490.0373300016], [833422.9790000012, 816488.0592000019], [833422.4655100005, 816486.6963100024], [833420.8190400004, 816482.3266300019], [833420.5183300013, 816481.5285600014], [833419.6358100008, 816479.1864500027], [833415.375190001, 816467.8791700024], [833415.2467400013, 816467.5382800009], [833403.9018100007, 816477.4704300016], [833405.1672100006, 816480.7787600011], [833417.6055400008, 816513.2982200012]]], "type": "Polygon"}, "properties": {"BaseHeight": 3, "BuildingBlockType": "Tower", "BuildingCSUID": "3340716476T20050430", "BuildingID": 1103121378, "BuildingNameEN": "Winsome House", "BuildingNameTC": "永生大廈", "DateCreate": 1114790400000, "DateStamp": 1599580800000, "GeoRefNo": "3340716476", "OBJECTID": 174710, "Shape__Area": 574.8442910189952, "Shape__Length": 110.95723187249419, "Status": "Active", "Storeys": 22, "StoreysInBasement": null, "TopHeight": 74}, "type": "Feature"}, {"geometry": {"coordinates": [[[833408.6117300009, 816516.7295900024], [833417.6055400008, 816513.2982200012], [833405.1672100006, 816480.7787600011], [833396.2881700005, 816484.1359300017], [833400.0662500011, 816494.1281800009], [833401.4328100011, 816493.6158800013], [833404.9248400005, 816502.9502500016], [833403.6052600006, 816503.4892200027], [833408.6117300009, 816516.7295900024]]], "type": "Polygon"}, "properties": {"BaseHeight": 3, "BuildingBlockType": "Tower", "BuildingCSUID": "3340916514T20050430", "BuildingID": 1103121357, "BuildingNameEN": "Wing Lok Mansion", "BuildingNameTC": "永樂大廈", "DateCreate": 1114790400000, "DateStamp": 1599580800000, "GeoRefNo": "3340916514", "OBJECTID": 174711, "Shape__Area": 318.5643251505025, "Shape__Length": 91.62468264339003, "Status": "Active", "Storeys": 9, "StoreysInBasement": null, "TopHeight": 29.4}, "type": "Feature"}, {"geometry": {"coordinates": [[[833540.8390000006, 816310.3800000027], [833540.3830000004, 816309.6280000024], [833537.364000001, 816312.3410000019], [833540.8390000006, 816310.3800000027]]], "type": "Polygon"}, "properties": {"BaseHeight": 4.4, "BuildingBlockType": "Podium", "BuildingCSUID": "3353916311P20130626", "BuildingID": 1103117259, "BuildingNameEN": null, "BuildingNameTC": null, "DateCreate": 1372176000000, "DateStamp": 1372694400000, "GeoRefNo": "3353916311", "OBJECTID": 186519, "Shape__Area": 1.7537080004798322, "Shape__Length": 8.928492939231198, "Status": "Active", "Storeys": null, "StoreysInBasement": null, "TopHeight": 10}, "type": "Feature"}, {"geometry": {"coordinates": [[[833781.4789700005, 816450.1525300015], [833796.6419100007, 816446.1338600013], [833811.0651600007, 816442.3112400025], [833827.343700001, 816437.9969100021], [833845.8087300006, 816433.1030800026], [833840.0070500011, 816411.242130002], [833834.7789600007, 816391.5425400026], [833822.6842900012, 816394.876550002], [833821.094610001, 816389.2611800022], [833806.999520001, 816393.142930001], [833794.0852800012, 816396.6994800009], [833780.7493400006, 816400.3721600026], [833771.9640400009, 816402.7916100025], [833773.2485800004, 816407.3915100023], [833766.0755400006, 816409.3214900009], [833776.1114300005, 816446.8994400017], [833781.4789700005, 816450.1525300015]]], "type": "Polygon"}, "properties": {"BaseHeight": 3.7, "BuildingBlockType": "Tower", "BuildingCSUID": "3380916440T20050430", "BuildingID": 1103121746, "BuildingNameEN": "Wing On Centre", "BuildingNameTC": "永安中心", "DateCreate": 1114790400000, "DateStamp": 1599580800000, "GeoRefNo": "3380916440", "OBJECTID": 188004, "Shape__Area": 3321.1283694272765, "Shape__Length": 236.2668881688466, "Status": "Active", "Storeys": 29, "StoreysInBasement": null, "TopHeight": 100.8}, "type": "Feature"}, {"geometry": {"coordinates": [[[833732.9201200008, 816420.803460002], [833720.3716000011, 816424.2648100015], [833728.8981400011, 816456.0462400019], [833741.5475400006, 816452.6679900009], [833736.305300001, 816433.3059300017], [833732.9201200008, 816420.803460002]]], "type": "Polygon"}, "properties": {"BaseHeight": 3.6, "BuildingBlockType": "Tower", "BuildingCSUID": "3372616430T20050430", "BuildingID": 1103121716, "BuildingNameEN": "Tung Ning Building", "BuildingNameTC": "東寧大廈", "DateCreate": 1114790400000, "DateStamp": 1599580800000, "GeoRefNo": "3372616430", "OBJECTID": 188005, "Shape__Area": 430.2695632642447, "Shape__Length": 92.02705849064705, "Status": "Active", "Storeys": 17, "StoreysInBasement": null, "TopHeight": 71}, "type": "Feature"}, {"geometry": {"coordinates": [[[833656.6488000005, 816455.220040001], [833656.8469400005, 816455.9860900026], [833659.7913900008, 816455.146470001], [833660.6239000009, 816457.8838600013], [833661.9428800009, 816457.518410001], [833661.6809100006, 816456.4026300013], [833666.120670001, 816455.2773400024], [833665.7842900008, 816454.0652900022], [833665.3176500006, 816452.3840300012], [833659.7316500004, 816432.2570100017], [833651.2883200012, 816434.4950300027], [833656.6488000005, 816455.220040001]]], "type": "Polygon"}, "properties": {"BaseHeight": 3.7, "BuildingBlockType": "Tower", "BuildingCSUID": "3365716439T20050430", "BuildingID": 1103121705, "BuildingNameEN": "Fung Woo Centre", "BuildingNameTC": "豐和商業大廈", "DateCreate": 1114790400000, "DateStamp": 1599580800000, "GeoRefNo": "3365716439", "OBJECTID": 188006, "Shape__Area": 209.80324313840228, "Shape__Length": 67.8416186190576, "Status": "Active", "Storeys": 15, "StoreysInBasement": null, "TopHeight": 50.3}, "type": "Feature"}, {"geometry": {"coordinates": [[[833675.9704500008, 816373.7784300018], [833677.4948900007, 816379.9711700026], [833677.9504200006, 816381.7219300009], [833679.462770001, 816381.333440002], [833680.1092600012, 816383.876790002], [833690.9977900004, 816380.9139100015], [833689.4274300011, 816375.0291400012], [833688.2119000005, 816370.4740600027], [833687.7657900006, 816368.8337400015], [833675.557620001, 816372.101400001], [833675.9704500008, 816373.7784300018]]], "type": "Polygon"}, "properties": {"BaseHeight": 2.9, "BuildingBlockType": "Podium", "BuildingCSUID": "3368116371P20090813", "BuildingID": 1109348442, "BuildingNameEN": "C S TOWER", "BuildingNameTC": "昌盛大廈", "DateCreate": 1250092800000, "DateStamp": 1599580800000, "GeoRefNo": "3368116371", "OBJECTID": 189188, "Shape__Area": 155.7683579669153, "Shape__Length": 50.52687502620068, "Status": "Active", "Storeys": 4, "StoreysInBasement": null, "TopHeight": 18.8}, "type": "Feature"}, {"geometry": {"coordinates": [[[833353.9970000004, 816443.1040000021], [833342.7003200008, 816430.0575900022], [833333.4920000006, 816419.4230000023], [833331.0520000011, 816421.4920000024], [833324.1410000008, 816413.6860000025], [833323.2330000009, 816414.415000001], [833300.0450000009, 816434.211000001], [833306.8570000008, 816441.9170000013], [833308.0710000005, 816441.1230000015], [833309.824000001, 816443.2020000014], [833312.3450000007, 816441.449000001], [833330.8650000012, 816462.9230000023], [833350.7754400009, 816445.9789400026], [833350.9845700013, 816445.7923100013], [833353.9970000004, 816443.1040000021]]], "type": "Polygon"}, "properties": {"BaseHeight": 3.5, "BuildingBlockType": "Podium", "BuildingCSUID": "3332716438P20060312", "BuildingID": 1103117044, "BuildingNameEN": "SUN SHING MANSION", "BuildingNameTC": "新成大廈", "DateCreate": 1142092800000, "DateStamp": 1599580800000, "GeoRefNo": "3332716438", "OBJECTID": 190964, "Shape__Area": 1295.3715379379378, "Shape__Length": 152.9479282711961, "Status": "Active", "Storeys": 2, "StoreysInBasement": null, "TopHeight": 11.6}, "type": "Feature"}, {"geometry": {"coordinates": [[[833364.8262500009, 816424.0337800011], [833350.2834200012, 816407.0042600017], [833349.4656900009, 816407.6948300023], [833347.862160001, 816405.8589000013], [833341.6294300007, 816398.7230800018], [833331.1710300008, 816407.6842200011], [833338.0220000008, 816415.5830000024], [833337.3680000007, 816416.137000002], [833346.5128200008, 816426.697420001], [833357.8972700005, 816439.8441600017], [833357.9320800006, 816439.8139600027], [833369.6318700006, 816429.6611200012], [833364.8262500009, 816424.0337800011]]], "type": "Polygon"}, "properties": {"BaseHeight": 3.7, "BuildingBlockType": "Tower", "BuildingCSUID": "3333516406T20050430", "BuildingID": 1103121808, "BuildingNameEN": "Nam Pak Hong Building", "BuildingNameTC": "南北行大廈", "DateCreate": 1114790400000, "DateStamp": 1599580800000, "GeoRefNo": "3333516406", "OBJECTID": 191186, "Shape__Area": 632.3934840532468, "Shape__Length": 114.75955278167511, "Status": "Active", "Storeys": 20, "StoreysInBasement": null, "TopHeight": 69.1}, "type": "Feature"}, {"geometry": {"coordinates": [[[833346.5128200008, 816426.697420001], [833337.3680000007, 816416.137000002], [833338.0220000008, 816415.5830000024], [833331.1710300008, 816407.6842200011], [833324.1410000008, 816413.6860000025], [833331.0520000011, 816421.4920000024], [833333.4920000006, 816419.4230000023], [833342.7003200008, 816430.0575900022], [833353.9970000004, 816443.1040000021], [833357.8972700005, 816439.8441600017], [833346.5128200008, 816426.697420001]]], "type": "Polygon"}, "properties": {"BaseHeight": 3.8, "BuildingBlockType": "Podium", "BuildingCSUID": "3334116424P20170110", "BuildingID": 1810157954, "BuildingNameEN": null, "BuildingNameTC": null, "DateCreate": 1483977600000, "DateStamp": 1599580800000, "GeoRefNo": "3334116424", "OBJECTID": 191187, "Shape__Area": 255.22018501631499, "Shape__Length": 101.94988694053527, "Status": "Active", "Storeys": 2, "StoreysInBasement": null, "TopHeight": 18.7}, "type": "Feature"}, {"geometry": {"coordinates": [[[833593.1398900012, 816353.9485600013], [833594.4774000011, 816359.154480001], [833596.4764500009, 816366.9352900013], [833596.6498000007, 816366.8921500016], [833600.9890400004, 816382.6859200019], [833605.0486500012, 816381.6244400013], [833604.8074000012, 816380.7463800013], [833601.457080001, 816368.5522600021], [833601.181520001, 816367.5492900014], [833601.1683300007, 816367.5013000015], [833609.1836400004, 816365.222860001], [833608.3646900011, 816362.0213400014], [833605.5308200009, 816350.942900002], [833604.7045000009, 816351.1433400027], [833600.2992800009, 816352.2003000025], [833600.5978800012, 816353.3625000026], [833596.2633700008, 816354.4761400018], [833595.9524400011, 816353.2663200013], [833594.1116900006, 816353.7128300015], [833593.1398900012, 816353.9485600013]]], "type": "Polygon"}, "properties": {"BaseHeight": 3, "BuildingBlockType": "Podium", "BuildingCSUID": "3360116367P20120116", "BuildingID": 1810077814, "BuildingNameEN": "99 BONHAM", "BuildingNameTC": "99 BONHAM", "DateCreate": 1326643200000, "DateStamp": 1599580800000, "GeoRefNo": "3360116367", "OBJECTID": 194823, "Shape__Area": 246.45089820785148, "Shape__Length": 87.08035923046289, "Status": "Active", "Storeys": 1, "StoreysInBasement": null, "TopHeight": 8.1}, "type": "Feature"}, {"geometry": {"coordinates": [[[833457.0644700006, 816606.6564300023], [833453.994620001, 816607.4284200016], [833454.7355000004, 816610.3745400012], [833457.805350001, 816609.6025500018], [833457.0644700006, 816606.6564300023]]], "type": "Polygon"}, "properties": {"BaseHeight": 3.4, "BuildingBlockType": "Tower", "BuildingCSUID": "3345616609T20170221", "BuildingID": 1810159212, "BuildingNameEN": null, "BuildingNameTC": null, "DateCreate": 1487606400000, "DateStamp": 1487606400000, "GeoRefNo": "3345616609", "OBJECTID": 201466, "Shape__Area": 9.616098431425343, "Shape__Length": 12.406558051422708, "Status": "Active", "Storeys": null, "StoreysInBasement": null, "TopHeight": 15.6}, "type": "Feature"}, {"geometry": {"coordinates": [[[833334.103000001, 816445.0450000018], [833331.1280000005, 816441.2750000022], [833332.9230000004, 816439.9660000019], [833335.9000000004, 816443.4630000014], [833339.7640000004, 816440.2880000025], [833336.455000001, 816436.3010000009], [833339.5110000009, 816433.5130000021], [833336.455000001, 816429.7030000016], [833332.2740000011, 816433.2150000017], [833330.4570000004, 816431.2230000012], [833334.7970000012, 816427.5950000025], [833331.5240000011, 816423.671000002], [833327.8860000009, 816426.5150000025], [833324.9700000007, 816422.8000000026], [833321.1060000006, 816425.8990000021], [833323.6770000011, 816429.3600000013], [833322.0480000004, 816430.8110000025], [833319.1920000007, 816427.5530000012], [833315.2250000006, 816430.7080000024], [833318.1980000008, 816434.3790000025], [833314.7830000008, 816437.1660000011], [833318.3770000013, 816441.5540000014], [833324.1910000006, 816436.5080000013], [833325.8340000007, 816438.6490000021], [833320.1380000012, 816443.5990000013], [833323.2570000011, 816447.3330000024], [833327.0260000005, 816444.2860000022], [833330.1800000006, 816448.2100000009], [833334.103000001, 816445.0450000018]]], "type": "Polygon"}, "properties": {"BaseHeight": 11.5, "BuildingBlockType": "Tower", "BuildingCSUID": "3332916438T20050430", "BuildingID": 1103121738, "BuildingNameEN": "Sun Shing Mansion", "BuildingNameTC": "新成大廈", "DateCreate": 1114790400000, "DateStamp": 1599580800000, "GeoRefNo": "3332916438", "OBJECTID": 205292, "Shape__Area": 347.1052134893286, "Shape__Length": 132.46479295921793, "Status": "Active", "Storeys": 26, "StoreysInBasement": null, "TopHeight": 87}, "type": "Feature"}, {"geometry": {"coordinates": [[[833732.4191700006, 816372.2898300011], [833735.7345700013, 816384.4057300016], [833752.1849200008, 816379.9562300015], [833750.2577300007, 816372.7389500011], [833743.0885200007, 816374.6771600023], [833742.8348200005, 816373.7505600024], [833742.6065200008, 816373.8125000019], [833742.3569800006, 816372.9140800014], [833740.2026400007, 816373.5021800026], [833739.3625100004, 816370.4297000021], [833732.4191700006, 816372.2898300011]]], "type": "Polygon"}, "properties": {"BaseHeight": 19, "BuildingBlockType": "Tower", "BuildingCSUID": "3374316380T20160603", "BuildingID": 1810151856, "BuildingNameEN": "Continental Place", "BuildingNameTC": null, "DateCreate": 1464883200000, "DateStamp": 1599580800000, "GeoRefNo": "3374316380", "OBJECTID": 208251, "Shape__Area": 168.46476355347826, "Shape__Length": 59.2358661700757, "Status": "Active", "Storeys": 25, "StoreysInBasement": null, "TopHeight": 104.8}, "type": "Feature"}, {"geometry": {"coordinates": [[[833381.3180000009, 816496.7320000026], [833370.4980000006, 816505.836000001], [833378.8440000005, 816528.3100000024], [833391.7540000007, 816523.2880000025], [833381.3180000009, 816496.7320000026]]], "type": "Polygon"}, "properties": {"BaseHeight": 3.2, "BuildingBlockType": "Podium", "BuildingCSUID": "3338016513P20060312", "BuildingID": 1103116969, "BuildingNameEN": "WINFULL COMMERCIAL BUILDING", "BuildingNameTC": "永富商業大廈", "DateCreate": 1142092800000, "DateStamp": 1369238400000, "GeoRefNo": "3338016513", "OBJECTID": 213387, "Shape__Area": 357.19910800336487, "Shape__Length": 80.49958304238845, "Status": "Active", "Storeys": null, "StoreysInBasement": null, "TopHeight": 17.1}, "type": "Feature"}, {"geometry": {"coordinates": [[[833713.1730000004, 816466.4300000016], [833720.4970000004, 816464.4000000022], [833720.9670000011, 816462.5930000022], [833719.8880000012, 816458.6380000021], [833715.8090000004, 816443.6790000014], [833707.5640000012, 816445.9000000022], [833708.0430000005, 816447.6530000027], [833711.6570000006, 816460.8820000011], [833713.1730000004, 816466.4300000016]]], "type": "Polygon"}, "properties": {"BaseHeight": 3.7, "BuildingBlockType": "Podium", "BuildingCSUID": "3371416455P20060312", "BuildingID": 1103117036, "BuildingNameEN": "YUE THAI COMMERCIAL BUILDING", "BuildingNameTC": "豫泰商業大廈", "DateCreate": 1142092800000, "DateStamp": 1599580800000, "GeoRefNo": "3371416455", "OBJECTID": 213396, "Shape__Area": 180.60492600577416, "Shape__Length": 58.89328115837546, "Status": "Active", "Storeys": 7, "StoreysInBasement": null, "TopHeight": 19.4}, "type": "Feature"}, {"geometry": {"coordinates": [[[833496.614000001, 816418.478000002], [833502.0930000013, 816442.9840000011], [833502.7760000005, 816446.0370000023], [833507.8000000007, 816444.9080000017], [833507.114000001, 816441.8610000014], [833501.6240000008, 816417.5000000019], [833496.614000001, 816418.478000002]]], "type": "Polygon"}, "properties": {"BaseHeight": 3.4, "BuildingBlockType": "Podium", "BuildingCSUID": "3350216431P20060312", "BuildingID": 1103117062, "BuildingNameEN": "HING TAI COMMERCIAL BUILDING", "BuildingNameTC": "興泰商業大廈", "DateCreate": 1142092800000, "DateStamp": 1599580800000, "GeoRefNo": "3350216431", "OBJECTID": 213646, "Shape__Area": 144.39705849340305, "Shape__Length": 66.58856766316693, "Status": "Active", "Storeys": 1, "StoreysInBasement": null, "TopHeight": 19}, "type": "Feature"}, {"geometry": {"coordinates": [[[833398.2000000011, 816392.4810000025], [833393.8910000008, 816389.665000001], [833393.807000001, 816389.6100000013], [833393.7190000005, 816389.563000001], [833393.6270000013, 816389.5220000017], [833393.5330000008, 816389.4890000019], [833393.4360000007, 816389.4640000015], [833393.3380000005, 816389.4450000022], [833393.239000001, 816389.4350000024], [833393.1390000004, 816389.4320000019], [833393.0390000008, 816389.438000001], [833392.9400000004, 816389.4510000013], [833392.8420000011, 816389.4710000027], [833392.7460000012, 816389.5000000019], [833392.6530000009, 816389.535000002], [833392.5690000011, 816389.5750000011], [833391.8720000004, 816388.8490000013], [833391.6470000008, 816388.654000001], [833391.4790000012, 816388.5450000018], [833391.2990000006, 816388.4570000023], [833391.0150000006, 816388.3640000019], [833390.8180000009, 816388.3290000018], [833390.5680000009, 816388.3170000017], [833390.2710000006, 816388.3490000013], [833389.9830000009, 816388.4310000017], [833389.756000001, 816388.5360000022], [833389.6270000013, 816388.6150000021], [833389.512000001, 816388.7000000011], [833382.9790000012, 816394.7080000024], [833388.4300000006, 816400.8990000021], [833391.2060000012, 816398.5070000011], [833398.2000000011, 816392.4810000025]]], "type": "Polygon"}, "properties": {"BaseHeight": 4, "BuildingBlockType": "Podium", "BuildingCSUID": "3339016394P20060312", "BuildingID": 1103117137, "BuildingNameEN": "SOHOTEL", "BuildingNameTC": "尚豪酒店", "DateCreate": 1142092800000, "DateStamp": 1599580800000, "GeoRefNo": "3339016394", "OBJECTID": 213647, "Shape__Area": 96.98218650307396, "Shape__Length": 40.157582501551964, "Status": "Active", "Storeys": 4, "StoreysInBasement": null, "TopHeight": 18.8}, "type": "Feature"}, {"geometry": {"coordinates": [[[833299.4020600012, 816327.7158900015], [833291.815750001, 816334.2891300023], [833291.9940400012, 816334.4962500017], [833292.8131500008, 816335.4478300009], [833294.739430001, 816337.6856400017], [833307.1440900005, 816327.0388800018], [833306.8071300006, 816326.6450700015], [833304.6970100012, 816324.1793500017], [833304.1803900013, 816323.5756900012], [833299.4020600012, 816327.7158900015]]], "type": "Polygon"}, "properties": {"BaseHeight": 8.5, "BuildingBlockType": "Tower", "BuildingCSUID": "3330416326T20050430", "BuildingID": 1103122510, "BuildingNameEN": null, "BuildingNameTC": null, "DateCreate": 1114790400000, "DateStamp": 1599580800000, "GeoRefNo": "3330416326", "OBJECTID": 213880, "Shape__Area": 73.91663459509921, "Shape__Length": 41.747265650859944, "Status": "Active", "Storeys": 6, "StoreysInBasement": null, "TopHeight": 32.5}, "type": "Feature"}, {"geometry": {"coordinates": [[[833442.6850000005, 816444.5330000017], [833442.8340000007, 816445.2200000025], [833446.4060000004, 816461.7410000023], [833455.2860000012, 816459.8450000025], [833450.8440000005, 816440.2120000012], [833450.296000001, 816437.7930000015], [833446.5070000011, 816441.1490000021], [833442.6850000005, 816444.5330000017]]], "type": "Polygon"}, "properties": {"BaseHeight": 3.2, "BuildingBlockType": "Podium", "BuildingCSUID": "3344816450P20060312", "BuildingID": 1103117045, "BuildingNameEN": "HANG FAT BUILDING", "BuildingNameTC": "恆發大廈", "DateCreate": 1142092800000, "DateStamp": 1369238400000, "GeoRefNo": "3344816450", "OBJECTID": 214050, "Shape__Area": 180.6668965113389, "Shape__Length": 59.461758898985686, "Status": "Active", "Storeys": null, "StoreysInBasement": null, "TopHeight": 10.4}, "type": "Feature"}, {"geometry": {"coordinates": [[[833403.9020000007, 816477.4700000025], [833396.2880000006, 816484.1360000018], [833408.6120000007, 816516.7300000023], [833417.6060000006, 816513.2980000023], [833403.9020000007, 816477.4700000025]]], "type": "Polygon"}, "properties": {"BaseHeight": 3.1, "BuildingBlockType": "Podium", "BuildingCSUID": "3340616497P20060312", "BuildingID": 1103116979, "BuildingNameEN": "WING LOK MANSION", "BuildingNameTC": "永樂大廈", "DateCreate": 1142092800000, "DateStamp": 1369238400000, "GeoRefNo": "3340616497", "OBJECTID": 214054, "Shape__Area": 349.79582999645277, "Shape__Length": 92.9517799343738, "Status": "Active", "Storeys": null, "StoreysInBasement": null, "TopHeight": 6.6}, "type": "Feature"}, {"geometry": {"coordinates": [[[833200.4710000008, 816493.8480000012], [833201.8590000011, 816493.921000002], [833205.449000001, 816487.7700000014], [833208.0240000011, 816483.3110000025], [833210.4100000011, 816479.1790000014], [833213.0110000009, 816474.6770000011], [833212.0110000009, 816474.069000002], [833214.404000001, 816469.8840000015], [833213.9730000012, 816469.631000001], [833215.7600000007, 816466.506000001], [833211.1910000006, 816463.819000002], [833203.688000001, 816459.4060000014], [833203.0250000004, 816459.0170000009], [833200.103000001, 816457.2980000023], [833199.6900000004, 816457.9990000017], [833197.6560000004, 816456.8030000012], [833193.6680000005, 816463.4650000017], [833192.620000001, 816462.8600000013], [833190.006000001, 816467.3800000027], [833187.6010000007, 816471.5380000025], [833184.9820000008, 816476.0680000018], [833186.0160000008, 816476.671000002], [833183.6400000006, 816480.7660000026], [833184.057000001, 816481.0190000013], [833182.2510000011, 816484.1340000015], [833186.9160000011, 816486.8610000014], [833195.0270000007, 816491.6020000018], [833198.7080000006, 816493.7540000025], [833200.4710000008, 816493.8480000012]]], "type": "Polygon"}, "properties": {"BaseHeight": 3.6, "BuildingBlockType": "Podium", "BuildingCSUID": "3319916475P20060312", "BuildingID": 1103117002, "BuildingNameEN": null, "BuildingNameTC": null, "DateCreate": 1142092800000, "DateStamp": 1599580800000, "GeoRefNo": "3319916475", "OBJECTID": 214055, "Shape__Area": 719.4118655026194, "Shape__Length": 110.13948003281777, "Status": "Active", "Storeys": 1, "StoreysInBasement": 2, "TopHeight": 13}, "type": "Feature"}, {"geometry": {"coordinates": [[[833666.509730001, 816405.9209300019], [833682.7939500008, 816401.6324600019], [833679.4658700004, 816388.0283200014], [833663.0688900007, 816392.132340001], [833663.1995700011, 816392.6300600022], [833665.8314500004, 816403.2523100022], [833666.509730001, 816405.9209300019]]], "type": "Polygon"}, "properties": {"BaseHeight": 3.3, "BuildingBlockType": "Podium", "BuildingCSUID": "3367216397P20060312", "BuildingID": 1103117124, "BuildingNameEN": "SHUM TOWER", "BuildingNameTC": "岑氏商業大廈", "DateCreate": 1142092800000, "DateStamp": 1599580800000, "GeoRefNo": "3367216397", "OBJECTID": 214097, "Shape__Area": 238.05487231792304, "Shape__Length": 61.95903618309534, "Status": "Active", "Storeys": 2, "StoreysInBasement": null, "TopHeight": 19.7}, "type": "Feature"}, {"geometry": {"coordinates": [[[833297.6663300004, 816341.0859000012], [833300.569910001, 816344.4590000026], [833312.9461000012, 816333.8186000027], [833312.5540900007, 816333.3604900017], [833310.3875800008, 816330.8289300017], [833310.059390001, 816330.4454900026], [833297.6663300004, 816341.0859000012]]], "type": "Polygon"}, "properties": {"BaseHeight": 7.9, "BuildingBlockType": "Tower", "BuildingCSUID": "3331016332T20050430", "BuildingID": 1103122467, "BuildingNameEN": null, "BuildingNameTC": null, "DateCreate": 1114790400000, "DateStamp": 1599580800000, "GeoRefNo": "3331016332", "OBJECTID": 214104, "Shape__Area": 72.5802778325976, "Shape__Length": 41.54599458091677, "Status": "Active", "Storeys": 6, "StoreysInBasement": null, "TopHeight": 32}, "type": "Feature"}, {"geometry": {"coordinates": [[[833293.2394200005, 816320.7732400019], [833294.2111100005, 816321.9126600027], [833291.5691000009, 816324.176620001], [833292.6881800005, 816325.369690001], [833287.804800001, 816329.6294500027], [833288.7254000008, 816330.6989700012], [833301.1252500005, 816320.0056600012], [833300.7553000012, 816319.5733500011], [833298.6290800013, 816317.0888000019], [833298.1688600006, 816316.5510100015], [833293.2394200005, 816320.7732400019]]], "type": "Polygon"}, "properties": {"BaseHeight": 9.6, "BuildingBlockType": "Tower", "BuildingCSUID": "3329816318T20050430", "BuildingID": 1103122542, "BuildingNameEN": null, "BuildingNameTC": null, "DateCreate": 1114790400000, "DateStamp": 1599580800000, "GeoRefNo": "3329816318", "OBJECTID": 214105, "Shape__Area": 49.38922098344918, "Shape__Length": 41.915263733619575, "Status": "Active", "Storeys": 6, "StoreysInBasement": null, "TopHeight": 29.9}, "type": "Feature"}, {"geometry": {"coordinates": [[[833709.9821700007, 816338.9120600019], [833716.1562900012, 816337.2093400024], [833717.039520001, 816340.3376700021], [833721.2492700005, 816339.1459800024], [833719.4578100005, 816332.370000001], [833720.7869300004, 816331.9925300013], [833720.8856400009, 816331.964490002], [833729.5503100008, 816329.503750002], [833727.3270000005, 816321.0835800022], [833725.7933400013, 816315.2752800025], [833705.2574800011, 816321.1156100016], [833708.4515400007, 816333.1466700025], [833709.9821700007, 816338.9120600019]]], "type": "Polygon"}, "properties": {"BaseHeight": 3, "BuildingBlockType": "Tower", "BuildingCSUID": "3371616330T20050430", "BuildingID": 1103122497, "BuildingNameEN": "On Wing Building", "BuildingNameTC": "安榮大廈", "DateCreate": 1114790400000, "DateStamp": 1599580800000, "GeoRefNo": "3371616330", "OBJECTID": 214106, "Shape__Area": 368.74204200210573, "Shape__Length": 86.01006969625037, "Status": "Active", "Storeys": 23, "StoreysInBasement": null, "TopHeight": 75.8}, "type": "Feature"}, {"geometry": {"coordinates": [[[833496.614000001, 816418.478000002], [833487.8720000004, 816420.1850000024], [833491.7580000004, 816438.0130000021], [833494.2300000004, 816437.6110000014], [833495.1920000007, 816442.1890000012], [833496.5660000006, 816448.7310000025], [833503.0620000008, 816447.3110000025], [833502.7760000005, 816446.0370000023], [833502.0930000013, 816442.9840000011], [833496.614000001, 816418.478000002]]], "type": "Polygon"}, "properties": {"BaseHeight": 3.4, "BuildingBlockType": "Podium", "BuildingCSUID": "3349516432P20060312", "BuildingID": 1103117057, "BuildingNameEN": "CHEONG SUN TOWER", "BuildingNameTC": "昌生商業大廈", "DateCreate": 1142092800000, "DateStamp": 1599580800000, "GeoRefNo": "3349516432", "OBJECTID": 215299, "Shape__Area": 238.21967652088736, "Shape__Length": 77.21548082095772, "Status": "Active", "Storeys": 1, "StoreysInBasement": null, "TopHeight": 18.8}, "type": "Feature"}, {"geometry": {"coordinates": [[[833710.597000001, 816424.5680000018], [833709.1230000006, 816419.165000001], [833700.938000001, 816421.3350000009], [833702.4340000004, 816426.7320000026], [833706.9370000008, 816442.9790000021], [833715.0240000011, 816440.8000000026], [833710.597000001, 816424.5680000018]]], "type": "Polygon"}, "properties": {"BaseHeight": 3.9, "BuildingBlockType": "Podium", "BuildingCSUID": "3370716431P20060312", "BuildingID": 1103117067, "BuildingNameEN": "KAM SANG BUILDING", "BuildingNameTC": "錦甡大廈", "DateCreate": 1142092800000, "DateStamp": 1369238400000, "GeoRefNo": "3370716431", "OBJECTID": 215301, "Shape__Area": 188.99928002170594, "Shape__Length": 61.72848867578467, "Status": "Active", "Storeys": null, "StoreysInBasement": null, "TopHeight": 17.4}, "type": "Feature"}, {"geometry": {"coordinates": [[[833905.847000001, 816399.2800000012], [833910.9880000008, 816395.9840000011], [833911.3770000013, 816396.0250000022], [833911.6730000004, 816395.9740000013], [833911.9680000013, 816395.9200000018], [833912.262000001, 816395.8620000016], [833912.5560000008, 816395.8000000026], [833912.8480000012, 816395.7340000011], [833913.1400000006, 816395.665000001], [833913.4310000008, 816395.592000002], [833913.7210000008, 816395.5150000025], [833914.0100000007, 816395.4340000022], [833914.2980000004, 816395.3500000015], [833914.5850000009, 816395.2630000021], [833914.8710000012, 816395.171000002], [833915.1550000012, 816395.0760000013], [833915.4390000012, 816394.9770000018], [833915.7210000008, 816394.8750000019], [833916.0010000011, 816394.7690000013], [833916.2810000004, 816394.660000002], [833916.5590000004, 816394.5470000021], [833916.8350000009, 816394.4310000017], [833917.1100000013, 816394.3110000025], [833917.3840000005, 816394.1870000027], [833917.6550000012, 816394.0600000024], [833917.9250000007, 816393.9300000016], [833918.1940000011, 816393.796000002], [833918.461000001, 816393.6580000017], [833918.7260000007, 816393.5180000011], [833918.989000001, 816393.3740000017], [833919.2500000009, 816393.2260000017], [833919.5100000007, 816393.0760000013], [833919.7670000009, 816392.9220000021], [833920.023000001, 816392.7650000025], [833920.2760000005, 816392.6040000021], [833920.5270000007, 816392.4400000013], [833920.7770000007, 816392.2740000021], [833921.0240000011, 816392.1040000021], [833921.2690000013, 816391.9300000016], [833921.512000001, 816391.7540000025], [833921.7520000013, 816391.5750000011], [833921.9900000012, 816391.3920000009], [833922.2260000007, 816391.2070000023], [833922.4600000009, 816391.0180000011], [833922.6910000006, 816390.8270000014], [833922.9190000007, 816390.6330000013], [833923.1450000005, 816390.4360000025], [833923.3690000009, 816390.2350000013], [833923.5900000008, 816390.0330000017], [833923.8080000011, 816389.8270000014], [833924.0240000011, 816389.6180000026], [833924.2370000007, 816389.4070000015], [833924.4470000006, 816389.1930000018], [833924.6550000012, 816388.9770000018], [833924.8600000013, 816388.7580000013], [833925.0620000008, 816388.5360000022], [833925.2610000009, 816388.3120000027], [833925.4570000004, 816388.0850000009], [833925.6510000005, 816387.8550000023], [833925.841000001, 816387.6240000017], [833926.029000001, 816387.3890000023], [833926.2130000005, 816387.1530000027], [833926.3950000005, 816386.9140000027], [833926.5730000008, 816386.6730000023], [833926.7480000006, 816386.4290000014], [833926.921000001, 816386.1840000022], [833926.961000001, 816385.6790000014], [833932.1520000007, 816382.4080000017], [833930.9960000012, 816380.5620000027], [833925.7910000011, 816383.9110000022], [833926.9180000005, 816385.699000001], [833911.0320000006, 816395.9340000022], [833909.8420000011, 816394.1140000019], [833904.7520000013, 816397.5390000027], [833905.847000001, 816399.2800000012]]], "type": "Polygon"}, "properties": {"BaseHeight": 3.8, "BuildingBlockType": "Podium", "BuildingCSUID": "3392016391P20060312", "BuildingID": 1103117138, "BuildingNameEN": "LI PO CHUN CHAMBERS", "BuildingNameTC": "李寶椿大廈", "DateCreate": 1142092800000, "DateStamp": 1599580800000, "GeoRefNo": "3392016391", "OBJECTID": 215568, "Shape__Area": 55.777980493304376, "Shape__Length": 71.78516531236532, "Status": "Active", "Storeys": 4, "StoreysInBasement": 1, "TopHeight": 12.4}, "type": "Feature"}, {"geometry": {"coordinates": [[[833430.1890200004, 816272.1325300019], [833439.2921600007, 816264.1694400012], [833437.6998500004, 816262.3459900022], [833436.957510001, 816261.4964800011], [833435.3318300005, 816259.6361800022], [833434.6698000012, 816258.8785200026], [833433.3520600004, 816257.3705700021], [833432.7570600007, 816256.6896800026], [833431.9405900007, 816255.7591500022], [833427.0651700012, 816259.9314400014], [833428.3993300004, 816261.4825000018], [833425.3234100007, 816264.194050001], [833429.9810800012, 816269.5064900015], [833428.7987700012, 816270.5727000013], [833430.1890200004, 816272.1325300019]]], "type": "Polygon"}, "properties": {"BaseHeight": 14.6, "BuildingBlockType": "Tower", "BuildingCSUID": "3343316259T20050430", "BuildingID": 1103123030, "BuildingNameEN": null, "BuildingNameTC": null, "DateCreate": 1114790400000, "DateStamp": 1599580800000, "GeoRefNo": "3343316259", "OBJECTID": 217831, "Shape__Area": 113.0154832477599, "Shape__Length": 46.57498802432457, "Status": "Active", "Storeys": 6, "StoreysInBasement": null, "TopHeight": 39.1}, "type": "Feature"}, {"geometry": {"coordinates": [[[833288.7254000008, 816330.6989700012], [833289.225610001, 816331.2800900023], [833290.0989100011, 816330.5555500016], [833290.5821700012, 816331.1394300014], [833294.5197100006, 816327.6037700027], [833295.5880200006, 816328.8222900014], [833298.3315600008, 816326.3803700022], [833299.4020600012, 816327.7158900015], [833304.1803900013, 816323.5756900012], [833303.7518900009, 816323.0749900024], [833301.535600001, 816320.4852000009], [833301.1252500005, 816320.0056600012], [833288.7254000008, 816330.6989700012]]], "type": "Polygon"}, "properties": {"BaseHeight": 9, "BuildingBlockType": "Tower", "BuildingCSUID": "3330116322T20050430", "BuildingID": 1103122539, "BuildingNameEN": null, "BuildingNameTC": null, "DateCreate": 1114790400000, "DateStamp": 1599580800000, "GeoRefNo": "3330116322", "OBJECTID": 218284, "Shape__Area": 49.487168492406326, "Shape__Length": 42.351549394037605, "Status": "Active", "Storeys": 6, "StoreysInBasement": null, "TopHeight": 34.2}, "type": "Feature"}, {"geometry": {"coordinates": [[[833303.2420700006, 816246.7374300025], [833310.2271500006, 816255.1380200014], [833310.881740001, 816254.5984300021], [833311.9501600005, 816253.7177000027], [833313.9351600008, 816252.0814900026], [833310.6600400005, 816248.2506500017], [833307.8962700004, 816245.0179000013], [833306.1589100007, 816246.5450000018], [833305.0066100005, 816245.2155000027], [833304.0212100009, 816246.0653700009], [833303.2420700006, 816246.7374300025]]], "type": "Polygon"}, "properties": {"BaseHeight": 19.2, "BuildingBlockType": "Tower", "BuildingCSUID": "3331016253T20050430", "BuildingID": 1103123129, "BuildingNameEN": "LO'S APARTMENT", "BuildingNameTC": "耐民樓", "DateCreate": 1114790400000, "DateStamp": 1599580800000, "GeoRefNo": "3331016253", "OBJECTID": 218340, "Shape__Area": 47.869278543599755, "Shape__Length": 31.42646254144034, "Status": "Active", "Storeys": 5, "StoreysInBasement": null, "TopHeight": 37.9}, "type": "Feature"}, {"geometry": {"coordinates": [[[833284.2864700006, 816322.8559700027], [833287.0500600012, 816326.0746700019], [833293.2394200005, 816320.7732400019], [833298.1688600006, 816316.5510100015], [833297.9064500006, 816316.2444100026], [833295.8721700013, 816313.8672700021], [833295.3608100004, 816313.269770002], [833284.2864700006, 816322.8559700027]]], "type": "Polygon"}, "properties": {"BaseHeight": 10.1, "BuildingBlockType": "Tower", "BuildingCSUID": "3329516315T20050430", "BuildingID": 1103122574, "BuildingNameEN": null, "BuildingNameTC": null, "DateCreate": 1114790400000, "DateStamp": 1599580800000, "GeoRefNo": "3329516315", "OBJECTID": 218524, "Shape__Area": 62.68174985325344, "Shape__Length": 37.84809497522848, "Status": "Active", "Storeys": 6, "StoreysInBasement": null, "TopHeight": 30.6}, "type": "Feature"}, {"geometry": {"coordinates": [[[833545.4809800005, 816325.560990002], [833546.0784200011, 816325.2649500016], [833548.620910001, 816323.9576600026], [833548.9586200006, 816323.7840300016], [833540.838990001, 816310.3801900018], [833537.3638200006, 816312.3410600014], [833545.4809800005, 816325.560990002]]], "type": "Polygon"}, "properties": {"BaseHeight": 4.3, "BuildingBlockType": "Tower", "BuildingCSUID": "3354216316T20050430", "BuildingID": 1103122581, "BuildingNameEN": null, "BuildingNameTC": null, "DateCreate": 1114790400000, "DateStamp": 1599580800000, "GeoRefNo": "3354216316", "OBJECTID": 218525, "Shape__Area": 61.466130805762845, "Shape__Length": 39.08000894708548, "Status": "Active", "Storeys": 6, "StoreysInBasement": null, "TopHeight": 27.3}, "type": "Feature"}, {"geometry": {"coordinates": [[[833514.4734500004, 816321.0372300018], [833519.2479500007, 816314.7318900023], [833511.060370001, 816307.9826500025], [833506.166220001, 816314.4492900018], [833514.4734500004, 816321.0372300018]]], "type": "Polygon"}, "properties": {"BaseHeight": 4.3, "BuildingBlockType": "Tower", "BuildingCSUID": "3351416316T20050430", "BuildingID": 1103122626, "BuildingNameEN": "Wah Hei Building", "BuildingNameTC": "華熙樓", "DateCreate": 1114790400000, "DateStamp": 1599580800000, "GeoRefNo": "3351416316", "OBJECTID": 218527, "Shape__Area": 84.90597720066464, "Shape__Length": 37.23212380524577, "Status": "Active", "Storeys": 6, "StoreysInBasement": null, "TopHeight": 23.9}, "type": "Feature"}, {"geometry": {"coordinates": [[[833246.3230000008, 816382.6970000025], [833248.4370000008, 816378.9900000021], [833231.8440000005, 816367.8140000012], [833229.6765900012, 816371.5444400012], [833246.3230000008, 816382.6970000025]]], "type": "Polygon"}, "properties": {"BaseHeight": 13.9, "BuildingBlockType": "Tower", "BuildingCSUID": "3324216377T20050430", "BuildingID": 1103122173, "BuildingNameEN": null, "BuildingNameTC": null, "DateCreate": 1114790400000, "DateStamp": 1369238400000, "GeoRefNo": "3324216377", "OBJECTID": 218559, "Shape__Area": 85.70345939750001, "Shape__Length": 48.624588169505174, "Status": "Active", "Storeys": null, "StoreysInBasement": null, "TopHeight": 18.8}, "type": "Feature"}, {"geometry": {"coordinates": [[[833788.4460000005, 816341.5840000026], [833789.1410000008, 816344.6250000019], [833791.6000000006, 816354.8720000014], [833793.7290000012, 816354.3570000026], [833798.9370000008, 816353.097000001], [833801.0210000006, 816352.592000002], [833797.455000001, 816339.4480000027], [833788.4460000005, 816341.5840000026]]], "type": "Polygon"}, "properties": {"BaseHeight": 3.1, "BuildingBlockType": "Podium", "BuildingCSUID": "3379416347P20060312", "BuildingID": 1103117199, "BuildingNameEN": "LLOYDS COMMERCIAL CENTRE", "BuildingNameTC": "萊德商業中心", "DateCreate": 1142092800000, "DateStamp": 1369238400000, "GeoRefNo": "3379416347", "OBJECTID": 218765, "Shape__Area": 129.38564949325314, "Shape__Length": 46.228194582056496, "Status": "Active", "Storeys": null, "StoreysInBasement": null, "TopHeight": 17.3}, "type": "Feature"}, {"geometry": {"coordinates": [[[833417.9281000011, 816274.8948700018], [833423.0542200012, 816270.3752000015], [833421.6536200009, 816268.7684600018], [833420.9561600005, 816267.9683300015], [833420.4428100009, 816267.3794000018], [833417.9774400005, 816269.584470002], [833417.0550000006, 816268.4979700018], [833410.5292600011, 816274.0825300012], [833410.6585700009, 816274.2345900014], [833411.3236000007, 816275.0253100023], [833411.9951900011, 816275.8105100021], [833412.6660000011, 816276.5947200023], [833414.0948200012, 816278.2746600024], [833417.9281000011, 816274.8948700018]]], "type": "Polygon"}, "properties": {"BaseHeight": 14.8, "BuildingBlockType": "Tower", "BuildingCSUID": "3341416274T20050430", "BuildingID": 1103122958, "BuildingNameEN": null, "BuildingNameTC": null, "DateCreate": 1114790400000, "DateStamp": 1599580800000, "GeoRefNo": "3341416274", "OBJECTID": 218811, "Shape__Area": 59.92674517667272, "Shape__Length": 34.74414204991264, "Status": "Active", "Storeys": 6, "StoreysInBasement": 1, "TopHeight": 37.3}, "type": "Feature"}, {"geometry": {"coordinates": [[[833382.3110000007, 816381.5180000011], [833378.9940000009, 816384.6320000011], [833384.5540000005, 816390.9500000011], [833388.4590000007, 816387.3590000011], [833389.2680000011, 816386.6140000019], [833382.3110000007, 816381.5180000011]]], "type": "Polygon"}, "properties": {"BaseHeight": 4.3, "BuildingBlockType": "Podium", "BuildingCSUID": "3338316386P20060312", "BuildingID": 1103117155, "BuildingNameEN": "CHAO'S BUILDING", "BuildingNameTC": "趙氏大廈", "DateCreate": 1142092800000, "DateStamp": 1599580800000, "GeoRefNo": "3338316386", "OBJECTID": 218970, "Shape__Area": 46.23142399833083, "Shape__Length": 27.994413985723423, "Status": "Active", "Storeys": 1, "StoreysInBasement": null, "TopHeight": 19.7}, "type": "Feature"}, {"geometry": {"coordinates": [[[833684.9420000007, 816358.3270000014], [833693.6350000007, 816355.8090000022], [833692.4960000012, 816351.6380000021], [833685.7750000004, 816327.0080000013], [833677.1840000004, 816329.4620000012], [833683.8170000007, 816354.1440000013], [833684.9420000007, 816358.3270000014]]], "type": "Polygon"}, "properties": {"BaseHeight": 2.8, "BuildingBlockType": "Podium", "BuildingCSUID": "3368516342P20060312", "BuildingID": 1103117189, "BuildingNameEN": "HILLIER COMMERCIAL BUILDING", "BuildingNameTC": "喜利商業大廈", "DateCreate": 1142092800000, "DateStamp": 1369238400000, "GeoRefNo": "3368516342", "OBJECTID": 218971, "Shape__Area": 268.5885260084943, "Shape__Length": 77.7285954488101, "Status": "Active", "Storeys": null, "StoreysInBasement": null, "TopHeight": 19.7}, "type": "Feature"}, {"geometry": {"coordinates": [[[833605.9670000011, 816332.1100000013], [833594.091000001, 816314.3690000027], [833589.7020000005, 816317.1520000026], [833586.0620000008, 816319.4600000009], [833599.2530000005, 816339.5280000027], [833607.7700000005, 816337.1780000012], [833608.2480000006, 816335.5170000009], [833605.9670000011, 816332.1100000013]]], "type": "Polygon"}, "properties": {"BaseHeight": 3.1, "BuildingBlockType": "Podium", "BuildingCSUID": "3359716327P20060312", "BuildingID": 1103117217, "BuildingNameEN": "KAMCOURT BUILDING", "BuildingNameTC": "金閣大廈", "DateCreate": 1142092800000, "DateStamp": 1599580800000, "GeoRefNo": "3359716327", "OBJECTID": 218982, "Shape__Area": 244.15439000319282, "Shape__Length": 69.53495308331152, "Status": "Active", "Storeys": 2, "StoreysInBasement": null, "TopHeight": 12.2}, "type": "Feature"}, {"geometry": {"coordinates": [[[833791.6000000006, 816354.8720000014], [833789.1410000008, 816344.6250000019], [833788.4460000005, 816341.5840000026], [833774.9070000006, 816344.7930000015], [833778.4100000011, 816358.063000001], [833783.3480000012, 816356.8680000026], [833791.6000000006, 816354.8720000014]]], "type": "Polygon"}, "properties": {"BaseHeight": 3.1, "BuildingBlockType": "Podium", "BuildingCSUID": "3378316349P20060312", "BuildingID": 1103117192, "BuildingNameEN": "WING SING COMMERCIAL CENTRE", "BuildingNameTC": "永昇商業中心", "DateCreate": 1142092800000, "DateStamp": 1599580800000, "GeoRefNo": "3378316349", "OBJECTID": 218984, "Shape__Area": 187.93787249544363, "Shape__Length": 54.86650284653251, "Status": "Active", "Storeys": 5, "StoreysInBasement": null, "TopHeight": 16.9}, "type": "Feature"}, {"geometry": {"coordinates": [[[833706.9350100011, 816298.3600800019], [833699.343940001, 816297.1444700025], [833698.9789200006, 816299.4238800015], [833699.8107600007, 816299.5528600011], [833704.7910300009, 816300.3250900023], [833706.5264700009, 816300.594180001], [833706.9350100011, 816298.3600800019]]], "type": "Polygon"}, "properties": {"BaseHeight": 2.9, "BuildingBlockType": "Podium", "BuildingCSUID": "3370116299P20070515", "BuildingID": 1103117278, "BuildingNameEN": null, "BuildingNameTC": null, "DateCreate": 1179158400000, "DateStamp": 1369238400000, "GeoRefNo": "3370116299", "OBJECTID": 218995, "Shape__Area": 17.543488632034343, "Shape__Length": 19.905127081891568, "Status": "Active", "Storeys": null, "StoreysInBasement": null, "TopHeight": 9.6}, "type": "Feature"}, {"geometry": {"coordinates": [[[833306.4954900006, 816258.2140300013], [833310.2271500006, 816255.1380200014], [833303.2420700006, 816246.7374300025], [833303.0226000007, 816246.9267400019], [833302.0238800012, 816247.7881000023], [833301.0659000007, 816248.6143500023], [833302.2076500012, 816250.018240001], [833300.700840001, 816251.3427100014], [833302.518170001, 816253.4976600017], [833306.4954900006, 816258.2140300013]]], "type": "Polygon"}, "properties": {"BaseHeight": 16.7, "BuildingBlockType": "Tower", "BuildingCSUID": "3330616255T20050430", "BuildingID": 1103123100, "BuildingNameEN": "LO'S APARTMENT", "BuildingNameTC": "耐民樓", "DateCreate": 1114790400000, "DateStamp": 1599580800000, "GeoRefNo": "3330616255", "OBJECTID": 219004, "Shape__Area": 49.303099100951606, "Shape__Length": 31.439265415378514, "Status": "Active", "Storeys": 5, "StoreysInBasement": null, "TopHeight": 37.9}, "type": "Feature"}, {"geometry": {"coordinates": [[[833441.5636600005, 816255.0103600025], [833449.5467200009, 816248.0575200021], [833449.2250900008, 816247.7023500018], [833448.524100001, 816246.8966400027], [833447.3010800006, 816245.5089300014], [833445.7910700012, 816246.8869200014], [833444.2964700004, 816245.307980001], [833438.0507200006, 816250.919470001], [833438.6140700011, 816251.5755400024], [833439.2031900007, 816252.2615800016], [833440.5078900009, 816253.7809100021], [833441.1634600004, 816254.5442800019], [833441.5636600005, 816255.0103600025]]], "type": "Polygon"}, "properties": {"BaseHeight": 16.3, "BuildingBlockType": "Tower", "BuildingCSUID": "3344116251T20050430", "BuildingID": 1103123132, "BuildingNameEN": null, "BuildingNameTC": null, "DateCreate": 1114790400000, "DateStamp": 1369238400000, "GeoRefNo": "3344116251", "OBJECTID": 219216, "Shape__Area": 53.235251273446394, "Shape__Length": 31.990175471460294, "Status": "Active", "Storeys": null, "StoreysInBasement": null, "TopHeight": 34.7}, "type": "Feature"}, {"geometry": {"coordinates": [[[833713.0440000007, 816350.4450000022], [833710.6280000005, 816341.3460000027], [833709.9820000008, 816338.9120000023], [833705.2570000011, 816321.1160000023], [833697.1530000009, 816323.421000002], [833698.4760000007, 816328.3670000024], [833704.3580000009, 816350.3610000014], [833704.9750000006, 816352.665000001], [833713.0440000007, 816350.4450000022]]], "type": "Polygon"}, "properties": {"BaseHeight": 2.8, "BuildingBlockType": "Podium", "BuildingCSUID": "3370516336P20060312", "BuildingID": 1103117203, "BuildingNameEN": "TEDA BUILDING", "BuildingNameTC": "泰達大廈", "DateCreate": 1142092800000, "DateStamp": 1599580800000, "GeoRefNo": "3370516336", "OBJECTID": 219860, "Shape__Area": 254.49068999138004, "Shape__Length": 77.41141100715278, "Status": "Active", "Storeys": 2, "StoreysInBasement": null, "TopHeight": 14.2}, "type": "Feature"}, {"geometry": {"coordinates": [[[833541.1735300012, 816288.3471400011], [833529.1893600011, 816277.1477900017], [833525.8620500006, 816280.7587200012], [833518.6844600011, 816274.3123400025], [833509.188980001, 816287.7756400015], [833518.0683200005, 816295.7726500016], [833527.6291900007, 816304.3834500015], [833536.0105300006, 816294.1620200016], [833536.6017900007, 816293.3352200016], [833537.1576000005, 816292.6407000013], [833537.7476000013, 816291.9750200026], [833538.4233000008, 816291.2887700014], [833539.2107100012, 816290.424180001], [833541.1735300012, 816288.3471400011]]], "type": "Polygon"}, "properties": {"BaseHeight": 4, "BuildingBlockType": "Tower", "BuildingCSUID": "3351316285T20050430", "BuildingID": 1103122740, "BuildingNameEN": "Lee Fung Building", "BuildingNameTC": "利豐大廈", "DateCreate": 1114790400000, "DateStamp": 1599580800000, "GeoRefNo": "3351316285", "OBJECTID": 222566, "Shape__Area": 493.8141479684501, "Shape__Length": 93.25585494789547, "Status": "Active", "Storeys": 20, "StoreysInBasement": null, "TopHeight": 80}, "type": "Feature"}, {"geometry": {"coordinates": [[[833343.1725000013, 816304.4907400012], [833339.3856000006, 816307.8928500023], [833339.041410001, 816308.201460002], [833340.7813500008, 816310.1769600026], [833342.0981800007, 816309.0260900017], [833343.476090001, 816310.562690001], [833352.7568400009, 816302.3974900022], [833350.1242300011, 816299.389580002], [833349.6174400011, 816298.8105200026], [833349.5635800008, 816298.7490300015], [833343.1725000013, 816304.4907400012]]], "type": "Polygon"}, "properties": {"BaseHeight": 12.9, "BuildingBlockType": "Tower", "BuildingCSUID": "3335016301T20050430", "BuildingID": 1103122697, "BuildingNameEN": null, "BuildingNameTC": null, "DateCreate": 1114790400000, "DateStamp": 1599580800000, "GeoRefNo": "3335016301", "OBJECTID": 222567, "Shape__Area": 63.86733781782462, "Shape__Length": 37.79956087801897, "Status": "Active", "Storeys": 6, "StoreysInBasement": null, "TopHeight": 37.3}, "type": "Feature"}, {"geometry": {"coordinates": [[[833281.2751100007, 816319.3485600017], [833284.2864700006, 816322.8559700027], [833295.3608100004, 816313.269770002], [833295.1400700007, 816313.0117700025], [833292.8101000013, 816310.2892400026], [833292.3919400005, 816309.8006100021], [833289.8030900005, 816312.0241000019], [833281.2751100007, 816319.3485600017]]], "type": "Polygon"}, "properties": {"BaseHeight": 10.9, "BuildingBlockType": "Tower", "BuildingCSUID": "3329216312T20050430", "BuildingID": 1103122608, "BuildingNameEN": null, "BuildingNameTC": null, "DateCreate": 1114790400000, "DateStamp": 1599580800000, "GeoRefNo": "3329216312", "OBJECTID": 222800, "Shape__Area": 67.31131519321826, "Shape__Length": 38.49020480799601, "Status": "Active", "Storeys": 6, "StoreysInBasement": null, "TopHeight": 30.6}, "type": "Feature"}, {"geometry": {"coordinates": [[[833512.1148700006, 816324.2090700027], [833514.4734500004, 816321.0372300018], [833506.166220001, 816314.4492900018], [833503.5298700007, 816317.9327600021], [833505.1461300012, 816319.1143400017], [833512.1148700006, 816324.2090700027]]], "type": "Polygon"}, "properties": {"BaseHeight": 4.6, "BuildingBlockType": "Tower", "BuildingCSUID": "3351116322T20050430", "BuildingID": 1103122593, "BuildingNameEN": null, "BuildingNameTC": null, "DateCreate": 1114790400000, "DateStamp": 1599580800000, "GeoRefNo": "3351116322", "OBJECTID": 222804, "Shape__Area": 44.169621624526066, "Shape__Length": 29.55826719874507, "Status": "Active", "Storeys": 6, "StoreysInBasement": null, "TopHeight": 24.6}, "type": "Feature"}, {"geometry": {"coordinates": [[[833548.9586200006, 816323.7840300016], [833549.4785000011, 816323.5167500023], [833549.7135900008, 816323.364860002], [833552.5339100007, 816321.5426400024], [833552.0280400012, 816320.652300002], [833555.4355400009, 816318.1388400011], [833554.4546400011, 816316.4701700024], [833546.5084100012, 816303.9084900022], [833545.7334400006, 816302.6685400009], [833540.3832400013, 816309.6278500017], [833540.838990001, 816310.3801900018], [833548.9586200006, 816323.7840300016]]], "type": "Polygon"}, "properties": {"BaseHeight": 4.2, "BuildingBlockType": "Tower", "BuildingCSUID": "3354616312T20050430", "BuildingID": 1103122596, "BuildingNameEN": null, "BuildingNameTC": null, "DateCreate": 1114790400000, "DateStamp": 1599580800000, "GeoRefNo": "3354616312", "OBJECTID": 223026, "Shape__Area": 146.42707432421398, "Shape__Length": 53.07144396207046, "Status": "Active", "Storeys": 6, "StoreysInBasement": null, "TopHeight": 14.7}, "type": "Feature"}, {"geometry": {"coordinates": [[[833221.506620001, 816329.4247700013], [833230.033400001, 816322.300160002], [833223.8006000007, 816314.6418400016], [833210.7657200005, 816298.6257100012], [833202.2136300011, 816305.762120001], [833209.136450001, 816314.2726300023], [833211.2035800004, 816312.5155000016], [833214.8474700004, 816316.9696500022], [833212.7704700008, 816318.7239200026], [833221.506620001, 816329.4247700013]]], "type": "Polygon"}, "properties": {"BaseHeight": 14.8, "BuildingBlockType": "Tower", "BuildingCSUID": "3320616305T20050430", "BuildingID": 1103122552, "BuildingNameEN": "St. Matthew's Church", "BuildingNameTC": "聖馬太堂", "DateCreate": 1114790400000, "DateStamp": 1599580800000, "GeoRefNo": "3320616305", "OBJECTID": 223028, "Shape__Area": 324.16987673978355, "Shape__Length": 88.745373653347, "Status": "Active", "Storeys": 6, "StoreysInBasement": null, "TopHeight": 34.1}, "type": "Feature"}, {"geometry": {"coordinates": [[[833508.5618700013, 816328.9871000014], [833512.1148700006, 816324.2090700027], [833505.1461300012, 816319.1143400017], [833503.4688400012, 816321.5058900025], [833501.7150200009, 816320.3307600021], [833499.9630400008, 816322.6457000021], [833508.5618700013, 816328.9871000014]]], "type": "Polygon"}, "properties": {"BaseHeight": 4.6, "BuildingBlockType": "Tower", "BuildingCSUID": "3350816326T20050430", "BuildingID": 1103122554, "BuildingNameEN": null, "BuildingNameTC": null, "DateCreate": 1114790400000, "DateStamp": 1599580800000, "GeoRefNo": "3350816326", "OBJECTID": 223032, "Shape__Area": 57.13916197509896, "Shape__Length": 33.206382226947674, "Status": "Active", "Storeys": 6, "StoreysInBasement": null, "TopHeight": 24.6}, "type": "Feature"}, {"geometry": {"coordinates": [[[833345.7619600007, 816315.283090001], [833346.8323500007, 816316.490960002], [833348.5178400008, 816314.9818200022], [833350.5186100006, 816317.3294700012], [833359.2381000007, 816309.8025200013], [833359.175950001, 816309.7314700019], [833356.0596700013, 816306.1710500009], [833345.7619600007, 816315.283090001]]], "type": "Polygon"}, "properties": {"BaseHeight": 13.5, "BuildingBlockType": "Tower", "BuildingCSUID": "3335616308T20050430", "BuildingID": 1103122654, "BuildingNameEN": null, "BuildingNameTC": null, "DateCreate": 1114790400000, "DateStamp": 1599580800000, "GeoRefNo": "3335616308", "OBJECTID": 223033, "Shape__Area": 58.29150100155872, "Shape__Length": 37.05604707198817, "Status": "Active", "Storeys": 6, "StoreysInBasement": null, "TopHeight": 37.2}, "type": "Feature"}, {"geometry": {"coordinates": [[[833223.3186500007, 816301.7860100027], [833220.1534100007, 816304.4010500014], [833221.7657500012, 816306.3803900015], [833220.1271700012, 816307.7394800019], [833221.7873600004, 816309.7404200025], [833234.706530001, 816299.0212900024], [833231.4512000009, 816295.0350400023], [833223.3186500007, 816301.7860100027]]], "type": "Polygon"}, "properties": {"BaseHeight": 15.5, "BuildingBlockType": "Tower", "BuildingCSUID": "3323116298T20050430", "BuildingID": 1103122703, "BuildingNameEN": null, "BuildingNameTC": null, "DateCreate": 1114790400000, "DateStamp": 1599580800000, "GeoRefNo": "3323116298", "OBJECTID": 223036, "Shape__Area": 81.03941691704756, "Shape__Length": 43.89064884842066, "Status": "Active", "Storeys": 6, "StoreysInBasement": null, "TopHeight": 37}, "type": "Feature"}, {"geometry": {"coordinates": [[[833343.476090001, 816310.562690001], [833345.0519500012, 816312.3200500011], [833343.6980300006, 816313.4809500016], [833345.4903100012, 816315.523500001], [833345.7619600007, 816315.283090001], [833356.0596700013, 816306.1710500009], [833353.7115900004, 816303.4883200023], [833353.1762100011, 816302.8765800018], [833352.7568400009, 816302.3974900022], [833343.476090001, 816310.562690001]]], "type": "Polygon"}, "properties": {"BaseHeight": 13.3, "BuildingBlockType": "Tower", "BuildingCSUID": "3335316305T20050430", "BuildingID": 1103122665, "BuildingNameEN": null, "BuildingNameTC": null, "DateCreate": 1114790400000, "DateStamp": 1599580800000, "GeoRefNo": "3335316305", "OBJECTID": 223037, "Shape__Area": 66.9140658086795, "Shape__Length": 38.350582433147515, "Status": "Active", "Storeys": 6, "StoreysInBasement": null, "TopHeight": 37.3}, "type": "Feature"}, {"geometry": {"coordinates": [[[833339.0055500008, 816301.8650500011], [833340.5543900011, 816303.6823900025], [833341.6058600005, 816302.6967700012], [833343.1725000013, 816304.4907400012], [833349.5635800008, 816298.7490300015], [833347.0037600007, 816295.8243500013], [833346.5057500005, 816295.2553400025], [833346.4593100008, 816295.2022900023], [833339.0055500008, 816301.8650500011]]], "type": "Polygon"}, "properties": {"BaseHeight": 13.5, "BuildingBlockType": "Tower", "BuildingCSUID": "3334716298T20050430", "BuildingID": 1103122739, "BuildingNameEN": null, "BuildingNameTC": null, "DateCreate": 1114790400000, "DateStamp": 1599580800000, "GeoRefNo": "3334716298", "OBJECTID": 223038, "Shape__Area": 43.950763853099794, "Shape__Length": 29.51311435403712, "Status": "Active", "Storeys": 4, "StoreysInBasement": null, "TopHeight": 29}, "type": "Feature"}, {"geometry": {"coordinates": [[[833256.6860000007, 816299.8640000019], [833253.7800000012, 816296.2980000023], [833251.1890000012, 816293.120000001], [833249.8620000007, 816291.4920000024], [833241.2980000004, 816280.9850000013], [833236.8140000012, 816284.7700000014], [833236.5940000005, 816286.751000002], [833248.6740000006, 816301.3970000017], [833248.6760000009, 816301.4000000022], [833249.8790000007, 816302.8590000011], [833253.1270000013, 816302.8510000017], [833256.6860000007, 816299.8640000019]]], "type": "Polygon"}, "properties": {"BaseHeight": 15.1, "BuildingBlockType": "Podium", "BuildingCSUID": "3324616292P20060312", "BuildingID": 1103117277, "BuildingNameEN": "OVOLO", "BuildingNameTC": "OVOLO", "DateCreate": 1142092800000, "DateStamp": 1369238400000, "GeoRefNo": "3324616292", "OBJECTID": 223245, "Shape__Area": 172.34188700416973, "Shape__Length": 60.99095914791937, "Status": "Active", "Storeys": null, "StoreysInBasement": null, "TopHeight": 20.3}, "type": "Feature"}, {"geometry": {"coordinates": [[[833375.4017000012, 816286.555850001], [833379.9028800009, 816291.6919900011], [833377.5970100006, 816293.6822600011], [833373.0884300005, 816288.540190002], [833369.5481600007, 816291.577080002], [833370.0090100011, 816292.1062700022], [833374.0490300013, 816296.7447100021], [833369.3313100012, 816300.8162700012], [833368.7136400007, 816301.3496300019], [833368.0437500011, 816301.9281800017], [833371.3755300008, 816305.7831400018], [833375.304870001, 816302.4030600023], [833376.6655700011, 816303.9496300016], [833372.7146300012, 816307.3324900027], [833372.990290001, 816307.6514200009], [833373.422770001, 816308.1518900022], [833373.9666800005, 816308.7812100016], [833376.366870001, 816311.558290001], [833382.3668600004, 816306.2945800014], [833386.7373700012, 816311.3124600016], [833390.3217100007, 816308.194670001], [833385.921430001, 816303.1762000024], [833388.2087800009, 816301.1695800014], [833392.6163000008, 816306.1988200024], [833395.7769600004, 816303.4495600015], [833396.1386800008, 816303.1349400021], [833391.7450100007, 816298.0672600027], [833398.031630001, 816292.5521000009], [833394.6142700007, 816288.5817500018], [833390.6877200007, 816291.9437800013], [833389.3312500007, 816290.3375100009], [833393.2351300009, 816286.9793500025], [833389.8794500008, 816283.0806900021], [833388.0146200005, 816284.6869600024], [833385.8265700005, 816286.5716200024], [833385.1742600007, 816287.1367400009], [833384.4533200013, 816287.761330001], [833383.5148500009, 816288.5743200015], [833379.5175500009, 816283.9638300017], [833379.0509300008, 816283.4255400021], [833375.4017000012, 816286.555850001]]], "type": "Polygon"}, "properties": {"BaseHeight": 13.8, "BuildingBlockType": "Tower", "BuildingCSUID": "3338516292T20050430", "BuildingID": 1103122688, "BuildingNameEN": "Lascar Court", "BuildingNameTC": "麗雅苑", "DateCreate": 1114790400000, "DateStamp": 1599580800000, "GeoRefNo": "3338516292", "OBJECTID": 223258, "Shape__Area": 469.779928374004, "Shape__Length": 157.65242253270225, "Status": "Active", "Storeys": 28, "StoreysInBasement": null, "TopHeight": 95.8}, "type": "Feature"}, {"geometry": {"coordinates": [[[833529.496340001, 816352.7572700027], [833538.9605400013, 816366.6192000024], [833542.3347700005, 816364.5685600024], [833537.5020500012, 816357.4397100024], [833532.6291400008, 816350.2515700012], [833529.496340001, 816352.7572700027]]], "type": "Polygon"}, "properties": {"BaseHeight": 3.7, "BuildingBlockType": "Tower", "BuildingCSUID": "3353816364T20050430", "BuildingID": 1103122280, "BuildingNameEN": null, "BuildingNameTC": null, "DateCreate": 1114790400000, "DateStamp": 1599580800000, "GeoRefNo": "3353816364", "OBJECTID": 223926, "Shape__Area": 67.67632351653472, "Shape__Length": 42.04142209362251, "Status": "Active", "Storeys": 6, "StoreysInBasement": null, "TopHeight": 24.1}, "type": "Feature"}, {"geometry": {"coordinates": [[[833256.6860000007, 816299.8640000019], [833276.5530000012, 816283.1760000009], [833261.228000001, 816264.165000001], [833256.3350000009, 816268.2940000016], [833252.5130000012, 816271.5190000013], [833249.9140000008, 816273.7130000014], [833247.1630000006, 816276.035000002], [833246.398000001, 816276.6810000017], [833245.9400000004, 816277.0680000018], [833245.3280000007, 816277.5840000026], [833241.2980000004, 816280.9850000013], [833249.8620000007, 816291.4920000024], [833251.1890000012, 816293.120000001], [833253.7800000012, 816296.2980000023], [833256.6860000007, 816299.8640000019]]], "type": "Polygon"}, "properties": {"BaseHeight": 14.4, "BuildingBlockType": "Podium", "BuildingCSUID": "3325816282P20060312", "BuildingID": 1103117283, "BuildingNameEN": "TAI PING MANSION", "BuildingNameTC": "太平大廈", "DateCreate": 1142092800000, "DateStamp": 1599580800000, "GeoRefNo": "3325816282", "OBJECTID": 227780, "Shape__Area": 634.2650260201796, "Shape__Length": 100.79946920963347, "Status": "Active", "Storeys": 2, "StoreysInBasement": null, "TopHeight": 21}, "type": "Feature"}, {"geometry": {"coordinates": [[[833563.6490000011, 816246.6000000015], [833569.7760000005, 816255.4590000026], [833573.0750000011, 816260.228000002], [833582.2640000004, 816254.194000002], [833572.9500000011, 816240.1750000026], [833563.6490000011, 816246.6000000015]]], "type": "Polygon"}, "properties": {"BaseHeight": 3.6, "BuildingBlockType": "Podium", "BuildingCSUID": "3357216250P20060312", "BuildingID": 1103117318, "BuildingNameEN": "KONG LING BUILDING", "BuildingNameTC": "江寧大廈", "DateCreate": 1142092800000, "DateStamp": 1413388800000, "GeoRefNo": "3357216250", "OBJECTID": 227781, "Shape__Area": 186.17176149475017, "Shape__Length": 55.69864913609963, "Status": "Active", "Storeys": null, "StoreysInBasement": null, "TopHeight": 19.1}, "type": "Feature"}, {"geometry": {"coordinates": [[[833536.4360000007, 816441.1280000024], [833532.1380000012, 816421.8510000017], [833530.0200000005, 816412.3500000015], [833529.1260000011, 816411.824000001], [833519.307000001, 816413.9650000017], [833516.8680000007, 816414.4960000012], [833510.5950000007, 816415.8640000019], [833505.4580000006, 816416.9840000011], [833506.5450000009, 816422.0700000022], [833507.7250000006, 816427.5890000015], [833508.3590000011, 816430.5560000017], [833510.3840000005, 816440.0260000024], [833511.7520000013, 816446.4230000023], [833536.4360000007, 816441.1280000024]]], "type": "Polygon"}, "properties": {"BaseHeight": 3.5, "BuildingBlockType": "Podium", "BuildingCSUID": "3352016429P20060312", "BuildingID": 1103117061, "BuildingNameEN": "WEST EXCHANGE TOWER", "BuildingNameTC": "WEST EXCHANGE TOWER", "DateCreate": 1142092800000, "DateStamp": 1599580800000, "GeoRefNo": "3352016429", "OBJECTID": 227971, "Shape__Area": 756.8264360261911, "Shape__Length": 110.09559401839614, "Status": "Active", "Storeys": 3, "StoreysInBasement": 1, "TopHeight": 21.1}, "type": "Feature"}, {"geometry": {"coordinates": [[[833654.0159400012, 816392.1683500018], [833670.8340800004, 816387.6393100023], [833667.3437800007, 816374.5189400017], [833650.856780001, 816379.2399400026], [833650.7360800011, 816379.2417700011], [833642.4128600005, 816381.7162500024], [833629.5869400008, 816385.380640002], [833632.9199200012, 816398.0356300026], [833645.7509900006, 816394.4999600016], [833654.0159400012, 816392.1683500018]]], "type": "Polygon"}, "properties": {"BaseHeight": 2.9, "BuildingBlockType": "Podium", "BuildingCSUID": "3364916387P20060312", "BuildingID": 1103117141, "BuildingNameEN": null, "BuildingNameTC": null, "DateCreate": 1142092800000, "DateStamp": 1413388800000, "GeoRefNo": "3364916387", "OBJECTID": 228181, "Shape__Area": 522.8011742471748, "Shape__Length": 105.27004311284027, "Status": "Active", "Storeys": null, "StoreysInBasement": null, "TopHeight": 11.3}, "type": "Feature"}, {"geometry": {"coordinates": [[[833288.6460000006, 816423.9090000018], [833290.6090000011, 816422.2050000019], [833281.5960000008, 816412.035000002], [833279.8020000011, 816413.574000001], [833285.2540000007, 816419.9460000023], [833288.6460000006, 816423.9090000018]]], "type": "Polygon"}, "properties": {"BaseHeight": 5.1, "BuildingBlockType": "Podium", "BuildingCSUID": "3328516418P20060312", "BuildingID": 1103117099, "BuildingNameEN": "MEDAL COURT", "BuildingNameTC": "美意居", "DateCreate": 1142092800000, "DateStamp": 1599580800000, "GeoRefNo": "3328516418", "OBJECTID": 228183, "Shape__Area": 33.740658001056225, "Shape__Length": 32.1546940711689, "Status": "Active", "Storeys": 3, "StoreysInBasement": null, "TopHeight": 10.8}, "type": "Feature"}, {"geometry": {"coordinates": [[[833440.3170000007, 816369.0760000013], [833432.561280001, 816349.1573100016], [833425.4787400011, 816351.8540800009], [833429.1259900006, 816361.3033200018], [833429.4558000006, 816362.1584100015], [833429.8526400011, 816363.1870400012], [833430.6526500005, 816365.2597900014], [833427.7773200013, 816366.3564300016], [833432.6523400005, 816379.753560001], [833432.3360400004, 816379.8749800026], [833435.5942300009, 816388.2567100022], [833436.3620700007, 816390.283350002], [833437.0742900008, 816392.1154200025], [833438.8345600013, 816396.7430000026], [833453.2020000005, 816402.1520000026], [833447.409260001, 816387.281940002], [833440.3170000007, 816369.0760000013]]], "type": "Polygon"}, "properties": {"BaseHeight": 3.3, "BuildingBlockType": "Podium", "BuildingCSUID": "3343816380P20060312", "BuildingID": 1103117133, "BuildingNameEN": "NAN DAO COMMERCIAL BUILDING", "BuildingNameTC": "南島商業大廈", "DateCreate": 1142092800000, "DateStamp": 1599580800000, "GeoRefNo": "3343816380", "OBJECTID": 228187, "Shape__Area": 527.7371388730031, "Shape__Length": 129.9217907247975, "Status": "Active", "Storeys": 4, "StoreysInBasement": 1, "TopHeight": 20.9}, "type": "Feature"}, {"geometry": {"coordinates": [[[833544.4770000009, 816395.5610000025], [833544.4930000007, 816395.5670000017], [833552.5720000006, 816393.944000002], [833563.4110000012, 816392.1280000024], [833563.8170000007, 816392.1450000014], [833561.2890000008, 816381.3850000016], [833559.2800000012, 816381.7550000027], [833556.2780000009, 816382.4010000024], [833554.1040000012, 816371.171000002], [833538.0320000006, 816380.9200000018], [833536.4750000006, 816385.5640000012], [833542.2270000009, 816394.6190000027], [833544.4770000009, 816395.5610000025]]], "type": "Polygon"}, "properties": {"BaseHeight": 3.2, "BuildingBlockType": "Podium", "BuildingCSUID": "3354916385P20060312", "BuildingID": 1103117148, "BuildingNameEN": "HARMONY COURT", "BuildingNameTC": "萬和閣", "DateCreate": 1142092800000, "DateStamp": 1599580800000, "GeoRefNo": "3354916385", "OBJECTID": 228404, "Shape__Area": 396.6840995063544, "Shape__Length": 84.12133839122963, "Status": "Active", "Storeys": 1, "StoreysInBasement": null, "TopHeight": 9.1}, "type": "Feature"}, {"geometry": {"coordinates": [[[833271.8140000012, 816420.4220000021], [833271.7100000009, 816420.3000000026], [833263.8600000013, 816427.0300000012], [833267.4500000011, 816430.1700000018], [833267.7770000007, 816429.8890000023], [833268.2480000006, 816430.1570000015], [833268.3350000009, 816430.2060000021], [833268.4230000004, 816430.2550000027], [833268.5110000009, 816430.3020000011], [833268.5990000004, 816430.3490000013], [833268.688000001, 816430.3950000014], [833268.7770000007, 816430.4410000015], [833268.8660000004, 816430.4850000013], [833268.9560000012, 816430.529000001], [833269.046000001, 816430.5730000027], [833269.137000001, 816430.6160000023], [833269.2270000009, 816430.6580000017], [833269.3180000009, 816430.699000001], [833269.4100000011, 816430.7400000021], [833269.5020000013, 816430.7800000012], [833269.5940000005, 816430.819000002], [833269.6860000007, 816430.8570000026], [833269.7780000009, 816430.8950000014], [833269.8710000012, 816430.9320000019], [833269.9640000006, 816430.9690000024], [833270.0580000011, 816431.0040000025], [833270.1520000007, 816431.0390000027], [833270.245000001, 816431.0730000027], [833270.3400000008, 816431.1070000026], [833270.4340000004, 816431.1400000025], [833270.529000001, 816431.1720000021], [833270.6240000008, 816431.2030000016], [833270.7190000005, 816431.2340000011], [833270.8150000004, 816431.2630000021], [833270.9100000011, 816431.2930000015], [833271.006000001, 816431.3210000023], [833271.1020000009, 816431.3490000013], [833271.1980000008, 816431.376000002], [833271.2950000009, 816431.4020000026], [833271.3920000009, 816431.4270000011], [833271.489000001, 816431.4520000014], [833271.586000001, 816431.4760000017], [833271.6830000011, 816431.4990000017], [833271.7800000012, 816431.5220000017], [833271.8780000005, 816431.5430000015], [833271.9760000007, 816431.5640000012], [833272.074000001, 816431.5840000026], [833272.1720000012, 816431.6040000021], [833272.2700000005, 816431.6230000015], [833272.3680000007, 816431.6400000025], [833272.4670000011, 816431.6580000017], [833272.5660000006, 816431.6740000024], [833272.6640000008, 816431.6900000013], [833272.7630000012, 816431.7050000019], [833272.8620000007, 816431.7190000024], [833272.961000001, 816431.7320000026], [833273.0610000007, 816431.745000001], [833273.1600000011, 816431.7570000011], [833273.2590000005, 816431.7680000011], [833273.3590000011, 816431.7780000027], [833273.4580000006, 816431.7880000025], [833273.5580000011, 816431.7970000021], [833273.6570000006, 816431.8050000016], [833273.7570000011, 816431.8120000027], [833273.8570000008, 816431.8180000018], [833273.9570000004, 816431.824000001], [833274.057000001, 816431.8290000018], [833274.1570000006, 816431.8330000024], [833274.2570000011, 816431.8370000012], [833274.3570000008, 816431.8400000017], [833274.4560000012, 816431.842000002], [833274.5560000008, 816431.8430000022], [833274.6560000004, 816431.8430000022], [833274.756000001, 816431.8430000022], [833274.8560000006, 816431.842000002], [833274.9560000012, 816431.8400000017], [833275.0560000008, 816431.8370000012], [833275.1560000004, 816431.8330000024], [833275.256000001, 816431.8290000018], [833275.3560000006, 816431.824000001], [833275.4560000012, 816431.819000002], [833275.5560000008, 816431.8120000027], [833275.6560000004, 816431.8050000016], [833275.7550000008, 816431.7970000021], [833275.8550000004, 816431.7880000025], [833275.9540000008, 816431.7780000027], [833276.0540000005, 816431.7680000011], [833276.1530000009, 816431.7570000011], [833276.2520000013, 816431.745000001], [833276.3520000009, 816431.7320000026], [833276.4510000013, 816431.7190000024], [833276.5500000007, 816431.7050000019], [833276.6490000011, 816431.6900000013], [833276.7470000004, 816431.6740000024], [833276.8460000008, 816431.6580000017], [833276.9440000011, 816431.6400000025], [833277.0430000005, 816431.6220000014], [833277.1410000008, 816431.6020000018], [833277.239000001, 816431.5820000023], [833277.336000001, 816431.5600000024], [833277.4340000004, 816431.5380000025], [833277.5310000004, 816431.5150000025], [833277.6280000005, 816431.4900000021], [833277.7250000006, 816431.4650000017], [833277.8210000005, 816431.4390000012], [833277.9180000005, 816431.4120000023], [833278.0140000004, 816431.3840000015], [833278.1090000011, 816431.3550000023], [833278.205000001, 816431.3250000011], [833278.3000000007, 816431.2940000016], [833278.3950000005, 816431.262000002], [833278.489000001, 816431.2300000023], [833278.5830000006, 816431.1960000023], [833278.6770000011, 816431.1620000023], [833278.7710000006, 816431.126000002], [833278.864000001, 816431.0900000017], [833278.9570000004, 816431.0530000012], [833279.0490000006, 816431.0150000025], [833279.1410000008, 816430.9750000015], [833279.2330000009, 816430.9360000025], [833279.324000001, 816430.8950000014], [833279.415000001, 816430.853000002], [833279.506000001, 816430.8100000024], [833279.5960000008, 816430.7670000009], [833279.7300000004, 816430.7000000011], [833276.7830000008, 816427.2890000027], [833274.2420000006, 816424.3320000023], [833274.7740000011, 816423.8740000017], [833271.8140000012, 816420.4220000021]]], "type": "Polygon"}, "properties": {"BaseHeight": 5.2, "BuildingBlockType": "Podium", "BuildingCSUID": "3327116427P20060312", "BuildingID": 1103117085, "BuildingNameEN": null, "BuildingNameTC": null, "DateCreate": 1142092800000, "DateStamp": 1599580800000, "GeoRefNo": "3327116427", "OBJECTID": 228595, "Shape__Area": 95.27910449402583, "Shape__Length": 41.84911253894703, "Status": "Active", "Storeys": 3, "StoreysInBasement": null, "TopHeight": 9.5}, "type": "Feature"}, {"geometry": {"coordinates": [[[833260.7910000011, 816409.0960000027], [833256.5690000011, 816405.8350000009], [833245.0880000005, 816398.2040000018], [833240.347000001, 816395.0660000015], [833241.2860000012, 816393.7180000022], [833240.7410000004, 816393.3380000014], [833240.4390000012, 816393.1270000022], [833239.3660000004, 816394.6140000019], [833233.4280000012, 816402.8510000017], [833237.1450000005, 816404.8560000025], [833248.8500000006, 816416.6000000015], [833260.0566500006, 816424.408280002], [833268.7040000008, 816416.9000000022], [833260.7910000011, 816409.0960000027]]], "type": "Polygon"}, "properties": {"BaseHeight": 5.5, "BuildingBlockType": "Podium", "BuildingCSUID": "3325116409P20060312", "BuildingID": 1103117098, "BuildingNameEN": "LAI YAN LAU", "BuildingNameTC": "賴恩樓", "DateCreate": 1142092800000, "DateStamp": 1599580800000, "GeoRefNo": "3325116409", "OBJECTID": 228596, "Shape__Area": 421.08454957202866, "Shape__Length": 96.49827063298979, "Status": "Active", "Storeys": 3, "StoreysInBasement": null, "TopHeight": 12.9}, "type": "Feature"}, {"geometry": {"coordinates": [[[833841.4530000007, 816355.2500000019], [833864.1690000007, 816341.0760000013], [833883.9480000008, 816328.7350000013], [833883.415000001, 816326.6520000026], [833860.7340000011, 816328.637000002], [833843.4650000008, 816330.1480000019], [833838.023000001, 816330.6240000017], [833832.824000001, 816337.5760000013], [833837.7700000005, 816355.7830000017], [833840.188000001, 816356.0390000027], [833841.4530000007, 816355.2500000019]]], "type": "Polygon"}, "properties": {"BaseHeight": 3.5, "BuildingBlockType": "Podium", "BuildingCSUID": "3385216338P20060312", "BuildingID": 1103117197, "BuildingNameEN": "GOLDEN CENTRE", "BuildingNameTC": "金龍中心", "DateCreate": 1142092800000, "DateStamp": 1599580800000, "GeoRefNo": "3385216338", "OBJECTID": 228598, "Shape__Area": 728.9353554704401, "Shape__Length": 129.2744403630119, "Status": "Active", "Storeys": 5, "StoreysInBasement": 1, "TopHeight": 16.4}, "type": "Feature"}, {"geometry": {"coordinates": [[[833317.9900000012, 816398.9300000016], [833321.637000001, 816395.8090000022], [833343.5050000008, 816377.0910000019], [833347.836000001, 816373.3850000016], [833325.9800000004, 816347.9200000018], [833321.6640000008, 816351.6430000011], [833311.4400000004, 816360.4600000009], [833312.6700000009, 816361.910000002], [833312.7500000009, 816362.0100000016], [833301.1410000008, 816372.001000002], [833298.1800000006, 816374.5500000026], [833301.830000001, 816378.6900000013], [833306.8600000013, 816384.0100000016], [833305.8800000008, 816384.9700000025], [833309.1400000006, 816388.6500000022], [833311.1050000004, 816390.933000002], [833315.7230000012, 816396.2970000021], [833317.9900000012, 816398.9300000016]]], "type": "Polygon"}, "properties": {"BaseHeight": 4.9, "BuildingBlockType": "Podium", "BuildingCSUID": "3332216373P20060312", "BuildingID": 1103117140, "BuildingNameEN": "ARION COMMERCIAL CENTRE", "BuildingNameTC": "聯發商業中心", "DateCreate": 1142092800000, "DateStamp": 1599580800000, "GeoRefNo": "3332216373", "OBJECTID": 228601, "Shape__Area": 1262.3792315206842, "Shape__Length": 145.99036888027675, "Status": "Active", "Storeys": 4, "StoreysInBasement": null, "TopHeight": 20.4}, "type": "Feature"}, {"geometry": {"coordinates": [[[833709.9820000008, 816338.9120000023], [833710.6280000005, 816341.3460000027], [833713.0440000007, 816350.4450000022], [833725.1300000008, 816347.1210000012], [833720.8860000009, 816331.9640000015], [833719.4580000006, 816332.370000001], [833721.2490000008, 816339.1460000016], [833717.040000001, 816340.3380000014], [833716.1560000004, 816337.2090000026], [833709.9820000008, 816338.9120000023]]], "type": "Polygon"}, "properties": {"BaseHeight": 2.9, "BuildingBlockType": "Podium", "BuildingCSUID": "3371716343P20060312", "BuildingID": 1103117205, "BuildingNameEN": "ON WING BUILDING", "BuildingNameTC": "安榮大廈", "DateCreate": 1142092800000, "DateStamp": 1413388800000, "GeoRefNo": "3371716343", "OBJECTID": 229433, "Shape__Area": 140.15255300298176, "Shape__Length": 62.73114949582265, "Status": "Active", "Storeys": null, "StoreysInBasement": null, "TopHeight": 11}, "type": "Feature"}, {"geometry": {"coordinates": [[[833312.0620000008, 816308.449000001], [833316.4980000006, 816310.4050000012], [833334.9910000004, 816332.2740000021], [833348.0590000004, 816320.796000002], [833332.3160000006, 816302.4910000023], [833331.6890000012, 816303.0480000023], [833329.949000001, 816301.0390000027], [833329.3080000011, 816301.586000001], [833325.7320000008, 816304.6400000025], [833321.9840000011, 816299.8820000011], [833312.0620000008, 816308.449000001]]], "type": "Polygon"}, "properties": {"BaseHeight": 7.9, "BuildingBlockType": "Podium", "BuildingCSUID": "3333116315P20060312", "BuildingID": 1103117222, "BuildingNameEN": "PO THAI BUILDING", "BuildingNameTC": "寶泰大廈", "DateCreate": 1142092800000, "DateStamp": 1599580800000, "GeoRefNo": "3333116315", "OBJECTID": 229434, "Shape__Area": 532.8354189925899, "Shape__Length": 103.2320461319033, "Status": "Active", "Storeys": 1, "StoreysInBasement": null, "TopHeight": 15.2}, "type": "Feature"}, {"geometry": {"coordinates": [[[833465.0900000008, 816249.0830000024], [833485.9840000011, 816230.8390000015], [833491.9340000004, 816225.6430000011], [833491.3100000005, 816224.9260000009], [833490.6980000008, 816224.2230000012], [833488.5810000012, 816221.7930000015], [833487.8900000006, 816221.001000002], [833487.3220000006, 816220.3490000013], [833486.5300000012, 816219.4390000012], [833485.6050000004, 816218.3780000024], [833482.0040000007, 816214.2440000027], [833476.0980000012, 816219.4920000024], [833475.063000001, 816218.3270000014], [833454.2810000004, 816236.4520000014], [833455.4290000005, 816237.7930000015], [833449.4520000005, 816242.9580000024], [833449.4970000004, 816243.0110000018], [833450.972000001, 816244.7350000013], [833451.6610000012, 816245.540000001], [833452.3630000008, 816246.3610000014], [833456.2910000011, 816250.9510000013], [833456.8760000011, 816251.6350000016], [833457.4820000008, 816252.3440000024], [833459.1390000004, 816254.279000001], [833465.0900000008, 816249.0830000024]]], "type": "Polygon"}, "properties": {"BaseHeight": 12, "BuildingBlockType": "Podium", "BuildingCSUID": "3347016233P20060312", "BuildingID": 1103117326, "BuildingNameEN": "CASEY BUILDING", "BuildingNameTC": "啟時大廈", "DateCreate": 1142092800000, "DateStamp": 1599580800000, "GeoRefNo": "3347016233", "OBJECTID": 229453, "Shape__Area": 696.360477001266, "Shape__Length": 120.2544502669183, "Status": "Active", "Storeys": 3, "StoreysInBasement": 1, "TopHeight": 27.6}, "type": "Feature"}, {"geometry": {"coordinates": [[[833727.6051000012, 816275.6369100027], [833715.1686900007, 816273.4377900027], [833714.7124300012, 816274.8779200017], [833710.3697500005, 816304.1667700019], [833714.8645600006, 816301.7855000012], [833726.2875200007, 816294.9408200011], [833727.6051000012, 816275.6369100027]]], "type": "Polygon"}, "properties": {"BaseHeight": 3.1, "BuildingBlockType": "Podium", "BuildingCSUID": "3371816287P20060312", "BuildingID": 1103117273, "BuildingNameEN": "THE PEMBERTON", "BuildingNameTC": "柏廷坊", "DateCreate": 1142092800000, "DateStamp": 1599580800000, "GeoRefNo": "3371816287", "OBJECTID": 229454, "Shape__Area": 349.2523012182021, "Shape__Length": 81.50118913647427, "Status": "Active", "Storeys": 5, "StoreysInBasement": null, "TopHeight": 20.5}, "type": "Feature"}, {"geometry": {"coordinates": [[[833562.5530000012, 816352.285000002], [833551.955000001, 816336.0240000021], [833532.6290000007, 816350.2520000022], [833542.3350000009, 816364.569000002], [833562.5530000012, 816352.285000002]]], "type": "Polygon"}, "properties": {"BaseHeight": 3.4, "BuildingBlockType": "Podium", "BuildingCSUID": "3354716350P20060312", "BuildingID": 1103117180, "BuildingNameEN": "SHUN LOONG MANSION", "BuildingNameTC": "順隆大廈", "DateCreate": 1142092800000, "DateStamp": 1599580800000, "GeoRefNo": "3354716350", "OBJECTID": 229644, "Shape__Area": 436.8690200064332, "Shape__Length": 84.36240742481789, "Status": "Active", "Storeys": 2, "StoreysInBasement": null, "TopHeight": 12.5}, "type": "Feature"}, {"geometry": {"coordinates": [[[833445.9100000011, 816323.751000002], [833448.4670000011, 816326.6960000023], [833451.6520000007, 816325.6950000022], [833463.739000001, 816316.5410000011], [833460.9190000007, 816313.2950000018], [833457.4430000009, 816309.2910000011], [833456.262000001, 816307.9310000017], [833445.7840000009, 816295.8650000021], [833444.9830000009, 816294.9430000018], [833444.1740000006, 816294.0110000018], [833443.7120000012, 816293.4790000021], [833443.364000001, 816293.0780000016], [833442.5580000011, 816292.1430000011], [833441.745000001, 816291.2140000015], [833428.0590000004, 816303.1900000013], [833429.9000000004, 816305.3100000024], [833445.9100000011, 816323.751000002]]], "type": "Polygon"}, "properties": {"BaseHeight": 7.6, "BuildingBlockType": "Podium", "BuildingCSUID": "3344516309P20060312", "BuildingID": 1103117238, "BuildingNameEN": "HUA QIN INTERNATIONAL BUILDING", "BuildingNameTC": "華秦國際大廈", "DateCreate": 1142092800000, "DateStamp": 1599580800000, "GeoRefNo": "3344516309", "OBJECTID": 229648, "Shape__Area": 596.6530545202955, "Shape__Length": 101.35975404373796, "Status": "Active", "Storeys": 4, "StoreysInBasement": null, "TopHeight": 22.5}, "type": "Feature"}, {"geometry": {"coordinates": [[[833577.5761600006, 816359.3409100026], [833581.0837200005, 816372.2673700023], [833588.9355500005, 816370.3603600021], [833588.2005000012, 816367.4518000018], [833586.1122400006, 816359.127940001], [833585.603720001, 816357.297720002], [833577.5761600006, 816359.3409100026]]], "type": "Polygon"}, "properties": {"BaseHeight": 3.3, "BuildingBlockType": "Podium", "BuildingCSUID": "3358116359P20090423", "BuildingID": 1103117170, "BuildingNameEN": "BLINK", "BuildingNameTC": "BLINK", "DateCreate": 1240416000000, "DateStamp": 1599580800000, "GeoRefNo": "3358116359", "OBJECTID": 229649, "Shape__Area": 110.17700726465625, "Shape__Length": 43.238850610784986, "Status": "Active", "Storeys": 4, "StoreysInBasement": null, "TopHeight": 17.8}, "type": "Feature"}, {"geometry": {"coordinates": [[[833603.938000001, 816293.7330000009], [833603.2950000009, 816292.779000001], [833594.3080000011, 816298.8370000012], [833602.6810000008, 816310.6070000026], [833611.4960000012, 816322.9990000017], [833619.3500000006, 816334.0390000027], [833629.4200000009, 816331.4680000022], [833625.6150000012, 816325.8330000024], [833622.6730000004, 816321.4760000017], [833609.5450000009, 816302.0340000018], [833603.938000001, 816293.7330000009]]], "type": "Polygon"}, "properties": {"BaseHeight": 2.9, "BuildingBlockType": "Podium", "BuildingCSUID": "3361116313P20060312", "BuildingID": 1103117219, "BuildingNameEN": "KAM FUNG BUILDING", "BuildingNameTC": "金豐大廈", "DateCreate": 1142092800000, "DateStamp": 1599580800000, "GeoRefNo": "3361116313", "OBJECTID": 229655, "Shape__Area": 462.42250201305586, "Shape__Length": 111.11522403514492, "Status": "Active", "Storeys": 3, "StoreysInBasement": null, "TopHeight": 12.9}, "type": "Feature"}, {"geometry": {"coordinates": [[[833519.2480000006, 816314.7320000026], [833526.1560000004, 816305.9090000018], [833516.7910000011, 816297.4530000016], [833518.0680000009, 816295.7730000019], [833509.1890000012, 816287.7760000024], [833506.5550000006, 816291.5100000016], [833500.6000000006, 816299.9530000016], [833496.040000001, 816306.4190000016], [833504.5950000007, 816313.2040000018], [833509.6020000009, 816306.2950000018], [833511.0600000005, 816307.9830000009], [833519.2480000006, 816314.7320000026]]], "type": "Polygon"}, "properties": {"BaseHeight": 4.1, "BuildingBlockType": "Podium", "BuildingCSUID": "3351016302P20060312", "BuildingID": 1103117254, "BuildingNameEN": "CARBO MANSION", "BuildingNameTC": "嘉寶大廈", "DateCreate": 1142092800000, "DateStamp": 1599580800000, "GeoRefNo": "3351016302", "OBJECTID": 230046, "Shape__Area": 398.5885610027688, "Shape__Length": 92.98953175005718, "Status": "Active", "Storeys": 1, "StoreysInBasement": 1, "TopHeight": 11.8}, "type": "Feature"}, {"geometry": {"coordinates": [[[833603.938000001, 816293.7330000009], [833609.5450000009, 816302.0340000018], [833622.6730000004, 816321.4760000017], [833625.6150000012, 816325.8330000024], [833629.4200000009, 816331.4680000022], [833642.4870000007, 816327.745000001], [833624.4500000011, 816300.8120000027], [833620.4700000007, 816294.9590000026], [833624.4390000012, 816292.2870000023], [833618.6940000011, 816283.7990000024], [833603.938000001, 816293.7330000009]]], "type": "Polygon"}, "properties": {"BaseHeight": 2.8, "BuildingBlockType": "Podium", "BuildingCSUID": "3362216308P20060312", "BuildingID": 1103117228, "BuildingNameEN": "BONHAM TRADE CENTRE", "BuildingNameTC": "寶恆商業中心", "DateCreate": 1142092800000, "DateStamp": 1599580800000, "GeoRefNo": "3362216308", "OBJECTID": 230254, "Shape__Area": 667.9532129979776, "Shape__Length": 131.43529124917865, "Status": "Active", "Storeys": 2, "StoreysInBasement": null, "TopHeight": 14.8}, "type": "Feature"}, {"geometry": {"coordinates": [[[833366.9360000007, 816358.0330000017], [833367.0330000008, 816358.0080000013], [833367.1300000008, 816357.9830000009], [833367.2260000007, 816357.9580000024], [833367.3230000008, 816357.9340000022], [833367.4200000009, 816357.9080000017], [833367.5170000009, 816357.8830000013], [833367.614000001, 816357.8580000009], [833367.7100000009, 816357.8320000023], [833367.807000001, 816357.8060000017], [833367.9030000009, 816357.7800000012], [833368.0000000009, 816357.7530000024], [833368.0960000008, 816357.7260000017], [833368.1930000009, 816357.699000001], [833368.2890000008, 816357.6720000021], [833368.3850000007, 816357.6440000013], [833368.4810000006, 816357.6160000023], [833368.5770000005, 816357.5880000014], [833368.6730000004, 816357.5590000022], [833368.7680000011, 816357.5300000012], [833368.864000001, 816357.5000000019], [833368.9590000007, 816357.4700000025], [833369.0540000005, 816357.4400000013], [833369.1500000004, 816357.4090000018], [833369.245000001, 816357.3780000024], [833369.3390000006, 816357.3460000027], [833369.4340000004, 816357.3150000013], [833369.529000001, 816357.2840000018], [833369.6240000008, 816357.2520000022], [833369.7190000005, 816357.2210000027], [833369.8140000012, 816357.1900000013], [833369.9090000009, 816357.1580000017], [833370.0040000007, 816357.1270000022], [833370.0990000004, 816357.0960000027], [833370.1940000011, 816357.0640000012], [833370.2890000008, 816357.0330000017], [833370.3840000005, 816357.001000002], [833370.4790000012, 816356.9700000025], [833370.574000001, 816356.9390000012], [833370.6690000007, 816356.9070000015], [833370.7640000004, 816356.8750000019], [833370.8590000011, 816356.8440000024], [833370.9540000008, 816356.8120000027], [833371.0490000006, 816356.7810000014], [833371.1430000011, 816356.7490000017], [833371.2380000008, 816356.717000002], [833371.3330000006, 816356.6850000024], [833371.4280000012, 816356.6530000027], [833371.523000001, 816356.6210000012], [833371.6180000007, 816356.5890000015], [833371.7120000012, 816356.5570000019], [833371.807000001, 816356.5250000022], [833371.9020000007, 816356.4930000026], [833371.9960000012, 816356.461000001], [833372.091000001, 816356.4280000012], [833372.1860000007, 816356.3960000016], [833372.2800000012, 816356.3630000018], [833372.3750000009, 816356.3310000021], [833372.4690000005, 816356.2980000023], [833372.5640000012, 816356.2650000025], [833372.6580000008, 816356.2320000026], [833372.7530000005, 816356.199000001], [833372.847000001, 816356.1660000011], [833372.9410000006, 816356.1330000013], [833373.0360000012, 816356.0990000013], [833373.1300000008, 816356.0660000015], [833373.2240000004, 816356.0320000015], [833373.3180000009, 816355.9990000017], [833373.4120000005, 816355.9650000017], [833373.506000001, 816355.9310000017], [833373.6000000006, 816355.8970000017], [833373.6940000011, 816355.8630000018], [833373.7880000006, 816355.8280000016], [833373.8820000011, 816355.7940000016], [833373.9760000007, 816355.7590000015], [833374.0700000012, 816355.7240000013], [833374.1630000006, 816355.6890000012], [833374.2570000011, 816355.654000001], [833374.3500000006, 816355.6190000027], [833374.4440000011, 816355.5830000024], [833374.5370000005, 816355.5480000023], [833374.631000001, 816355.512000002], [833374.7240000004, 816355.4760000017], [833374.8170000007, 816355.4400000013], [833374.9100000011, 816355.404000001], [833375.0040000007, 816355.3680000026], [833375.097000001, 816355.3310000021], [833375.1900000004, 816355.2950000018], [833375.2830000008, 816355.2580000013], [833375.3760000011, 816355.222000001], [833375.4690000005, 816355.1850000024], [833375.5620000008, 816355.1480000019], [833375.6550000012, 816355.1120000016], [833375.7480000006, 816355.0750000011], [833375.841000001, 816355.0380000025], [833375.9330000011, 816355.001000002], [833376.0260000005, 816354.9640000015], [833376.1190000009, 816354.9260000009], [833376.2120000012, 816354.8890000023], [833376.3050000006, 816354.8520000018], [833376.3970000008, 816354.8150000013], [833376.4900000012, 816354.7770000026], [833376.5830000006, 816354.7400000021], [833376.6750000007, 816354.7020000014], [833376.7680000011, 816354.6640000027], [833376.8610000005, 816354.6270000022], [833376.9530000007, 816354.5890000015], [833377.046000001, 816354.5510000009], [833377.1380000012, 816354.5130000021], [833377.2310000006, 816354.4760000017], [833377.324000001, 816354.438000001], [833377.4160000011, 816354.4000000022], [833377.5090000005, 816354.3620000016], [833377.6010000007, 816354.324000001], [833377.6930000009, 816354.285000002], [833377.7860000012, 816354.2470000014], [833377.8780000005, 816354.2090000026], [833377.9710000008, 816354.171000002], [833378.063000001, 816354.1330000013], [833378.1550000012, 816354.0940000024], [833378.2480000006, 816354.0560000017], [833378.3400000008, 816354.0180000011], [833378.432000001, 816353.9790000021], [833378.5250000004, 816353.9410000015], [833378.6170000006, 816353.9020000026], [833378.7090000007, 816353.8640000019], [833378.8020000011, 816353.8250000011], [833378.8940000013, 816353.7870000023], [833378.9860000005, 816353.7480000015], [833379.0790000008, 816353.7090000026], [833379.171000001, 816353.671000002], [833379.2630000012, 816353.6320000011], [833379.3550000004, 816353.5930000022], [833379.4470000006, 816353.5550000016], [833379.540000001, 816353.5160000026], [833379.6320000011, 816353.4770000018], [833379.7240000004, 816353.438000001], [833379.8160000006, 816353.4000000022], [833379.9090000009, 816353.3610000014], [833380.0010000011, 816353.3220000025], [833380.0930000013, 816353.2830000017], [833380.1850000005, 816353.245000001], [833380.2770000007, 816353.2060000021], [833380.370000001, 816353.1670000013], [833380.4620000012, 816353.1280000024], [833380.5540000005, 816353.0890000015], [833380.6460000006, 816353.0510000009], [833380.7380000008, 816353.012000002], [833380.830000001, 816352.9730000012], [833380.9230000004, 816352.9340000022], [833381.0150000006, 816352.8950000014], [833381.1070000008, 816352.8570000026], [833381.199000001, 816352.8180000018], [833381.2910000011, 816352.779000001], [833381.3840000005, 816352.7400000021], [833381.4760000007, 816352.7020000014], [833381.5680000009, 816352.6630000025], [833381.6600000011, 816352.6240000017], [833381.7530000005, 816352.5850000009], [833381.8450000007, 816352.5470000021], [833381.9370000008, 816352.5080000013], [833382.029000001, 816352.4690000024], [833382.1220000004, 816352.4310000017], [833382.2140000006, 816352.3920000009], [833382.3060000008, 816352.3540000021], [833382.398000001, 816352.3150000013], [833382.4910000004, 816352.2770000026], [833382.5830000006, 816352.2380000018], [833382.6750000007, 816352.2000000011], [833382.7680000011, 816352.1610000022], [833382.8600000013, 816352.1230000015], [833382.9520000005, 816352.0840000026], [833383.0450000009, 816352.046000002], [833383.137000001, 816352.0080000013], [833383.2290000012, 816351.9700000025], [833383.3220000006, 816351.9310000017], [833383.4560000012, 816351.876000002], [833377.3180000009, 816335.4790000021], [833376.0660000006, 816332.1340000015], [833364.4540000008, 816318.9590000026], [833365.824000001, 816317.6810000017], [833363.7300000004, 816315.3560000025], [833338.7830000008, 816336.9020000026], [833348.2860000012, 816348.2650000025], [833349.9300000006, 816352.6000000015], [833351.0500000007, 816355.540000001], [833351.3940000013, 816355.9290000014], [833351.7590000005, 816356.2980000023], [833352.1420000009, 816356.6490000021], [833352.5430000005, 816356.9790000021], [833352.961000001, 816357.2870000023], [833353.3940000013, 816357.5730000027], [833354.1470000008, 816357.9990000017], [833354.6160000004, 816358.222000001], [833355.0960000008, 816358.4200000018], [833355.9170000004, 816358.6930000018], [833356.7580000004, 816358.8950000014], [833357.2700000005, 816358.9800000023], [833357.7860000012, 816359.0380000025], [833358.6510000005, 816359.0750000011], [833358.7500000009, 816359.0800000019], [833358.8500000006, 816359.0870000012], [833358.9500000011, 816359.0930000022], [833359.0500000007, 816359.0990000013], [833359.1500000004, 816359.1050000023], [833359.2500000009, 816359.1110000014], [833359.3490000004, 816359.1170000024], [833359.449000001, 816359.1220000014], [833359.5490000006, 816359.126000002], [833359.6490000011, 816359.1290000025], [833359.7490000008, 816359.131000001], [833359.8490000004, 816359.1330000013], [833359.949000001, 816359.1360000018], [833360.0490000006, 816359.1380000021], [833360.1490000011, 816359.1410000026], [833360.2500000009, 816359.1430000011], [833360.3500000006, 816359.1450000014], [833360.4500000011, 816359.1470000017], [833360.5500000007, 816359.1480000019], [833360.6500000004, 816359.1480000019], [833360.7500000009, 816359.1470000017], [833360.8500000006, 816359.1460000016], [833360.9500000011, 816359.1430000011], [833361.0500000007, 816359.1400000025], [833361.1490000011, 816359.1350000016], [833361.2490000008, 816359.1290000025], [833361.3490000004, 816359.1220000014], [833361.4480000008, 816359.1150000021], [833361.5480000004, 816359.1070000026], [833361.648000001, 816359.0990000013], [833361.7480000006, 816359.0910000019], [833361.847000001, 816359.0820000023], [833361.9470000006, 816359.0730000027], [833362.0470000012, 816359.063000001], [833362.1470000008, 816359.0530000012], [833362.2460000012, 816359.0430000015], [833362.3460000008, 816359.0310000014], [833362.4450000012, 816359.0200000014], [833362.5450000009, 816359.0070000011], [833362.6440000013, 816358.9940000027], [833362.7430000007, 816358.9810000025], [833362.8420000011, 816358.9660000019], [833362.9410000006, 816358.9510000013], [833363.040000001, 816358.9350000024], [833363.1380000012, 816358.9190000016], [833363.2370000007, 816358.9010000024], [833363.3350000009, 816358.8830000013], [833363.4330000011, 816358.8640000019], [833363.5310000004, 816358.8440000024], [833363.6290000007, 816358.8250000011], [833363.7270000009, 816358.8050000016], [833363.824000001, 816358.7840000018], [833363.9220000012, 816358.7630000021], [833364.0200000005, 816358.7430000026], [833364.1170000006, 816358.7210000027], [833364.2150000008, 816358.7000000011], [833364.313000001, 816358.6780000012], [833364.4100000011, 816358.6560000014], [833364.5080000004, 816358.6340000015], [833364.6050000004, 816358.6110000014], [833364.7030000007, 816358.5890000015], [833364.8000000007, 816358.5660000015], [833364.8970000008, 816358.5430000015], [833364.995000001, 816358.5200000014], [833365.0920000011, 816358.4960000012], [833365.1890000012, 816358.4730000012], [833365.2860000012, 816358.449000001], [833365.3840000005, 816358.4250000026], [833365.4810000006, 816358.4010000024], [833365.5780000007, 816358.3770000022], [833365.6750000007, 816358.353000002], [833365.7720000008, 816358.3290000018], [833365.8690000009, 816358.3040000014], [833365.966000001, 816358.2800000012], [833366.063000001, 816358.2550000027], [833366.1600000011, 816358.2310000025], [833366.2570000011, 816358.2060000021], [833366.3540000012, 816358.1810000017], [833366.4510000013, 816358.1570000015], [833366.5480000004, 816358.1320000011], [833366.6450000005, 816358.1070000026], [833366.7420000006, 816358.0820000023], [833366.8390000006, 816358.0570000019], [833366.9360000007, 816358.0330000017]]], "type": "Polygon"}, "properties": {"BaseHeight": 4.9, "BuildingBlockType": "Podium", "BuildingCSUID": "3336116340P20060312", "BuildingID": 1103117184, "BuildingNameEN": "FOOK SING SHOPPING ARCADE", "BuildingNameTC": "福陞閣商場", "DateCreate": 1142092800000, "DateStamp": 1599580800000, "GeoRefNo": "3336116340", "OBJECTID": 230464, "Shape__Area": 1119.3065324884906, "Shape__Length": 133.90501920180287, "Status": "Active", "Storeys": 2, "StoreysInBasement": null, "TopHeight": 13.4}, "type": "Feature"}, {"geometry": {"coordinates": [[[833677.1840000004, 816329.4620000012], [833673.1600000011, 816330.6110000014], [833661.0820000004, 816334.0610000025], [833665.5770000005, 816350.4580000024], [833657.5870000012, 816352.7660000026], [833661.012000001, 816365.2600000016], [833684.9420000007, 816358.3270000014], [833683.8170000007, 816354.1440000013], [833677.1840000004, 816329.4620000012]]], "type": "Polygon"}, "properties": {"BaseHeight": 2.8, "BuildingBlockType": "Podium", "BuildingCSUID": "3367116348P20060312", "BuildingID": 1103117178, "BuildingNameEN": "OFFICEPLUS@SHEUNG WAN", "BuildingNameTC": "協成行上環中心", "DateCreate": 1142092800000, "DateStamp": 1599580800000, "GeoRefNo": "3367116348", "OBJECTID": 230465, "Shape__Area": 606.4492319918711, "Shape__Length": 109.82293212303894, "Status": "Active", "Storeys": 2, "StoreysInBasement": null, "TopHeight": 19.7}, "type": "Feature"}, {"geometry": {"coordinates": [[[833320.6230000006, 816295.8900000025], [833327.1440000013, 816289.9480000027], [833327.7290000012, 816289.4080000017], [833328.7020000005, 816288.5230000019], [833329.6740000006, 816287.637000002], [833330.6470000008, 816286.751000002], [833331.2810000004, 816286.1730000023], [833327.620000001, 816282.2180000022], [833318.0030000005, 816280.103000002], [833313.421000001, 816279.0950000025], [833311.7310000006, 816278.7240000013], [833304.8450000007, 816278.558000002], [833298.8860000009, 816280.5310000014], [833294.2720000008, 816282.9940000027], [833294.3600000013, 816289.3960000016], [833297.2750000004, 816292.824000001], [833308.9470000006, 816306.5510000009], [833315.5260000005, 816300.5470000021], [833319.415000001, 816296.9970000014], [833320.3800000008, 816296.1140000019], [833320.6230000006, 816295.8900000025]]], "type": "Polygon"}, "properties": {"BaseHeight": 10.9, "BuildingBlockType": "Podium", "BuildingCSUID": "3331016289P20060312", "BuildingID": 1103117271, "BuildingNameEN": "HOLLYWOOD CENTRE", "BuildingNameTC": "荷李活商業中心", "DateCreate": 1142092800000, "DateStamp": 1599580800000, "GeoRefNo": "3331016289", "OBJECTID": 230485, "Shape__Area": 609.2016194865569, "Shape__Length": 99.20788070383637, "Status": "Active", "Storeys": 2, "StoreysInBasement": 2, "TopHeight": 26.9}, "type": "Feature"}, {"geometry": {"coordinates": [[[833771.0940000005, 816303.3490000013], [833778.1950000012, 816330.1980000027], [833782.4400000004, 816329.5660000015], [833790.5720000006, 816328.0940000024], [833798.5040000007, 816326.467000002], [833805.8990000011, 816324.461000001], [833812.6920000007, 816322.3640000019], [833817.3860000009, 816320.7670000009], [833822.0220000008, 816319.0070000011], [833826.7490000008, 816317.1330000013], [833817.8500000006, 816283.910000002], [833814.8910000008, 816273.211000001], [833812.4570000004, 816273.3820000011], [833805.9460000005, 816273.421000002], [833804.9110000012, 816273.381000001], [833802.9060000004, 816273.3020000011], [833802.8540000012, 816273.3040000014], [833799.8660000004, 816273.4310000017], [833796.847000001, 816273.8060000017], [833793.2140000006, 816274.2590000015], [833790.6190000009, 816274.847000001], [833789.6430000011, 816275.0680000018], [833788.6410000008, 816275.4020000026], [833786.1700000009, 816276.2260000017], [833782.8280000007, 816277.722000001], [833779.6500000004, 816279.5410000011], [833774.6810000008, 816282.3950000014], [833765.9990000008, 816287.1460000016], [833758.4690000005, 816291.279000001], [833760.2530000005, 816295.0900000017], [833762.0300000012, 816298.9800000023], [833762.9470000006, 816300.9890000019], [833763.324000001, 816301.8060000017], [833763.466000001, 816304.4020000026], [833771.0940000005, 816303.3490000013]]], "type": "Polygon"}, "properties": {"BaseHeight": 3.2, "BuildingBlockType": "Podium", "BuildingCSUID": "3379416300P20060312", "BuildingID": 1103117230, "BuildingNameEN": "COSCO TOWER (HIGH BLK)", "BuildingNameTC": "中遠大廈(高座)", "DateCreate": 1142092800000, "DateStamp": 1599580800000, "GeoRefNo": "3379416300", "OBJECTID": 230663, "Shape__Area": 2596.9180000126953, "Shape__Length": 206.18875288463087, "Status": "Active", "Storeys": 4, "StoreysInBasement": null, "TopHeight": 34.4}, "type": "Feature"}, {"geometry": {"coordinates": [[[833562.7533300007, 816284.3255000021], [833562.7530000005, 816284.3250000011], [833551.3740000008, 816296.4000000022], [833553.2400000012, 816299.2770000026], [833560.1753200004, 816309.9709700011], [833573.9141300004, 816301.4238000009], [833573.7882000012, 816301.2312700022], [833567.8529500011, 816292.1382900011], [833562.7533300007, 816284.3255000021]]], "type": "Polygon"}, "properties": {"BaseHeight": 3.7, "BuildingBlockType": "Podium", "BuildingCSUID": "3356216297P20060312", "BuildingID": 1103117264, "BuildingNameEN": "TUNG LEE COMMERCIAL BUILDING", "BuildingNameTC": "東利商業大廈", "DateCreate": 1142092800000, "DateStamp": 1599580800000, "GeoRefNo": "3356216297", "OBJECTID": 230862, "Shape__Area": 295.50337846841455, "Shape__Length": 69.3665186178982, "Status": "Active", "Storeys": 4, "StoreysInBasement": null, "TopHeight": 20.5}, "type": "Feature"}, {"geometry": {"coordinates": [[[833563.6490000011, 816246.6000000015], [833557.847000001, 816251.387000002], [833557.7240000004, 816252.5310000014], [833564.5160000008, 816259.063000001], [833568.7480000006, 816263.1330000013], [833573.0750000011, 816260.228000002], [833569.7760000005, 816255.4590000026], [833563.6490000011, 816246.6000000015]]], "type": "Polygon"}, "properties": {"BaseHeight": 3.6, "BuildingBlockType": "Podium", "BuildingCSUID": "3356516254P20060312", "BuildingID": 1103117316, "BuildingNameEN": "XIU PING COMMERCIAL BUILDING", "BuildingNameTC": "秀平商業大廈", "DateCreate": 1142092800000, "DateStamp": 1413388800000, "GeoRefNo": "3356516254", "OBJECTID": 230889, "Shape__Area": 110.2967864912105, "Shape__Length": 45.74919187155478, "Status": "Active", "Storeys": null, "StoreysInBasement": null, "TopHeight": 19.4}, "type": "Feature"}, {"geometry": {"coordinates": [[[833264.8670000006, 816548.7720000017], [833284.2720000008, 816563.9050000012], [833286.790000001, 816563.2070000023], [833293.6350000007, 816557.3160000015], [833283.0000000009, 816544.9550000019], [833277.978000001, 816549.3680000026], [833270.1760000009, 816540.5650000013], [833265.1740000006, 816534.813000001], [833259.6330000004, 816539.8440000024], [833259.7230000012, 816544.7600000016], [833264.8670000006, 816548.7720000017]]], "type": "Polygon"}, "properties": {"BaseHeight": 3.6, "BuildingBlockType": "Podium", "BuildingCSUID": "3327616550P20060312", "BuildingID": 1103116936, "BuildingNameEN": "SHUN KWONG COMMERCIAL BUILDING", "BuildingNameTC": "信光商業大廈", "DateCreate": 1142092800000, "DateStamp": 1413388800000, "GeoRefNo": "3327616550", "OBJECTID": 231596, "Shape__Area": 383.28672699869327, "Shape__Length": 97.55399379386293, "Status": "Active", "Storeys": null, "StoreysInBasement": null, "TopHeight": 18.5}, "type": "Feature"}, {"geometry": {"coordinates": [[[833305.8620000007, 816523.7140000015], [833304.5680000009, 816524.853000002], [833302.2210000008, 816526.9200000018], [833290.3460000008, 816512.9410000015], [833290.0240000011, 816513.2230000012], [833289.8540000012, 816513.3710000012], [833286.057000001, 816516.6920000017], [833308.8230000008, 816543.4190000016], [833316.7350000013, 816536.4530000016], [833305.8620000007, 816523.7140000015]]], "type": "Polygon"}, "properties": {"BaseHeight": 2.9, "BuildingBlockType": "Podium", "BuildingCSUID": "3330216529P20060312", "BuildingID": 1103116956, "BuildingNameEN": "235 WING LOK STREET TRADE CENTRE", "BuildingNameTC": "永樂街235商業中心", "DateCreate": 1142092800000, "DateStamp": 1413388800000, "GeoRefNo": "3330216529", "OBJECTID": 231790, "Shape__Area": 280.7185980017211, "Shape__Length": 91.28972565319374, "Status": "Active", "Storeys": null, "StoreysInBasement": null, "TopHeight": 13.4}, "type": "Feature"}, {"geometry": {"coordinates": [[[833248.7536900006, 816369.1514200009], [833248.2300000004, 816368.6270000022], [833246.8330000006, 816370.4730000012], [833247.6772000007, 816371.2030000016], [833248.3250000011, 816371.756000001], [833249.0575300008, 816372.5557900015], [833249.0624800008, 816372.5614200011], [833249.0703100013, 816372.5703100022], [833249.6718700007, 816373.3603500016], [833250.2109400006, 816374.2002000026], [833250.5479100011, 816374.7639800012], [833252.5050000008, 816373.9000000022], [833252.1992200008, 816373.3300800025], [833251.6406200007, 816372.4101600014], [833251.0195300011, 816371.5400400013], [833250.7381600011, 816371.2004500013], [833250.7283100011, 816371.1885700021], [833250.3398400005, 816370.719730001], [833249.5898400005, 816369.9502000026], [833248.7536900006, 816369.1514200009]]], "type": "Polygon"}, "properties": {"BaseHeight": null, "BuildingBlockType": "Open-sided Structure", "BuildingCSUID": "3325016372T20080228", "BuildingID": 1103122222, "BuildingNameEN": null, "BuildingNameTC": null, "DateCreate": 1204128000000, "DateStamp": 1301500800000, "GeoRefNo": "3325016372", "OBJECTID": 231935, "Shape__Area": 13.719339068992777, "Shape__Length": 17.003217247712715, "Status": "Active", "Storeys": null, "StoreysInBasement": null, "TopHeight": null}, "type": "Feature"}, {"geometry": {"coordinates": [[[833219.6244800007, 816357.2794700023], [833219.5640000012, 816357.245000001], [833219.3085900005, 816357.9296900015], [833219.0703100013, 816358.6103500016], [833218.9101600004, 816359.3203100022], [833218.8203100013, 816360.0400400013], [833218.8007800011, 816360.769530002], [833218.8710900005, 816361.5000000019], [833219.0195300011, 816362.2099600025], [833219.2304700008, 816362.900390001], [833219.5195300011, 816363.5703100022], [833219.8789100004, 816364.2002000026], [833220.3007800011, 816364.7900400013], [833220.7890600013, 816365.3398400024], [833221.3281200007, 816365.8203100022], [833221.9101600004, 816366.2500000019], [833222.5507800011, 816366.620120002], [833223.2109400006, 816366.9101600014], [833224.1460000006, 816365.1390000023], [833223.5703100013, 816364.8203100022], [833223.0312500009, 816364.4902300015], [833222.5390600013, 816364.0898400024], [833222.1015600013, 816363.6298800018], [833221.7040000008, 816362.9960000012], [833221.4813100006, 816362.6557900012], [833221.4296900006, 816362.5595700014], [833221.2109400006, 816361.969730001], [833221.189770001, 816361.8764000013], [833221.0703100013, 816361.3496100027], [833221.0117200008, 816360.719730001], [833221.0390600013, 816360.0898400024], [833221.1484400006, 816359.4599600025], [833221.3515600013, 816358.8603500016], [833221.5380000006, 816358.370000001], [833219.6244800007, 816357.2794700023]]], "type": "Polygon"}, "properties": {"BaseHeight": null, "BuildingBlockType": "Open-sided Structure", "BuildingCSUID": "3322016362T20080228", "BuildingID": 1103122277, "BuildingNameEN": null, "BuildingNameTC": null, "DateCreate": 1204128000000, "DateStamp": 1301500800000, "GeoRefNo": "3322016362", "OBJECTID": 231936, "Shape__Area": 21.391438321175748, "Shape__Length": 24.06106873031183, "Status": "Active", "Storeys": null, "StoreysInBasement": null, "TopHeight": null}, "type": "Feature"}, {"geometry": {"coordinates": [[[833453.6848300006, 816482.0314300023], [833454.8256200012, 816487.8030500021], [833455.1130000008, 816489.2570000011], [833455.3510000007, 816490.2680000011], [833461.2930000005, 816488.9230000023], [833462.6610000012, 816494.4300000016], [833479.1826800006, 816490.8445700016], [833502.7690000013, 816481.6780000012], [833503.2250300013, 816481.4829100017], [833503.7104100008, 816481.2581900023], [833503.9814600004, 816481.1296500023], [833504.248540001, 816480.9930300023], [833504.511380001, 816480.8484400027], [833504.7697700011, 816480.6960200015], [833505.0234500011, 816480.535910001], [833505.2722200006, 816480.3682500012], [833505.5158300009, 816480.193190001], [833505.7540800013, 816480.010900002], [833505.9867400005, 816479.8215200026], [833506.2136000004, 816479.6252500024], [833506.4344700007, 816479.4222400021], [833506.6491400013, 816479.2126900014], [833506.8574200012, 816478.9967900012], [833507.0591100007, 816478.7747300025], [833507.2540500006, 816478.5467100013], [833507.442040001, 816478.312930001], [833507.6229300005, 816478.0736200027], [833507.796550001, 816477.828970002], [833507.9627400013, 816477.5792200025], [833508.1213500006, 816477.3246000018], [833508.2722400008, 816477.0653200019], [833508.4152700007, 816476.801620001], [833508.5503200004, 816476.5337500013], [833508.6772500006, 816476.2619400024], [833508.7959700013, 816475.986440001], [833508.9063500008, 816475.7075000014], [833509.0083100004, 816475.4253700022], [833509.1017400008, 816475.140300002], [833509.1865700008, 816474.8525500018], [833509.2627100004, 816474.5623900015], [833509.3301000008, 816474.2700700015], [833509.3886800008, 816473.975850001], [833509.4383900007, 816473.6800100021], [833509.4792000009, 816473.3828100022], [833509.5110500008, 816473.084520001], [833509.5339300008, 816472.7854000013], [833509.5478200009, 816472.4857400022], [833509.5526900012, 816472.1857900023], [833509.548560001, 816471.8858300019], [833509.535410001, 816471.5861300025], [833509.5132600004, 816471.286960002], [833505.784070001, 816454.0988500025], [833505.7795200013, 816454.0757400021], [833486.6410000008, 816458.0530000012], [833486.2140000006, 816456.228000002], [833450.0800400004, 816463.793680001], [833452.1384400008, 816474.2077700011], [833453.3890700005, 816480.5350900013], [833453.6848300006, 816482.0314300023]]], "type": "Polygon"}, "properties": {"BaseHeight": 3.3, "BuildingBlockType": "Podium", "BuildingCSUID": "3347916473P20060312", "BuildingID": 1103117001, "BuildingNameEN": null, "BuildingNameTC": null, "DateCreate": 1142092800000, "DateStamp": 1599580800000, "GeoRefNo": "3347916473", "OBJECTID": 231992, "Shape__Area": 1663.2374215615068, "Shape__Length": 170.2536686147713, "Status": "Active", "Storeys": 2, "StoreysInBasement": 1, "TopHeight": 11.5}, "type": "Feature"}, {"geometry": {"coordinates": [[[833581.4180000005, 816485.6660000011], [833579.6250000009, 816478.9480000027], [833574.2060000012, 816480.4230000023], [833576.4220000012, 816489.2590000015], [833580.1700000009, 816503.2660000026], [833585.722000001, 816501.7980000023], [833581.4180000005, 816485.6660000011]]], "type": "Polygon"}, "properties": {"BaseHeight": 3.8, "BuildingBlockType": "Podium", "BuildingCSUID": "3357916491P20060312", "BuildingID": 1103116991, "BuildingNameEN": "HOI KIU COMMERCIAL BUILDING", "BuildingNameTC": "開僑商業大廈", "DateCreate": 1142092800000, "DateStamp": 1599580800000, "GeoRefNo": "3357916491", "OBJECTID": 232202, "Shape__Area": 135.24246649368675, "Shape__Length": 58.617808077274326, "Status": "Active", "Storeys": 5, "StoreysInBasement": null, "TopHeight": 17.6}, "type": "Feature"}, {"geometry": {"coordinates": [[[833224.6840000004, 816270.4480000027], [833229.9030000009, 816276.8460000027], [833255.7400000012, 816255.1570000015], [833238.8140000012, 816234.6860000025], [833227.6410000008, 816244.3690000027], [833223.8490000004, 816247.6320000011], [833222.6070000008, 816248.7020000014], [833218.9270000011, 816251.8680000026], [833213.4030000009, 816256.6220000014], [833216.5300000012, 816260.4540000018], [833219.6490000011, 816264.2770000026], [833221.4830000009, 816266.5250000022], [833224.6840000004, 816270.4480000027]]], "type": "Polygon"}, "properties": {"BaseHeight": 17.6, "BuildingBlockType": "Podium", "BuildingCSUID": "3323416255P20060312", "BuildingID": 1103117297, "BuildingNameEN": "TOWER 125", "BuildingNameTC": "世銀花苑", "DateCreate": 1142092800000, "DateStamp": 1599580800000, "GeoRefNo": "3323416255", "OBJECTID": 232246, "Shape__Area": 885.4439330102263, "Shape__Length": 119.96637457780238, "Status": "Active", "Storeys": 6, "StoreysInBasement": null, "TopHeight": 38.4}, "type": "Feature"}, {"geometry": {"coordinates": [[[833463.9800000004, 816311.7130000014], [833466.7520000013, 816314.8450000025], [833475.3890000004, 816307.0430000015], [833475.0770000005, 816306.6890000012], [833474.4710000008, 816306.0020000022], [833472.574000001, 816303.8490000013], [833462.0870000012, 816291.9470000025], [833458.8600000013, 816288.2860000022], [833457.7570000011, 816287.0340000018], [833449.0920000011, 816294.779000001], [833453.4330000011, 816299.7970000021], [833463.9800000004, 816311.7130000014]]], "type": "Polygon"}, "properties": {"BaseHeight": 7.6, "BuildingBlockType": "Podium", "BuildingCSUID": "3345916298P20060312", "BuildingID": 1103117253, "BuildingNameEN": null, "BuildingNameTC": null, "DateCreate": 1142092800000, "DateStamp": 1599580800000, "GeoRefNo": "3345916298", "OBJECTID": 232248, "Shape__Area": 311.27059650277255, "Shape__Length": 76.6610082668806, "Status": "Active", "Storeys": 5, "StoreysInBasement": null, "TopHeight": 21.3}, "type": "Feature"}, {"geometry": {"coordinates": [[[833969.4745700005, 816247.1456500012], [833962.8929700004, 816237.9729500022], [833954.9499500012, 816243.7694900017], [833953.4244300006, 816244.8827600013], [833952.5450000009, 816245.5250000022], [833959.1273300005, 816254.7099900022], [833969.4745700005, 816247.1456500012]]], "type": "Polygon"}, "properties": {"BaseHeight": 3.4, "BuildingBlockType": "Podium", "BuildingCSUID": "3396016246P20060807", "BuildingID": 1103117325, "BuildingNameEN": "BOC GROUP LIFE ASSURANCE TOWER", "BuildingNameTC": "中銀集團人壽保險大廈", "DateCreate": 1154880000000, "DateStamp": 1599580800000, "GeoRefNo": "3396016246", "OBJECTID": 232249, "Shape__Area": 144.72902191512966, "Shape__Length": 48.217737697047795, "Status": "Active", "Storeys": 1, "StoreysInBasement": 1, "TopHeight": 19}, "type": "Feature"}, {"geometry": {"coordinates": [[[833294.4220000012, 816268.290000001], [833278.8200000012, 816249.4900000021], [833269.4300000006, 816257.2800000012], [833271.0310000004, 816259.2000000011], [833275.5000000009, 816264.5900000017], [833274.1936500007, 816265.6726000011], [833280.7060400005, 816273.6109200027], [833280.7251100009, 816273.6341600027], [833283.6570000006, 816277.2080000024], [833294.4220000012, 816268.290000001]]], "type": "Polygon"}, "properties": {"BaseHeight": 14.9, "BuildingBlockType": "Podium", "BuildingCSUID": "3328116263P20060312", "BuildingID": 1103117296, "BuildingNameEN": "KEE ON BUILDING", "BuildingNameTC": "祺安大廈", "DateCreate": 1142092800000, "DateStamp": 1599580800000, "GeoRefNo": "3328116263", "OBJECTID": 232252, "Shape__Area": 323.8873697456715, "Shape__Length": 76.72930212005943, "Status": "Active", "Storeys": 1, "StoreysInBasement": null, "TopHeight": 21.2}, "type": "Feature"}, {"geometry": {"coordinates": [[[833753.3230000008, 816674.1280000024], [833770.8200000012, 816669.535000002], [833799.631000001, 816661.8230000027], [833798.5940000005, 816657.961000001], [833789.1460000006, 816622.7710000016], [833788.2570000011, 816619.4620000012], [833760.2470000004, 816626.9640000015], [833750.0000000009, 816629.7077400014], [833742.0180000011, 816631.8450000025], [833683.5070000011, 816647.5150000025], [833664.6940000011, 816652.5530000012], [833636.7290000012, 816660.0420000013], [833637.5820000004, 816663.2320000026], [833647.1110000005, 816698.8620000016], [833648.0840000007, 816702.4980000015], [833750.0000000009, 816675.0140000023], [833753.3230000008, 816674.1280000024]]], "type": "Polygon"}, "properties": {"BaseHeight": 4, "BuildingBlockType": "Podium", "BuildingCSUID": "3371816660P20060312", "BuildingID": 1103116881, "BuildingNameEN": "HONG KONG - MACAU FERRY TERMINAL", "BuildingNameTC": "港澳客運碼頭", "DateCreate": 1142092800000, "DateStamp": 1413388800000, "GeoRefNo": "3371816660", "OBJECTID": 232370, "Shape__Area": 6879.569192300764, "Shape__Length": 401.58832651339657, "Status": "Active", "Storeys": null, "StoreysInBasement": null, "TopHeight": 21.3}, "type": "Feature"}, {"geometry": {"coordinates": [[[833428.7340000011, 816630.2700000014], [833427.9500000011, 816627.5640000012], [833406.8120000008, 816633.3330000024], [833412.6580000008, 816654.9920000024], [833415.4870000007, 816654.2670000009], [833415.0840000007, 816652.7420000024], [833431.6790000005, 816648.0670000017], [833427.0030000005, 816630.745000001], [833428.7340000011, 816630.2700000014]]], "type": "Polygon"}, "properties": {"BaseHeight": 4.5, "BuildingBlockType": "Podium", "BuildingCSUID": "3341916640P20060312", "BuildingID": 1103116893, "BuildingNameEN": null, "BuildingNameTC": null, "DateCreate": 1142092800000, "DateStamp": 1413388800000, "GeoRefNo": "3341916640", "OBJECTID": 232373, "Shape__Area": 429.87590000180614, "Shape__Length": 88.63819527231348, "Status": "Active", "Storeys": null, "StoreysInBasement": null, "TopHeight": 8.6}, "type": "Feature"}, {"geometry": {"coordinates": [[[833880.6080000009, 816313.8450000025], [833881.6430000011, 816315.6870000027], [833896.1080000009, 816314.1930000018], [833905.3820000011, 816313.2350000013], [833893.728000001, 816296.449000001], [833885.3100000005, 816297.8140000012], [833885.8090000004, 816298.5710000023], [833880.9960000012, 816301.3890000023], [833880.0050000008, 816299.6870000027], [833874.4260000009, 816302.8380000014], [833871.9470000006, 816298.4260000009], [833870.6460000006, 816296.1090000011], [833875.5260000005, 816293.3630000018], [833880.5360000012, 816295.0930000022], [833887.8440000005, 816291.3880000021], [833882.6560000004, 816283.9410000015], [833884.2030000007, 816282.7980000023], [833883.0790000008, 816281.1440000013], [833870.9230000004, 816263.2480000015], [833853.7070000004, 816237.9790000021], [833847.3010000009, 816228.5770000014], [833845.9570000004, 816229.7730000019], [833839.8850000007, 816235.1740000024], [833839.6800000006, 816240.3330000024], [833839.8940000013, 816245.4920000024], [833840.5270000007, 816250.6170000024], [833841.671000001, 816255.2660000026], [833843.1690000007, 816259.8140000012], [833845.0110000009, 816264.2330000009], [833846.5390000008, 816267.2260000017], [833847.188000001, 816268.4970000014], [833849.1410000008, 816271.7010000013], [833851.3170000007, 816274.7570000011], [833853.7040000008, 816277.6520000026], [833856.2920000004, 816280.3690000027], [833859.0660000006, 816282.8950000014], [833858.4910000004, 816286.2860000022], [833850.279000001, 816288.4810000025], [833855.0850000009, 816306.5260000024], [833857.4910000004, 816315.4600000009], [833865.5110000009, 816313.2750000022], [833866.4030000009, 816313.0850000009], [833868.4200000009, 816314.103000002], [833870.591000001, 816314.7260000017], [833872.8400000008, 816314.9320000019], [833875.6010000007, 816314.8000000026], [833880.0250000004, 816313.9900000021], [833880.6080000009, 816313.8450000025]]], "type": "Polygon"}, "properties": {"BaseHeight": 3.5, "BuildingBlockType": "Podium", "BuildingCSUID": "3386516280P20060312", "BuildingID": 1103117252, "BuildingNameEN": null, "BuildingNameTC": null, "DateCreate": 1142092800000, "DateStamp": 1413388800000, "GeoRefNo": "3386516280", "OBJECTID": 232439, "Shape__Area": 2282.411775508935, "Shape__Length": 300.2562852388177, "Status": "Active", "Storeys": null, "StoreysInBasement": null, "TopHeight": 49.6}, "type": "Feature"}, {"geometry": {"coordinates": [[[833229.6420000009, 816503.9900000021], [833234.637000001, 816495.7040000018], [833235.5680000009, 816493.9260000009], [833237.2250000006, 816494.8730000015], [833237.7600000007, 816493.9570000023], [833241.495000001, 816496.0900000017], [833241.9790000012, 816495.262000002], [833251.0590000004, 816479.7310000025], [833260.7880000006, 816480.0330000017], [833262.1350000007, 816478.7200000025], [833273.9670000011, 816467.9940000027], [833271.9770000009, 816465.9090000018], [833272.2060000012, 816460.512000002], [833273.739000001, 816458.5700000022], [833261.3660000004, 816448.5960000027], [833259.762000001, 816450.6300000027], [833255.7300000004, 816450.5660000015], [833254.347000001, 816448.3740000017], [833241.2680000011, 816457.6390000023], [833243.3910000008, 816460.5090000015], [833243.864000001, 816463.6210000012], [833241.5240000011, 816465.8400000017], [833236.9250000007, 816462.3060000017], [833233.0780000007, 816467.2500000019], [833231.9650000008, 816466.654000001], [833221.0240000011, 816485.529000001], [833218.6160000004, 816489.6820000019], [833215.9450000012, 816494.2910000011], [833215.7950000009, 816494.5490000024], [833215.6580000008, 816494.7860000022], [833218.9880000008, 816496.7210000027], [833229.6420000009, 816503.9900000021]]], "type": "Polygon"}, "properties": {"BaseHeight": 3.3, "BuildingBlockType": "Podium", "BuildingCSUID": "3324516474P20060312", "BuildingID": 1103116990, "BuildingNameEN": "QUEEN STREET COOKED FOOD MARKET", "BuildingNameTC": "皇后街熟食市場", "DateCreate": 1142092800000, "DateStamp": 1599580800000, "GeoRefNo": "3324516474", "OBJECTID": 233751, "Shape__Area": 1462.5953780212947, "Shape__Length": 189.9154081390847, "Status": "Active", "Storeys": 3, "StoreysInBasement": null, "TopHeight": 19.2}, "type": "Feature"}, {"geometry": {"coordinates": [[[833247.3281200007, 816347.3398400024], [833246.7690000013, 816346.8750000019], [833246.0703100013, 816346.2500000019], [833245.6800700007, 816346.0014100019], [833245.6782900011, 816346.0002800021], [833245.3789100004, 816345.8095700014], [833244.6289100004, 816345.4404300023], [833243.8593700007, 816345.1396500021], [833243.0585900005, 816344.9199200012], [833242.2382800011, 816344.7900400013], [833241.4101600004, 816344.7304700017], [833240.5781200007, 816344.7500000019], [833239.9220000012, 816344.8650000021], [833240.3320000004, 816347.074000001], [833240.9804700008, 816346.9902300015], [833241.6601600004, 816346.969730001], [833242.3398400005, 816347.0302700009], [833243.0000000009, 816347.1699200012], [833243.6406200007, 816347.3896500021], [833244.2617200008, 816347.6796900015], [833244.7207500013, 816347.9658100009], [833244.8398400005, 816348.0400400013], [833244.8512600008, 816348.0492800027], [833245.3710900005, 816348.469730001], [833245.8515600013, 816348.9502000026], [833246.2695300011, 816349.4902300015], [833246.6289100004, 816350.0703100022], [833246.9218700007, 816350.6796900015], [833247.0250000004, 816351.086000001], [833249.3280000007, 816350.8660000023], [833249.0898400005, 816350.1298800018], [833248.7500000009, 816349.370120002], [833248.3398400005, 816348.650390001], [833247.8710900005, 816347.969730001], [833247.3281200007, 816347.3398400024]]], "type": "Polygon"}, "properties": {"BaseHeight": null, "BuildingBlockType": "Open-sided Structure", "BuildingCSUID": "3324316346T20080228", "BuildingID": 1103122417, "BuildingNameEN": null, "BuildingNameTC": null, "DateCreate": 1204128000000, "DateStamp": 1302019200000, "GeoRefNo": "3324316346", "OBJECTID": 235042, "Shape__Area": 22.833131152831896, "Shape__Length": 25.34702137532604, "Status": "Active", "Storeys": null, "StoreysInBasement": null, "TopHeight": null}, "type": "Feature"}, {"geometry": {"coordinates": [[[833388.4300000006, 816400.8990000021], [833394.9240000006, 816408.2740000021], [833397.7040000008, 816405.8910000026], [833407.0130000012, 816397.9140000027], [833398.3200000012, 816392.3780000024], [833398.2000000011, 816392.4810000025], [833391.2060000012, 816398.5070000011], [833388.4300000006, 816400.8990000021]]], "type": "Polygon"}, "properties": {"BaseHeight": 3.7, "BuildingBlockType": "Podium", "BuildingCSUID": "3339716399P20060312", "BuildingID": 1103117121, "BuildingNameEN": null, "BuildingNameTC": null, "DateCreate": 1142092800000, "DateStamp": 1413388800000, "GeoRefNo": "3339716399", "OBJECTID": 235577, "Shape__Area": 142.62817150826444, "Shape__Length": 49.10805845625235, "Status": "Active", "Storeys": null, "StoreysInBasement": null, "TopHeight": 11.5}, "type": "Feature"}, {"geometry": {"coordinates": [[[833462.023000001, 816389.9580000024], [833461.4880000008, 816388.9420000017], [833460.0890000006, 816389.6360000018], [833459.9211100005, 816389.6925400011], [833459.8961800011, 816389.7009500023], [833459.6969700009, 816389.7390100025], [833459.4940000009, 816389.7490000017], [833459.4033000004, 816389.7414100021], [833459.2910000011, 816389.7320000026], [833459.1568300007, 816389.700670002], [833459.0940000005, 816389.6860000025], [833458.8219800005, 816389.5549700018], [833458.6481400011, 816389.4490600023], [833458.3290100005, 816389.1989900023], [833458.3286100011, 816389.1985900011], [833458.0520000011, 816388.9010000024], [833457.9318500012, 816388.737780001], [833444.8360200012, 816368.2110100016], [833444.7191000013, 816367.9961400013], [833444.5760000013, 816367.6160000023], [833444.5010300009, 816367.2171500027], [833444.4769800007, 816366.656990001], [833444.4980000006, 816366.4550000019], [833444.5237800004, 816366.335690001], [833444.5410000011, 816366.256000001], [833444.603000001, 816366.063000001], [833444.6504800012, 816365.9539900012], [833444.6840000004, 816365.8770000022], [833444.7079200009, 816365.8350800015], [833444.7850000011, 816365.7000000011], [833444.8617000012, 816365.5911800023], [833444.9020000007, 816365.5340000018], [833445.0360000012, 816365.381000001], [833445.1851000013, 816365.2429300025], [833445.347000001, 816365.120000001], [833445.5210000006, 816365.0150000025], [833445.754350001, 816364.8857300021], [833445.9379500011, 816364.7838900015], [833445.8820000011, 816364.6920000017], [833441.5650000004, 816367.5050000027], [833441.4070000006, 816367.6330000013], [833441.2650000006, 816367.779000001], [833441.1410000008, 816367.9400000013], [833441.0370000005, 816368.1140000019], [833440.9540000008, 816368.3000000026], [833440.8940000013, 816368.4940000027], [833440.8430000013, 816368.8720000014], [833440.3170000007, 816369.0760000013], [833447.409260001, 816387.281940002], [833453.2020000005, 816402.1520000026], [833458.3400000008, 816403.9320000019], [833465.0540000005, 816399.9930000026], [833460.5689700004, 816392.8470300026], [833460.4836600004, 816392.723360002], [833460.3930000011, 816392.592000002], [833460.307000001, 816392.4080000017], [833460.2783900006, 816392.3174800016], [833460.2460000012, 816392.2150000017], [833460.2100000009, 816392.0150000025], [833460.1999700004, 816391.8119900022], [833460.2055100007, 816391.7424500026], [833460.216000001, 816391.6100000013], [833460.2590000005, 816391.4109900016], [833460.3271000013, 816391.2197700012], [833460.506980001, 816390.867990002], [833460.637000001, 816390.7130000014], [833460.790000001, 816390.5790000018], [833460.9609800009, 816390.4690300021], [833461.1468400005, 816390.3870800026], [833462.023000001, 816389.9580000024]]], "type": "Polygon"}, "properties": {"BaseHeight": 3.3, "BuildingBlockType": "Podium", "BuildingCSUID": "3345216387P20060312", "BuildingID": 1103117129, "BuildingNameEN": "SHEUNG WAN MUNICIPAL SERVICES BUILDING", "BuildingNameTC": "上環市政大廈", "DateCreate": 1142092800000, "DateStamp": 1413388800000, "GeoRefNo": "3345216387", "OBJECTID": 235783, "Shape__Area": 318.8471044005234, "Shape__Length": 102.21571690669198, "Status": "Active", "Storeys": null, "StoreysInBasement": null, "TopHeight": 17.5}, "type": "Feature"}, {"geometry": {"coordinates": [[[833666.509730001, 816405.9209300019], [833665.8314500004, 816403.2523100022], [833663.1995700011, 816392.6300600022], [833637.7794900006, 816399.7846600022], [833633.7042300012, 816400.8874900024], [833637.1421100004, 816414.2327300012], [833641.4410000006, 816413.0710000023], [833666.509730001, 816405.9209300019]]], "type": "Polygon"}, "properties": {"BaseHeight": 3, "BuildingBlockType": "Podium", "BuildingCSUID": "3364916403P20060312", "BuildingID": 1103117114, "BuildingNameEN": "HING YIP COMMERCIAL CENTRE", "BuildingNameTC": "興業商業中心", "DateCreate": 1142092800000, "DateStamp": 1413388800000, "GeoRefNo": "3364916403", "OBJECTID": 235976, "Shape__Area": 420.077560178684, "Shape__Length": 88.62900518143802, "Status": "Active", "Storeys": null, "StoreysInBasement": null, "TopHeight": 19.7}, "type": "Feature"}, {"geometry": {"coordinates": [[[833203.8849500008, 816421.232210001], [833207.4152000006, 816423.6169900019], [833214.9552300004, 816410.789090002], [833188.0791700007, 816392.8533300012], [833184.293730001, 816407.9978100024], [833186.7930700006, 816409.6861800011], [833203.8849500008, 816421.232210001]]], "type": "Polygon"}, "properties": {"BaseHeight": 4.6, "BuildingBlockType": "Podium", "BuildingCSUID": "3319816408P20060312", "BuildingID": 1103117100, "BuildingNameEN": "HOLLYWOOD CENTRE", "BuildingNameTC": "荷李活中心", "DateCreate": 1142092800000, "DateStamp": 1413388800000, "GeoRefNo": "3319816408", "OBJECTID": 235979, "Shape__Area": 444.64382051307865, "Shape__Length": 90.70407713793684, "Status": "Active", "Storeys": null, "StoreysInBasement": null, "TopHeight": 21.3}, "type": "Feature"}, {"geometry": {"coordinates": [[[833632.6980000008, 816489.4230000023], [833641.2200000007, 816487.131000001], [833645.1750000007, 816486.0670000017], [833638.0880000005, 816459.6910000015], [833625.6100000013, 816463.0620000027], [833632.6980000008, 816489.4230000023]]], "type": "Polygon"}, "properties": {"BaseHeight": 3.8, "BuildingBlockType": "Podium", "BuildingCSUID": "3363516474P20060312", "BuildingID": 1103117008, "BuildingNameEN": "DAWNING HOUSE", "BuildingNameTC": "多寧大廈", "DateCreate": 1142092800000, "DateStamp": 1413388800000, "GeoRefNo": "3363516474", "OBJECTID": 237370, "Shape__Area": 352.8530389875261, "Shape__Length": 80.45459512918117, "Status": "Active", "Storeys": null, "StoreysInBasement": null, "TopHeight": 19.8}, "type": "Feature"}, {"geometry": {"coordinates": [[[833340.0620000008, 816517.6800000016], [833330.9343200009, 816506.9171400014], [833332.8543700008, 816505.3021400012], [833327.3202900011, 816499.0938000027], [833325.9872800009, 816500.3363500014], [833316.7140000006, 816489.4790000021], [833300.5577800004, 816504.0121900011], [833301.7275900012, 816505.3757900018], [833301.7357400004, 816505.3852900025], [833303.4778900007, 816507.4160400014], [833310.516210001, 816515.620480001], [833319.7570000011, 816507.6360000018], [833327.2490000008, 816516.2580000013], [833328.7990000006, 816514.9130000025], [833334.9090000009, 816522.1180000026], [833340.0620000008, 816517.6800000016]]], "type": "Polygon"}, "properties": {"BaseHeight": 3, "BuildingBlockType": "Podium", "BuildingCSUID": "3331516507P20060312", "BuildingID": 1103116978, "BuildingNameEN": "GOLDEN SUN CENTRE", "BuildingNameTC": "金日集團中心", "DateCreate": 1142092800000, "DateStamp": 1599580800000, "GeoRefNo": "3331516507", "OBJECTID": 237371, "Shape__Area": 522.0337786590013, "Shape__Length": 119.99887593989794, "Status": "Active", "Storeys": 1, "StoreysInBasement": null, "TopHeight": 12.6}, "type": "Feature"}, {"geometry": {"coordinates": [[[833708.0430000005, 816447.6530000027], [833679.7610000009, 816455.2200000025], [833685.2040000008, 816475.6790000014], [833713.5830000006, 816467.9320000019], [833713.1730000004, 816466.4300000016], [833711.6570000006, 816460.8820000011], [833708.0430000005, 816447.6530000027]]], "type": "Polygon"}, "properties": {"BaseHeight": 3.7, "BuildingBlockType": "Podium", "BuildingCSUID": "3369616461P20060312", "BuildingID": 1103117023, "BuildingNameEN": "ALLIANCE BUILDING", "BuildingNameTC": "誠信大廈", "DateCreate": 1142092800000, "DateStamp": 1413388800000, "GeoRefNo": "3369616461", "OBJECTID": 237374, "Shape__Area": 619.1133689668322, "Shape__Length": 100.88698372381175, "Status": "Active", "Storeys": null, "StoreysInBasement": null, "TopHeight": 21.4}, "type": "Feature"}, {"geometry": {"coordinates": [[[833278.029670001, 816328.950600002], [833277.9800000004, 816328.058000002], [833276.1220000004, 816329.1910000015], [833276.4383300012, 816330.4639300015], [833276.7035600012, 816331.415620001], [833277.046790001, 816332.3517000023], [833277.4296900006, 816333.1904300023], [833277.7830000008, 816333.8920000009], [833278.3593700007, 816334.7402300015], [833278.9296900006, 816335.4404300023], [833279.5585900005, 816336.0898400024], [833280.2382800011, 816336.6796900015], [833280.9280000012, 816337.2550000027], [833282.3984400006, 816336.0000000019], [833281.7500000009, 816335.5498000011], [833281.1289100004, 816335.0498000011], [833280.4670000011, 816334.3410000019], [833280.0390600013, 816333.900390001], [833279.5781200007, 816333.2597700022], [833279.1718700007, 816332.5800800025], [833278.8203100013, 816331.870120002], [833278.5390600013, 816331.1298800018], [833278.3085900005, 816330.370120002], [833278.029670001, 816328.950600002]]], "type": "Polygon"}, "properties": {"BaseHeight": null, "BuildingBlockType": "Open-sided Structure", "BuildingCSUID": "3327816333T20080228", "BuildingID": 1103122513, "BuildingNameEN": null, "BuildingNameTC": null, "DateCreate": 1204128000000, "DateStamp": 1306684800000, "GeoRefNo": "3327816333", "OBJECTID": 237873, "Shape__Area": 17.66402961173039, "Shape__Length": 23.214774352037313, "Status": "Active", "Storeys": null, "StoreysInBasement": null, "TopHeight": null}, "type": "Feature"}, {"geometry": {"coordinates": [[[833449.925640001, 816477.4129100014], [833441.372680001, 816479.3108900022], [833445.9546300005, 816500.0802800022], [833454.7169400007, 816498.1154000014], [833449.925640001, 816477.4129100014]]], "type": "Polygon"}, "properties": {"BaseHeight": 18.4, "BuildingBlockType": "Tower", "BuildingCSUID": "3344816489T20171207", "BuildingID": 1810169399, "BuildingNameEN": "CM+ Hotels And Serviced Apartments", "BuildingNameTC": "壹棠酒店及服務式公寓", "DateCreate": 1512576000000, "DateStamp": 1599580800000, "GeoRefNo": "3344816489", "OBJECTID": 238260, "Shape__Area": 188.5760880305188, "Shape__Length": 60.25942848770896, "Status": "Active", "Storeys": 24, "StoreysInBasement": null, "TopHeight": 104}, "type": "Feature"}, {"geometry": {"coordinates": [[[833977.4066200005, 816355.6963700019], [834001.6742400005, 816340.5733500011], [833992.5946500013, 816326.0556200016], [833988.8746700007, 816320.1075800024], [833980.7368500009, 816325.1845100019], [833964.6263400009, 816335.2353500016], [833977.4066200005, 816355.6963700019]]], "type": "Polygon"}, "properties": {"BaseHeight": 3.8, "BuildingBlockType": "Tower", "BuildingCSUID": "3398616347T20050430", "BuildingID": 1103122369, "BuildingNameEN": "C T G House", "BuildingNameTC": "中旅集團大廈", "DateCreate": 1114790400000, "DateStamp": 1602432000000, "GeoRefNo": "3398616347", "OBJECTID": 238365, "Shape__Area": 689.853139951108, "Shape__Length": 105.43750791397449, "Status": "Active", "Storeys": 24, "StoreysInBasement": null, "TopHeight": 92.5}, "type": "Feature"}, {"geometry": {"coordinates": [[[833563.0797700007, 816284.0063900016], [833562.7530000005, 816284.3250000011], [833562.7533300007, 816284.3255000021], [833567.8529500011, 816292.1382900011], [833573.7882000012, 816301.2312700022], [833574.1514200009, 816300.9901400022], [833581.4828700004, 816296.1229200009], [833571.0425900007, 816280.0835300013], [833568.7401200011, 816280.205910001], [833563.0797700007, 816284.0063900016]]], "type": "Polygon"}, "properties": {"BaseHeight": 3.6, "BuildingBlockType": "Podium", "BuildingCSUID": "3357216290P20110317", "BuildingID": 1810059883, "BuildingNameEN": "THE JERVOIS", "BuildingNameTC": "THE JERVOIS", "DateCreate": 1300291200000, "DateStamp": 1599580800000, "GeoRefNo": "3357216290", "OBJECTID": 241727, "Shape__Area": 186.5074846756924, "Shape__Length": 58.142946901555035, "Status": "Active", "Storeys": 3, "StoreysInBasement": null, "TopHeight": 16.1}, "type": "Feature"}, {"geometry": {"coordinates": [[[833652.8575900011, 816367.6223300025], [833661.0121400012, 816365.2599400021], [833659.861010001, 816361.0609600022], [833658.3635500008, 816355.598720001], [833650.1809100006, 816357.906990001], [833652.8575900011, 816367.6223300025]]], "type": "Polygon"}, "properties": {"BaseHeight": 3, "BuildingBlockType": "Tower", "BuildingCSUID": "3365516361T20110321", "BuildingID": 1103122271, "BuildingNameEN": "Homy Hotel Central", "BuildingNameTC": "灝美中環酒店", "DateCreate": 1300636800000, "DateStamp": 1599580800000, "GeoRefNo": "3365516361", "OBJECTID": 242861, "Shape__Area": 85.35779510377729, "Shape__Length": 37.08685151241357, "Status": "Active", "Storeys": 13, "StoreysInBasement": null, "TopHeight": 48.3}, "type": "Feature"}, {"geometry": {"coordinates": [[[833750.9560000012, 816636.7940000016], [833754.9570000004, 816635.8060000017], [833754.404000001, 816633.1850000024], [833750.0760000013, 816634.3040000014], [833750.9560000012, 816636.7940000016]]], "type": "Polygon"}, "properties": {"BaseHeight": 21.3, "BuildingBlockType": "Tower", "BuildingCSUID": "3375216635T20060207", "BuildingID": 1103120804, "BuildingNameEN": null, "BuildingNameTC": null, "DateCreate": 1139241600000, "DateStamp": 1497888000000, "GeoRefNo": "3375216635", "OBJECTID": 245114, "Shape__Area": 11.397212497017719, "Shape__Length": 13.911131607049079, "Status": "Active", "Storeys": null, "StoreysInBasement": null, "TopHeight": 24.4}, "type": "Feature"}, {"geometry": {"coordinates": [[[833562.599750001, 816570.638960002], [833565.6586500006, 816569.8281400017], [833564.7456200011, 816566.4412700012], [833561.6824700013, 816567.2451600023], [833562.599750001, 816570.638960002]]], "type": "Polygon"}, "properties": {"BaseHeight": 3.9, "BuildingBlockType": "Tower", "BuildingCSUID": "3356416569T20180327", "BuildingID": 1810173089, "BuildingNameEN": null, "BuildingNameTC": null, "DateCreate": 1522080000000, "DateStamp": 1522166400000, "GeoRefNo": "3356416569", "OBJECTID": 245296, "Shape__Area": 11.11675515804058, "Shape__Length": 13.35477303629014, "Status": "Active", "Storeys": null, "StoreysInBasement": null, "TopHeight": 18.1}, "type": "Feature"}, {"geometry": {"coordinates": [[[833984.1361200009, 816538.725490002], [833982.6127700005, 816537.1163000017], [833981.0721300012, 816538.647590002], [833982.5364900008, 816540.2337500025], [833984.1361200009, 816538.725490002]]], "type": "Polygon"}, "properties": {"BaseHeight": 3.6, "BuildingBlockType": "Tower", "BuildingCSUID": "3398216538T20050430", "BuildingID": 1103121208, "BuildingNameEN": null, "BuildingNameTC": null, "DateCreate": 1114790400000, "DateStamp": 1499011200000, "GeoRefNo": "3398216538", "OBJECTID": 245315, "Shape__Area": 4.778888919373725, "Shape__Length": 8.7453860613547, "Status": "Active", "Storeys": null, "StoreysInBasement": null, "TopHeight": 5.1}, "type": "Feature"}, {"geometry": {"coordinates": [[[833971.3959800005, 816528.6701800022], [833972.8888100004, 816527.2300000023], [833971.3077300005, 816525.6225200016], [833969.8361800006, 816527.0851500016], [833971.3959800005, 816528.6701800022]]], "type": "Polygon"}, "properties": {"BaseHeight": 3.6, "BuildingBlockType": "Tower", "BuildingCSUID": "3397116527T20050430", "BuildingID": 1103121281, "BuildingNameEN": null, "BuildingNameTC": null, "DateCreate": 1114790400000, "DateStamp": 1499011200000, "GeoRefNo": "3397116527", "OBJECTID": 245318, "Shape__Area": 4.645297667285265, "Shape__Length": 8.6276054022907, "Status": "Active", "Storeys": null, "StoreysInBasement": null, "TopHeight": 5.1}, "type": "Feature"}, {"geometry": {"coordinates": [[[833976.5197300008, 816530.9215400014], [833974.9757000012, 816529.3517300021], [833973.4610200012, 816530.8136300016], [833975.0114000011, 816532.4228900019], [833976.5197300008, 816530.9215400014]]], "type": "Polygon"}, "properties": {"BaseHeight": 3.6, "BuildingBlockType": "Tower", "BuildingCSUID": "3397516531T20050430", "BuildingID": 1103121267, "BuildingNameEN": null, "BuildingNameTC": null, "DateCreate": 1114790400000, "DateStamp": 1499011200000, "GeoRefNo": "3397516531", "OBJECTID": 245319, "Shape__Area": 4.694967707334191, "Shape__Length": 8.669745226368732, "Status": "Active", "Storeys": null, "StoreysInBasement": null, "TopHeight": 5.1}, "type": "Feature"}, {"geometry": {"coordinates": [[[833542.2703200011, 816327.5201000012], [833544.9343400011, 816326.136210002], [833545.4809800005, 816325.560990002], [833537.3638200006, 816312.3410600014], [833534.2347600004, 816314.9753400013], [833540.0079200007, 816324.2898400016], [833540.5468200007, 816325.1593100019], [833542.2703200011, 816327.5201000012]]], "type": "Polygon"}, "properties": {"BaseHeight": 4.3, "BuildingBlockType": "Tower", "BuildingCSUID": "3353916319T20050430", "BuildingID": 1103122565, "BuildingNameEN": "Fook Hing Building", "BuildingNameTC": "福興樓", "DateCreate": 1114790400000, "DateStamp": 1599580800000, "GeoRefNo": "3353916319", "OBJECTID": 247260, "Shape__Area": 61.09742912451937, "Shape__Length": 38.30333113199595, "Status": "Active", "Storeys": 6, "StoreysInBasement": null, "TopHeight": 23.5}, "type": "Feature"}, {"geometry": {"coordinates": [[[833496.6901800008, 816323.7151100021], [833504.5954800006, 816313.2035700027], [833496.0402000006, 816306.4189500026], [833491.647210001, 816312.6350300014], [833490.748780001, 816314.8547600023], [833496.6901800008, 816323.7151100021]]], "type": "Polygon"}, "properties": {"BaseHeight": 7.3, "BuildingBlockType": "Tower", "BuildingCSUID": "3349816312T20050430", "BuildingID": 1103122598, "BuildingNameEN": "Teng Fuh Commercial Building", "BuildingNameTC": "登富商業大廈", "DateCreate": 1114790400000, "DateStamp": 1599580800000, "GeoRefNo": "3349816312", "OBJECTID": 247261, "Shape__Area": 122.36725903842631, "Shape__Length": 44.74574197461854, "Status": "Active", "Storeys": 21, "StoreysInBasement": null, "TopHeight": 79.9}, "type": "Feature"}, {"geometry": {"coordinates": [[[833914.5475000013, 816289.5761700012], [833925.1053900011, 816282.9382800013], [833928.213750001, 816280.9837000016], [833917.0700500011, 816264.7655900009], [833903.9515200006, 816273.4276800025], [833909.6227700012, 816282.0707900021], [833909.6342900004, 816282.0883400012], [833912.0892900005, 816285.8298000023], [833913.2339400006, 816287.5742800012], [833914.5475000013, 816289.5761700012]]], "type": "Polygon"}, "properties": {"BaseHeight": 3.7, "BuildingBlockType": "Tower", "BuildingCSUID": "3391916275T20050430", "BuildingID": 1103122855, "BuildingNameEN": "Willy Commercial Building", "BuildingNameTC": "永吉利商業大廈", "DateCreate": 1114790400000, "DateStamp": 1599580800000, "GeoRefNo": "3391916275", "OBJECTID": 247444, "Shape__Area": 310.51188057810197, "Shape__Length": 70.85540308836806, "Status": "Active", "Storeys": 12, "StoreysInBasement": null, "TopHeight": 55.7}, "type": "Feature"}, {"geometry": {"coordinates": [[[833732.1650300007, 816266.3921100013], [833732.557190001, 816264.307980001], [833737.7891300004, 816265.5752700027], [833738.5127700008, 816260.890920002], [833740.4391200012, 816245.2971600015], [833735.8074500011, 816243.3143900018], [833728.0787000004, 816240.182140002], [833722.8504600013, 816239.014080001], [833719.3429000005, 816260.4410500024], [833719.4257800011, 816260.462290002], [833724.8320900006, 816261.8477100022], [833724.5211000005, 816264.0442100018], [833724.3350500008, 816265.3526100013], [833728.2188500008, 816266.1698400024], [833729.9354100004, 816266.5310400017], [833732.0549700009, 816266.9770400021], [833732.1650300007, 816266.3921100013]]], "type": "Polygon"}, "properties": {"BaseHeight": 3.7, "BuildingBlockType": "Tower", "BuildingCSUID": "3372916243T20050430", "BuildingID": 1103123057, "BuildingNameEN": "Wing Cheong Commercial Building", "BuildingNameTC": "永昌商業大廈", "DateCreate": 1114790400000, "DateStamp": 1599580800000, "GeoRefNo": "3372916243", "OBJECTID": 247446, "Shape__Area": 426.2584609123163, "Shape__Length": 86.09370685614857, "Status": "Active", "Storeys": 20, "StoreysInBasement": null, "TopHeight": 76.3}, "type": "Feature"}, {"geometry": {"coordinates": [[[833925.0539600011, 816262.5629600026], [833934.8883900009, 816276.9272900019], [833948.391160001, 816268.1037000027], [833938.3688600007, 816253.5160000026], [833925.0539600011, 816262.5629600026]]], "type": "Polygon"}, "properties": {"BaseHeight": 3.5, "BuildingBlockType": "Tower", "BuildingCSUID": "3393116266T20050430", "BuildingID": 1103122975, "BuildingNameEN": "Harvest Building", "BuildingNameTC": "恒豐大廈", "DateCreate": 1114790400000, "DateStamp": 1599580800000, "GeoRefNo": "3393116266", "OBJECTID": 247447, "Shape__Area": 282.819168158396, "Shape__Length": 67.33488393763884, "Status": "Active", "Storeys": 14, "StoreysInBasement": null, "TopHeight": 59.3}, "type": "Feature"}, {"geometry": {"coordinates": [[[833306.4954900006, 816258.2140300013], [833302.518170001, 816253.4976600017], [833300.1141300006, 816255.5154100023], [833298.477690001, 816253.6190500017], [833297.2233900009, 816254.6437100023], [833293.4730400005, 816257.7240100019], [833299.0647000009, 816264.339300001], [833302.8045700006, 816261.2565200012], [833306.4954900006, 816258.2140300013]]], "type": "Polygon"}, "properties": {"BaseHeight": 15.8, "BuildingBlockType": "Tower", "BuildingCSUID": "3330216259T20050430", "BuildingID": 1103123075, "BuildingNameEN": "Hing Po Building", "BuildingNameTC": null, "DateCreate": 1114790400000, "DateStamp": 1599580800000, "GeoRefNo": "3330216259", "OBJECTID": 247448, "Shape__Area": 75.50781788129623, "Shape__Length": 36.577598311166604, "Status": "Active", "Storeys": 6, "StoreysInBasement": null, "TopHeight": 37.9}, "type": "Feature"}, {"geometry": {"coordinates": [[[833532.1380900005, 816421.851400001], [833530.0198300006, 816412.3500500023], [833529.1259500012, 816411.8243500013], [833519.3068200005, 816413.964780001], [833518.281080001, 816415.7037400026], [833516.8678300008, 816414.4964400027], [833510.5949000008, 816415.8638500012], [833506.5449700011, 816422.0700400025], [833507.7250300013, 816427.5893900022], [833509.6983500011, 816428.7596700024], [833508.3594400007, 816430.5561900027], [833510.3841500012, 816440.0263000019], [833511.6276200004, 816440.6826800015], [833519.7979400009, 816439.1128800027], [833532.1380900005, 816421.851400001]]], "type": "Polygon"}, "properties": {"BaseHeight": 3.7, "BuildingBlockType": "Tower", "BuildingCSUID": "3352416430T20050430", "BuildingID": 1103121802, "BuildingNameEN": "West Exchange Tower", "BuildingNameTC": null, "DateCreate": 1114790400000, "DateStamp": 1599580800000, "GeoRefNo": "3352416430", "OBJECTID": 249160, "Shape__Area": 486.7177814332838, "Shape__Length": 89.33763960363848, "Status": "Active", "Storeys": 22, "StoreysInBasement": null, "TopHeight": 109}, "type": "Feature"}, {"geometry": {"coordinates": [[[833303.521470001, 816525.7749000024], [833304.568380001, 816524.8530300017], [833302.5699500004, 816522.5098400023], [833303.8617200004, 816521.3703800011], [833296.838200001, 816513.1415500026], [833293.9657900007, 816509.7760900017], [833290.3462800011, 816512.9411600027], [833298.9616800006, 816523.0503600016], [833300.2471900005, 816524.5587500017], [833302.2207400007, 816526.9202900026], [833303.521470001, 816525.7749000024]]], "type": "Polygon"}, "properties": {"BaseHeight": 3, "BuildingBlockType": "Tower", "BuildingCSUID": "3329516514T20050430", "BuildingID": 1103121296, "BuildingNameEN": "Lam Kee Building", "BuildingNameTC": "林記大廈", "DateCreate": 1114790400000, "DateStamp": 1599580800000, "GeoRefNo": "3329516514", "OBJECTID": 249568, "Shape__Area": 83.00362876162163, "Shape__Length": 46.32353434255137, "Status": "Active", "Storeys": 6, "StoreysInBasement": null, "TopHeight": 27.6}, "type": "Feature"}, {"geometry": {"coordinates": [[[833429.527230001, 816323.2173300013], [833432.6736900005, 816320.5135400016], [833430.864240001, 816318.5243500024], [833433.8189700004, 816315.9927900024], [833424.7644000007, 816305.8382800017], [833419.0998300007, 816311.0533300024], [833429.527230001, 816323.2173300013]]], "type": "Polygon"}, "properties": {"BaseHeight": 11.9, "BuildingBlockType": "Tower", "BuildingCSUID": "3342716314T20050430", "BuildingID": 1103122605, "BuildingNameEN": "Lok Ku Road Public Toilet", "BuildingNameTC": "樂古道公廁", "DateCreate": 1114790400000, "DateStamp": 1785081600000, "GeoRefNo": "3342716314", "OBJECTID": 252047, "Shape__Area": 116.4741867783081, "Shape__Length": 48.054938961876815, "Status": "Active", "Storeys": 3, "StoreysInBasement": 1, "TopHeight": 22.4}, "type": "Feature"}, {"geometry": {"coordinates": [[[833342.8355800007, 816317.4645200018], [833329.3084300011, 816301.5860400014], [833327.0831900006, 816303.486060001], [833325.7321800012, 816304.6396200024], [833328.6276000012, 816308.063000001], [833322.9632200012, 816312.956480002], [833326.0253700009, 816316.5668200012], [833331.7238800004, 816311.7267800011], [833333.328230001, 816313.6251700018], [833327.5562800011, 816318.3683600016], [833330.7360400008, 816322.1208900027], [833336.4319900004, 816317.2904900014], [833339.1829600008, 816320.5430700015], [833342.8355800007, 816317.4645200018]]], "type": "Polygon"}, "properties": {"BaseHeight": 15.2, "BuildingBlockType": "Tower", "BuildingCSUID": "3333216317T20050430", "BuildingID": 1103122615, "BuildingNameEN": "Po Thai Building", "BuildingNameTC": "寶泰大廈", "DateCreate": 1114790400000, "DateStamp": 1599580800000, "GeoRefNo": "3333216317", "OBJECTID": 252048, "Shape__Area": 170.76745049399528, "Shape__Length": 81.12167298050781, "Status": "Active", "Storeys": 27, "StoreysInBasement": null, "TopHeight": 92.4}, "type": "Feature"}, {"geometry": {"coordinates": [[[833613.643720001, 816308.1040700022], [833609.5446600011, 816302.033640001], [833604.4997400008, 816305.596640002], [833606.2192800008, 816307.9874600023], [833602.6812800011, 816310.607470002], [833611.4960800009, 816322.9986000024], [833614.8511200007, 816320.5270700026], [833616.5454100007, 816322.9049900025], [833621.436900001, 816319.6452700011], [833614.7283500005, 816309.7103400026], [833613.643720001, 816308.1040700022]]], "type": "Polygon"}, "properties": {"BaseHeight": 12.9, "BuildingBlockType": "Tower", "BuildingCSUID": "3361116313T20050430", "BuildingID": 1103122606, "BuildingNameEN": "Kam Fung Building", "BuildingNameTC": "金豐大廈", "DateCreate": 1114790400000, "DateStamp": 1599580800000, "GeoRefNo": "3361116313", "OBJECTID": 252049, "Shape__Area": 192.6232561050366, "Shape__Length": 62.946099638712894, "Status": "Active", "Storeys": 11, "StoreysInBasement": null, "TopHeight": 50.3}, "type": "Feature"}, {"geometry": {"coordinates": [[[833429.8996400004, 816305.3100300021], [833430.7603700012, 816306.3013900016], [833431.6210100008, 816307.2927600015], [833432.4817400007, 816308.2841000017], [833433.3424700005, 816309.2754600011], [833434.2032000013, 816310.2668200023], [833434.9873400005, 816311.1700300016], [833445.9101400012, 816323.750930002], [833457.9487200007, 816315.3640900012], [833440.9775400013, 816295.8209400009], [833429.8996400004, 816305.3100300021]]], "type": "Polygon"}, "properties": {"BaseHeight": 22.5, "BuildingBlockType": "Tower", "BuildingCSUID": "3344416309T20050517", "BuildingID": 1103122597, "BuildingNameEN": "Hua Qin International Building", "BuildingNameTC": "華秦國際大廈", "DateCreate": 1116259200000, "DateStamp": 1599580800000, "GeoRefNo": "3344416309", "OBJECTID": 252050, "Shape__Area": 366.90881259705776, "Shape__Length": 79.56321360378483, "Status": "Active", "Storeys": 19, "StoreysInBasement": null, "TopHeight": 83}, "type": "Feature"}, {"geometry": {"coordinates": [[[833512.5584500004, 816303.2621300016], [833512.4385600006, 816303.1764800027], [833509.3535200004, 816300.9726600014], [833509.505760001, 816300.6168400012], [833505.5646200012, 816297.6485400014], [833505.7424000008, 816297.3180800024], [833503.6025600005, 816295.6965000015], [833500.6005000006, 816299.9530600011], [833504.5509700011, 816302.730560001], [833501.1224900009, 816307.332390001], [833502.8005500007, 816308.448470002], [833502.1909800004, 816309.1350300014], [833505.0133000007, 816311.189910002], [833508.8987100013, 816305.7746600024], [833509.602020001, 816306.2945900019], [833516.6537300004, 816311.508150002], [833520.2600500006, 816306.7283000015], [833514.742420001, 816302.4913800023], [833513.6504900008, 816304.0422100015], [833512.5584500004, 816303.2621300016]]], "type": "Polygon"}, "properties": {"BaseHeight": 11.8, "BuildingBlockType": "Tower", "BuildingCSUID": "3351416307T20050430", "BuildingID": 1103122689, "BuildingNameEN": "Carbo Mansion", "BuildingNameTC": "嘉寶大廈", "DateCreate": 1114790400000, "DateStamp": 1599580800000, "GeoRefNo": "3351416307", "OBJECTID": 252259, "Shape__Area": 134.78695775567263, "Shape__Length": 67.01311781065726, "Status": "Active", "Storeys": 22, "StoreysInBasement": null, "TopHeight": 74.9}, "type": "Feature"}, {"geometry": {"coordinates": [[[833567.8529500011, 816292.1382900011], [833554.328160001, 816300.9549800027], [833558.8153100004, 816307.8738800026], [833560.1753200004, 816309.9709700011], [833568.5694400007, 816304.7488200013], [833573.9141300004, 816301.4238000009], [833573.7882000012, 816301.2312700022], [833567.8529500011, 816292.1382900011]]], "type": "Polygon"}, "properties": {"BaseHeight": 20.5, "BuildingBlockType": "Tower", "BuildingCSUID": "3356416300T20050519", "BuildingID": 1103122705, "BuildingNameEN": "Tung Lee Commercial Building", "BuildingNameTC": "東利商業大廈", "DateCreate": 1116432000000, "DateStamp": 1599580800000, "GeoRefNo": "3356416300", "OBJECTID": 252260, "Shape__Area": 176.43352824597355, "Shape__Length": 54.16000387967202, "Status": "Active", "Storeys": 19, "StoreysInBasement": null, "TopHeight": 73.7}, "type": "Feature"}, {"geometry": {"coordinates": [[[833727.6051000012, 816275.6369100027], [833715.1686900007, 816273.4377900027], [833714.7124300012, 816274.8779200017], [833714.4235200007, 816276.8264500014], [833713.0043000011, 816286.3982800022], [833712.4366700007, 816290.2266500015], [833711.8640500009, 816294.0885900017], [833726.2875200007, 816294.9408200011], [833727.6051000012, 816275.6369100027]]], "type": "Polygon"}, "properties": {"BaseHeight": 20.5, "BuildingBlockType": "Tower", "BuildingCSUID": "3372016285T20050430", "BuildingID": 1103122813, "BuildingNameEN": "The Pemberton", "BuildingNameTC": "柏廷坊", "DateCreate": 1114790400000, "DateStamp": 1599580800000, "GeoRefNo": "3372016285", "OBJECTID": 252261, "Shape__Area": 274.15215072634743, "Shape__Length": 67.35816203391508, "Status": "Active", "Storeys": 19, "StoreysInBasement": null, "TopHeight": 82.1}, "type": "Feature"}, {"geometry": {"coordinates": [[[833265.0113100009, 816286.8632300012], [833268.9171700012, 816283.5822500009], [833265.2135000005, 816278.988020001], [833265.8363200007, 816278.4859300014], [833264.7066200012, 816277.0845800024], [833262.8381600007, 816278.5908500012], [833260.9553200006, 816276.2552800011], [833261.4224300012, 816275.8787100017], [833262.0452500004, 816275.3766200021], [833260.915550001, 816273.9752700012], [833260.2927300008, 816274.4773700014], [833257.3526400011, 816270.8303200025], [833254.0828300007, 816273.4663000014], [833254.3967200005, 816273.8556600027], [833255.9661500007, 816275.8024600018], [833253.3671700004, 816277.9959000014], [833251.7977400012, 816276.0490900017], [833251.4838500004, 816275.6597300023], [833248.2140500005, 816278.2957100011], [833251.0770700006, 816281.8471500017], [833250.4614900006, 816282.3582300022], [833251.591310001, 816283.7597200014], [833252.206890001, 816283.2486500014], [833252.6685800012, 816282.8653400019], [833254.5518000005, 816285.2013900019], [833252.7137400005, 816286.7453800011], [833253.8436800009, 816288.1470100023], [833254.4563600011, 816287.6323500015], [833258.3483600011, 816292.4601900019], [833262.2542200005, 816289.1792200021], [833259.6804900011, 816285.986610001], [833261.059030001, 816284.8286200017], [833262.437570001, 816283.6706300024], [833265.0113100009, 816286.8632300012]]], "type": "Polygon"}, "properties": {"BaseHeight": 21, "BuildingBlockType": "Tower", "BuildingCSUID": "3325716284T20050430", "BuildingID": 1103122836, "BuildingNameEN": "Tai Ping Mansion", "BuildingNameTC": "太平大樓", "DateCreate": 1114790400000, "DateStamp": 1599580800000, "GeoRefNo": "3325716284", "OBJECTID": 252262, "Shape__Area": 196.8905820310415, "Shape__Length": 85.15768196685076, "Status": "Active", "Storeys": 22, "StoreysInBasement": null, "TopHeight": 84.9}, "type": "Feature"}, {"geometry": {"coordinates": [[[833303.8617200004, 816521.3703800011], [833308.1113300007, 816517.6985300016], [833310.516210001, 816515.620480001], [833303.4778900007, 816507.4160400014], [833296.838200001, 816513.1415500026], [833303.8617200004, 816521.3703800011]]], "type": "Polygon"}, "properties": {"BaseHeight": 19.4, "BuildingBlockType": "Tower", "BuildingCSUID": "3330116512T20050430", "BuildingID": 1103121327, "BuildingNameEN": "Shing Lee Yuen Building", "BuildingNameTC": "成利源大廈", "DateCreate": 1114790400000, "DateStamp": 1599580800000, "GeoRefNo": "3330116512", "OBJECTID": 252264, "Shape__Area": 94.95832889662836, "Shape__Length": 39.19031751908727, "Status": "Active", "Storeys": 15, "StoreysInBasement": null, "TopHeight": 47.4}, "type": "Feature"}, {"geometry": {"coordinates": [[[833421.8123600008, 816353.2501000017], [833418.1915800013, 816354.6287600026], [833421.7972600004, 816364.1852600016], [833425.4031900009, 816362.7672400009], [833421.8123600008, 816353.2501000017]]], "type": "Polygon"}, "properties": {"BaseHeight": 7.3, "BuildingBlockType": "Tower", "BuildingCSUID": "3341916356T20050430", "BuildingID": 1103122301, "BuildingNameEN": null, "BuildingNameTC": null, "DateCreate": 1114790400000, "DateStamp": 1599580800000, "GeoRefNo": "3341916356", "OBJECTID": 252267, "Shape__Area": 39.49150012716101, "Shape__Length": 28.1352088450514, "Status": "Active", "Storeys": 6, "StoreysInBasement": null, "TopHeight": 29}, "type": "Feature"}, {"geometry": {"coordinates": [[[833303.6768500004, 816348.0684000012], [833309.2634700006, 816354.5584200025], [833321.650820001, 816343.9903100021], [833316.6115500005, 816338.1018500011], [833316.0764800012, 816337.476590002], [833303.6768500004, 816348.0684000012]]], "type": "Polygon"}, "properties": {"BaseHeight": 6.8, "BuildingBlockType": "Tower", "BuildingCSUID": "3331716341T20050430", "BuildingID": 1103122383, "BuildingNameEN": "Smart Power Gallery", "BuildingNameTC": "智惜用電生活廊", "DateCreate": 1114790400000, "DateStamp": 1599580800000, "GeoRefNo": "3331716341", "OBJECTID": 252269, "Shape__Area": 139.6220581850927, "Shape__Length": 49.727092225436756, "Status": "Active", "Storeys": 3, "StoreysInBasement": null, "TopHeight": 18.7}, "type": "Feature"}, {"geometry": {"coordinates": [[[833443.3605500013, 816325.0188100021], [833439.8758400008, 816321.0488300025], [833438.0012300005, 816322.6597800013], [833434.7069000006, 816318.7663300019], [833432.6736900005, 816320.5135400016], [833429.527230001, 816323.2173300013], [833432.8633800009, 816327.0581500027], [833431.1982600009, 816328.4836100023], [833434.7451100005, 816332.544230001], [833443.3605500013, 816325.0188100021]]], "type": "Polygon"}, "properties": {"BaseHeight": 21.7, "BuildingBlockType": "Tower", "BuildingCSUID": "3343616328T20050430", "BuildingID": 1103122533, "BuildingNameEN": "Gold Shine Tower", "BuildingNameTC": "金煌行", "DateCreate": 1114790400000, "DateStamp": 1599580800000, "GeoRefNo": "3343616328", "OBJECTID": 252487, "Shape__Area": 95.61423049623899, "Shape__Length": 43.79385313500584, "Status": "Active", "Storeys": 20, "StoreysInBasement": null, "TopHeight": 76.6}, "type": "Feature"}, {"geometry": {"coordinates": [[[833589.5900800005, 816324.6977000013], [833597.9267000007, 816337.4924000017], [833605.9671100006, 816332.1098700017], [833594.0905900011, 816314.3687500022], [833589.701630001, 816317.1518300027], [833593.1319300011, 816322.4382800013], [833589.5900800005, 816324.6977000013]]], "type": "Polygon"}, "properties": {"BaseHeight": 12.2, "BuildingBlockType": "Tower", "BuildingCSUID": "3359716327T20050519", "BuildingID": 1103122511, "BuildingNameEN": "Kamcourt Building", "BuildingNameTC": "金閣大廈", "DateCreate": 1116432000000, "DateStamp": 1599580800000, "GeoRefNo": "3359716327", "OBJECTID": 252490, "Shape__Area": 178.29828897699426, "Shape__Length": 61.99617809933876, "Status": "Active", "Storeys": 7, "StoreysInBasement": null, "TopHeight": 34.6}, "type": "Feature"}, {"geometry": {"coordinates": [[[833653.9421400009, 816250.1930600014], [833653.1025100006, 816255.1430700012], [833661.6854500007, 816256.0194000024], [833661.9355400009, 816254.5088500027], [833665.0656500012, 816235.6024600025], [833656.4135000007, 816235.6218300015], [833654.9821900008, 816243.945340002], [833654.6928700004, 816245.7864700016], [833654.1582300011, 816248.918920001], [833653.9421400009, 816250.1930600014]]], "type": "Polygon"}, "properties": {"BaseHeight": 3.4, "BuildingBlockType": "Tower", "BuildingCSUID": "3365716238T20050430", "BuildingID": 1103123121, "BuildingNameEN": "Kin On Commercial Building", "BuildingNameTC": "建安商業大廈", "DateCreate": 1114790400000, "DateStamp": 1599580800000, "GeoRefNo": "3365716238", "OBJECTID": 252800, "Shape__Area": 173.60881323908086, "Shape__Length": 57.77479014322856, "Status": "Active", "Storeys": 14, "StoreysInBasement": null, "TopHeight": 48.7}, "type": "Feature"}, {"geometry": {"coordinates": [[[833653.9421400009, 816250.1930600014], [833654.1582300011, 816248.918920001], [833653.8142400011, 816246.0248300023], [833644.0855300007, 816248.9031300023], [833648.0694600008, 816255.3849300016], [833648.2257900005, 816255.5841700025], [833648.3233900005, 816255.6653400026], [833648.5478200009, 816255.7827500012], [833648.6782400012, 816255.818260001], [833653.0740300007, 816256.2353700027], [833652.0218800008, 816250.7710000016], [833653.9421400009, 816250.1930600014]]], "type": "Polygon"}, "properties": {"BaseHeight": 3, "BuildingBlockType": "Tower", "BuildingCSUID": "3364616250T20050430", "BuildingID": 1103123120, "BuildingNameEN": null, "BuildingNameTC": null, "DateCreate": 1114790400000, "DateStamp": 1599580800000, "GeoRefNo": "3364616250", "OBJECTID": 252801, "Shape__Area": 61.16745717513515, "Shape__Length": 34.714874468396125, "Status": "Active", "Storeys": 6, "StoreysInBasement": null, "TopHeight": 23.1}, "type": "Feature"}, {"geometry": {"coordinates": [[[833334.0831500012, 816537.1290100012], [833336.6880500009, 816543.6759700011], [833343.0618200004, 816567.491630001], [833351.0890000006, 816565.3500000015], [833354.6430000011, 816564.3920000009], [833359.4980000006, 816563.0830000024], [833362.7020000005, 816562.2190000024], [833361.5940000005, 816558.1240000017], [833361.3580000009, 816557.2520000022], [833358.9220000012, 816548.2480000015], [833356.5420000004, 816539.4540000018], [833353.0210000006, 816540.7210000027], [833352.1550000012, 816538.120000001], [833348.364000001, 816539.2240000013], [833344.2100000009, 816528.2910000011], [833333.9910000004, 816536.9140000027], [833334.0831500012, 816537.1290100012]]], "type": "Polygon"}, "properties": {"BaseHeight": 3, "BuildingBlockType": "Podium", "BuildingCSUID": "3334816553P20120917", "BuildingID": 1810089222, "BuildingNameEN": "TALON TOWER", "BuildingNameTC": "達隆名居", "DateCreate": 1347811200000, "DateStamp": 1599580800000, "GeoRefNo": "3334816553", "OBJECTID": 252864, "Shape__Area": 628.4029080596025, "Shape__Length": 111.35168057160784, "Status": "Active", "Storeys": 4, "StoreysInBasement": null, "TopHeight": 17.9}, "type": "Feature"}, {"geometry": {"coordinates": [[[833300.5577800004, 816504.0121900011], [833293.966000001, 816509.7760000024], [833303.8617200004, 816521.3703800011], [833310.516210001, 816515.620480001], [833303.4778900007, 816507.4160400014], [833301.7357400004, 816505.3852900025], [833301.7275900012, 816505.3757900018], [833300.5577800004, 816504.0121900011]]], "type": "Polygon"}, "properties": {"BaseHeight": 3, "BuildingBlockType": "Podium", "BuildingCSUID": "3330216513P20130507", "BuildingID": 1810099352, "BuildingNameEN": "SHING LEE YUEN BUILDING", "BuildingNameTC": "成利源大廈", "DateCreate": 1367856000000, "DateStamp": 1599580800000, "GeoRefNo": "3330216513", "OBJECTID": 252868, "Shape__Area": 133.98617809323062, "Shape__Length": 48.0885614119718, "Status": "Active", "Storeys": 1, "StoreysInBasement": null, "TopHeight": 19.4}, "type": "Feature"}, {"geometry": {"coordinates": [[[833224.6835600007, 816270.4479400013], [833230.4972400004, 816265.4519900009], [833233.774410001, 816269.2834100015], [833237.2504600007, 816266.1080600023], [833234.1934100008, 816262.384490002], [833235.5907400008, 816261.2025700025], [833238.6356600011, 816264.8499800023], [833242.3955800012, 816261.6941900011], [833239.2505400004, 816257.9066100027], [833245.8057900006, 816252.2855400015], [833242.6226100009, 816248.5357200019], [833235.980130001, 816253.9786800016], [833234.0993100004, 816251.9115600027], [833240.6419300009, 816246.2904100027], [833237.4343400011, 816242.4136400018], [833230.7403200008, 816248.0083700027], [833227.6411400009, 816244.3690400012], [833223.8494500006, 816247.6320700012], [833226.9539600005, 816251.3414800018], [833225.8103400012, 816252.3603700027], [833222.6066000005, 816248.7016500011], [833218.9267800013, 816251.8684200011], [833221.9612600012, 816255.5988700017], [833216.5296400012, 816260.4536000025], [833219.6486300007, 816264.2765700016], [833225.2958300011, 816259.4058800023], [833227.201150001, 816261.5405300017], [833221.4828600008, 816266.5248200018], [833224.6835600007, 816270.4479400013]]], "type": "Polygon"}, "properties": {"BaseHeight": 38.4, "BuildingBlockType": "Tower", "BuildingCSUID": "3323116256T20050430", "BuildingID": 1103123041, "BuildingNameEN": "Tower 125", "BuildingNameTC": "世銀花苑", "DateCreate": 1114790400000, "DateStamp": 1599580800000, "GeoRefNo": "3323116256", "OBJECTID": 253271, "Shape__Area": 409.5237573417798, "Shape__Length": 151.82885774629716, "Status": "Active", "Storeys": 24, "StoreysInBasement": null, "TopHeight": 111}, "type": "Feature"}, {"geometry": {"coordinates": [[[833331.1710300008, 816407.6842200011], [833324.1410000008, 816413.6860000025], [833331.0520000011, 816421.4920000024], [833333.4920000006, 816419.4230000023], [833342.7003200008, 816430.0575900022], [833346.5128200008, 816426.697420001], [833337.3680000007, 816416.137000002], [833338.0220000008, 816415.5830000024], [833331.1710300008, 816407.6842200011]]], "type": "Polygon"}, "properties": {"BaseHeight": 18.7, "BuildingBlockType": "Tower", "BuildingCSUID": "3333516417T20170110", "BuildingID": 1810157952, "BuildingNameEN": "Skyway Centre", "BuildingNameTC": "天威中心", "DateCreate": 1483977600000, "DateStamp": 1599580800000, "GeoRefNo": "3333516417", "OBJECTID": 253272, "Shape__Area": 167.17742277212125, "Shape__Length": 67.30018589540686, "Status": "Active", "Storeys": 23, "StoreysInBasement": null, "TopHeight": 94.8}, "type": "Feature"}, {"geometry": {"coordinates": [[[833292.3919400005, 816309.8006100021], [833292.1725600008, 816309.5442500021], [833289.4655100005, 816306.3810400013], [833288.9731900012, 816305.8057100009], [833288.6212900011, 816305.3944700025], [833285.5188200008, 816301.7691400014], [833284.7494800007, 816300.8701500017], [833282.4403100004, 816302.785840001], [833277.9313600007, 816297.517930001], [833276.8157200012, 816298.4696100019], [833267.6904300004, 816306.2623500023], [833269.9176600007, 816308.8498000018], [833270.6846700013, 816309.740770001], [833271.4515700005, 816310.631740002], [833272.2185700005, 816311.5227100011], [833272.9778600009, 816312.4048300013], [833276.4820600012, 816316.4756900016], [833279.8367700009, 816320.3729000017], [833279.941180001, 816320.4941900019], [833281.2751100007, 816319.3485600017], [833289.8030900005, 816312.0241000019], [833292.3919400005, 816309.8006100021]]], "type": "Polygon"}, "properties": {"BaseHeight": 14.3, "BuildingBlockType": "Tower", "BuildingCSUID": "3327916308T20050430", "BuildingID": 1103122628, "BuildingNameEN": "Travelodge Central, Hollywood Road", "BuildingNameTC": null, "DateCreate": 1114790400000, "DateStamp": 1599580800000, "GeoRefNo": "3327916308", "OBJECTID": 257163, "Shape__Area": 287.4573132222353, "Shape__Length": 70.34587301069737, "Status": "Active", "Storeys": 18, "StoreysInBasement": null, "TopHeight": 96.4}, "type": "Feature"}, {"geometry": {"coordinates": [[[833743.586000001, 816460.1970000025], [833730.8820000011, 816413.2740000021], [833718.3500000006, 816416.7310000025], [833720.3720000004, 816424.2650000025], [833728.898000001, 816456.046000002], [833730.9190000007, 816463.5800000019], [833743.586000001, 816460.1970000025]]], "type": "Polygon"}, "properties": {"BaseHeight": 3.5, "BuildingBlockType": "Podium", "BuildingCSUID": "3373016438P20060312", "BuildingID": 1103117041, "BuildingNameEN": "TUNG NING BUILDING", "BuildingNameTC": "東寧大廈", "DateCreate": 1142092800000, "DateStamp": 1599580800000, "GeoRefNo": "3373016438", "OBJECTID": 257275, "Shape__Area": 633.9373295175191, "Shape__Length": 123.22914120341939, "Status": "Active", "Storeys": 4, "StoreysInBasement": 1, "TopHeight": 19.2}, "type": "Feature"}, {"geometry": {"coordinates": [[[833565.560130001, 816401.8077700026], [833552.0399400005, 816404.5310900025], [833550.5418900009, 816407.0149300024], [833549.4811600009, 816408.7641600017], [833554.6296500005, 816433.3411300015], [833556.2554800007, 816434.2248900011], [833580.4316000007, 816428.8327300027], [833578.4703600006, 816419.621650001], [833576.7376800012, 816411.4840700012], [833574.5032600006, 816401.0204100013], [833565.7456600005, 816402.7288300022], [833565.560130001, 816401.8077700026]]], "type": "Polygon"}, "properties": {"BaseHeight": 3.2, "BuildingBlockType": "Podium", "BuildingCSUID": "3356616418P20060312", "BuildingID": 1103117080, "BuildingNameEN": "FWD FINANCIAL CENTRE", "BuildingNameTC": "富衛金融中心", "DateCreate": 1142092800000, "DateStamp": 1517241600000, "GeoRefNo": "3356616418", "OBJECTID": 257280, "Shape__Area": 760.4192234343668, "Shape__Length": 108.76854142650431, "Status": "Active", "Storeys": null, "StoreysInBasement": null, "TopHeight": 23.2}, "type": "Feature"}, {"geometry": {"coordinates": [[[833916.904000001, 816358.0960000027], [833908.5350000011, 816344.756000001], [833881.9760000007, 816361.160000002], [833890.5100000007, 816374.7910000011], [833895.6230000006, 816371.3500000015], [833894.6870000008, 816369.4160000011], [833895.5160000008, 816368.3510000017], [833896.8020000011, 816366.8850000016], [833897.8590000011, 816365.8210000023], [833898.631000001, 816365.1100000013], [833900.1340000005, 816363.8690000027], [833901.347000001, 816362.9860000014], [833902.4770000009, 816362.2480000015], [833903.1210000012, 816361.8630000018], [833904.5700000012, 816361.074000001], [833905.9260000009, 816360.433000002], [833907.0340000009, 816359.972000001], [833908.1600000011, 816359.5600000024], [833909.0160000008, 816359.2820000015], [833909.9470000006, 816358.995000001], [833910.3010000009, 816358.8780000024], [833911.7760000005, 816361.2890000027], [833916.904000001, 816358.0960000027]]], "type": "Polygon"}, "properties": {"BaseHeight": 3.9, "BuildingBlockType": "Podium", "BuildingCSUID": "3389816358P20060312", "BuildingID": 1103117169, "BuildingNameEN": "LI PO CHUN CHAMBERS", "BuildingNameTC": "李寶椿大廈", "DateCreate": 1142092800000, "DateStamp": 1599580800000, "GeoRefNo": "3389816358", "OBJECTID": 257281, "Shape__Area": 427.2226955110677, "Shape__Length": 99.41976387021538, "Status": "Active", "Storeys": 4, "StoreysInBasement": 1, "TopHeight": 14.9}, "type": "Feature"}, {"geometry": {"coordinates": [[[833428.7922500009, 816440.712770002], [833435.7000000011, 816434.7400000021], [833427.6889300011, 816425.241580002], [833425.4738500006, 816422.615240002], [833415.9570200006, 816411.3434800021], [833413.4806700004, 816408.4099900015], [833412.7742100004, 816409.0238500014], [833412.462700001, 816408.6455900017], [833406.8332800008, 816413.4183600023], [833407.1336700004, 816413.7854900025], [833406.435800001, 816414.3672800027], [833420.7107400009, 816431.1892800014], [833428.7922500009, 816440.712770002]]], "type": "Polygon"}, "properties": {"BaseHeight": 3.2, "BuildingBlockType": "Podium", "BuildingCSUID": "3342116425P20200709", "BuildingID": 1810200118, "BuildingNameEN": null, "BuildingNameTC": null, "DateCreate": 1594224000000, "DateStamp": 1599580800000, "GeoRefNo": "3342116425", "OBJECTID": 257726, "Shape__Area": 320.240504331385, "Shape__Length": 88.32627850816185, "Status": "Active", "Storeys": 3, "StoreysInBasement": null, "TopHeight": 18.2}, "type": "Feature"}, {"geometry": {"coordinates": [[[833588.4442200009, 816284.1574000027], [833605.4447600013, 816272.5245800018], [833599.106110001, 816263.3151900023], [833596.1230000006, 816258.9810000025], [833579.0678100009, 816270.8339300025], [833580.9526200006, 816273.5121600013], [833578.8240100006, 816274.9686800018], [833583.9724400006, 816282.2783900015], [833586.0982000008, 816280.8238200024], [833588.4442200009, 816284.1574000027]]], "type": "Polygon"}, "properties": {"BaseHeight": 17.4, "BuildingBlockType": "Tower", "BuildingCSUID": "3359216272T20120118", "BuildingID": 1810077938, "BuildingNameEN": "Holiday Inn Express Hong Kong Soho", "BuildingNameTC": "香港蘇豪智選假日酒店", "DateCreate": 1326816000000, "DateStamp": 1599580800000, "GeoRefNo": "3359216272", "OBJECTID": 259086, "Shape__Area": 361.5721540810892, "Shape__Length": 79.25768075757841, "Status": "Active", "Storeys": 34, "StoreysInBasement": null, "TopHeight": 131.8}, "type": "Feature"}, {"geometry": {"coordinates": [[[833717.648740001, 816238.0354300011], [833708.808840001, 816236.3454300016], [833708.5224300008, 816238.0875700023], [833707.3027300006, 816244.935130002], [833707.5726400008, 816244.9816900026], [833706.7566100005, 816249.7118200026], [833707.8614700008, 816249.9024300016], [833714.0697600013, 816250.9734600019], [833715.4763100008, 816251.2235200014], [833716.0679400004, 816251.3233800009], [833714.4202500004, 816261.0853000022], [833714.222190001, 816262.258700002], [833718.6781100007, 816263.1974100024], [833718.9067900004, 816261.8425700013], [833720.9747000011, 816248.8711900022], [833721.7455100007, 816244.4162600022], [833722.3088000007, 816241.8037000019], [833717.320340001, 816240.7281400021], [833717.162320001, 816240.6940700021], [833717.3643300012, 816239.5231000017], [833717.648740001, 816238.0354300011]]], "type": "Polygon"}, "properties": {"BaseHeight": 4.2, "BuildingBlockType": "Podium", "BuildingCSUID": "3371416244P20101104", "BuildingID": 1810019943, "BuildingNameEN": "THE MERCER", "BuildingNameTC": "尚圜", "DateCreate": 1288800000000, "DateStamp": 1599580800000, "GeoRefNo": "3371416244", "OBJECTID": 260604, "Shape__Area": 224.35996327163775, "Shape__Length": 77.5587899173689, "Status": "Active", "Storeys": 4, "StoreysInBasement": null, "TopHeight": 17.4}, "type": "Feature"}, {"geometry": {"coordinates": [[[833237.0278600007, 816316.3662900012], [833243.9688600004, 816310.4371700026], [833235.6904100012, 816300.2484000027], [833228.6350000007, 816306.0950000025], [833230.8421000009, 816308.7913200017], [833237.0278600007, 816316.3662900012]]], "type": "Polygon"}, "properties": {"BaseHeight": 14.3, "BuildingBlockType": "Tower", "BuildingCSUID": "3323816311T20050430", "BuildingID": 1103122659, "BuildingNameEN": "TwoTwoSix", "BuildingNameTC": null, "DateCreate": 1114790400000, "DateStamp": 1599580800000, "GeoRefNo": "3323816311", "OBJECTID": 260935, "Shape__Area": 120.65105278601145, "Shape__Length": 44.683883333569824, "Status": "Active", "Storeys": 6, "StoreysInBasement": null, "TopHeight": 38.7}, "type": "Feature"}, {"geometry": {"coordinates": [[[833807.8070600005, 816341.2839300018], [833808.9244400011, 816345.434820002], [833810.7445600005, 816344.9731700011], [833811.5896900008, 816345.6523100026], [833813.6189700011, 816345.1239400022], [833814.3718000008, 816348.1353200022], [833822.3099900009, 816346.0540500022], [833819.2907800004, 816334.5394300018], [833811.5383900013, 816336.5580600016], [833812.1537800012, 816339.2630100027], [833810.221760001, 816339.7215900011], [833809.6953300005, 816340.8172800019], [833807.8070600005, 816341.2839300018]]], "type": "Polygon"}, "properties": {"BaseHeight": 3.4, "BuildingBlockType": "Tower", "BuildingCSUID": "3381516337T20050430", "BuildingID": 1103122438, "BuildingNameEN": "Kwong Fat Hong Building", "BuildingNameTC": "廣發行大廈", "DateCreate": 1114790400000, "DateStamp": 1599753600000, "GeoRefNo": "3381516337", "OBJECTID": 262226, "Shape__Area": 121.14083643918734, "Shape__Length": 48.50328954066586, "Status": "Active", "Storeys": 24, "StoreysInBasement": null, "TopHeight": 86.8}, "type": "Feature"}, {"geometry": {"coordinates": [[[833580.313000001, 816609.546000002], [833580.4790000012, 816610.1580000017], [833581.9250000007, 816616.3200000022], [833650.2540000007, 816597.2420000024], [833668.1830000011, 816592.3200000022], [833727.4580000006, 816576.3880000021], [833745.3100000005, 816572.1590000018], [833750.0000000009, 816571.0300000012], [833813.1940000011, 816554.1740000024], [833812.4100000011, 816551.2340000011], [833811.1500000004, 816546.5070000011], [833809.7470000004, 816541.2490000017], [833808.6840000004, 816537.2610000018], [833807.3940000013, 816532.4270000011], [833803.8610000005, 816519.1790000014], [833800.2230000012, 816505.540000001], [833799.2680000011, 816501.9590000026], [833750.0000000009, 816515.0910000019], [833715.1440000013, 816524.4190000016], [833705.3260000013, 816527.0610000025], [833567.9770000009, 816564.0320000015], [833569.3060000008, 816568.9370000027], [833570.9390000012, 816574.9630000014], [833576.5660000006, 816595.7230000012], [833577.7510000011, 816600.0940000024], [833578.3930000011, 816602.4540000018], [833580.313000001, 816609.546000002]]], "type": "Polygon"}, "properties": {"BaseHeight": 4, "BuildingBlockType": "Podium", "BuildingCSUID": "3369016558P20060312", "BuildingID": 1109348323, "BuildingNameEN": "CHINA MERCHANTS TOWER (EAST TOWER)", "BuildingNameTC": "招商局大廈(東座)", "DateCreate": 1142092800000, "DateStamp": 1599580800000, "GeoRefNo": "3369016558", "OBJECTID": 263987, "Shape__Area": 12858.133594992334, "Shape__Length": 587.1225405060067, "Status": "Active", "Storeys": 7, "StoreysInBasement": 2, "TopHeight": 21.6}, "type": "Feature"}, {"geometry": {"coordinates": [[[833445.9546300005, 816500.0802800022], [833454.7169400007, 816498.1154000014], [833449.925640001, 816477.4129100014], [833446.9506100006, 816464.5191800017], [833438.5217300011, 816466.3879400026], [833441.372680001, 816479.3108900022], [833445.9546300005, 816500.0802800022]]], "type": "Polygon"}, "properties": {"BaseHeight": 3.3, "BuildingBlockType": "Podium", "BuildingCSUID": "3344716482P20171207", "BuildingID": 1810169400, "BuildingNameEN": null, "BuildingNameTC": null, "DateCreate": 1512576000000, "DateStamp": 1599580800000, "GeoRefNo": "3344716482", "OBJECTID": 265570, "Shape__Area": 303.6660082762152, "Shape__Length": 86.59815596733203, "Status": "Active", "Storeys": 5, "StoreysInBasement": null, "TopHeight": 18.4}, "type": "Feature"}, {"geometry": {"coordinates": [[[833271.8140000012, 816420.4220000021], [833274.7740000011, 816423.8740000017], [833274.2420000006, 816424.3320000023], [833276.7830000008, 816427.2890000027], [833279.7300000004, 816430.7000000011], [833282.7880000006, 816427.9970000014], [833283.3000000007, 816428.540000001], [833288.6460000006, 816423.9090000018], [833285.2540000007, 816419.9460000023], [833279.8020000011, 816413.574000001], [833271.8140000012, 816420.4220000021]]], "type": "Polygon"}, "properties": {"BaseHeight": 5.2, "BuildingBlockType": "Podium", "BuildingCSUID": "3328016422P20060312", "BuildingID": 1103117088, "BuildingNameEN": "MEDAL COURT", "BuildingNameTC": "美意居", "DateCreate": 1142092800000, "DateStamp": 1599580800000, "GeoRefNo": "3328016422", "OBJECTID": 265851, "Shape__Area": 146.65029399644, "Shape__Length": 49.68047931381757, "Status": "Active", "Storeys": 3, "StoreysInBasement": null, "TopHeight": 18.9}, "type": "Feature"}, {"geometry": {"coordinates": [[[833440.8010000009, 816409.4550000019], [833431.1500000004, 816405.933000002], [833430.2134900009, 816406.6907200012], [833430.0232700007, 816406.4380600024], [833429.829020001, 816406.2094900012], [833429.621770001, 816405.9926500022], [833429.5175500009, 816405.8956200015], [833429.402230001, 816405.7882600017], [833429.1711400012, 816405.5970200021], [833428.9292900013, 816405.4195800014], [833428.6775100008, 816405.2565400023], [833428.416650001, 816405.1084600016], [833428.1476000007, 816404.975850001], [833427.8712800005, 816404.8591500018], [833427.5886200005, 816404.7587600015], [833427.300590001, 816404.6750200018], [833427.0081600007, 816404.6082200017], [833426.712340001, 816404.5585900024], [833426.4141300004, 816404.5262900013], [833426.1145400004, 816404.5114400014], [833425.8145900005, 816404.514080001], [833425.5153100006, 816404.5342000015], [833425.2177100005, 816404.571750002], [833424.9228100004, 816404.6265800018], [833424.6316000009, 816404.6985100023], [833424.3450900009, 816404.7873100024], [833424.0642400011, 816404.8926600013], [833423.7900100006, 816405.014200002], [833423.5233400008, 816405.1515300013], [833423.2651300011, 816405.3041800018], [833423.1736700004, 816405.3655400015], [833422.1970000006, 816404.2080000024], [833420.3150000004, 816401.9790000021], [833419.330000001, 816401.620000001], [833412.5680000009, 816407.3290000018], [833413.4806700004, 816408.4099900015], [833415.9570000004, 816411.3430000022], [833425.4738500006, 816422.615240002], [833427.6889300011, 816425.241580002], [833435.7000000011, 816434.7400000021], [833437.512000001, 816433.199000001], [833442.8450000007, 816428.665000001], [833439.5873600012, 816424.8064100016], [833434.3197400011, 816418.5672700014], [833432.5834600013, 816416.5107600018], [833436.0362400012, 816413.5458600018], [833440.8010000009, 816409.4550000019]]], "type": "Polygon"}, "properties": {"BaseHeight": 3.1, "BuildingBlockType": "Podium", "BuildingCSUID": "3342816415P20130508", "BuildingID": 1103117081, "BuildingNameEN": "135 BONHAM STRAND TRADE CENTRE", "BuildingNameTC": "文咸東街135商業中心", "DateCreate": 1367942400000, "DateStamp": 1599580800000, "GeoRefNo": "3342816415", "OBJECTID": 266820, "Shape__Area": 429.9307001965245, "Shape__Length": 105.71690035305942, "Status": "Active", "Storeys": 4, "StoreysInBasement": null, "TopHeight": 16.7}, "type": "Feature"}, {"geometry": {"coordinates": [[[833714.239310001, 816249.9906300027], [833714.2716400009, 816249.8032400012], [833718.3383600004, 816250.4896000009], [833719.2432900006, 816249.8037900012], [833719.322660001, 816249.3745600022], [833720.0796500007, 816249.4923600014], [833720.9747000011, 816248.8711900022], [833721.7455100007, 816244.4162600022], [833721.0951300012, 816243.4963300023], [833720.3705800008, 816243.3722200021], [833720.4324900005, 816242.8637800012], [833719.7787900008, 816241.9286600016], [833717.031320001, 816241.453470001], [833717.0750200013, 816241.2001300026], [833717.3643300012, 816239.5231000017], [833710.1706000008, 816238.2820700016], [833709.8749700012, 816238.2310700025], [833709.8239700012, 816238.5267000012], [833707.9124700008, 816249.6068000011], [833707.8614700008, 816249.9024300016], [833708.1571000004, 816249.9534300026], [833714.0697600013, 816250.9734600019], [833714.239310001, 816249.9906300027]]], "type": "Polygon"}, "properties": {"BaseHeight": 4.2, "BuildingBlockType": "Tower", "BuildingCSUID": "3371516244T20101104", "BuildingID": 1810019970, "BuildingNameEN": "Citadines Mercer Hong Kong", "BuildingNameTC": "馨樂庭尚圜服務公寓", "DateCreate": 1288800000000, "DateStamp": 1599580800000, "GeoRefNo": "3371516244", "OBJECTID": 268578, "Shape__Area": 127.88820144141854, "Shape__Length": 47.26616072656634, "Status": "Active", "Storeys": 25, "StoreysInBasement": null, "TopHeight": 105.2}, "type": "Feature"}, {"geometry": {"coordinates": [[[833498.882960001, 816525.9197600018], [833500.2239900008, 816525.5619600024], [833507.9579000007, 816523.4986200016], [833525.910050001, 816518.7091100011], [833522.4506900012, 816505.9364200011], [833522.1243100008, 816504.7433600016], [833521.7849600008, 816503.4842400011], [833521.4455100009, 816502.2251300011], [833521.0879900008, 816500.9048200026], [833517.3259300012, 816487.0145300012], [833491.310180001, 816496.9837200027], [833491.9962700009, 816499.605270002], [833494.4838500004, 816509.1103900019], [833494.8816400012, 816510.630520001], [833495.5975900004, 816513.3663600013], [833498.882960001, 816525.9197600018]]], "type": "Polygon"}, "properties": {"BaseHeight": 3.4, "BuildingBlockType": "Tower", "BuildingCSUID": "3351116520T20050430", "BuildingID": 1103121300, "BuildingNameEN": "Yardley Commercial Building", "BuildingNameTC": "億利商業大廈", "DateCreate": 1114790400000, "DateStamp": 1599580800000, "GeoRefNo": "3351116520", "OBJECTID": 269722, "Shape__Area": 873.392327456175, "Shape__Length": 118.57990084393818, "Status": "Active", "Storeys": 22, "StoreysInBasement": null, "TopHeight": 88.3}, "type": "Feature"}, {"geometry": {"coordinates": [[[833525.4986800011, 816521.7548200022], [833522.2618900007, 816522.6183700021], [833523.0120300008, 816525.4300200026], [833526.2488100007, 816524.5664700009], [833525.4986800011, 816521.7548200022]]], "type": "Polygon"}, "properties": {"BaseHeight": 3.5, "BuildingBlockType": "Tower", "BuildingCSUID": "3352416524T20180713", "BuildingID": 1810177631, "BuildingNameEN": null, "BuildingNameTC": null, "DateCreate": 1531411200000, "DateStamp": 1531411200000, "GeoRefNo": "3352416524", "OBJECTID": 270571, "Shape__Area": 9.748485624179812, "Shape__Length": 12.519991250480013, "Status": "Active", "Storeys": null, "StoreysInBasement": null, "TopHeight": 15.8}, "type": "Feature"}, {"geometry": {"coordinates": [[[833421.5170900011, 816446.8869900014], [833428.7922500009, 816440.712770002], [833420.7107400009, 816431.1892800014], [833406.435800001, 816414.3672800027], [833405.7898200005, 816413.6060300022], [833398.727570001, 816419.6441000011], [833421.5170900011, 816446.8869900014]]], "type": "Polygon"}, "properties": {"BaseHeight": 3, "BuildingBlockType": "Tower", "BuildingCSUID": "3342016445T20050430", "BuildingID": 1103121759, "BuildingNameEN": "Man King Building", "BuildingNameTC": "文景大廈", "DateCreate": 1114790400000, "DateStamp": 1599580800000, "GeoRefNo": "3342016445", "OBJECTID": 272629, "Shape__Area": 334.6143250069978, "Shape__Length": 89.90286462070614, "Status": "Active", "Storeys": 21, "StoreysInBasement": null, "TopHeight": 74}, "type": "Feature"}, {"geometry": {"coordinates": [[[833463.9803500008, 816311.7129100021], [833472.5743900007, 816303.8493400011], [833468.3193000006, 816299.0205000024], [833467.5245500011, 816298.126480002], [833466.7430800004, 816297.2317700014], [833463.400870001, 816293.4389100019], [833462.512120001, 816292.4303100016], [833462.0865100008, 816291.9473100025], [833453.4329600008, 816299.7973400019], [833463.9803500008, 816311.7129100021]]], "type": "Polygon"}, "properties": {"BaseHeight": 21.3, "BuildingBlockType": "Tower", "BuildingCSUID": "3346216301T20050430", "BuildingID": 1103122686, "BuildingNameEN": "Queen Central", "BuildingNameTC": null, "DateCreate": 1114790400000, "DateStamp": 1599580800000, "GeoRefNo": "3346216301", "OBJECTID": 273066, "Shape__Area": 185.32774786362089, "Shape__Length": 55.10913561111352, "Status": "Active", "Storeys": 20, "StoreysInBasement": null, "TopHeight": 90.1}, "type": "Feature"}, {"geometry": {"coordinates": [[[833810.1910000006, 816350.0430000015], [833814.6910000006, 816348.8860000018], [833814.9120000005, 816349.8020000011], [833819.546000001, 816348.6380000021], [833819.3680000007, 816347.876000002], [833824.7770000007, 816346.4900000021], [833821.6530100005, 816333.9596100021], [833819.2907800004, 816334.5394300018], [833811.5383900013, 816336.5580600016], [833806.8568800008, 816337.6747500021], [833807.8148800004, 816341.2820000015], [833808.7483300008, 816344.723720001], [833810.1910000006, 816350.0430000015]]], "type": "Polygon"}, "properties": {"BaseHeight": 3.4, "BuildingBlockType": "Podium", "BuildingCSUID": "3381516341P20060312", "BuildingID": 1103117208, "BuildingNameEN": "KWONG FAT HONG BUILDING", "BuildingNameTC": "廣發行大廈", "DateCreate": 1142092800000, "DateStamp": 1599753600000, "GeoRefNo": "3381516341", "OBJECTID": 273499, "Shape__Area": 198.60802126152274, "Shape__Length": 57.71269743009648, "Status": "Active", "Storeys": 1, "StoreysInBasement": null, "TopHeight": 17.4}, "type": "Feature"}, {"geometry": {"coordinates": [[[833410.159930001, 816380.467000002], [833407.4651300004, 816373.5275200009], [833401.0424100012, 816375.9205100015], [833396.9133900013, 816377.4589100014], [833404.2354400009, 816382.9910400026], [833410.159930001, 816380.467000002]]], "type": "Polygon"}, "properties": {"BaseHeight": 4.9, "BuildingBlockType": "Tower", "BuildingCSUID": "3340016377T20050430", "BuildingID": 1103122165, "BuildingNameEN": null, "BuildingNameTC": null, "DateCreate": 1114790400000, "DateStamp": 1625414400000, "GeoRefNo": "3340016377", "OBJECTID": 274504, "Shape__Area": 67.53705165349153, "Shape__Length": 34.32140328158645, "Status": "Active", "Storeys": 6, "StoreysInBasement": null, "TopHeight": 24.3}, "type": "Feature"}, {"geometry": {"coordinates": [[[833411.4992500013, 816379.9020300023], [833413.0978100011, 816383.9530400019], [833412.5523500005, 816384.156200001], [833409.0497200005, 816385.4608000014], [833409.0693400009, 816385.5191100016], [833409.097910001, 816385.5736000016], [833409.1332900012, 816385.6209600009], [833409.134730001, 816385.6228900012], [833409.1788700009, 816385.6657500025], [833413.8266000012, 816387.391780002], [833415.499760001, 816388.0131400023], [833415.555900001, 816388.0339900013], [833417.6743400004, 816388.8506600019], [833422.3354000011, 816390.5979200024], [833423.4876300013, 816391.0298500024], [833426.8157300008, 816392.2810200024], [833427.9418200012, 816392.7043600027], [833430.2959600007, 816393.5893800016], [833432.930300001, 816394.6001100019], [833433.2471700013, 816394.7216800023], [833433.2714800006, 816394.7345300019], [833433.2975900006, 816394.7431900017], [833433.3247700008, 816394.7474200018], [833433.3522700006, 816394.7471000012], [833433.3793400005, 816394.7422300018], [833433.4052300006, 816394.7329600025], [833433.4292400004, 816394.7195400018], [833433.4506900012, 816394.7023400012], [833433.4610900013, 816394.6906900015], [833433.469010001, 816394.6818200015], [833433.4836900011, 816394.6585600022], [833433.4943200005, 816394.633200001], [833433.500620001, 816394.6064300016], [833433.5024000006, 816394.5789800026], [833433.4996200008, 816394.551620001], [833433.4923600005, 816394.5250900015], [833432.9563700007, 816393.1171400025], [833432.6430300009, 816392.2940600011], [833433.5424800012, 816391.9478800017], [833435.7029100005, 816391.1163800023], [833435.994140001, 816391.0042900015], [833436.557980001, 816390.7872900013], [833436.3620700007, 816390.283350002], [833435.5942300009, 816388.2567100022], [833432.3360400004, 816379.8749800026], [833431.6025400013, 816377.9880500026], [833429.5784200011, 816378.7743600011], [833429.2847100012, 816379.5940000024], [833427.2980600009, 816380.3947900012], [833417.5858400008, 816376.7609600015], [833416.0473900009, 816375.8842900023], [833415.6469100006, 816376.5802600011], [833410.9265800007, 816378.4508100022], [833411.4992500013, 816379.9020300023]]], "type": "Polygon"}, "properties": {"BaseHeight": 13.9, "BuildingBlockType": "Tower", "BuildingCSUID": "3342316385T20140313", "BuildingID": 1810114135, "BuildingNameEN": "iclub Sheung Wan Hotel", "BuildingNameTC": "富薈上環酒店", "DateCreate": 1394640000000, "DateStamp": 1625414400000, "GeoRefNo": "3342316385", "OBJECTID": 274505, "Shape__Area": 281.2039385219542, "Shape__Length": 80.12161468285139, "Status": "Active", "Storeys": 32, "StoreysInBasement": null, "TopHeight": 115}, "type": "Feature"}, {"geometry": {"coordinates": [[[833411.4992500013, 816379.9020300023], [833413.0978100011, 816383.9530400019], [833412.5523500005, 816384.156200001], [833409.0497200005, 816385.4608000014], [833409.0693400009, 816385.5191100016], [833409.097910001, 816385.5736000016], [833409.1332900012, 816385.6209600009], [833409.134730001, 816385.6228900012], [833409.1788700009, 816385.6657500025], [833413.8266000012, 816387.391780002], [833415.499760001, 816388.0131400023], [833415.555900001, 816388.0339900013], [833417.6743400004, 816388.8506600019], [833422.3354000011, 816390.5979200024], [833423.4876300013, 816391.0298500024], [833426.8157300008, 816392.2810200024], [833427.9418200012, 816392.7043600027], [833430.2959600007, 816393.5893800016], [833432.930300001, 816394.6001100019], [833433.2471700013, 816394.7216800023], [833433.2714800006, 816394.7345300019], [833433.2975900006, 816394.7431900017], [833433.3247700008, 816394.7474200018], [833433.3522700006, 816394.7471000012], [833433.3793400005, 816394.7422300018], [833433.4052300006, 816394.7329600025], [833433.4292400004, 816394.7195400018], [833433.4506900012, 816394.7023400012], [833433.4610900013, 816394.6906900015], [833433.469010001, 816394.6818200015], [833433.4836900011, 816394.6585600022], [833433.4943200005, 816394.633200001], [833433.500620001, 816394.6064300016], [833433.5024000006, 816394.5789800026], [833433.4996200008, 816394.551620001], [833433.4923600005, 816394.5250900015], [833432.9563700007, 816393.1171400025], [833432.6430300009, 816392.2940600011], [833433.5424800012, 816391.9478800017], [833435.7029100005, 816391.1163800023], [833435.994140001, 816391.0042900015], [833436.557980001, 816390.7872900013], [833436.3620700007, 816390.283350002], [833435.5942300009, 816388.2567100022], [833432.3360400004, 816379.8749800026], [833431.6025400013, 816377.9880500026], [833427.3565100012, 816367.6644300018], [833426.9684900008, 816366.6648600027], [833426.5172400009, 816365.502410002], [833423.9438200006, 816366.5013700016], [833424.7956200009, 816368.6702000014], [833409.4279500004, 816374.7057600021], [833410.9265800007, 816378.4508100022], [833411.4992500013, 816379.9020300023]]], "type": "Polygon"}, "properties": {"BaseHeight": 3.7, "BuildingBlockType": "Podium", "BuildingCSUID": "3342316380P20140313", "BuildingID": 1810114137, "BuildingNameEN": "ICLUB SHEUNG WAN HOTEL", "BuildingNameTC": "富薈上環酒店", "DateCreate": 1394640000000, "DateStamp": 1625414400000, "GeoRefNo": "3342316380", "OBJECTID": 274506, "Shape__Area": 434.74792977238843, "Shape__Length": 96.03329254347113, "Status": "Active", "Storeys": 2, "StoreysInBasement": null, "TopHeight": 13.9}, "type": "Feature"}, {"geometry": {"coordinates": [[[833411.4992500013, 816379.9020300023], [833410.159930001, 816380.467000002], [833404.2354400009, 816382.9910400026], [833404.1144200005, 816383.8802800011], [833407.9476900008, 816385.8110000025], [833409.0497200005, 816385.4608000014], [833412.5523500005, 816384.156200001], [833413.0978100011, 816383.9530400019], [833411.4992500013, 816379.9020300023]]], "type": "Polygon"}, "properties": {"BaseHeight": null, "BuildingBlockType": "Temporary Structure", "BuildingCSUID": "3341016385T20080228", "BuildingID": 1103122142, "BuildingNameEN": null, "BuildingNameTC": null, "DateCreate": 1204128000000, "DateStamp": 1625414400000, "GeoRefNo": "3341016385", "OBJECTID": 274516, "Shape__Area": 29.851856442625817, "Shape__Length": 22.913940915596072, "Status": "Active", "Storeys": null, "StoreysInBasement": null, "TopHeight": null}, "type": "Feature"}, {"geometry": {"coordinates": [[[833651.9949000012, 816325.0362600014], [833658.2634000005, 816323.2503200024], [833663.7498700004, 816318.7151100021], [833650.0605800012, 816298.5174000021], [833647.4219000004, 816294.7429800015], [833642.137480001, 816298.3129100017], [833641.0211800011, 816296.7073500026], [833639.1125500007, 816298.0002300013], [833636.7269100007, 816294.514580002], [833633.0271700006, 816296.9929300025], [833634.0757900011, 816298.5432900023], [833651.9949000012, 816325.0362600014]]], "type": "Polygon"}, "properties": {"BaseHeight": 3, "BuildingBlockType": "Tower", "BuildingCSUID": "3364816307T20050430", "BuildingID": 1103122586, "BuildingNameEN": "Bonham Majoris", "BuildingNameTC": null, "DateCreate": 1114790400000, "DateStamp": 1753027200000, "GeoRefNo": "3364816307", "OBJECTID": 276987, "Shape__Area": 417.1429185389216, "Shape__Length": 95.81184946001414, "Status": "Active", "Storeys": 27, "StoreysInBasement": null, "TopHeight": 106.8}, "type": "Feature"}, {"geometry": {"coordinates": [[[833743.0270000007, 816409.9240000024], [833744.4041800005, 816415.0084500015], [833748.4939900013, 816430.1068000011], [833748.6936100004, 816430.8712000027], [833750.0000000009, 816435.9084200021], [833750.2247600006, 816436.7582500018], [833754.1556900004, 816451.622200001], [833755.5673700012, 816456.9601500016], [833768.4360000007, 816453.4800000023], [833755.887000001, 816406.3660000023], [833743.0270000007, 816409.9240000024]]], "type": "Polygon"}, "properties": {"BaseHeight": 4.1, "BuildingBlockType": "Podium", "BuildingCSUID": "3375616432P20250915", "BuildingID": 1910267173, "BuildingNameEN": null, "BuildingNameTC": null, "DateCreate": 1757865600000, "DateStamp": 1757865600000, "GeoRefNo": "3375616432", "OBJECTID": 279916, "Shape__Area": 648.005978310986, "Shape__Length": 124.11013101095554, "Status": "Active", "Storeys": 5, "StoreysInBasement": null, "TopHeight": 21.2}, "type": "Feature"}, {"geometry": {"coordinates": [[[833744.4041800005, 816415.0084500015], [833748.4939900013, 816430.1068000011], [833748.6936100004, 816430.8712000027], [833750.0000000009, 816435.9084200021], [833750.2247600006, 816436.7582500018], [833754.1556900004, 816451.622200001], [833756.4952700008, 816450.9853100013], [833757.0138500007, 816452.6839400027], [833762.2102800012, 816451.3821900021], [833761.7512300005, 816449.3938400019], [833765.3059100006, 816448.5246800017], [833762.4484100007, 816437.0152800027], [833759.1146500008, 816437.809030002], [833758.5590200005, 816435.8246600013], [833761.6546500009, 816434.951530002], [833759.3527700007, 816425.3471300025], [833755.9978500009, 816426.2043900024], [833755.4633900011, 816424.3152600024], [833758.8553600004, 816423.4103800021], [833755.9396400005, 816411.6946100015], [833752.0396800004, 816412.7423600014], [833751.5951800011, 816410.9643600024], [833746.4940000009, 816412.2978600021], [833746.9808300007, 816414.2028600015], [833744.4041800005, 816415.0084500015]]], "type": "Polygon"}, "properties": {"BaseHeight": 21.2, "BuildingBlockType": "Tower", "BuildingCSUID": "3375516432T20250915", "BuildingID": 1910267175, "BuildingNameEN": "Bauhinia", "BuildingNameTC": null, "DateCreate": 1757865600000, "DateStamp": 1757865600000, "GeoRefNo": "3375516432", "OBJECTID": 280495, "Shape__Area": 451.1428291879949, "Shape__Length": 120.4065901467648, "Status": "Active", "Storeys": 15, "StoreysInBasement": null, "TopHeight": 64.6}, "type": "Feature"}, {"geometry": {"coordinates": [[[833667.954570001, 816376.8182400018], [833667.342840001, 816374.5182200018], [833650.7360800011, 816379.2417700011], [833651.7484800005, 816383.2157600019], [833652.6771000009, 816386.8413400017], [833653.1925800005, 816388.8539200015], [833653.6396400006, 816390.5993400011], [833654.0159400012, 816392.1683500018], [833670.8320700005, 816387.6373300012], [833667.954570001, 816376.8182400018]]], "type": "Polygon"}, "properties": {"BaseHeight": 11.3, "BuildingBlockType": "Tower", "BuildingCSUID": "3365516379T20050430", "BuildingID": 1103122128, "BuildingNameEN": "Cheong Tai Commercial Building", "BuildingNameTC": "昌泰商業大廈", "DateCreate": 1114790400000, "DateStamp": 1658246400000, "GeoRefNo": "3365516379", "OBJECTID": 283429, "Shape__Area": 233.17107954815097, "Shape__Length": 61.592872854778676, "Status": "Active", "Storeys": 12, "StoreysInBasement": null, "TopHeight": 45.1}, "type": "Feature"}, {"geometry": {"coordinates": [[[833687.9050000012, 816381.7719000019], [833686.846020001, 816377.7733900025], [833688.4612000007, 816377.354700001], [833687.9344000006, 816375.4253000021], [833689.4274300011, 816375.0291400012], [833688.2119000005, 816370.4740600027], [833675.9704500008, 816373.7784300018], [833676.3631500006, 816375.3736900017], [833677.4948900007, 816379.9711700026], [833679.0732800011, 816379.5591300018], [833680.1095000012, 816383.8754000012], [833687.9050000012, 816381.7719000019]]], "type": "Polygon"}, "properties": {"BaseHeight": 18.8, "BuildingBlockType": "Tower", "BuildingCSUID": "3368116378T20090813", "BuildingID": 1109347481, "BuildingNameEN": "CS Tower", "BuildingNameTC": "昌盛大廈", "DateCreate": 1250092800000, "DateStamp": 1658246400000, "GeoRefNo": "3368116378", "OBJECTID": 283621, "Shape__Area": 114.93528638033426, "Shape__Length": 47.265836194081324, "Status": "Active", "Storeys": 22, "StoreysInBasement": null, "TopHeight": 99.6}, "type": "Feature"}, {"geometry": {"coordinates": [[[833676.2457300005, 816375.2679800019], [833675.3573500011, 816374.6824700013], [833667.9593900004, 816376.816850001], [833667.954570001, 816376.8182400018], [833670.8320700005, 816387.6373300012], [833670.920450001, 816387.9909900017], [833674.9552000007, 816386.9827000014], [833679.0774200009, 816385.9525500014], [833678.9637600007, 816385.5258800015], [833677.9504200006, 816381.7219300009], [833677.4948900007, 816379.9711700026], [833676.3631500006, 816375.3736900017], [833676.2457300005, 816375.2679800019]]], "type": "Polygon"}, "properties": {"BaseHeight": 2.9, "BuildingBlockType": "Tower", "BuildingCSUID": "3367416381T20220720", "BuildingID": 1910223063, "BuildingNameEN": null, "BuildingNameTC": null, "DateCreate": 1658246400000, "DateStamp": 1659024000000, "GeoRefNo": "3367416381", "OBJECTID": 283691, "Shape__Area": 98.36611777977669, "Shape__Length": 39.81618750190676, "Status": "Active", "Storeys": null, "StoreysInBasement": null, "TopHeight": 87.6}, "type": "Feature"}, {"geometry": {"coordinates": [[[833508.9339900007, 816580.2889800016], [833506.455550001, 816580.9316100013], [833506.1534700012, 816579.927670002], [833503.6515600011, 816580.5698500015], [833502.7362200012, 816580.8047800027], [833499.5557300011, 816581.6210400015], [833499.787320001, 816582.6606800016], [833496.9391900012, 816583.3992000017], [833497.5996600008, 816585.9521800019], [833498.4622100005, 816585.692660002], [833500.5933400011, 816593.4272100013], [833503.2485300004, 816592.7272800021], [833503.9832500005, 816592.533590002], [833504.2553100009, 816593.7228300013], [833506.4784100009, 816593.1452800017], [833506.1611800008, 816591.9595000017], [833506.5917600011, 816591.8460000027], [833510.6671100007, 816590.7717200015], [833508.5588300005, 816582.6051500011], [833509.4905600008, 816582.4243600015], [833508.9339900007, 816580.2889800016]]], "type": "Polygon"}, "properties": {"BaseHeight": 3.3, "BuildingBlockType": "Tower", "BuildingCSUID": "3350516586T20050430", "BuildingID": 1103120911, "BuildingNameEN": "Macau Ferry Bus Terminus Public Toilet", "BuildingNameTC": "港澳碼頭巴士總站公廁", "DateCreate": 1114790400000, "DateStamp": 1786982400000, "GeoRefNo": "3350516586", "OBJECTID": 284829, "Shape__Area": 125.75523198164375, "Shape__Length": 50.48843880785536, "Status": "Active", "Storeys": 1, "StoreysInBasement": null, "TopHeight": 9.9}, "type": "Feature"}, {"geometry": {"coordinates": [[[833537.0411200011, 816585.6573700011], [833536.4578300007, 816583.1933400016], [833528.4158900008, 816585.2686800025], [833529.1943200007, 816587.867920002], [833537.0411200011, 816585.6573700011]]], "type": "Polygon"}, "properties": {"BaseHeight": null, "BuildingBlockType": "Open-sided Structure", "BuildingCSUID": "3353316586T20080228", "BuildingID": 1103120948, "BuildingNameEN": null, "BuildingNameTC": null, "DateCreate": 1204128000000, "DateStamp": 1755792000000, "GeoRefNo": "3353316586", "OBJECTID": 284830, "Shape__Area": 21.57129067462875, "Shape__Length": 21.70306545955389, "Status": "Active", "Storeys": null, "StoreysInBasement": null, "TopHeight": null}, "type": "Feature"}, {"geometry": {"coordinates": [[[833361.3585100006, 816557.2525000013], [833369.7926400006, 816555.0420800019], [833365.7286100006, 816539.6675000023], [833364.4273200007, 816540.0047100019], [833364.1600000011, 816536.5508600026], [833363.4408900011, 816534.4477900025], [833360.0204600012, 816535.8440300021], [833360.7596800011, 816537.9367600009], [833356.5416900013, 816539.4540800024], [833356.7161500007, 816540.0985100027], [833358.9216200011, 816548.247940002], [833361.3585100006, 816557.2525000013]]], "type": "Polygon"}, "properties": {"BaseHeight": 3.4, "BuildingBlockType": "Tower", "BuildingCSUID": "3336316548T20050430", "BuildingID": 1103121112, "BuildingNameEN": null, "BuildingNameTC": "數字銀行大廈", "DateCreate": 1114790400000, "DateStamp": 1755792000000, "GeoRefNo": "3336316548", "OBJECTID": 284871, "Shape__Area": 170.25127045883124, "Shape__Length": 60.487863185803526, "Status": "Active", "Storeys": 23, "StoreysInBasement": null, "TopHeight": 78.4}, "type": "Feature"}, {"geometry": {"coordinates": [[[833494.4838500004, 816509.1103900019], [833491.9962700009, 816499.605270002], [833487.524770001, 816500.8528600018], [833490.3283400005, 816511.7920600027], [833491.0333200004, 816514.542750001], [833494.2647900004, 816527.1518100016], [833498.882960001, 816525.9197600018], [833495.5975900004, 816513.3663600013], [833494.8816400012, 816510.630520001], [833494.4838500004, 816509.1103900019]]], "type": "Polygon"}, "properties": {"BaseHeight": 3.8, "BuildingBlockType": "Tower", "BuildingCSUID": "3349316514T20190313", "BuildingID": 1810185692, "BuildingNameEN": "Lander Grand Hotel", "BuildingNameTC": "薈麗酒店", "DateCreate": 1552406400000, "DateStamp": 1755792000000, "GeoRefNo": "3349316514", "OBJECTID": 284872, "Shape__Area": 128.00625613432882, "Shape__Length": 63.77158603197303, "Status": "Active", "Storeys": null, "StoreysInBasement": null, "TopHeight": 69}, "type": "Feature"}, {"geometry": {"coordinates": [[[833884.4374100007, 816272.427430002], [833886.8527200008, 816275.9921000022], [833900.2007100005, 816267.7113800012], [833898.7468700008, 816265.4956800025], [833896.2500800006, 816267.1691800021], [833895.1226600008, 816265.4535200018], [833884.4374100007, 816272.427430002]]], "type": "Polygon"}, "properties": {"BaseHeight": 4.7, "BuildingBlockType": "Tower", "BuildingCSUID": "3388716272T20050430", "BuildingID": 1103122990, "BuildingNameEN": "KIN WANG HOUSE", "BuildingNameTC": "建宏樓", "DateCreate": 1114790400000, "DateStamp": 1632153600000, "GeoRefNo": "3388716272", "OBJECTID": 285273, "Shape__Area": 64.45991783444235, "Shape__Length": 40.48229940133521, "Status": "Active", "Storeys": 6, "StoreysInBasement": null, "TopHeight": 49.1}, "type": "Feature"}, {"geometry": {"coordinates": [[[833366.2999500008, 816257.8046000022], [833345.7087900005, 816233.5376400016], [833336.4305200009, 816241.5769200027], [833348.0324300006, 816255.3153800014], [833353.1959200008, 816261.429750001], [833356.9599100007, 816265.8869000021], [833362.1691400008, 816261.3791500013], [833364.3335600011, 816259.506190002], [833366.2999500008, 816257.8046000022]]], "type": "Polygon"}, "properties": {"BaseHeight": 18.6, "BuildingBlockType": "Podium", "BuildingCSUID": "3335116250P20060312", "BuildingID": 1103117314, "BuildingNameEN": "ELEGANCE COURT", "BuildingNameTC": "尚雅苑", "DateCreate": 1142092800000, "DateStamp": 1760630400000, "GeoRefNo": "3335116250", "OBJECTID": 287947, "Shape__Area": 391.8371716999421, "Shape__Length": 88.27268777634383, "Status": "Active", "Storeys": 2, "StoreysInBasement": null, "TopHeight": 26.4}, "type": "Feature"}, {"geometry": {"coordinates": [[[833360.081890001, 816262.439100001], [833361.8177800011, 816260.9653000012], [833362.1691400008, 816261.3791500013], [833364.3335600011, 816259.506190002], [833361.3584200004, 816255.8451200016], [833362.0284200013, 816255.3006500024], [833355.652160001, 816247.7704300024], [833355.0345400004, 816248.2775600012], [833351.9488400007, 816244.7038800027], [833349.7686700011, 816246.5030500013], [833350.208850001, 816247.0526300017], [833348.3096700013, 816248.6527200025], [833351.4658700004, 816252.4950900022], [833348.0324300006, 816255.3153800014], [833353.1959200008, 816261.429750001], [833356.8088300005, 816258.4588000011], [833360.081890001, 816262.439100001]]], "type": "Polygon"}, "properties": {"BaseHeight": 26.4, "BuildingBlockType": "Tower", "BuildingCSUID": "3335316256T20050430", "BuildingID": 1103123079, "BuildingNameEN": "Elegance Court", "BuildingNameTC": "尚雅苑", "DateCreate": 1114790400000, "DateStamp": 1760630400000, "GeoRefNo": "3335316256", "OBJECTID": 287952, "Shape__Area": 144.00467212865922, "Shape__Length": 59.91465034222022, "Status": "Active", "Storeys": 23, "StoreysInBasement": null, "TopHeight": 93.7}, "type": "Feature"}, {"geometry": {"coordinates": [[[833379.3571500005, 816248.3772100024], [833370.5620900011, 816238.1047600023], [833361.2148300009, 816246.2172500025], [833370.0074300012, 816256.2434000019], [833379.3571500005, 816248.3772100024]]], "type": "Polygon"}, "properties": {"BaseHeight": 19.2, "BuildingBlockType": "Tower", "BuildingCSUID": "3337016254T20050430", "BuildingID": 1103123109, "BuildingNameEN": "Tai Ming House", "BuildingNameTC": "太明樓", "DateCreate": 1114790400000, "DateStamp": 1760630400000, "GeoRefNo": "3337016254", "OBJECTID": 287954, "Shape__Area": 165.1375273216984, "Shape__Length": 51.45394324649802, "Status": "Active", "Storeys": 6, "StoreysInBasement": null, "TopHeight": 41.8}, "type": "Feature"}, {"geometry": {"coordinates": [[[833315.0915800007, 816567.8600700013], [833311.234360001, 816568.889630001], [833310.238140001, 816565.1572800018], [833310.1045294417, 816564.8627807576], [833309.9221374907, 816564.5957325174], [833309.6964284668, 816564.3641358359], [833309.4341644343, 816564.1749291668], [833309.1432026168, 816564.0337809927], [833308.8322600005, 816563.9449200016], [833303.176690001, 816565.5322200023], [833302.9353482306, 816565.6987326086], [833302.7224543722, 816565.9003473482], [833302.5430636676, 816566.1322768057], [833302.4014358143, 816566.3890137321], [833302.3009338172, 816566.6644618156], [833302.2439441326, 816566.9520804416], [833302.2318200013, 816567.2450400013], [833302.2534826107, 816567.4711848738], [833302.301942874, 816567.6931361633], [833302.3765100008, 816567.907730002], [833302.606850001, 816568.7855000012], [833302.7668600008, 816569.3952600025], [833300.3272200013, 816570.010110002], [833298.7353600012, 816570.4113000017], [833298.4577817124, 816570.5352726443], [833298.2000052296, 816570.69642539], [833297.9669799401, 816570.8916640567], [833297.7631800007, 816571.1172400024], [833297.5740987812, 816571.4011162109], [833297.431301683, 816571.7108683665], [833297.3382400004, 816572.0390100013], [833297.2865962689, 816572.2105444038], [833297.2615038041, 816572.3879182871], [833297.2635404938, 816572.5670466715], [833297.2926594325, 816572.7438041711], [833297.3481900012, 816572.9141200017], [833297.6666700011, 816573.4880300015], [833302.6654000012, 816577.3235700019], [833302.9535246148, 816577.4351884874], [833303.2557509481, 816577.4994825204], [833303.5643600011, 816577.5148100015], [833307.0578400008, 816576.7097400017], [833311.4095100006, 816575.5196000021], [833314.761140001, 816574.6029600017], [833316.8574300008, 816574.0074700024], [833315.0915800007, 816567.8600700013]]], "type": "Polygon"}, "properties": {"BaseHeight": 18.4, "BuildingBlockType": "Tower", "BuildingCSUID": "3330716571T20200716", "BuildingID": 1810200839, "BuildingNameEN": "Connaught Marina", "BuildingNameTC": "干諾中心", "DateCreate": 1594828800000, "DateStamp": 1659369600000, "GeoRefNo": "3330716571", "OBJECTID": 288071, "Shape__Area": 159.56646763411453, "Shape__Length": 55.27336086025733, "Status": "Active", "Storeys": 24, "StoreysInBasement": null, "TopHeight": 114.1}, "type": "Feature"}, {"geometry": {"coordinates": [[[833632.6980000008, 816489.4230000023], [833625.6100000013, 816463.0620000027], [833620.1060000006, 816442.5900000017], [833599.5330000008, 816448.1480000019], [833600.3753300011, 816451.2630000021], [833604.7929100012, 816467.5986900013], [833605.3700300008, 816469.733310001], [833606.283710001, 816473.1119700018], [833606.9754300006, 816475.6701300014], [833612.1330000004, 816494.7440000027], [833632.6980000008, 816489.4230000023]]], "type": "Polygon"}, "properties": {"BaseHeight": 3.8, "BuildingBlockType": "Podium", "BuildingCSUID": "3361616468P20060312", "BuildingID": 1103117000, "BuildingNameEN": "GUANGDONG INVESTMENT TOWER", "BuildingNameTC": "粵海投資大廈", "DateCreate": 1142092800000, "DateStamp": 1757260800000, "GeoRefNo": "3361616468", "OBJECTID": 293511, "Shape__Area": 1029.3736815578504, "Shape__Length": 139.31858025881996, "Status": "Active", "Storeys": 3, "StoreysInBasement": 1, "TopHeight": 16.4}, "type": "Feature"}, {"geometry": {"coordinates": [[[833585.721880001, 816501.7980500013], [833595.0901200008, 816499.3200400025], [833590.8682200005, 816483.092240002], [833589.1814800007, 816483.551380001], [833587.348890001, 816476.8291000016], [833583.062880001, 816478.0011100024], [833581.6038800012, 816478.400080001], [833583.4771000007, 816485.1041400023], [833581.4176000012, 816485.666120002], [833581.9334600009, 816487.8059600014], [833585.721880001, 816501.7980500013]]], "type": "Polygon"}, "properties": {"BaseHeight": 3.6, "BuildingBlockType": "Tower", "BuildingCSUID": "3359116499T20050430", "BuildingID": 1103121449, "BuildingNameEN": "Hong Kong & Macau Building", "BuildingNameTC": "寶基大廈", "DateCreate": 1114790400000, "DateStamp": 1757347200000, "GeoRefNo": "3359116499", "OBJECTID": 293512, "Shape__Area": 204.78589888377414, "Shape__Length": 66.92274985630237, "Status": "Active", "Storeys": 18, "StoreysInBasement": 1, "TopHeight": 62.3}, "type": "Feature"}, {"geometry": {"coordinates": [[[833612.1331200004, 816494.7444800027], [833613.2754200008, 816494.4488900024], [833631.7272200007, 816489.674110001], [833632.697540001, 816489.4230200015], [833626.449190001, 816466.183480002], [833625.6100500012, 816463.062450001], [833624.5481000012, 816459.1127500013], [833604.0029100012, 816464.6771300025], [833604.7929100012, 816467.5986900013], [833605.3700300008, 816469.733310001], [833606.283710001, 816473.1119700018], [833606.9754300006, 816475.6701300014], [833612.1331200004, 816494.7444800027]]], "type": "Polygon"}, "properties": {"BaseHeight": 3.6, "BuildingBlockType": "Tower", "BuildingCSUID": "3362216487T20050430", "BuildingID": 1103121488, "BuildingNameEN": "Guangdong Investment Tower", "BuildingNameTC": "粵海投資大廈", "DateCreate": 1114790400000, "DateStamp": 1757260800000, "GeoRefNo": "3362216487", "OBJECTID": 293513, "Shape__Area": 664.8295619939465, "Shape__Length": 105.0610351369829, "Status": "Active", "Storeys": 25, "StoreysInBasement": null, "TopHeight": 107.1}, "type": "Feature"}, {"geometry": {"coordinates": [[[833612.1330600008, 816494.7442400027], [833606.9754300006, 816475.6701300014], [833606.283710001, 816473.1119700018], [833605.3700300008, 816469.733310001], [833604.7929100012, 816467.5986900013], [833604.0186200012, 816464.7359300014], [833604.0029100012, 816464.6771300025], [833600.3753300011, 816451.2630000021], [833576.5747000007, 816457.6989100017], [833568.8256900012, 816459.7943100017], [833572.7260200009, 816474.748850001], [833573.8222100008, 816478.9517600015], [833574.2060000012, 816480.4230000023], [833581.6038800012, 816478.400080001], [833582.1915200008, 816478.239380002], [833587.348890001, 816476.8291000016], [833589.1814800007, 816483.551380001], [833590.8682200005, 816483.092240002], [833595.0901200008, 816499.3200400025], [833597.0233900007, 816498.801020002], [833612.1330600008, 816494.7442400027]]], "type": "Polygon"}, "properties": {"BaseHeight": 4.1, "BuildingBlockType": "Podium", "BuildingCSUID": "3359016469P20250901", "BuildingID": 1910266430, "BuildingNameEN": null, "BuildingNameTC": null, "DateCreate": 1756656000000, "DateStamp": 1756656000000, "GeoRefNo": "3359016469", "OBJECTID": 293514, "Shape__Area": 1126.5949842987113, "Shape__Length": 155.80008791581608, "Status": "Active", "Storeys": null, "StoreysInBasement": null, "TopHeight": 17}, "type": "Feature"}, {"geometry": {"coordinates": [[[833612.1330600008, 816494.7442400027], [833606.9754300006, 816475.6701300014], [833606.283710001, 816473.1119700018], [833605.3700300008, 816469.733310001], [833604.7929100012, 816467.5986900013], [833604.0029100012, 816464.6771300025], [833600.3753300011, 816451.2630000021], [833577.5049600005, 816457.4473600015], [833583.062880001, 816478.0011100024], [833587.348890001, 816476.8291000016], [833590.7600700008, 816475.8963200022], [833597.0233900007, 816498.8010100015], [833612.1330600008, 816494.7442400027]]], "type": "Polygon"}, "properties": {"BaseHeight": 17, "BuildingBlockType": "Tower", "BuildingCSUID": "3359616473T20250901", "BuildingID": 1910266432, "BuildingNameEN": "China Merchants Plaza", "BuildingNameTC": "招商局廣場", "DateCreate": 1756656000000, "DateStamp": 1757347200000, "GeoRefNo": "3359616473", "OBJECTID": 293515, "Shape__Area": 876.5158671102847, "Shape__Length": 137.3967997323449, "Status": "Active", "Storeys": 26, "StoreysInBasement": null, "TopHeight": 120}, "type": "Feature"}, {"geometry": {"coordinates": [[[833959.1273300005, 816254.7099900022], [833972.852500001, 816273.863090001], [833983.6668600012, 816266.9253700022], [833974.5328100007, 816254.1953000017], [833969.4745700005, 816247.1456500012], [833959.1273300005, 816254.7099900022]]], "type": "Polygon"}, "properties": {"BaseHeight": 3.7, "BuildingBlockType": "Tower", "BuildingCSUID": "3397416270T20050430", "BuildingID": 1103123014, "BuildingNameEN": "Bank Of Dongguan Tower", "BuildingNameTC": "東莞銀行大廈", "DateCreate": 1114790400000, "DateStamp": 1787155200000, "GeoRefNo": "3397416270", "OBJECTID": 297154, "Shape__Area": 307.1853077696382, "Shape__Length": 73.57350934418878, "Status": "Active", "Storeys": 21, "StoreysInBasement": null, "TopHeight": 72.8}, "type": "Feature"}, {"geometry": {"coordinates": [[[833461.4190500006, 816402.1249700021], [833459.3267700011, 816398.5586900022], [833453.2020000005, 816402.1520000026], [833458.3400000008, 816403.9320000019], [833461.4190500006, 816402.1249700021]]], "type": "Polygon"}, "properties": {"BaseHeight": null, "BuildingBlockType": "Tower", "BuildingCSUID": "3345816402T20260630", "BuildingID": 1910276993, "BuildingNameEN": "Wing Lok Street Public Toilet", "BuildingNameTC": "永樂街公廁", "DateCreate": 1782748800000, "DateStamp": 1782748800000, "GeoRefNo": "3345816402", "OBJECTID": 297701, "Shape__Area": 22.063042270004903, "Shape__Length": 20.24349996682692, "Status": "Active", "Storeys": null, "StoreysInBasement": null, "TopHeight": null}, "type": "Feature"}, {"geometry": {"coordinates": [[[833621.436900001, 816319.6452700011], [833622.6730200006, 816321.4758600015], [833625.3376100007, 816319.8343800027], [833627.5491600009, 816323.1038500015], [833626.4259100007, 816323.7961700018], [833627.113260001, 816324.8271800019], [833625.6150200004, 816325.8327800017], [833629.4201800004, 816331.4679600019], [833642.4867100008, 816327.7452100012], [833626.3643600009, 816303.6710600015], [833624.7959600007, 816301.3291100021], [833624.4499700004, 816300.8124800026], [833613.643720001, 816308.1040700022], [833614.7283500005, 816309.7103400026], [833621.436900001, 816319.6452700011]]], "type": "Polygon"}, "properties": {"BaseHeight": 14.8, "BuildingBlockType": "Tower", "BuildingCSUID": "3362816317T20050430", "BuildingID": 1103122537, "BuildingNameEN": "Strand 50", "BuildingNameTC": null, "DateCreate": 1114790400000, "DateStamp": 1660233600000, "GeoRefNo": "3362816317", "OBJECTID": 299509, "Shape__Area": 378.6342712229454, "Shape__Length": 93.41140697715416, "Status": "Active", "Storeys": 26, "StoreysInBasement": null, "TopHeight": 95.5}, "type": "Feature"}, {"geometry": {"coordinates": [[[833743.7232800005, 816321.365530001], [833756.9829700012, 816318.2899000011], [833757.6816000007, 816320.698400002], [833760.3413300011, 816320.0694400016], [833764.5771000013, 816319.0677700024], [833771.9672300005, 816317.320170002], [833768.9097300004, 816304.3368800022], [833763.3595400006, 816305.1444100011], [833760.2532200012, 816295.0898600016], [833758.4692300009, 816291.2789000012], [833757.3899500007, 816289.0919600017], [833751.4643300008, 816292.1911100019], [833745.3709600009, 816295.5192500018], [833743.7561700009, 816299.7081100009], [833741.6680000005, 816305.3320000023], [833741.2688900009, 816309.3055200018], [833740.889680001, 816313.7268800009], [833741.0339400005, 816314.7589800023], [833741.3741200007, 816316.1728900019], [833741.4834600007, 816316.6408800017], [833742.7607500004, 816321.5865800027], [833743.7232800005, 816321.365530001]]], "type": "Polygon"}, "properties": {"BaseHeight": 3.3, "BuildingBlockType": "Tower", "BuildingCSUID": "3375216294T20050430", "BuildingID": 1103122614, "BuildingNameEN": "Mandarin Building", "BuildingNameTC": "文華大廈", "DateCreate": 1114790400000, "DateStamp": 1710777600000, "GeoRefNo": "3375216294", "OBJECTID": 300266, "Shape__Area": 649.4516641612734, "Shape__Length": 108.53847210715233, "Status": "Active", "Storeys": 18, "StoreysInBasement": null, "TopHeight": 72.1}, "type": "Feature"}, {"geometry": {"coordinates": [[[833306.7828100007, 816484.1285000015], [833299.8691300005, 816475.9288300015], [833292.585020001, 816481.944310002], [833299.5840000007, 816490.1800000016], [833306.7828100007, 816484.1285000015]]], "type": "Polygon"}, "properties": {"BaseHeight": 3, "BuildingBlockType": "Tower", "BuildingCSUID": "3330416485T20050430", "BuildingID": 1103121516, "BuildingNameEN": "Fung Sang Trading Building", "BuildingNameTC": "豐生貿易大廈", "DateCreate": 1114790400000, "DateStamp": 1680192000000, "GeoRefNo": "3330416485", "OBJECTID": 307137, "Shape__Area": 101.47894850213078, "Shape__Length": 40.384703593241895, "Status": "Active", "Storeys": 24, "StoreysInBasement": null, "TopHeight": 78}, "type": "Feature"}, {"geometry": {"coordinates": [[[833292.585020001, 816481.944310002], [833299.8691300005, 816475.9288300015], [833306.7828100007, 816484.1285000015], [833310.2083300008, 816481.0711700022], [833291.6930800006, 816459.483260002], [833288.3736500004, 816462.1862900015], [833288.973530001, 816462.9030300025], [833293.4470600011, 816468.204280002], [833291.771660001, 816469.6295700017], [833288.8924700012, 816472.2139600012], [833286.3077300005, 816474.5409200024], [833292.585020001, 816481.944310002]]], "type": "Polygon"}, "properties": {"BaseHeight": 3, "BuildingBlockType": "Tower", "BuildingCSUID": "3330616482T20050430", "BuildingID": 1103121559, "BuildingNameEN": "Hang Fat Trading House", "BuildingNameTC": "恆發貿易大廈", "DateCreate": 1114790400000, "DateStamp": 1680192000000, "GeoRefNo": "3330616482", "OBJECTID": 307138, "Shape__Area": 220.69050474229212, "Shape__Length": 84.60893056807225, "Status": "Active", "Storeys": 20, "StoreysInBasement": null, "TopHeight": 80.6}, "type": "Feature"}, {"geometry": {"coordinates": [[[833565.560130001, 816401.8077700026], [833565.7456600005, 816402.7288300022], [833574.5032600006, 816401.0204100013], [833576.7376800012, 816411.4840700012], [833580.9493300011, 816410.3471500017], [833580.5741500007, 816408.4845600016], [833578.6963000009, 816399.1618000027], [833565.560130001, 816401.8077700026]]], "type": "Polygon"}, "properties": {"BaseHeight": 3.2, "BuildingBlockType": "Podium", "BuildingCSUID": "3357516405P20060312", "BuildingID": 1103117117, "BuildingNameEN": "FWD FINANCIAL CENTRE", "BuildingNameTC": "富衛金融中心", "DateCreate": 1142092800000, "DateStamp": 1619539200000, "GeoRefNo": "3357516405", "OBJECTID": 308577, "Shape__Area": 59.70065153669801, "Shape__Length": 49.734227214523884, "Status": "Active", "Storeys": null, "StoreysInBasement": null, "TopHeight": 19.1}, "type": "Feature"}, {"geometry": {"coordinates": [[[833980.2354500005, 816534.7796200011], [833978.8152700011, 816533.255400002], [833977.2893000012, 816534.7235200014], [833978.7082000012, 816536.2600800022], [833980.2354500005, 816534.7796200011]]], "type": "Polygon"}, "properties": {"BaseHeight": 3.6, "BuildingBlockType": "Tower", "BuildingCSUID": "3397816534T20050430", "BuildingID": 1103121244, "BuildingNameEN": null, "BuildingNameTC": null, "DateCreate": 1114790400000, "DateStamp": 1619539200000, "GeoRefNo": "3397816534", "OBJECTID": 308684, "Shape__Area": 4.4291223037549825, "Shape__Length": 8.419351762648864, "Status": "Active", "Storeys": null, "StoreysInBasement": null, "TopHeight": 5.1}, "type": "Feature"}, {"geometry": {"coordinates": [[[833695.7279100008, 816381.7174500022], [833691.8033200009, 816367.3913400024], [833691.591620001, 816367.4570900016], [833687.7070000004, 816368.5820000023], [833688.2119000005, 816370.4740600027], [833689.4274300011, 816375.0291400012], [833691.5130700013, 816382.8448800016], [833695.7279100008, 816381.7174500022]]], "type": "Polygon"}, "properties": {"BaseHeight": 3, "BuildingBlockType": "Tower", "BuildingCSUID": "3368816370T20050430", "BuildingID": 1103122171, "BuildingNameEN": "FINANCE BUILDING", "BuildingNameTC": "金融商業大廈", "DateCreate": 1114790400000, "DateStamp": 1619539200000, "GeoRefNo": "3368816370", "OBJECTID": 308762, "Shape__Area": 63.87336143025257, "Shape__Length": 38.24484180623884, "Status": "Active", "Storeys": 16, "StoreysInBasement": null, "TopHeight": 53}, "type": "Feature"}, {"geometry": {"coordinates": [[[833572.7498000013, 816373.7980900016], [833569.8922100011, 816361.6535600014], [833569.2197600007, 816362.062140001], [833565.9492700007, 816364.0492800027], [833568.0490000006, 816372.7684600018], [833570.9098500004, 816372.0741000026], [833571.3839100013, 816374.1417000014], [833571.8749000011, 816374.0182000026], [833572.7498000013, 816373.7980900016]]], "type": "Polygon"}, "properties": {"BaseHeight": 3, "BuildingBlockType": "Tower", "BuildingCSUID": "3356616365T20050430", "BuildingID": 1103122235, "BuildingNameEN": null, "BuildingNameTC": null, "DateCreate": 1114790400000, "DateStamp": 1619539200000, "GeoRefNo": "3356616365", "OBJECTID": 308763, "Shape__Area": 45.16683679606622, "Shape__Length": 32.53194583411637, "Status": "Active", "Storeys": 6, "StoreysInBasement": null, "TopHeight": 28.9}, "type": "Feature"}, {"geometry": {"coordinates": [[[833631.3649900006, 816373.8487700019], [833635.8812800013, 816372.5404000022], [833632.2388600009, 816359.2390800025], [833631.7860000012, 816357.5853600018], [833633.6608200008, 816357.0410800017], [833637.583920001, 816355.9021600019], [833636.9830300007, 816353.7208400015], [833639.4134100005, 816353.0445300024], [833636.1126100011, 816341.1937700026], [833623.5705600008, 816344.7763500027], [833627.6016500005, 816359.8119200021], [833631.3649900006, 816373.8487700019]]], "type": "Polygon"}, "properties": {"BaseHeight": 3, "BuildingBlockType": "Tower", "BuildingCSUID": "3363116373T20050430", "BuildingID": 1103122237, "BuildingNameEN": "Man Lok Building", "BuildingNameTC": "文樂商業大廈", "DateCreate": 1114790400000, "DateStamp": 1619539200000, "GeoRefNo": "3363116373", "OBJECTID": 308764, "Shape__Area": 257.5736319618383, "Shape__Length": 86.4749204825883, "Status": "Active", "Storeys": 15, "StoreysInBasement": null, "TopHeight": 48.3}, "type": "Feature"}, {"geometry": {"coordinates": [[[833401.0424100012, 816375.9205100015], [833395.870000001, 816363.1280000024], [833391.6675900007, 816364.6695600022], [833391.8295100005, 816365.0779400021], [833393.5480300011, 816369.4120700024], [833395.3214200009, 816373.8845700026], [833395.4213400008, 816374.136570001], [833396.9133900013, 816377.4589100014], [833401.0424100012, 816375.9205100015]]], "type": "Polygon"}, "properties": {"BaseHeight": 4.9, "BuildingBlockType": "Tower", "BuildingCSUID": "3339216366T20050430", "BuildingID": 1103122203, "BuildingNameEN": null, "BuildingNameTC": null, "DateCreate": 1114790400000, "DateStamp": 1619539200000, "GeoRefNo": "3339216366", "OBJECTID": 308765, "Shape__Area": 62.13233443860489, "Shape__Length": 36.50721172274346, "Status": "Active", "Storeys": 6, "StoreysInBasement": null, "TopHeight": 26.1}, "type": "Feature"}, {"geometry": {"coordinates": [[[833425.4787400011, 816351.8540800009], [833421.8123600008, 816353.2501000017], [833425.4031900009, 816362.7672400009], [833429.1259900006, 816361.3033200018], [833425.4787400011, 816351.8540800009]]], "type": "Polygon"}, "properties": {"BaseHeight": 7.3, "BuildingBlockType": "Tower", "BuildingCSUID": "3342216354T20050430", "BuildingID": 1103122313, "BuildingNameEN": null, "BuildingNameTC": null, "DateCreate": 1114790400000, "DateStamp": 1619539200000, "GeoRefNo": "3342216354", "OBJECTID": 308766, "Shape__Area": 40.21161757030243, "Shape__Length": 28.22417288206403, "Status": "Active", "Storeys": 6, "StoreysInBasement": null, "TopHeight": 29}, "type": "Feature"}, {"geometry": {"coordinates": [[[833210.8687200006, 816338.2915900014], [833217.8527500005, 816332.4456000011], [833211.2372600008, 816324.3423300013], [833210.8010800006, 816323.808050001], [833208.9421500005, 816325.2966600023], [833207.3102200013, 816323.3333500009], [833204.2365900008, 816325.9284200016], [833205.8637700006, 816327.9076900017], [833203.8179600006, 816329.5741700027], [833204.2755300011, 816330.1381900012], [833210.8687200006, 816338.2915900014]]], "type": "Polygon"}, "properties": {"BaseHeight": 12.7, "BuildingBlockType": "Tower", "BuildingCSUID": "3320916337T20050430", "BuildingID": 1103122507, "BuildingNameEN": null, "BuildingNameTC": null, "DateCreate": 1114790400000, "DateStamp": 1619539200000, "GeoRefNo": "3320916337", "OBJECTID": 308769, "Shape__Area": 111.8950998027091, "Shape__Length": 45.628257256411416, "Status": "Active", "Storeys": 6, "StoreysInBasement": null, "TopHeight": 37.3}, "type": "Feature"}, {"geometry": {"coordinates": [[[833315.9329000004, 816282.0199200027], [833313.4322800012, 816279.098960001], [833297.2754400009, 816292.824500002], [833308.9473400004, 816306.5510400012], [833315.5258400012, 816300.5467000026], [833314.5544200009, 816299.404430002], [833315.2540300004, 816298.7660800014], [833319.6545800008, 816294.7508900017], [833320.6234300006, 816295.8901400026], [833321.3262200011, 816295.246530002], [833322.2728300011, 816294.3795100022], [833323.2253900012, 816293.5191000011], [833327.1415900011, 816289.944670001], [833318.0169100007, 816280.1082500014], [833315.9329000004, 816282.0199200027]]], "type": "Polygon"}, "properties": {"BaseHeight": 26.9, "BuildingBlockType": "Tower", "BuildingCSUID": "3330716284T20050430", "BuildingID": 1103122724, "BuildingNameEN": "Hollywood Centre", "BuildingNameTC": "荷李活商業中心", "DateCreate": 1114790400000, "DateStamp": 1619539200000, "GeoRefNo": "3330716284", "OBJECTID": 308772, "Shape__Area": 405.6386416099431, "Shape__Length": 86.9362722505795, "Status": "Active", "Storeys": 19, "StoreysInBasement": null, "TopHeight": 83.1}, "type": "Feature"}, {"geometry": {"coordinates": [[[833579.3370000012, 816301.3970000017], [833579.9505600007, 816302.369640002], [833584.1750000007, 816299.6910000015], [833583.5530200005, 816298.7374500018], [833579.3370000012, 816301.3970000017]]], "type": "Polygon"}, "properties": {"BaseHeight": 3.4, "BuildingBlockType": "Tower", "BuildingCSUID": "3358116300T20050430", "BuildingID": 1103122755, "BuildingNameEN": null, "BuildingNameTC": null, "DateCreate": 1114790400000, "DateStamp": 1619539200000, "GeoRefNo": "3358116300", "OBJECTID": 308774, "Shape__Area": 5.71336922957566, "Shape__Length": 12.27534449200208, "Status": "Active", "Storeys": null, "StoreysInBasement": null, "TopHeight": 5.8}, "type": "Feature"}, {"geometry": {"coordinates": [[[833512.5584500004, 816303.2621300016], [833515.3492800007, 816299.3485000022], [833506.5551600009, 816291.5101500023], [833503.6025600005, 816295.6965000015], [833505.7424000008, 816297.3180800024], [833505.5646200012, 816297.6485400014], [833509.505760001, 816300.6168400012], [833509.3535200004, 816300.9726600014], [833512.4385600006, 816303.1764800027], [833512.5584500004, 816303.2621300016]]], "type": "Polygon"}, "properties": {"BaseHeight": 11.8, "BuildingBlockType": "Tower", "BuildingCSUID": "3350816296T20050430", "BuildingID": 1103122749, "BuildingNameEN": null, "BuildingNameTC": null, "DateCreate": 1114790400000, "DateStamp": 1618416000000, "GeoRefNo": "3350816296", "OBJECTID": 309798, "Shape__Area": 58.945286909349626, "Shape__Length": 34.02966116215204, "Status": "Active", "Storeys": 6, "StoreysInBasement": null, "TopHeight": 32.6}, "type": "Feature"}, {"geometry": {"coordinates": [[[833576.7376800012, 816411.4840700012], [833574.5032600006, 816401.0204100013], [833565.7456600005, 816402.7288300022], [833565.480870001, 816402.7804800011], [833565.7189700007, 816404.0010100026], [833550.5418900009, 816407.0149300024], [833549.4811600009, 816408.7641600017], [833554.6296500005, 816433.3411300015], [833556.2554800007, 816434.2248900011], [833580.4316000007, 816428.8327300027], [833578.4703600006, 816419.621650001], [833576.7376800012, 816411.4840700012]]], "type": "Polygon"}, "properties": {"BaseHeight": 19.1, "BuildingBlockType": "Tower", "BuildingCSUID": "3356816428T20050430", "BuildingID": 1103121840, "BuildingNameEN": "308 Central Des Voeux", "BuildingNameTC": "德輔道中３０８號", "DateCreate": 1114790400000, "DateStamp": 1712073600000, "GeoRefNo": "3356816428", "OBJECTID": 314311, "Shape__Area": 728.822644515817, "Shape__Length": 108.12338307016154, "Status": "Active", "Storeys": 29, "StoreysInBasement": null, "TopHeight": 111}, "type": "Feature"}, {"geometry": {"coordinates": [[[833926.0603800006, 816284.4054300021], [833927.9303800007, 816283.2414900027], [833930.0459100008, 816281.9247200023], [833929.106540001, 816280.389870001], [833928.213750001, 816280.9837000016], [833925.1053900011, 816282.9382800013], [833926.0603800006, 816284.4054300021]]], "type": "Polygon"}, "properties": {"BaseHeight": null, "BuildingBlockType": "Temporary Structure", "BuildingCSUID": "3392816282T20110727", "BuildingID": 1810070957, "BuildingNameEN": null, "BuildingNameTC": null, "DateCreate": 1311696000000, "DateStamp": 1685289600000, "GeoRefNo": "3392816282", "OBJECTID": 319026, "Shape__Area": 8.325345269928064, "Shape__Length": 12.988647747942023, "Status": "Active", "Storeys": null, "StoreysInBasement": null, "TopHeight": null}, "type": "Feature"}, {"geometry": {"coordinates": [[[833250.8593400009, 816531.4782200027], [833252.3122800011, 816528.9715100024], [833253.6901500011, 816530.504300002], [833257.3255000012, 816527.0692200027], [833274.3442000011, 816511.8178300019], [833271.3368800012, 816508.4474600013], [833264.7547200006, 816501.0706900023], [833249.9615700012, 816514.5878300015], [833241.5484200008, 816509.7073700018], [833243.0533800004, 816507.1746500023], [833237.7743700007, 816504.0378200021], [833236.2771900008, 816506.5574400015], [833233.0936400006, 816504.6657500025], [833229.9703400005, 816510.0777300019], [833230.8641400011, 816510.5985000022], [833230.0568400007, 816511.984050002], [833229.1631900007, 816511.4433500022], [833226.1184200011, 816516.7834300026], [833250.8593400009, 816531.4782200027]]], "type": "Polygon"}, "properties": {"BaseHeight": 18.5, "BuildingBlockType": "Tower", "BuildingCSUID": "3325016523T20120801", "BuildingID": 1810087375, "BuildingNameEN": "Ibis Hong Kong Central & Sheung Wan Hotel", "BuildingNameTC": "宜必思香港中上環酒店", "DateCreate": 1343750400000, "DateStamp": 1684944000000, "GeoRefNo": "3325016523", "OBJECTID": 321283, "Shape__Area": 718.6184064186565, "Shape__Length": 137.555851905372, "Status": "Active", "Storeys": 31, "StoreysInBasement": null, "TopHeight": 137.2}, "type": "Feature"}, {"geometry": {"coordinates": [[[833578.2256500004, 816291.1252100021], [833570.4007400004, 816279.1383900009], [833563.7458500005, 816283.5634900015], [833564.1143700005, 816284.1260900013], [833565.7072900012, 816286.5579200014], [833564.9544300009, 816287.051070001], [833568.773120001, 816292.9177200012], [833569.6096400004, 816292.3697800022], [833571.617180001, 816295.4539600015], [833578.2256500004, 816291.1252100021]]], "type": "Polygon"}, "properties": {"BaseHeight": 16.1, "BuildingBlockType": "Tower", "BuildingCSUID": "3357116287T20110317", "BuildingID": 1810059884, "BuildingNameEN": "The Jervois", "BuildingNameTC": null, "DateCreate": 1300291200000, "DateStamp": 1685289600000, "GeoRefNo": "3357116287", "OBJECTID": 321755, "Shape__Area": 120.11372465112586, "Shape__Length": 46.36623490195924, "Status": "Active", "Storeys": 29, "StoreysInBasement": null, "TopHeight": 110.4}, "type": "Feature"}, {"geometry": {"coordinates": [[[833901.6418400006, 816297.818810001], [833900.1387000009, 816298.8076700009], [833909.9549300009, 816312.9592200015], [833917.4728900008, 816308.2503200024], [833908.4758100007, 816295.3505900018], [833907.5270000007, 816293.9902100023], [833901.6418400006, 816297.818810001]]], "type": "Polygon"}, "properties": {"BaseHeight": 3.7, "BuildingBlockType": "Tower", "BuildingCSUID": "3391116309T20050430", "BuildingID": 1103122679, "BuildingNameEN": "YeeOn168", "BuildingNameTC": "怡安１６８", "DateCreate": 1114790400000, "DateStamp": 1739116800000, "GeoRefNo": "3391116309", "OBJECTID": 323837, "Shape__Area": 152.97547643315016, "Shape__Length": 52.29984694041394, "Status": "Active", "Storeys": 14, "StoreysInBasement": null, "TopHeight": 45}, "type": "Feature"}, {"geometry": {"coordinates": [[[833555.5271300012, 816590.0470200013], [833555.5711200004, 816589.950960001], [833555.810680001, 816590.0619100016], [833555.8260000013, 816590.069000002], [833557.0767900012, 816587.3296400011], [833557.0966500007, 816587.2861300018], [833562.2610300006, 816589.6809800025], [833563.304560001, 816590.1397300027], [833564.4060000004, 816588.0250000022], [833560.1802100008, 816586.1051200014], [833560.353670001, 816585.7233300023], [833560.3823800012, 816585.6601500027], [833559.608500001, 816585.308550002], [833559.6059200009, 816585.3142300025], [833559.4060400007, 816585.7539700009], [833557.8590000011, 816585.0682700016], [833557.8830000004, 816584.881000001], [833557.2548300009, 816584.8004900012], [833556.6220000004, 816584.5200000014], [833556.7104000011, 816584.1474400014], [833555.7593100006, 816583.7045600023], [833556.7435700009, 816581.5908200014], [833556.9120500004, 816581.2290100027], [833556.5772000011, 816581.0671700016], [833553.7879000008, 816579.7190000024], [833552.1433900008, 816583.1214200016], [833550.7540700007, 816587.2326700017], [833554.5147200013, 816588.9838200025], [833554.3210000005, 816589.3720000014], [833554.5340500008, 816589.4706700016], [833554.256000001, 816590.0490000024], [833555.3110000007, 816590.5190000013], [833555.5271300012, 816590.0470200013]]], "type": "Polygon"}, "properties": {"BaseHeight": 3.9, "BuildingBlockType": "Temporary Structure", "BuildingCSUID": "3355816586T20180104", "BuildingID": 1810170109, "BuildingNameEN": null, "BuildingNameTC": null, "DateCreate": 1514995200000, "DateStamp": 1729180800000, "GeoRefNo": "3355816586", "OBJECTID": 325126, "Shape__Area": 59.46664828131017, "Shape__Length": 45.222898362381095, "Status": "Active", "Storeys": null, "StoreysInBasement": null, "TopHeight": 6.5}, "type": "Feature"}, {"geometry": {"coordinates": [[[833805.0001600012, 816349.8085100017], [833806.5769500006, 816349.3714200016], [833807.0755700013, 816351.1274300013], [833810.2500900012, 816350.3593400009], [833810.0437600007, 816349.5928900018], [833808.9244400011, 816345.434820002], [833807.8070600005, 816341.2839300018], [833806.7009300012, 816337.1748900022], [833801.8268000009, 816338.3734700009], [833805.0001600012, 816349.8085100017]]], "type": "Polygon"}, "properties": {"BaseHeight": 3.4, "BuildingBlockType": "Tower", "BuildingCSUID": "3380516341T20050430", "BuildingID": 1103122416, "BuildingNameEN": "The Blakeana Tower 1", "BuildingNameTC": "紫金閣", "DateCreate": 1114790400000, "DateStamp": 1730736000000, "GeoRefNo": "3380516341", "OBJECTID": 325661, "Shape__Area": 64.79803410642205, "Shape__Length": 37.268132598544135, "Status": "Active", "Storeys": 12, "StoreysInBasement": null, "TopHeight": 40}, "type": "Feature"}, {"geometry": {"coordinates": [[[833800.0976800006, 816349.1881100014], [833801.0212200005, 816352.5923200026], [833803.769340001, 816351.9274000023], [833803.3760000011, 816350.2587200012], [833805.0001600012, 816349.8085100017], [833801.8268000009, 816338.3734700009], [833797.4553500004, 816339.4484400023], [833798.300090001, 816342.5621700026], [833800.0976800006, 816349.1881100014]]], "type": "Polygon"}, "properties": {"BaseHeight": 3.4, "BuildingBlockType": "Tower", "BuildingCSUID": "3380116342T20050430", "BuildingID": 1103122403, "BuildingNameEN": "The Blakeana Tower 2", "BuildingNameTC": "紫金閣", "DateCreate": 1114790400000, "DateStamp": 1730736000000, "GeoRefNo": "3380116342", "OBJECTID": 325663, "Shape__Area": 58.87080354903449, "Shape__Length": 36.21510425045186, "Status": "Active", "Storeys": 12, "StoreysInBasement": null, "TopHeight": 40}, "type": "Feature"}, {"geometry": {"coordinates": [[[833245.570460001, 816240.4325400013], [833255.5793800009, 816252.719800001], [833259.9143400006, 816249.1619900018], [833258.4682900012, 816247.3173800018], [833256.7181700012, 816245.2241600025], [833260.147090001, 816242.2391100023], [833258.1532700006, 816239.7746500019], [833254.7242100006, 816242.7595300023], [833251.3960200008, 816238.6457100026], [833249.9063000008, 816236.7655200027], [833245.570460001, 816240.4325400013]]], "type": "Polygon"}, "properties": {"BaseHeight": 19.4, "BuildingBlockType": "Tower", "BuildingCSUID": "3325516249T20050430", "BuildingID": 1103123153, "BuildingNameEN": null, "BuildingNameTC": "百姓廟", "DateCreate": 1114790400000, "DateStamp": 1740412800000, "GeoRefNo": "3325516249", "OBJECTID": 333041, "Shape__Area": 103.95603802239924, "Shape__Length": 52.159589304850655, "Status": "Active", "Storeys": null, "StoreysInBasement": null, "TopHeight": 30.9}, "type": "Feature"}, {"geometry": {"coordinates": [[[833591.269510001, 816398.8300300017], [833592.7076700004, 816404.7683300022], [833593.9021000005, 816409.7002600022], [833614.7052200008, 816404.3963200022], [833614.3349200012, 816402.9427500013], [833621.1182600008, 816401.2146700025], [833618.6119300006, 816391.3764000013], [833591.269510001, 816398.8300300017]]], "type": "Polygon"}, "properties": {"BaseHeight": 3.1, "BuildingBlockType": "Tower", "BuildingCSUID": "3360616401T20230208", "BuildingID": 1910228888, "BuildingNameEN": "88WL", "BuildingNameTC": null, "DateCreate": 1675785600000, "DateStamp": 1709049600000, "GeoRefNo": "3360616401", "OBJECTID": 335407, "Shape__Area": 313.7711221325438, "Shape__Length": 79.64574159998465, "Status": "Active", "Storeys": null, "StoreysInBasement": null, "TopHeight": 120}, "type": "Feature"}, {"geometry": {"coordinates": [[[833538.0379400011, 816341.7516200021], [833549.6630000006, 816333.0470000021], [833544.9340000004, 816326.1360000018], [833542.2700000005, 816327.5200000014], [833543.7360000005, 816329.6130000018], [833534.1848500008, 816336.0656000022], [833538.0379400011, 816341.7516200021]]], "type": "Polygon"}, "properties": {"BaseHeight": 4.2, "BuildingBlockType": "Podium", "BuildingCSUID": "3354116334P20060312", "BuildingID": 1103117216, "BuildingNameEN": "MAN BOND BUILDING", "BuildingNameTC": "萬邦大廈", "DateCreate": 1142092800000, "DateStamp": 1691078400000, "GeoRefNo": "3354116334", "OBJECTID": 335813, "Shape__Area": 101.5050121211205, "Shape__Length": 46.84939360372003, "Status": "Active", "Storeys": 1, "StoreysInBasement": null, "TopHeight": 6.6}, "type": "Feature"}, {"geometry": {"coordinates": [[[833526.5906800004, 816324.8581200019], [833531.0608100006, 816331.4551400021], [833533.2210000008, 816330.0730000027], [833532.2070000004, 816328.5810000021], [833531.6520000007, 816327.1570000015], [833535.5480000004, 816324.4990000017], [833536.8160000006, 816325.4930000026], [833537.7830000008, 816327.0130000021], [833540.5470000012, 816325.1590000018], [833534.2350000013, 816314.9750000015], [833534.2180000013, 816314.9890000019], [833533.8390000006, 816315.4820000026], [833526.5906800004, 816324.8581200019]]], "type": "Polygon"}, "properties": {"BaseHeight": 4.3, "BuildingBlockType": "Podium", "BuildingCSUID": "3353316323P20060312", "BuildingID": 1103117227, "BuildingNameEN": "MAN BOND BUILDING", "BuildingNameTC": "萬邦大廈", "DateCreate": 1142092800000, "DateStamp": 1691078400000, "GeoRefNo": "3353316323", "OBJECTID": 335814, "Shape__Area": 98.03342904404863, "Shape__Length": 49.7993705201893, "Status": "Active", "Storeys": 1, "StoreysInBasement": null, "TopHeight": 11.4}, "type": "Feature"}, {"geometry": {"coordinates": [[[833520.784500001, 816345.212220002], [833522.6570500005, 816344.0638300013], [833524.5093300007, 816347.0841100011], [833525.0873900009, 816346.7296000011], [833526.1759300008, 816348.5045700017], [833528.3395600012, 816347.177670002], [833527.1347800009, 816345.2131800018], [833528.0766400006, 816344.6355600022], [833525.6910700006, 816340.7456900012], [833527.1563400012, 816339.8470800016], [833521.3831200004, 816331.3271500021], [833518.0993600013, 816335.4063600022], [833516.2101000007, 816337.7533000018], [833520.784500001, 816345.212220002]]], "type": "Polygon"}, "properties": {"BaseHeight": 4.9, "BuildingBlockType": "Tower", "BuildingCSUID": "3351916336T20050430", "BuildingID": 1103122435, "BuildingNameEN": null, "BuildingNameTC": null, "DateCreate": 1114790400000, "DateStamp": 1691078400000, "GeoRefNo": "3351916336", "OBJECTID": 335815, "Shape__Area": 99.95126865667785, "Shape__Length": 48.02058998046085, "Status": "Active", "Storeys": 8, "StoreysInBasement": null, "TopHeight": 30.5}, "type": "Feature"}, {"geometry": {"coordinates": [[[833534.1848500008, 816336.0656000022], [833543.7358400011, 816329.6125700027], [833542.3331100009, 816327.6097600013], [833542.2703200011, 816327.5201000012], [833540.5468200007, 816325.1593100019], [833537.7826200007, 816327.0134800021], [833536.8157400005, 816325.492970001], [833535.5477300007, 816324.4991700016], [833531.6516700005, 816327.1571200024], [833532.206890001, 816328.5810700022], [833533.2211300004, 816330.0732800011], [833531.0608100006, 816331.4551400021], [833532.9304500008, 816334.2143500019], [833534.1848500008, 816336.0656000022]]], "type": "Polygon"}, "properties": {"BaseHeight": 4.3, "BuildingBlockType": "Tower", "BuildingCSUID": "3353416327T20050430", "BuildingID": 1103122517, "BuildingNameEN": "Man Bond Building", "BuildingNameTC": "萬邦大廈", "DateCreate": 1114790400000, "DateStamp": 1691078400000, "GeoRefNo": "3353416327", "OBJECTID": 335816, "Shape__Area": 80.79622090741029, "Shape__Length": 39.92830703662615, "Status": "Active", "Storeys": 21, "StoreysInBasement": null, "TopHeight": 74.9}, "type": "Feature"}, {"geometry": {"coordinates": [[[833527.1563400012, 816339.8470800016], [833529.2913500005, 816342.9978600014], [833534.672340001, 816339.3516300023], [833531.7385300007, 816335.0220100023], [833532.9304500008, 816334.2143500019], [833531.0608100006, 816331.4551400021], [833528.7408300005, 816328.0313100014], [833522.1678600004, 816332.4852400012], [833527.1563400012, 816339.8470800016]]], "type": "Polygon"}, "properties": {"BaseHeight": 19.5, "BuildingBlockType": "Tower", "BuildingCSUID": "3352916335T20230804", "BuildingID": 1910234201, "BuildingNameEN": "119 Jervois", "BuildingNameTC": null, "DateCreate": 1691078400000, "DateStamp": 1691683200000, "GeoRefNo": "3352916335", "OBJECTID": 335817, "Shape__Area": 93.29590772656101, "Shape__Length": 41.27723537658874, "Status": "Active", "Storeys": null, "StoreysInBasement": null, "TopHeight": 89}, "type": "Feature"}, {"geometry": {"coordinates": [[[833531.7816200005, 816346.6729200017], [833538.0379400011, 816341.7516200021], [833534.1848500008, 816336.0656000022], [833532.9304500008, 816334.2143500019], [833526.5906800004, 816324.8581200019], [833521.3831200004, 816331.3271500021], [833522.1678600004, 816332.4852400012], [833527.1563400012, 816339.8470800016], [833529.2913500005, 816342.9978600014], [833531.7816200005, 816346.6729200017]]], "type": "Polygon"}, "properties": {"BaseHeight": 4.7, "BuildingBlockType": "Podium", "BuildingCSUID": "3353416341P20230804", "BuildingID": 1910234202, "BuildingNameEN": null, "BuildingNameTC": null, "DateCreate": 1691078400000, "DateStamp": 1691683200000, "GeoRefNo": "3353416341", "OBJECTID": 335818, "Shape__Area": 154.60297704347641, "Shape__Length": 55.208233186130144, "Status": "Active", "Storeys": 5, "StoreysInBasement": null, "TopHeight": 19.5}, "type": "Feature"}, {"geometry": {"coordinates": [[[833482.3995800009, 816435.8355500009], [833477.556570001, 816436.859720001], [833480.9889600007, 816452.5417800024], [833485.8158400012, 816451.4438900016], [833482.3995800009, 816435.8355500009]]], "type": "Polygon"}, "properties": {"BaseHeight": 3, "BuildingBlockType": "Tower", "BuildingCSUID": "3348216444T20240905", "BuildingID": 1810130094, "BuildingNameEN": null, "BuildingNameTC": null, "DateCreate": 1725465600000, "DateStamp": 1725465600000, "GeoRefNo": "3348216444", "OBJECTID": 337783, "Shape__Area": 79.2769930793105, "Shape__Length": 41.93141079057881, "Status": "Active", "Storeys": null, "StoreysInBasement": null, "TopHeight": 23.8}, "type": "Feature"}, {"geometry": {"coordinates": [[[833482.3995800009, 816435.8355500009], [833479.3677200004, 816421.9834700022], [833474.5247100005, 816423.0076400023], [833477.556570001, 816436.859720001], [833482.3995800009, 816435.8355500009]]], "type": "Polygon"}, "properties": {"BaseHeight": 3, "BuildingBlockType": "Tower", "BuildingCSUID": "3347816429T20240905", "BuildingID": 1910253979, "BuildingNameEN": null, "BuildingNameTC": "永利威大廈", "DateCreate": 1725465600000, "DateStamp": 1725465600000, "GeoRefNo": "3347816429", "OBJECTID": 337784, "Shape__Area": 70.19090201085125, "Shape__Length": 38.26022899074868, "Status": "Active", "Storeys": null, "StoreysInBasement": null, "TopHeight": 23.8}, "type": "Feature"}, {"geometry": {"coordinates": [[[833459.8824000005, 816518.6541000027], [833451.4390000012, 816520.945100002], [833455.7475000005, 816535.9807000011], [833463.9462600006, 816533.6313200016], [833459.8824000005, 816518.6541000027]]], "type": "Polygon"}, "properties": {"BaseHeight": 3.5, "BuildingBlockType": "Tower", "BuildingCSUID": "3345816527T20150901", "BuildingID": 1810145386, "BuildingNameEN": "CM+ Hotels And Serviced Apartments", "BuildingNameTC": "壹棠酒店及服務式公寓", "DateCreate": 1441036800000, "DateStamp": 1684944000000, "GeoRefNo": "3345816527", "OBJECTID": 338685, "Shape__Area": 134.58227108057383, "Shape__Length": 48.43692259680431, "Status": "Active", "Storeys": 26, "StoreysInBasement": null, "TopHeight": 114.3}, "type": "Feature"}, {"geometry": {"coordinates": [[[833270.3997000009, 816633.0915800016], [833263.4488900006, 816633.9200000018], [833263.6819200013, 816635.9256900027], [833270.6979800006, 816635.089490002], [833271.2868000008, 816639.9312200025], [833273.9791600006, 816641.3965600021], [833277.4735500012, 816640.9790000021], [833276.5007500006, 816632.7158000022], [833270.4464700008, 816633.4888400026], [833270.3997000009, 816633.0915800016]]], "type": "Polygon"}, "properties": {"BaseHeight": 3.8, "BuildingBlockType": "Tower", "BuildingCSUID": "3327016634T20170608", "BuildingID": 1810162397, "BuildingNameEN": null, "BuildingNameTC": null, "DateCreate": 1496851200000, "DateStamp": 1684944000000, "GeoRefNo": "3327016634", "OBJECTID": 341633, "Shape__Area": 62.051069174998226, "Shape__Length": 42.3705476799246, "Status": "Active", "Storeys": null, "StoreysInBasement": null, "TopHeight": 7.4}, "type": "Feature"}, {"geometry": {"coordinates": [[[833250.4611400012, 816643.2379200011], [833249.2116600005, 816639.0412100013], [833238.7148100007, 816642.2372100018], [833239.9988800008, 816646.5501200017], [833248.7535500005, 816643.888770001], [833250.4971100008, 816643.3587400019], [833250.4611400012, 816643.2379200011]]], "type": "Polygon"}, "properties": {"BaseHeight": 4.3, "BuildingBlockType": "Open-sided Structure", "BuildingCSUID": "3324516643T20170608", "BuildingID": 1810162398, "BuildingNameEN": null, "BuildingNameTC": null, "DateCreate": 1496851200000, "DateStamp": 1684944000000, "GeoRefNo": "3324516643", "OBJECTID": 341634, "Shape__Area": 49.40233014657592, "Shape__Length": 30.950033205301423, "Status": "Active", "Storeys": null, "StoreysInBasement": null, "TopHeight": 9.5}, "type": "Feature"}, {"geometry": {"coordinates": [[[833237.2887700005, 816641.0143700019], [833227.7100500008, 816643.9003300015], [833229.3868600009, 816649.4917800017], [833238.9704100005, 816646.5998100024], [833237.2887700005, 816641.0143700019]]], "type": "Polygon"}, "properties": {"BaseHeight": 4.3, "BuildingBlockType": "Open-sided Structure", "BuildingCSUID": "3323316645T20170608", "BuildingID": 1810162399, "BuildingNameEN": null, "BuildingNameTC": null, "DateCreate": 1496851200000, "DateStamp": 1684944000000, "GeoRefNo": "3323316645", "OBJECTID": 341845, "Shape__Area": 58.39486823788392, "Shape__Length": 31.684987345638756, "Status": "Active", "Storeys": null, "StoreysInBasement": null, "TopHeight": 10.3}, "type": "Feature"}, {"geometry": {"coordinates": [[[833237.2887700005, 816641.0143700019], [833237.1623100005, 816640.6016500015], [833236.5121400012, 816638.4797600023], [833226.9092000006, 816641.3929800019], [833227.3265500013, 816642.6996500026], [833227.7100500008, 816643.9003300015], [833237.2887700005, 816641.0143700019]]], "type": "Polygon"}, "properties": {"BaseHeight": 4.3, "BuildingBlockType": "Tower", "BuildingCSUID": "3323216641T20170608", "BuildingID": 1810162400, "BuildingNameEN": null, "BuildingNameTC": null, "DateCreate": 1496851200000, "DateStamp": 1684944000000, "GeoRefNo": "3323216641", "OBJECTID": 341846, "Shape__Area": 26.465317274844146, "Shape__Length": 25.32220050264545, "Status": "Active", "Storeys": null, "StoreysInBasement": null, "TopHeight": 7.8}, "type": "Feature"}], "type": "FeatureCollection"}
