{"crs": {"properties": {"name": "urn:ogc:def:crs:EPSG::2326"}, "type": "name"}, "features": [{"geometry": {"coordinates": [[[834492.4492300004, 821114.8311900012], [834497.2899600007, 821110.7785400022], [834500.575720001, 821108.0350400023], [834506.2953600008, 821103.2555100024], [834508.489240001, 821101.4227600023], [834487.6017600009, 821076.312930001], [834477.1378600011, 821085.0144600011], [834484.281200001, 821093.6062700022], [834483.3437700011, 821094.3991200011], [834480.0341000007, 821097.1980500016], [834462.7162200008, 821111.8454200011], [834457.6456000004, 821105.6416200027], [834455.5354200006, 821103.0598600022], [834452.3071700009, 821099.1101600025], [834447.4706900008, 821093.1928300019], [834426.379110001, 821110.8503500018], [834432.5309500005, 821118.1800100021], [834434.3400200009, 821120.3312700018], [834455.582630001, 821145.6298200022], [834492.4492300004, 821114.8311900012]]], "type": "Polygon"}, "properties": {"BaseHeight": 4, "BuildingBlockType": "Podium", "BuildingCSUID": "3446721122P20140923", "BuildingID": 1810133415, "BuildingNameEN": null, "BuildingNameTC": null, "DateCreate": 1411401600000, "DateStamp": 1599580800000, "GeoRefNo": "3446721122", "OBJECTID": 10066, "Shape__Area": 2288.205437924977, "Shape__Length": 251.64475861149847, "Status": "Active", "Storeys": 4, "StoreysInBasement": null, "TopHeight": 29.3}, "type": "Feature"}, {"geometry": {"coordinates": [[[834319.6354800006, 821222.1402500011], [834316.366390001, 821218.2267800011], [834318.1281200005, 821216.7657600027], [834321.3826000011, 821220.6870100014], [834325.3317600004, 821217.4022100009], [834322.3437400004, 821213.8086400013], [834326.9593200004, 821209.9727800023], [834326.694840001, 821209.6614700016], [834323.3442800008, 821205.7172100022], [834319.6011900008, 821208.8233900014], [834316.2116200011, 821204.8195100017], [834314.8646100005, 821203.2283800021], [834310.9084500009, 821206.502150001], [834313.3666700004, 821209.5724600013], [834310.3328900011, 821212.0708800014], [834307.8648300013, 821209.0207600016], [834303.7183500007, 821212.4520000014], [834308.4503400009, 821218.0766300019], [834304.4015600011, 821221.4364200011], [834308.0015700012, 821225.7280900013], [834312.6422900008, 821221.8712700009], [834315.6712300004, 821225.4375900012], [834316.2116200011, 821224.9881200027], [834319.6354800006, 821222.1402500011]]], "type": "Polygon"}, "properties": {"BaseHeight": 7.3, "BuildingBlockType": "Tower", "BuildingCSUID": "3431521214T20050430", "BuildingID": 1108227275, "BuildingNameEN": "Grammy Centre Block B", "BuildingNameTC": "嘉美中心Ｂ座", "DateCreate": 1114790400000, "DateStamp": 1599580800000, "GeoRefNo": "3431521214", "OBJECTID": 28495, "Shape__Area": 275.80563498247506, "Shape__Length": 102.46086682258344, "Status": "Active", "Storeys": 14, "StoreysInBasement": null, "TopHeight": 45.9}, "type": "Feature"}, {"geometry": {"coordinates": [[[834321.9502500007, 821386.5801100023], [834316.2116200011, 821379.6733500026], [834310.2984500006, 821372.556520002], [834308.4477200005, 821374.0837000012], [834303.5311900005, 821368.2299500015], [834298.8155700006, 821372.1749800015], [834275.6846600007, 821344.3756100014], [834274.6971700005, 821345.196800001], [834272.810800001, 821342.9347400013], [834261.1739800004, 821352.7082300019], [834262.982520001, 821354.9380200021], [834262.2475400008, 821355.5492100026], [834285.5566700008, 821383.5005300026], [834290.0695100008, 821379.733620001], [834294.9350200007, 821385.5621100012], [834297.6985600004, 821383.2713700011], [834320.8294100007, 821411.0453800019], [834321.726950001, 821410.2941900026], [834323.7547300011, 821412.739980001], [834334.7326000007, 821403.6026100013], [834332.6525700008, 821401.1502500027], [834333.4804700008, 821400.4573700018], [834321.9502500007, 821386.5801100023]]], "type": "Polygon"}, "properties": {"BaseHeight": 4.6, "BuildingBlockType": "Tower", "BuildingCSUID": "3430521381T20050430", "BuildingID": 1108226075, "BuildingNameEN": "Lai Kuk House", "BuildingNameTC": "麗菊樓", "DateCreate": 1114790400000, "DateStamp": 1786636800000, "GeoRefNo": "3430521381", "OBJECTID": 46478, "Shape__Area": 1458.0635459404075, "Shape__Length": 224.41000452789092, "Status": "Active", "Storeys": 13, "StoreysInBasement": null, "TopHeight": 39.8}, "type": "Feature"}, {"geometry": {"coordinates": [[[834420.1718800012, 821405.1699200012], [834423.1642000005, 821402.668560002], [834432.2304700008, 821395.0898400024], [834436.7812500009, 821395.3496100027], [834445.1992200008, 821405.7402300015], [834457.0000000009, 821395.6796900015], [834448.7109400006, 821385.8203100022], [834448.8789100004, 821381.1093800012], [834460.8789100004, 821371.1796900015], [834451.1406300012, 821359.650390001], [834439.2109400006, 821369.4296900015], [834434.7617200008, 821369.0000000019], [834426.5390600013, 821359.0605500024], [834414.7382800011, 821368.7890600022], [834422.8789100004, 821379.1308600027], [834422.4609400006, 821383.3593800012], [834410.5000000009, 821393.6699200012], [834420.1718800012, 821405.1699200012]]], "type": "Polygon"}, "properties": {"BaseHeight": 5.2, "BuildingBlockType": "Tower", "BuildingCSUID": "3443621382T20050430", "BuildingID": 1108226112, "BuildingNameEN": "Lai Ching House", "BuildingNameTC": "麗正樓", "DateCreate": 1114790400000, "DateStamp": 1786636800000, "GeoRefNo": "3443621382", "OBJECTID": 46603, "Shape__Area": 1326.306486829605, "Shape__Length": 193.7346205374332, "Status": "Active", "Storeys": 15, "StoreysInBasement": null, "TopHeight": 47.4}, "type": "Feature"}, {"geometry": {"coordinates": [[[834634.3754500011, 821378.0553500019], [834632.6343100006, 821375.9612100013], [834629.2174500013, 821378.7666100021], [834627.8207600005, 821377.0684900023], [834629.4205800006, 821375.7820900027], [834625.9289200008, 821371.5711400025], [834620.2947000004, 821376.231610002], [834628.934820001, 821386.6420900021], [834632.6908800006, 821391.167770002], [834640.1545100007, 821385.006070001], [834634.3754500011, 821378.0553500019]]], "type": "Polygon"}, "properties": {"BaseHeight": 4.8, "BuildingBlockType": "Tower", "BuildingCSUID": "3463221383T20050430", "BuildingID": 1108226195, "BuildingNameEN": null, "BuildingNameTC": null, "DateCreate": 1114790400000, "DateStamp": 1599580800000, "GeoRefNo": "3463221383", "OBJECTID": 47672, "Shape__Area": 165.21962537767155, "Shape__Length": 62.30615446209263, "Status": "Active", "Storeys": 6, "StoreysInBasement": null, "TopHeight": 25.4}, "type": "Feature"}, {"geometry": {"coordinates": [[[834380.3085900005, 821326.119140001], [834388.3007800011, 821336.4609400015], [834388.2500000009, 821341.269530002], [834375.7890600013, 821351.519530002], [834385.5898400005, 821363.0800800025], [834397.8007800011, 821352.9199200012], [834402.4687500009, 821353.8398400024], [834410.9101600004, 821363.9804700017], [834422.7382800011, 821354.2500000019], [834413.4687500009, 821343.1894500013], [834414.0898400005, 821338.8105500024], [834425.9882800011, 821329.0800800025], [834416.4804700008, 821317.6796900015], [834404.6484400006, 821327.519530002], [834399.7382800011, 821327.0800800025], [834391.2187500009, 821317.1308600027], [834380.3085900005, 821326.119140001]]], "type": "Polygon"}, "properties": {"BaseHeight": 5.3, "BuildingBlockType": "Tower", "BuildingCSUID": "3440221340T20050430", "BuildingID": 1108226378, "BuildingNameEN": "Lai Wing House", "BuildingNameTC": "麗榮樓", "DateCreate": 1114790400000, "DateStamp": 1786636800000, "GeoRefNo": "3440221340", "OBJECTID": 48586, "Shape__Area": 1315.2371877864607, "Shape__Length": 194.94549487905724, "Status": "Active", "Storeys": 15, "StoreysInBasement": null, "TopHeight": 47.4}, "type": "Feature"}, {"geometry": {"coordinates": [[[834344.8085900005, 821313.9492200017], [834333.3398400005, 821323.5605500024], [834328.6093800012, 821323.4296900015], [834320.6406300012, 821313.900390001], [834308.8398400005, 821323.3300800025], [834317.1093800012, 821333.3203100022], [834316.1601600004, 821337.8398400024], [834304.1210900005, 821347.8496100027], [834314.3906300012, 821359.7597700022], [834325.4609400006, 821350.5000000019], [834330.8203100013, 821350.8203100022], [834339.0390600013, 821360.6308600027], [834350.7890600013, 821350.5996100027], [834343.0117200008, 821340.8593800012], [834343.0507800011, 821335.5703100022], [834354.8789100004, 821325.6093800012], [834352.3010600004, 821322.6245600022], [834344.8085900005, 821313.9492200017]]], "type": "Polygon"}, "properties": {"BaseHeight": 5, "BuildingBlockType": "Tower", "BuildingCSUID": "3432921338T20050430", "BuildingID": 1108226390, "BuildingNameEN": "Lai Tak House", "BuildingNameTC": "麗德樓", "DateCreate": 1114790400000, "DateStamp": 1786636800000, "GeoRefNo": "3432921338", "OBJECTID": 49021, "Shape__Area": 1344.3131515935283, "Shape__Length": 192.86669378791814, "Status": "Active", "Storeys": 15, "StoreysInBasement": null, "TopHeight": 47.5}, "type": "Feature"}, {"geometry": {"coordinates": [[[834637.5746300006, 821353.341740001], [834636.2797000008, 821351.7713200022], [834627.761140001, 821341.440460002], [834624.4423700012, 821344.1830300018], [834634.2709500007, 821356.067710001], [834636.2797000008, 821358.496650001], [834636.472670001, 821358.7299800012], [834638.094370001, 821357.4067300018], [834636.2797000008, 821355.1411400009], [834635.9272200009, 821354.7010600027], [834636.2797000008, 821354.4102200009], [834637.5746300006, 821353.341740001]]], "type": "Polygon"}, "properties": {"BaseHeight": 4.6, "BuildingBlockType": "Tower", "BuildingCSUID": "3463121348T20050430", "BuildingID": 1108226403, "BuildingNameEN": null, "BuildingNameTC": null, "DateCreate": 1114790400000, "DateStamp": 1599580800000, "GeoRefNo": "3463121348", "OBJECTID": 49023, "Shape__Area": 73.57060198716023, "Shape__Length": 46.303282297102754, "Status": "Active", "Storeys": 9, "StoreysInBasement": null, "TopHeight": 36}, "type": "Feature"}, {"geometry": {"coordinates": [[[834619.846140001, 821358.5174900014], [834624.0461800005, 821355.0541000012], [834624.3299800009, 821354.8200700022], [834619.1658400008, 821348.6048500016], [834618.0656700004, 821349.5325000025], [834614.3465300007, 821352.6684200019], [834619.4801200004, 821358.8188400026], [834619.846140001, 821358.5174900014]]], "type": "Polygon"}, "properties": {"BaseHeight": 4.6, "BuildingBlockType": "Tower", "BuildingCSUID": "3461921353T20050430", "BuildingID": 1108226401, "BuildingNameEN": null, "BuildingNameTC": null, "DateCreate": 1114790400000, "DateStamp": 1599580800000, "GeoRefNo": "3461921353", "OBJECTID": 49092, "Shape__Area": 50.64838627670888, "Shape__Length": 28.6816428395104, "Status": "Active", "Storeys": 10, "StoreysInBasement": null, "TopHeight": 33.9}, "type": "Feature"}, {"geometry": {"coordinates": [[[834645.3682600008, 821346.9109600019], [834636.2797000008, 821336.0036500022], [834635.4888700005, 821335.0545500014], [834631.529550001, 821338.3261800017], [834636.2797000008, 821344.0415200014], [834641.3916600011, 821350.1921800021], [834643.6320700012, 821352.888150001], [834645.2251700005, 821351.5882300027], [834642.9355500005, 821348.9182700012], [834645.3682600008, 821346.9109600019]]], "type": "Polygon"}, "properties": {"BaseHeight": 4.6, "BuildingBlockType": "Tower", "BuildingCSUID": "3463821343T20050430", "BuildingID": 1108226433, "BuildingNameEN": null, "BuildingNameTC": null, "DateCreate": 1114790400000, "DateStamp": 1599580800000, "GeoRefNo": "3463821343", "OBJECTID": 49093, "Shape__Area": 86.52861790851269, "Shape__Length": 48.2311255767271, "Status": "Active", "Storeys": 10, "StoreysInBasement": null, "TopHeight": 36.6}, "type": "Feature"}, {"geometry": {"coordinates": [[[834568.4103900008, 821178.4284100011], [834566.0948900012, 821180.3541400023], [834567.7326200008, 821182.3039800022], [834566.0600000005, 821183.6982500013], [834569.0275800005, 821187.2312500011], [834570.371530001, 821186.1136000026], [834571.6946400013, 821187.7419000026], [834581.5666000005, 821179.411100002], [834575.6570700007, 821172.4012600016], [834568.4103900008, 821178.4284100011]]], "type": "Polygon"}, "properties": {"BaseHeight": 4.3, "BuildingBlockType": "Tower", "BuildingCSUID": "3457321180T20050430", "BuildingID": 1108227600, "BuildingNameEN": null, "BuildingNameTC": null, "DateCreate": 1114790400000, "DateStamp": 1599580800000, "GeoRefNo": "3457321180", "OBJECTID": 49857, "Shape__Area": 125.64392344102022, "Shape__Length": 47.70688966577815, "Status": "Active", "Storeys": 6, "StoreysInBasement": null, "TopHeight": 27.9}, "type": "Feature"}, {"geometry": {"coordinates": [[[834600.0000000009, 821173.3008700013], [834608.2300000004, 821183.1700000018], [834683.2840900011, 821120.778950002], [834658.8447100008, 821091.4719100017], [834631.7717600008, 821114.0603500027], [834637.7980400007, 821121.2596800011], [834641.364310001, 821125.2543800026], [834636.4522900004, 821129.5720400009], [834627.5272900006, 821136.9293100014], [834625.8198000006, 821134.9629500024], [834617.9572900012, 821125.568260001], [834600.0000000009, 821140.5429900009], [834583.8875100007, 821153.9793300014], [834600.0000000009, 821173.3008700013]]], "type": "Polygon"}, "properties": {"BaseHeight": 4.2, "BuildingBlockType": "Tower", "BuildingCSUID": "3464621134T20050430", "BuildingID": 1108227642, "BuildingNameEN": "Pei Ho Street Municipal Services Building", "BuildingNameTC": "北河街市政大廈", "DateCreate": 1114790400000, "DateStamp": 1788192000000, "GeoRefNo": "3464621134", "OBJECTID": 49997, "Shape__Area": 3449.1088604427896, "Shape__Length": 301.0938122856545, "Status": "Active", "Storeys": 1, "StoreysInBasement": null, "TopHeight": 8.9}, "type": "Feature"}, {"geometry": {"coordinates": [[[834568.4103900008, 821178.4284100011], [834575.6570700007, 821172.4012600016], [834570.1629000008, 821165.8841000013], [834559.0058000004, 821175.0833900012], [834557.415980001, 821176.3942400012], [834561.9116400005, 821181.8167000022], [834566.5913300011, 821177.9704900011], [834564.926500001, 821175.9797400013], [834565.7595600011, 821175.2889400013], [834568.4103900008, 821178.4284100011]]], "type": "Polygon"}, "properties": {"BaseHeight": 4.2, "BuildingBlockType": "Tower", "BuildingCSUID": "3456921172T20050430", "BuildingID": 1108227654, "BuildingNameEN": null, "BuildingNameTC": null, "DateCreate": 1114790400000, "DateStamp": 1599580800000, "GeoRefNo": "3456921172", "OBJECTID": 50059, "Shape__Area": 127.92556299549517, "Shape__Length": 55.358147588881266, "Status": "Active", "Storeys": 6, "StoreysInBasement": null, "TopHeight": 24.5}, "type": "Feature"}, {"geometry": {"coordinates": [[[834604.0784000009, 821113.8634000011], [834607.941420001, 821110.6593600027], [834596.9428800009, 821097.8771400023], [834595.3280800004, 821099.1947200019], [834594.4745000005, 821098.1850800011], [834592.4612500006, 821099.8623000011], [834593.8491800008, 821101.5350600015], [834604.0784000009, 821113.8634000011]]], "type": "Polygon"}, "properties": {"BaseHeight": 4.2, "BuildingBlockType": "Tower", "BuildingCSUID": "3459721102T20050430", "BuildingID": 1108228155, "BuildingNameEN": "NAN BONG HOUSE", "BuildingNameTC": "南邦樓", "DateCreate": 1114790400000, "DateStamp": 1599580800000, "GeoRefNo": "3459721102", "OBJECTID": 50197, "Shape__Area": 85.59628573667355, "Shape__Length": 46.101307024248634, "Status": "Active", "Storeys": 6, "StoreysInBasement": null, "TopHeight": 24.2}, "type": "Feature"}, {"geometry": {"coordinates": [[[834336.9323700005, 821107.6717300024], [834339.3844300006, 821110.6413100027], [834340.7037000004, 821109.4986800011], [834344.1307500005, 821113.6641200017], [834345.9934100006, 821112.1015200019], [834350.0000000009, 821116.8727600016], [834350.9905000012, 821118.0522900019], [834350.0000000009, 821118.8611000013], [834349.0468900008, 821119.6393800024], [834350.0000000009, 821120.7978700027], [834352.0652300008, 821123.3081200011], [834354.0287700007, 821121.6704600025], [834355.1815800006, 821123.0432800017], [834363.6196400011, 821115.9898900017], [834355.9629000006, 821106.8149700016], [834350.0000000009, 821099.6696200017], [834348.9436100004, 821098.4037500024], [834348.381620001, 821097.730320001], [834345.852620001, 821094.699810002], [834342.2285400005, 821097.730320001], [834338.542270001, 821100.8128300011], [834334.2396800006, 821104.4107300024], [834336.9323700005, 821107.6717300024]]], "type": "Polygon"}, "properties": {"BaseHeight": 3.7, "BuildingBlockType": "Tower", "BuildingCSUID": "3434221104T20050430", "BuildingID": 1108228099, "BuildingNameEN": null, "BuildingNameTC": "建新大樓", "DateCreate": 1114790400000, "DateStamp": 1599580800000, "GeoRefNo": "3434221104", "OBJECTID": 50262, "Shape__Area": 364.03341806614304, "Shape__Length": 90.89650771217369, "Status": "Active", "Storeys": 13, "StoreysInBasement": null, "TopHeight": 46.9}, "type": "Feature"}, {"geometry": {"coordinates": [[[834576.5946200006, 821109.5433400013], [834564.4158800012, 821095.1095500011], [834560.9609000012, 821097.9901900012], [834566.8415300008, 821104.9697700012], [834568.5157200005, 821103.5721200015], [834574.7891300004, 821111.0528100021], [834576.5946200006, 821109.5433400013]]], "type": "Polygon"}, "properties": {"BaseHeight": 4.2, "BuildingBlockType": "Tower", "BuildingCSUID": "3456621100T20050430", "BuildingID": 1108228162, "BuildingNameEN": null, "BuildingNameTC": null, "DateCreate": 1114790400000, "DateStamp": 1599580800000, "GeoRefNo": "3456621100", "OBJECTID": 50263, "Shape__Area": 63.907712058446904, "Shape__Length": 46.80762412207872, "Status": "Active", "Storeys": 4, "StoreysInBasement": null, "TopHeight": 18.1}, "type": "Feature"}, {"geometry": {"coordinates": [[[834587.6247700006, 821094.2782600019], [834578.5001100004, 821083.368280001], [834574.9930300005, 821086.2922300026], [834585.5038400004, 821098.6475800015], [834588.9160200004, 821095.8221500013], [834587.6247700006, 821094.2782600019]]], "type": "Polygon"}, "properties": {"BaseHeight": 4.3, "BuildingBlockType": "Tower", "BuildingCSUID": "3458521095T20050430", "BuildingID": 1108228239, "BuildingNameEN": "Lai Chi Court", "BuildingNameTC": null, "DateCreate": 1114790400000, "DateStamp": 1599580800000, "GeoRefNo": "3458521095", "OBJECTID": 50396, "Shape__Area": 72.99425708404902, "Shape__Length": 41.45300265136963, "Status": "Active", "Storeys": 9, "StoreysInBasement": null, "TopHeight": 44.5}, "type": "Feature"}, {"geometry": {"coordinates": [[[834524.6821800005, 821230.2189200018], [834523.7010100009, 821231.0363200009], [834525.8567400007, 821233.5779000018], [834523.1465700008, 821235.8854300026], [834520.9492500005, 821233.3287600018], [834509.3414400006, 821242.9986400027], [834510.3708500005, 821244.2150000017], [834514.0947200004, 821248.615170002], [834516.269030001, 821251.1843600012], [834520.6458600005, 821256.3560200017], [834524.3121200008, 821253.2968800012], [834535.8944500005, 821243.6325200014], [834524.6821800005, 821230.2189200018]]], "type": "Polygon"}, "properties": {"BaseHeight": 4.2, "BuildingBlockType": "Tower", "BuildingCSUID": "3452621244T20050430", "BuildingID": 1108227016, "BuildingNameEN": null, "BuildingNameTC": "興隆大廈", "DateCreate": 1114790400000, "DateStamp": 1599580800000, "GeoRefNo": "3452621244", "OBJECTID": 50526, "Shape__Area": 336.32055192806706, "Shape__Length": 81.4893030069859, "Status": "Active", "Storeys": 13, "StoreysInBasement": null, "TopHeight": 46.5}, "type": "Feature"}, {"geometry": {"coordinates": [[[834603.4914900009, 821244.1655600015], [834612.5703600012, 821255.041600002], [834613.7216500007, 821254.0829600021], [834616.3558100006, 821251.889750002], [834604.7768900013, 821238.020990001], [834603.2798500005, 821239.2552800011], [834605.792390001, 821242.2593900021], [834603.4914900009, 821244.1655600015]]], "type": "Polygon"}, "properties": {"BaseHeight": 4.4, "BuildingBlockType": "Tower", "BuildingCSUID": "3460821246T20050430", "BuildingID": 1108227029, "BuildingNameEN": null, "BuildingNameTC": null, "DateCreate": 1114790400000, "DateStamp": 1599580800000, "GeoRefNo": "3460821246", "OBJECTID": 50528, "Shape__Area": 77.33538291831847, "Shape__Length": 46.00460572039896, "Status": "Active", "Storeys": 9, "StoreysInBasement": null, "TopHeight": 32.3}, "type": "Feature"}, {"geometry": {"coordinates": [[[834583.2060900005, 821131.1688900013], [834586.6809900012, 821128.2879200019], [834577.0030200006, 821116.8078900017], [834574.9846300008, 821114.4128800016], [834572.9980400009, 821116.0675800014], [834574.320820001, 821117.6176200025], [834572.809630001, 821118.8565900009], [834583.2060900005, 821131.1688900013]]], "type": "Polygon"}, "properties": {"BaseHeight": 4.3, "BuildingBlockType": "Tower", "BuildingCSUID": "3457721123T20050430", "BuildingID": 1108228055, "BuildingNameEN": "LAP KEE BUILDING", "BuildingNameTC": "立基樓", "DateCreate": 1114790400000, "DateStamp": 1599580800000, "GeoRefNo": "3457721123", "OBJECTID": 50626, "Shape__Area": 78.06462750417401, "Shape__Length": 45.35299077549545, "Status": "Active", "Storeys": 6, "StoreysInBasement": null, "TopHeight": 23.9}, "type": "Feature"}, {"geometry": {"coordinates": [[[834582.4789200006, 821253.1798500009], [834585.0740100006, 821251.0384500027], [834584.3000800004, 821250.1019900013], [834583.6769200005, 821250.6257100012], [834582.6240000008, 821249.3636000026], [834581.7361000013, 821250.089730002], [834579.8455000008, 821247.8920800015], [834580.7659800006, 821247.1360400021], [834579.0416100007, 821245.0687000025], [834580.6060100012, 821243.7474000026], [834573.9564700006, 821235.7085500024], [834571.1237400007, 821238.0529200025], [834570.407850001, 821238.6462900024], [834582.4789200006, 821253.1798500009]]], "type": "Polygon"}, "properties": {"BaseHeight": 4.4, "BuildingBlockType": "Tower", "BuildingCSUID": "3457621242T20050430", "BuildingID": 1108227040, "BuildingNameEN": null, "BuildingNameTC": null, "DateCreate": 1114790400000, "DateStamp": 1599580800000, "GeoRefNo": "3457621242", "OBJECTID": 50630, "Shape__Area": 67.12051538021586, "Shape__Length": 50.946213921495485, "Status": "Active", "Storeys": 5, "StoreysInBasement": null, "TopHeight": 22.7}, "type": "Feature"}, {"geometry": {"coordinates": [[[834616.9074600004, 821239.2195800021], [834615.8378700009, 821240.1086800024], [834617.2603200013, 821241.7682200018], [834613.3461600011, 821245.0277200025], [834617.9724500012, 821250.5622400027], [834619.3259800011, 821249.4327200018], [834623.1607100004, 821246.2344400026], [834631.1232200004, 821239.5922700018], [834625.1664500004, 821232.3541800026], [834616.9074600004, 821239.2195800021]]], "type": "Polygon"}, "properties": {"BaseHeight": 4.4, "BuildingBlockType": "Tower", "BuildingCSUID": "3462221239T20050430", "BuildingID": 1108227065, "BuildingNameEN": null, "BuildingNameTC": null, "DateCreate": 1114790400000, "DateStamp": 1599580800000, "GeoRefNo": "3462221239", "OBJECTID": 50632, "Shape__Area": 150.00764128396617, "Shape__Length": 53.12308295143977, "Status": "Active", "Storeys": 9, "StoreysInBasement": null, "TopHeight": 34}, "type": "Feature"}, {"geometry": {"coordinates": [[[834573.3656200012, 821249.0848400015], [834573.7474500006, 821249.5442000013], [834575.2370700007, 821248.2847100012], [834576.9141100012, 821250.285860002], [834577.8398800008, 821249.5218300018], [834579.7167600011, 821251.7493700013], [834577.9928100007, 821253.1643500011], [834576.7622700008, 821251.6579300016], [834576.0170300007, 821252.2746600024], [834579.475730001, 821256.4356900025], [834582.8607800007, 821253.6426500026], [834582.4789200006, 821253.1798500009], [834570.407850001, 821238.6462900024], [834569.6964800004, 821239.235530002], [834567.0198500007, 821241.4504700024], [834573.3656200012, 821249.0848400015]]], "type": "Polygon"}, "properties": {"BaseHeight": 4.5, "BuildingBlockType": "Tower", "BuildingCSUID": "3457321245T20050430", "BuildingID": 1108227015, "BuildingNameEN": null, "BuildingNameTC": null, "DateCreate": 1114790400000, "DateStamp": 1599580800000, "GeoRefNo": "3457321245", "OBJECTID": 50681, "Shape__Area": 73.1956980085308, "Shape__Length": 58.03232881406845, "Status": "Active", "Storeys": 6, "StoreysInBasement": null, "TopHeight": 22.7}, "type": "Feature"}, {"geometry": {"coordinates": [[[834573.1823000005, 821255.8404100016], [834563.5599000007, 821244.3152800016], [834560.2961300006, 821247.017260002], [834566.7023500009, 821254.6615400016], [834568.0927000009, 821253.4974000026], [834574.2340600006, 821260.7610400021], [834575.6369700013, 821259.6033800021], [834572.7462400012, 821256.2043900024], [834573.1823000005, 821255.8404100016]]], "type": "Polygon"}, "properties": {"BaseHeight": 4.4, "BuildingBlockType": "Tower", "BuildingCSUID": "3456621250T20050430", "BuildingID": 1108226975, "BuildingNameEN": null, "BuildingNameTC": null, "DateCreate": 1114790400000, "DateStamp": 1599580800000, "GeoRefNo": "3456621250", "OBJECTID": 50683, "Shape__Area": 62.29047545013782, "Shape__Length": 47.39893291338406, "Status": "Active", "Storeys": 5, "StoreysInBasement": null, "TopHeight": 22.5}, "type": "Feature"}, {"geometry": {"coordinates": [[[834605.2708600005, 821261.1199600026], [834606.2836600011, 821260.2761400025], [834609.0970800007, 821257.9337400012], [834600.0340100005, 821247.0295300018], [834597.520440001, 821244.0053400025], [834595.8438600004, 821245.3875100017], [834598.3868000004, 821248.3944200017], [834596.2350600008, 821250.1768200025], [834605.2708600005, 821261.1199600026]]], "type": "Polygon"}, "properties": {"BaseHeight": 4.4, "BuildingBlockType": "Tower", "BuildingCSUID": "3460121252T20050430", "BuildingID": 1108226972, "BuildingNameEN": null, "BuildingNameTC": null, "DateCreate": 1114790400000, "DateStamp": 1599580800000, "GeoRefNo": "3460121252", "OBJECTID": 50684, "Shape__Area": 78.78767522573261, "Shape__Length": 46.18689527144723, "Status": "Active", "Storeys": 9, "StoreysInBasement": null, "TopHeight": 34.3}, "type": "Feature"}, {"geometry": {"coordinates": [[[834573.1823000005, 821255.8404100016], [834573.5839800006, 821255.5046300013], [834576.4406100009, 821258.9402300026], [834577.7620900013, 821257.8497600015], [834571.6673800005, 821250.5074200016], [834573.3656200012, 821249.0848400015], [834567.0198500007, 821241.4504700024], [834563.5599000007, 821244.3152800016], [834573.1823000005, 821255.8404100016]]], "type": "Polygon"}, "properties": {"BaseHeight": 4.3, "BuildingBlockType": "Tower", "BuildingCSUID": "3456921247T20050430", "BuildingID": 1108226991, "BuildingNameEN": null, "BuildingNameTC": null, "DateCreate": 1114790400000, "DateStamp": 1599580800000, "GeoRefNo": "3456921247", "OBJECTID": 50689, "Shape__Area": 63.59497689517173, "Shape__Length": 47.89592759074134, "Status": "Active", "Storeys": 5, "StoreysInBasement": null, "TopHeight": 22.3}, "type": "Feature"}, {"geometry": {"coordinates": [[[834609.0970800007, 821257.9337400012], [834611.6067100009, 821255.8440700024], [834612.5703600012, 821255.041600002], [834603.4914900009, 821244.1655600015], [834601.6977000004, 821245.6516100019], [834599.2328600008, 821242.5941400025], [834597.520440001, 821244.0053400025], [834600.0340100005, 821247.0295300018], [834609.0970800007, 821257.9337400012]]], "type": "Polygon"}, "properties": {"BaseHeight": 4.4, "BuildingBlockType": "Tower", "BuildingCSUID": "3460421249T20050430", "BuildingID": 1108227002, "BuildingNameEN": null, "BuildingNameTC": null, "DateCreate": 1114790400000, "DateStamp": 1599580800000, "GeoRefNo": "3460421249", "OBJECTID": 50747, "Shape__Area": 72.44938838885462, "Shape__Length": 45.27405110979284, "Status": "Active", "Storeys": 9, "StoreysInBasement": null, "TopHeight": 34.3}, "type": "Feature"}, {"geometry": {"coordinates": [[[834587.7308200011, 821087.530890001], [834581.8380800011, 821080.5854500011], [834578.5001100004, 821083.368280001], [834587.6247700006, 821094.2782600019], [834591.053940001, 821091.4485500026], [834587.7308200011, 821087.530890001]]], "type": "Polygon"}, "properties": {"BaseHeight": 4.3, "BuildingBlockType": "Tower", "BuildingCSUID": "3458421087T20050430", "BuildingID": 1108228267, "BuildingNameEN": null, "BuildingNameTC": null, "DateCreate": 1114790400000, "DateStamp": 1599580800000, "GeoRefNo": "3458421087", "OBJECTID": 50941, "Shape__Area": 62.572206297875596, "Shape__Length": 37.260206397697225, "Status": "Active", "Storeys": 6, "StoreysInBasement": null, "TopHeight": 26.7}, "type": "Feature"}, {"geometry": {"coordinates": [[[834573.5800600005, 821099.3442800026], [834567.7068500007, 821092.3662600014], [834564.4158800012, 821095.1095500011], [834576.5946200006, 821109.5433400013], [834577.2247800007, 821109.0168800019], [834576.3903400004, 821108.0173400026], [834577.3536200011, 821107.2021500021], [834571.8808000004, 821100.7628700025], [834573.5800600005, 821099.3442800026]]], "type": "Polygon"}, "properties": {"BaseHeight": 4.2, "BuildingBlockType": "Tower", "BuildingCSUID": "3457021098T20050430", "BuildingID": 1108228174, "BuildingNameEN": null, "BuildingNameTC": null, "DateCreate": 1114790400000, "DateStamp": 1599580800000, "GeoRefNo": "3457021098", "OBJECTID": 50990, "Shape__Area": 57.651134721374234, "Shape__Length": 46.33994369207616, "Status": "Active", "Storeys": 4, "StoreysInBasement": null, "TopHeight": 18.1}, "type": "Feature"}, {"geometry": {"coordinates": [[[834581.7854500012, 821101.7265500017], [834571.1767600011, 821089.4739000015], [834567.7068500007, 821092.3662600014], [834573.5800600005, 821099.3442800026], [834578.1320900004, 821104.7516800016], [834581.5793600008, 821101.8972000014], [834581.7854500012, 821101.7265500017]]], "type": "Polygon"}, "properties": {"BaseHeight": 4.2, "BuildingBlockType": "Tower", "BuildingCSUID": "3457321095T20050430", "BuildingID": 1108228201, "BuildingNameEN": "Lai Chi Court", "BuildingNameTC": null, "DateCreate": 1114790400000, "DateStamp": 1599580800000, "GeoRefNo": "3457321095", "OBJECTID": 50992, "Shape__Area": 74.99560257802736, "Shape__Length": 41.65672301932855, "Status": "Active", "Storeys": 9, "StoreysInBasement": null, "TopHeight": 44.5}, "type": "Feature"}, {"geometry": {"coordinates": [[[834614.9578100005, 821104.8411100022], [834615.6416600011, 821104.274840001], [834618.5792700006, 821101.8385400027], [834612.9987100009, 821095.3266300019], [834609.9504000004, 821091.7655900009], [834608.5041000005, 821092.9799200017], [834606.3640100006, 821090.4514700025], [834605.6204000004, 821091.0883600023], [834604.536890001, 821089.8067500014], [834603.1782800006, 821090.9360100012], [834614.9578100005, 821104.8411100022]]], "type": "Polygon"}, "properties": {"BaseHeight": 4.4, "BuildingBlockType": "Tower", "BuildingCSUID": "3461121096T20050430", "BuildingID": 1108228199, "BuildingNameEN": null, "BuildingNameTC": null, "DateCreate": 1114790400000, "DateStamp": 1599580800000, "GeoRefNo": "3461121096", "OBJECTID": 51273, "Shape__Area": 73.86372570830349, "Shape__Length": 45.81672279099364, "Status": "Active", "Storeys": 8, "StoreysInBasement": null, "TopHeight": 28.4}, "type": "Feature"}, {"geometry": {"coordinates": [[[834611.3664800012, 821107.8203100022], [834613.7879500007, 821105.8118900023], [834614.9578100005, 821104.8411100022], [834603.1782800006, 821090.9360100012], [834601.062570001, 821092.6998500023], [834603.9516600007, 821096.1454600021], [834602.5262400005, 821097.3487000018], [834611.3664800012, 821107.8203100022]]], "type": "Polygon"}, "properties": {"BaseHeight": 4.4, "BuildingBlockType": "Tower", "BuildingCSUID": "3460721099T20050430", "BuildingID": 1108228183, "BuildingNameEN": null, "BuildingNameTC": null, "DateCreate": 1114790400000, "DateStamp": 1599580800000, "GeoRefNo": "3460721099", "OBJECTID": 51285, "Shape__Area": 76.28986914272222, "Shape__Length": 45.71067274091528, "Status": "Active", "Storeys": 8, "StoreysInBasement": null, "TopHeight": 28.4}, "type": "Feature"}, {"geometry": {"coordinates": [[[834625.5026800008, 821096.1005300023], [834632.5769900009, 821090.2337500025], [834621.1823600009, 821076.7229100019], [834619.5618100008, 821078.052720001], [834619.187330001, 821077.609980002], [834615.1736700004, 821080.9491800014], [834615.6614200007, 821081.5250500012], [834614.1402100008, 821082.7496200018], [834619.9280500012, 821089.5486500021], [834625.5026800008, 821096.1005300023]]], "type": "Polygon"}, "properties": {"BaseHeight": 4.3, "BuildingBlockType": "Tower", "BuildingCSUID": "3462421088T20050430", "BuildingID": 1108228256, "BuildingNameEN": "Nam Fu Building ", "BuildingNameTC": "南富樓", "DateCreate": 1114790400000, "DateStamp": 1599580800000, "GeoRefNo": "3462421088", "OBJECTID": 51337, "Shape__Area": 165.88558133630065, "Shape__Length": 55.00105133382837, "Status": "Active", "Storeys": 6, "StoreysInBasement": null, "TopHeight": 23.8}, "type": "Feature"}, {"geometry": {"coordinates": [[[834621.9275100008, 821099.0638100021], [834622.6344800005, 821098.477450002], [834625.5026800008, 821096.1005300023], [834619.9280500012, 821089.5486500021], [834618.2858600011, 821090.9176500011], [834611.7042800011, 821083.0952400025], [834609.8419200005, 821084.6372700017], [834621.9275100008, 821099.0638100021]]], "type": "Polygon"}, "properties": {"BaseHeight": 4.4, "BuildingBlockType": "Tower", "BuildingCSUID": "3462021093T20050430", "BuildingID": 1108228234, "BuildingNameEN": null, "BuildingNameTC": null, "DateCreate": 1114790400000, "DateStamp": 1599580800000, "GeoRefNo": "3462021093", "OBJECTID": 51395, "Shape__Area": 64.46836343739325, "Shape__Length": 46.844723219124624, "Status": "Active", "Storeys": 6, "StoreysInBasement": null, "TopHeight": 25.1}, "type": "Feature"}, {"geometry": {"coordinates": [[[834609.0071400013, 821239.837650001], [834610.7882200005, 821241.968390001], [834615.7402300006, 821237.8662800025], [834616.9074600004, 821239.2195800021], [834625.1664500004, 821232.3541800026], [834622.2249600012, 821228.7811800018], [834609.0071400013, 821239.837650001]]], "type": "Polygon"}, "properties": {"BaseHeight": 4.4, "BuildingBlockType": "Tower", "BuildingCSUID": "3461821234T20050430", "BuildingID": 1108227140, "BuildingNameEN": null, "BuildingNameTC": null, "DateCreate": 1114790400000, "DateStamp": 1599580800000, "GeoRefNo": "3461821234", "OBJECTID": 51403, "Shape__Area": 67.66434437025609, "Shape__Length": 43.59492531465426, "Status": "Active", "Storeys": 8, "StoreysInBasement": null, "TopHeight": 34.1}, "type": "Feature"}, {"geometry": {"coordinates": [[[834535.8944500005, 821243.6325200014], [834539.3497800007, 821240.7493700013], [834527.9895300008, 821227.463630002], [834524.6821800005, 821230.2189200018], [834535.8944500005, 821243.6325200014]]], "type": "Polygon"}, "properties": {"BaseHeight": 4.3, "BuildingBlockType": "Tower", "BuildingCSUID": "3453121234T20050430", "BuildingID": 1108227124, "BuildingNameEN": "Ki Fat Mansion", "BuildingNameTC": "基發樓", "DateCreate": 1114790400000, "DateStamp": 1599580800000, "GeoRefNo": "3453121234", "OBJECTID": 51416, "Shape__Area": 76.95822307658955, "Shape__Length": 43.76788108332211, "Status": "Active", "Storeys": 6, "StoreysInBasement": null, "TopHeight": 23.9}, "type": "Feature"}, {"geometry": {"coordinates": [[[834618.5792700006, 821101.8385400027], [834621.0977000007, 821099.7517800014], [834621.9275100008, 821099.0638100021], [834609.8419200005, 821084.6372700017], [834608.2055300009, 821085.9942400027], [834613.4434600007, 821092.2809200026], [834612.8666500011, 821092.7419300023], [834614.209040001, 821094.3143300023], [834612.9987100009, 821095.3266300019], [834618.5792700006, 821101.8385400027]]], "type": "Polygon"}, "properties": {"BaseHeight": 4.4, "BuildingBlockType": "Tower", "BuildingCSUID": "3461721095T20050430", "BuildingID": 1108228219, "BuildingNameEN": null, "BuildingNameTC": null, "DateCreate": 1114790400000, "DateStamp": 1599580800000, "GeoRefNo": "3461721095", "OBJECTID": 51459, "Shape__Area": 61.12539590348012, "Shape__Length": 46.43675014827754, "Status": "Active", "Storeys": 6, "StoreysInBasement": null, "TopHeight": 25.1}, "type": "Feature"}, {"geometry": {"coordinates": [[[834615.2687100004, 821070.8783200011], [834606.1428700006, 821060.3201900013], [834602.8014300009, 821063.1055500023], [834611.8781800009, 821073.6912900023], [834614.7282000007, 821077.0151200015], [834616.5091000004, 821075.529500002], [834613.6500900006, 821072.2212200016], [834615.2687100004, 821070.8783200011]]], "type": "Polygon"}, "properties": {"BaseHeight": 4.2, "BuildingBlockType": "Tower", "BuildingCSUID": "3461021067T20050430", "BuildingID": 1108228400, "BuildingNameEN": null, "BuildingNameTC": null, "DateCreate": 1114790400000, "DateStamp": 1599580800000, "GeoRefNo": "3461021067", "OBJECTID": 51542, "Shape__Area": 71.17019507355204, "Shape__Length": 45.423200396930426, "Status": "Active", "Storeys": 6, "StoreysInBasement": null, "TopHeight": 27.9}, "type": "Feature"}, {"geometry": {"coordinates": [[[834623.7739600008, 821066.0550800022], [834613.5469000004, 821054.1475500017], [834609.7150000008, 821057.3420400023], [834621.5977200009, 821071.2764700018], [834624.4792400012, 821068.8687500022], [834623.8521900009, 821068.1381800026], [834622.7584900009, 821066.8639000021], [834623.7739600008, 821066.0550800022]]], "type": "Polygon"}, "properties": {"BaseHeight": 4.2, "BuildingBlockType": "Tower", "BuildingCSUID": "3461721062T20050430", "BuildingID": 1108228437, "BuildingNameEN": null, "BuildingNameTC": "樂豐樓", "DateCreate": 1114790400000, "DateStamp": 1599580800000, "GeoRefNo": "3461721062", "OBJECTID": 51548, "Shape__Area": 88.52289633005009, "Shape__Length": 46.693705368750344, "Status": "Active", "Storeys": 6, "StoreysInBasement": null, "TopHeight": 24}, "type": "Feature"}, {"geometry": {"coordinates": [[[834519.9642600007, 821069.1554900017], [834517.9747000011, 821066.8217000011], [834514.0389900012, 821070.1435300019], [834527.557980001, 821086.0697500017], [834531.5466200011, 821082.7418100014], [834519.9642600007, 821069.1554900017]]], "type": "Polygon"}, "properties": {"BaseHeight": 4.1, "BuildingBlockType": "Tower", "BuildingCSUID": "3452321075T20050430", "BuildingID": 1108228328, "BuildingNameEN": null, "BuildingNameTC": null, "DateCreate": 1114790400000, "DateStamp": 1599580800000, "GeoRefNo": "3452321075", "OBJECTID": 51553, "Shape__Area": 108.12744786915006, "Shape__Length": 52.1552183450456, "Status": "Active", "Storeys": 3, "StoreysInBasement": null, "TopHeight": 23.9}, "type": "Feature"}, {"geometry": {"coordinates": [[[834639.5644400008, 821076.0111700017], [834643.7593200011, 821080.9607300013], [834648.0886900006, 821077.3725500014], [834640.2073800005, 821068.1381800026], [834636.2012300007, 821063.4442600012], [834630.5807600012, 821068.1219300013], [834630.5943200011, 821068.1381800026], [834631.1521100011, 821068.8063400015], [834631.964180001, 821068.1381800026], [834632.5107400008, 821067.688480001], [834632.8918800009, 821068.1381800026], [834639.5644400008, 821076.0111700017]]], "type": "Polygon"}, "properties": {"BaseHeight": 4.2, "BuildingBlockType": "Tower", "BuildingCSUID": "3463721069T20050430", "BuildingID": 1108228367, "BuildingNameEN": null, "BuildingNameTC": null, "DateCreate": 1114790400000, "DateStamp": 1599580800000, "GeoRefNo": "3463721069", "OBJECTID": 51554, "Shape__Area": 103.91886775111422, "Shape__Length": 51.295551997471975, "Status": "Active", "Storeys": 6, "StoreysInBasement": null, "TopHeight": 25.3}, "type": "Feature"}, {"geometry": {"coordinates": [[[834636.1087300004, 821087.3061500024], [834639.7915600007, 821084.2508800011], [834629.4263600009, 821072.1136000026], [834627.9129700009, 821070.3414400015], [834626.6616600007, 821071.3859400023], [834628.4562500007, 821073.3616000023], [834625.9487200007, 821075.4084500019], [834636.1087300004, 821087.3061500024]]], "type": "Polygon"}, "properties": {"BaseHeight": 4.3, "BuildingBlockType": "Tower", "BuildingCSUID": "3463221078T20050430", "BuildingID": 1108228321, "BuildingNameEN": null, "BuildingNameTC": null, "DateCreate": 1114790400000, "DateStamp": 1599580800000, "GeoRefNo": "3463221078", "OBJECTID": 51609, "Shape__Area": 79.01521766672231, "Shape__Length": 46.25786951011454, "Status": "Active", "Storeys": 9, "StoreysInBasement": null, "TopHeight": 32.9}, "type": "Feature"}, {"geometry": {"coordinates": [[[834604.9965700004, 821079.400630001], [834596.0103300009, 821068.7688200027], [834592.0855100006, 821072.0416300017], [834603.9535600012, 821086.0211600009], [834605.5534300013, 821084.6834500022], [834602.6699300008, 821081.330930002], [834604.9965700004, 821079.400630001]]], "type": "Polygon"}, "properties": {"BaseHeight": 4.3, "BuildingBlockType": "Tower", "BuildingCSUID": "3459821075T20050430", "BuildingID": 1108228329, "BuildingNameEN": null, "BuildingNameTC": "明德大廈", "DateCreate": 1114790400000, "DateStamp": 1599580800000, "GeoRefNo": "3459821075", "OBJECTID": 51672, "Shape__Area": 80.06119126470358, "Shape__Length": 46.89953898505766, "Status": "Active", "Storeys": 13, "StoreysInBasement": null, "TopHeight": 44.5}, "type": "Feature"}, {"geometry": {"coordinates": [[[834639.7915600007, 821084.2508800011], [834643.7593200011, 821080.9607300013], [834639.5644400008, 821076.0111700017], [834638.3570600012, 821077.0179000013], [834632.2381200008, 821069.7885000017], [834629.4263600009, 821072.1136000026], [834639.7915600007, 821084.2508800011]]], "type": "Polygon"}, "properties": {"BaseHeight": 4.2, "BuildingBlockType": "Tower", "BuildingCSUID": "3463421076T20050430", "BuildingID": 1108228348, "BuildingNameEN": null, "BuildingNameTC": null, "DateCreate": 1114790400000, "DateStamp": 1599580800000, "GeoRefNo": "3463421076", "OBJECTID": 51734, "Shape__Area": 67.86620073810325, "Shape__Length": 42.295340689468375, "Status": "Active", "Storeys": 6, "StoreysInBasement": null, "TopHeight": 25.2}, "type": "Feature"}, {"geometry": {"coordinates": [[[834594.8450100012, 821081.5917900018], [834588.9656000007, 821074.6427200027], [834586.0734600006, 821077.0545500014], [834585.4591200007, 821077.5661200024], [834594.6344400011, 821088.5038800016], [834595.0729300007, 821088.1440600026], [834597.1725000013, 821090.6559500024], [834598.856660001, 821089.2356300019], [834593.461910001, 821082.7464400027], [834594.8450100012, 821081.5917900018]]], "type": "Polygon"}, "properties": {"BaseHeight": 4.3, "BuildingBlockType": "Tower", "BuildingCSUID": "3459121080T20050430", "BuildingID": 1108228290, "BuildingNameEN": null, "BuildingNameTC": null, "DateCreate": 1114790400000, "DateStamp": 1599580800000, "GeoRefNo": "3459121080", "OBJECTID": 51796, "Shape__Area": 63.39143822812776, "Shape__Length": 44.22907523585109, "Status": "Active", "Storeys": 7, "StoreysInBasement": null, "TopHeight": 43.9}, "type": "Feature"}, {"geometry": {"coordinates": [[[834579.8141200012, 821133.981110001], [834583.2060900005, 821131.1688900013], [834572.809630001, 821118.8565900009], [834571.3273600005, 821120.0718500018], [834570.0349500012, 821118.5349800009], [834568.1094400007, 821120.1374700014], [834569.081290001, 821121.2871500012], [834579.8141200012, 821133.981110001]]], "type": "Polygon"}, "properties": {"BaseHeight": 4.2, "BuildingBlockType": "Tower", "BuildingCSUID": "3457721126T20050430", "BuildingID": 1108228030, "BuildingNameEN": "Lap Kee Building", "BuildingNameTC": "立基樓", "DateCreate": 1114790400000, "DateStamp": 1599580800000, "GeoRefNo": "3457721126", "OBJECTID": 51924, "Shape__Area": 76.13989924578374, "Shape__Length": 45.07922006223234, "Status": "Active", "Storeys": 6, "StoreysInBasement": null, "TopHeight": 23.9}, "type": "Feature"}, {"geometry": {"coordinates": [[[834620.2690000013, 821123.6578200012], [834622.703160001, 821126.5658000018], [834628.120240001, 821133.0373400021], [834628.1307200007, 821133.0498700012], [834632.9492100012, 821128.9921900015], [834632.9004400009, 821128.933240002], [834631.1867500013, 821126.8618800025], [834635.5363700008, 821123.231610002], [834635.4976000013, 821123.1852900013], [834629.4713200005, 821115.9859600011], [834620.2690000013, 821123.6578200012]]], "type": "Polygon"}, "properties": {"BaseHeight": 4.2, "BuildingBlockType": "Tower", "BuildingCSUID": "3462821122T20050430", "BuildingID": 1108228039, "BuildingNameEN": "Tai Nan Street Substation", "BuildingNameTC": "大南街變電站", "DateCreate": 1114790400000, "DateStamp": 1599580800000, "GeoRefNo": "3462821122", "OBJECTID": 51926, "Shape__Area": 130.77238724250734, "Shape__Length": 48.407806316673, "Status": "Active", "Storeys": 6, "StoreysInBasement": null, "TopHeight": 24.6}, "type": "Feature"}, {"geometry": {"coordinates": [[[834569.7341400012, 821115.2775200009], [834557.5303500006, 821100.849940002], [834554.1581400009, 821103.6621300019], [834559.8176900009, 821110.3991400022], [834561.4770900011, 821109.0267100018], [834567.0720900008, 821115.6565700024], [834567.889870001, 821114.9823500011], [834568.8019600008, 821116.0595900025], [834569.7341400012, 821115.2775200009]]], "type": "Polygon"}, "properties": {"BaseHeight": 4.2, "BuildingBlockType": "Tower", "BuildingCSUID": "3456021106T20050430", "BuildingID": 1108228143, "BuildingNameEN": null, "BuildingNameTC": null, "DateCreate": 1114790400000, "DateStamp": 1599580800000, "GeoRefNo": "3456021106", "OBJECTID": 51982, "Shape__Area": 60.23382566894051, "Shape__Length": 46.60321124858906, "Status": "Active", "Storeys": 4, "StoreysInBasement": null, "TopHeight": 18.1}, "type": "Feature"}, {"geometry": {"coordinates": [[[834569.081290001, 821121.2871500012], [834566.1913400004, 821123.7078300025], [834565.1913900012, 821122.5707600024], [834561.0446900008, 821126.0165400021], [834566.1613100013, 821131.982160002], [834567.4366200007, 821133.4690900017], [834567.7053900007, 821133.7824500017], [834572.836670001, 821139.7651700024], [834579.8141200012, 821133.981110001], [834569.081290001, 821121.2871500012]]], "type": "Polygon"}, "properties": {"BaseHeight": 4.2, "BuildingBlockType": "Tower", "BuildingCSUID": "3457021129T20050430", "BuildingID": 1108227985, "BuildingNameEN": null, "BuildingNameTC": null, "DateCreate": 1114790400000, "DateStamp": 1599580800000, "GeoRefNo": "3457021129", "OBJECTID": 51987, "Shape__Area": 159.64311849437746, "Shape__Length": 54.47470954165888, "Status": "Active", "Storeys": 9, "StoreysInBasement": null, "TopHeight": 33.2}, "type": "Feature"}, {"geometry": {"coordinates": [[[834539.3497800007, 821240.7493700013], [834542.9531700006, 821237.7426900025], [834531.5530100008, 821224.4949600026], [834527.9895300008, 821227.463630002], [834539.3497800007, 821240.7493700013]]], "type": "Polygon"}, "properties": {"BaseHeight": 4.3, "BuildingBlockType": "Tower", "BuildingCSUID": "3453521231T20050430", "BuildingID": 1108227153, "BuildingNameEN": "Ki Fat Mansion", "BuildingNameTC": "基發樓", "DateCreate": 1114790400000, "DateStamp": 1599580800000, "GeoRefNo": "3453521231", "OBJECTID": 52169, "Shape__Area": 81.54083649428546, "Shape__Length": 44.289105478600106, "Status": "Active", "Storeys": 6, "StoreysInBasement": null, "TopHeight": 34.8}, "type": "Feature"}, {"geometry": {"coordinates": [[[834589.706530001, 821247.2152900025], [834592.1386000011, 821245.207630001], [834591.3059800006, 821244.2140900027], [834590.721690001, 821244.7049800027], [834589.7317400007, 821243.5324200019], [834588.7005900005, 821244.3777100015], [834586.8752100011, 821242.1401500013], [834587.8691800004, 821241.3262800016], [834586.0233400008, 821239.1399300024], [834587.5851600012, 821237.825480001], [834580.9382600011, 821229.9280700013], [834578.1978800008, 821232.1966200024], [834577.5618200004, 821232.7226100024], [834589.706530001, 821247.2152900025]]], "type": "Polygon"}, "properties": {"BaseHeight": 4.5, "BuildingBlockType": "Tower", "BuildingCSUID": "3458321236T20050430", "BuildingID": 1108227091, "BuildingNameEN": null, "BuildingNameTC": null, "DateCreate": 1114790400000, "DateStamp": 1599580800000, "GeoRefNo": "3458321236", "OBJECTID": 52170, "Shape__Area": 63.009156397876005, "Shape__Length": 50.7697525023344, "Status": "Active", "Storeys": 5, "StoreysInBasement": null, "TopHeight": 22.6}, "type": "Feature"}, {"geometry": {"coordinates": [[[834609.0071400013, 821239.837650001], [834622.2249600012, 821228.7811800018], [834619.2419000007, 821225.1568500027], [834605.9749800004, 821236.2105900012], [834609.0071400013, 821239.837650001]]], "type": "Polygon"}, "properties": {"BaseHeight": 4.4, "BuildingBlockType": "Tower", "BuildingCSUID": "3461421232T20050430", "BuildingID": 1108227161, "BuildingNameEN": null, "BuildingNameTC": null, "DateCreate": 1114790400000, "DateStamp": 1599580800000, "GeoRefNo": "3461421232", "OBJECTID": 52171, "Shape__Area": 81.26223904360722, "Shape__Length": 43.92239703518788, "Status": "Active", "Storeys": 8, "StoreysInBasement": null, "TopHeight": 33.6}, "type": "Feature"}, {"geometry": {"coordinates": [[[834501.7371300012, 821233.856300002], [834507.336000001, 821240.5679400023], [834513.7676700009, 821235.2039300017], [834508.1034600008, 821228.4885100015], [834501.7371300012, 821233.856300002]]], "type": "Polygon"}, "properties": {"BaseHeight": 4.2, "BuildingBlockType": "Tower", "BuildingCSUID": "3450721232T20050430", "BuildingID": 1108227157, "BuildingNameEN": null, "BuildingNameTC": null, "DateCreate": 1114790400000, "DateStamp": 1599580800000, "GeoRefNo": "3450721232", "OBJECTID": 52174, "Shape__Area": 73.17815895918275, "Shape__Length": 34.22772392128646, "Status": "Active", "Storeys": 6, "StoreysInBasement": null, "TopHeight": 25.1}, "type": "Feature"}, {"geometry": {"coordinates": [[[834566.8415300008, 821104.9697700012], [834560.9609000012, 821097.9901900012], [834557.5303500006, 821100.849940002], [834569.7341400012, 821115.2775200009], [834570.5423300005, 821114.6028000023], [834569.6445900006, 821113.5356600024], [834570.2370500006, 821113.0472100023], [834569.0819200007, 821111.6633800026], [834571.0652400004, 821109.9830100015], [834566.8415300008, 821104.9697700012]]], "type": "Polygon"}, "properties": {"BaseHeight": 4.1, "BuildingBlockType": "Tower", "BuildingCSUID": "3456321103T20050430", "BuildingID": 1108228147, "BuildingNameEN": null, "BuildingNameTC": null, "DateCreate": 1114790400000, "DateStamp": 1599580800000, "GeoRefNo": "3456321103", "OBJECTID": 52429, "Shape__Area": 74.6287536995531, "Shape__Length": 46.66220242589791, "Status": "Active", "Storeys": 4, "StoreysInBasement": null, "TopHeight": 18.1}, "type": "Feature"}, {"geometry": {"coordinates": [[[834632.810370001, 821313.0858300012], [834636.7936400007, 821309.7521400023], [834627.9453600012, 821299.1727300026], [834627.7471700013, 821298.9345000014], [834626.5866100006, 821299.9055400025], [834624.1788100004, 821296.9765700027], [834621.2608000012, 821299.3999000024], [834632.810370001, 821313.0858300012]]], "type": "Polygon"}, "properties": {"BaseHeight": 4.4, "BuildingBlockType": "Tower", "BuildingCSUID": "3462821303T20050430", "BuildingID": 1108226652, "BuildingNameEN": null, "BuildingNameTC": null, "DateCreate": 1114790400000, "DateStamp": 1599580800000, "GeoRefNo": "3462821303", "OBJECTID": 52564, "Shape__Area": 88.00347411407236, "Shape__Length": 46.30190820798543, "Status": "Active", "Storeys": 10, "StoreysInBasement": null, "TopHeight": 34.5}, "type": "Feature"}, {"geometry": {"coordinates": [[[834546.5875100009, 821234.7101800013], [834550.0374200009, 821231.8315600026], [834538.7036700007, 821218.5378600024], [834535.9553400008, 821220.8274500016], [834538.3308100011, 821223.5893300027], [834537.6763400007, 821224.1314300019], [834546.5875100009, 821234.7101800013]]], "type": "Polygon"}, "properties": {"BaseHeight": 4.3, "BuildingBlockType": "Tower", "BuildingCSUID": "3454321227T20050430", "BuildingID": 1108227198, "BuildingNameEN": null, "BuildingNameTC": null, "DateCreate": 1114790400000, "DateStamp": 1599580800000, "GeoRefNo": "3454321227", "OBJECTID": 52580, "Shape__Area": 74.5631251201486, "Shape__Length": 43.8640749258783, "Status": "Active", "Storeys": 9, "StoreysInBasement": null, "TopHeight": 34.8}, "type": "Feature"}, {"geometry": {"coordinates": [[[834609.4348600004, 821226.9944700021], [834611.318690001, 821225.3949700017], [834612.7799900007, 821227.1536800023], [834617.6288900012, 821223.1435700022], [834611.762000001, 821215.9718100019], [834605.1235300004, 821221.7485500015], [834609.4348600004, 821226.9944700021]]], "type": "Polygon"}, "properties": {"BaseHeight": 4.4, "BuildingBlockType": "Tower", "BuildingCSUID": "3461021221T20050430", "BuildingID": 1108227262, "BuildingNameEN": null, "BuildingNameTC": null, "DateCreate": 1114790400000, "DateStamp": 1599580800000, "GeoRefNo": "3461021221", "OBJECTID": 52581, "Shape__Area": 74.81230546922018, "Shape__Length": 35.90614693269683, "Status": "Active", "Storeys": 6, "StoreysInBasement": null, "TopHeight": 24.7}, "type": "Feature"}, {"geometry": {"coordinates": [[[834553.3511500005, 821229.066560002], [834556.6625000006, 821226.3035500012], [834547.6812800011, 821215.5574100018], [834545.4647600008, 821212.9053200018], [834542.1089100009, 821215.7010200024], [834553.3511500005, 821229.066560002]]], "type": "Polygon"}, "properties": {"BaseHeight": 4.3, "BuildingBlockType": "Tower", "BuildingCSUID": "3454821220T20050430", "BuildingID": 1108227247, "BuildingNameEN": null, "BuildingNameTC": null, "DateCreate": 1114790400000, "DateStamp": 1599580800000, "GeoRefNo": "3454821220", "OBJECTID": 52583, "Shape__Area": 75.7942023911508, "Shape__Length": 43.60690967890342, "Status": "Active", "Storeys": 9, "StoreysInBasement": null, "TopHeight": 35.7}, "type": "Feature"}, {"geometry": {"coordinates": [[[834628.6617900012, 821316.5585000012], [834632.810370001, 821313.0858300012], [834621.2608000012, 821299.3999000024], [834617.1913500009, 821302.7807400022], [834628.6617900012, 821316.5585000012]]], "type": "Polygon"}, "properties": {"BaseHeight": 4.4, "BuildingBlockType": "Tower", "BuildingCSUID": "3462321306T20050430", "BuildingID": 1108226638, "BuildingNameEN": null, "BuildingNameTC": null, "DateCreate": 1114790400000, "DateStamp": 1599580800000, "GeoRefNo": "3462321306", "OBJECTID": 52624, "Shape__Area": 95.86632426171694, "Shape__Length": 46.53638386877032, "Status": "Active", "Storeys": 10, "StoreysInBasement": null, "TopHeight": 34.6}, "type": "Feature"}, {"geometry": {"coordinates": [[[834575.2499800008, 821322.2198200021], [834577.5933200009, 821325.0534300022], [834578.2002600012, 821325.7867600024], [834589.7100900011, 821316.0769300014], [834589.3712900011, 821315.6700800024], [834590.5516400011, 821314.6980000027], [834587.939770001, 821311.5505600013], [834583.6491300007, 821315.1570000015], [834585.0665000007, 821316.8171800021], [834583.4464900009, 821318.1806100011], [834582.6631000005, 821317.2427800018], [834582.041100001, 821317.7638200019], [834581.4249600004, 821317.028020002], [834575.2499800008, 821322.2198200021]]], "type": "Polygon"}, "properties": {"BaseHeight": 4.4, "BuildingBlockType": "Tower", "BuildingCSUID": "3458021320T20050430", "BuildingID": 1108226578, "BuildingNameEN": null, "BuildingNameTC": null, "DateCreate": 1114790400000, "DateStamp": 1599580800000, "GeoRefNo": "3458021320", "OBJECTID": 52669, "Shape__Area": 70.36184497682213, "Shape__Length": 46.80190462629004, "Status": "Active", "Storeys": 6, "StoreysInBasement": null, "TopHeight": 25.8}, "type": "Feature"}, {"geometry": {"coordinates": [[[834382.7881000005, 821174.5726300012], [834384.0053800009, 821173.5666000023], [834382.8308100011, 821172.1323200017], [834384.9485800005, 821170.3532900009], [834378.2710700007, 821162.2163000014], [834372.6843100004, 821155.4084700011], [834369.3261200013, 821158.2353700027], [834372.606420001, 821162.2163000014], [834382.7881000005, 821174.5726300012]]], "type": "Polygon"}, "properties": {"BaseHeight": 3.8, "BuildingBlockType": "Tower", "BuildingCSUID": "3437421161T20050430", "BuildingID": 1108227711, "BuildingNameEN": "TANG TAT BUILDING", "BuildingNameTC": "騰達樓", "DateCreate": 1114790400000, "DateStamp": 1599580800000, "GeoRefNo": "3437421161", "OBJECTID": 52702, "Shape__Area": 87.39504380188616, "Shape__Length": 51.090498077323275, "Status": "Active", "Storeys": 8, "StoreysInBasement": null, "TopHeight": 30}, "type": "Feature"}, {"geometry": {"coordinates": [[[834603.9535600012, 821086.0211600009], [834592.0855100006, 821072.0416300017], [834588.9656000007, 821074.6427200027], [834594.8450100012, 821081.5917900018], [834597.9422600009, 821085.2532600015], [834599.234410001, 821084.1812200025], [834602.0867700009, 821087.5821000021], [834603.9535600012, 821086.0211600009]]], "type": "Polygon"}, "properties": {"BaseHeight": 4.3, "BuildingBlockType": "Tower", "BuildingCSUID": "3459421078T20050430", "BuildingID": 1108228316, "BuildingNameEN": null, "BuildingNameTC": "明德大廈", "DateCreate": 1114790400000, "DateStamp": 1599580800000, "GeoRefNo": "3459421078", "OBJECTID": 52728, "Shape__Area": 67.36746140081183, "Shape__Length": 44.84923599162233, "Status": "Active", "Storeys": 13, "StoreysInBasement": null, "TopHeight": 44.5}, "type": "Feature"}, {"geometry": {"coordinates": [[[834632.5769900009, 821090.2337500025], [834636.1087300004, 821087.3061500024], [834625.9487200007, 821075.4084500019], [834623.6818600008, 821077.2588400021], [834621.9816800011, 821075.2840200011], [834620.7981200004, 821076.267310001], [834621.1823600009, 821076.7229100019], [834632.5769900009, 821090.2337500025]]], "type": "Polygon"}, "properties": {"BaseHeight": 4.4, "BuildingBlockType": "Tower", "BuildingCSUID": "3462921082T20050430", "BuildingID": 1108228295, "BuildingNameEN": null, "BuildingNameTC": null, "DateCreate": 1114790400000, "DateStamp": 1599580800000, "GeoRefNo": "3462921082", "OBJECTID": 52730, "Shape__Area": 75.12067364451626, "Shape__Length": 45.573920528054344, "Status": "Active", "Storeys": 9, "StoreysInBasement": null, "TopHeight": 35.4}, "type": "Feature"}, {"geometry": {"coordinates": [[[834550.0374200009, 821231.8315600026], [834553.3511500005, 821229.066560002], [834542.1089100009, 821215.7010200024], [834538.7036700007, 821218.5378600024], [834550.0374200009, 821231.8315600026]]], "type": "Polygon"}, "properties": {"BaseHeight": 4.3, "BuildingBlockType": "Tower", "BuildingCSUID": "3454621224T20050430", "BuildingID": 1108227220, "BuildingNameEN": null, "BuildingNameTC": null, "DateCreate": 1114790400000, "DateStamp": 1599580800000, "GeoRefNo": "3454621224", "OBJECTID": 52795, "Shape__Area": 76.39742940288244, "Shape__Length": 43.68214721181989, "Status": "Active", "Storeys": 9, "StoreysInBasement": null, "TopHeight": 34.8}, "type": "Feature"}, {"geometry": {"coordinates": [[[834602.0441200007, 821232.8292000014], [834602.3757900009, 821233.2288700026], [834603.7310300004, 821232.1073000021], [834604.9757100008, 821233.6067800019], [834607.3862400008, 821231.6139300019], [834595.6893000007, 821217.7150600012], [834593.6582200006, 821219.3965900019], [834592.0215100013, 821220.7516200021], [834593.6582200006, 821222.723910002], [834602.0441200007, 821232.8292000014]]], "type": "Polygon"}, "properties": {"BaseHeight": 4.5, "BuildingBlockType": "Tower", "BuildingCSUID": "3459921225T20050430", "BuildingID": 1108227205, "BuildingNameEN": null, "BuildingNameTC": null, "DateCreate": 1114790400000, "DateStamp": 1599580800000, "GeoRefNo": "3459921225", "OBJECTID": 52796, "Shape__Area": 84.19943349152419, "Shape__Length": 45.97699109646499, "Status": "Active", "Storeys": 6, "StoreysInBasement": null, "TopHeight": 26.3}, "type": "Feature"}, {"geometry": {"coordinates": [[[834593.8218300007, 821294.4503500015], [834603.456890001, 821305.8914500009], [834605.3897300009, 821308.1866800021], [834606.3511200007, 821307.3810900021], [834604.4488500012, 821305.0630400013], [834606.9596000006, 821302.9662600011], [834608.8729000008, 821305.2665400021], [834610.1784800012, 821304.1727100015], [834606.8674400011, 821300.2543400023], [834607.3469200004, 821299.8616400026], [834599.1406200007, 821290.0228600018], [834598.0485300012, 821290.9319000021], [834593.8218300007, 821294.4503500015]]], "type": "Polygon"}, "properties": {"BaseHeight": 4.4, "BuildingBlockType": "Tower", "BuildingCSUID": "3460121298T20050430", "BuildingID": 1108226678, "BuildingNameEN": null, "BuildingNameTC": "永泰樓", "DateCreate": 1114790400000, "DateStamp": 1599580800000, "GeoRefNo": "3460121298", "OBJECTID": 52811, "Shape__Area": 110.51298745589153, "Shape__Length": 55.659754887493136, "Status": "Active", "Storeys": 10, "StoreysInBasement": null, "TopHeight": 34.5}, "type": "Feature"}, {"geometry": {"coordinates": [[[834636.7936400007, 821309.7521400023], [834640.4246800011, 821306.7133800015], [834637.3346700007, 821303.0000000019], [834628.9931000005, 821292.975610001], [834626.6890300009, 821294.8895500023], [834629.3046400007, 821298.0189400017], [834627.9453600012, 821299.1727300026], [834636.7936400007, 821309.7521400023]]], "type": "Polygon"}, "properties": {"BaseHeight": 4.5, "BuildingBlockType": "Tower", "BuildingCSUID": "3463121299T20050430", "BuildingID": 1108226671, "BuildingNameEN": null, "BuildingNameTC": null, "DateCreate": 1114790400000, "DateStamp": 1599580800000, "GeoRefNo": "3463121299", "OBJECTID": 52812, "Shape__Area": 77.7701015836256, "Shape__Length": 45.25546549579356, "Status": "Active", "Storeys": 6, "StoreysInBasement": null, "TopHeight": 28.3}, "type": "Feature"}, {"geometry": {"coordinates": [[[834531.5466200011, 821082.7418100014], [834535.1673100004, 821079.7206400018], [834521.6644800007, 821063.7069100011], [834519.306640001, 821065.6962400023], [834521.3008000012, 821068.0169400014], [834519.9642600007, 821069.1554900017], [834531.5466200011, 821082.7418100014]]], "type": "Polygon"}, "properties": {"BaseHeight": 4.2, "BuildingBlockType": "Tower", "BuildingCSUID": "3452621072T20050430", "BuildingID": 1108228356, "BuildingNameEN": null, "BuildingNameTC": null, "DateCreate": 1114790400000, "DateStamp": 1599580800000, "GeoRefNo": "3452621072", "OBJECTID": 52844, "Shape__Area": 94.53733349137609, "Shape__Length": 51.4160794080144, "Status": "Active", "Storeys": 6, "StoreysInBasement": null, "TopHeight": 25.1}, "type": "Feature"}, {"geometry": {"coordinates": [[[834594.6344400011, 821088.5038800016], [834585.4591200007, 821077.5661200024], [834584.325290001, 821078.5125200022], [834581.8380800011, 821080.5854500011], [834587.7308200011, 821087.530890001], [834589.2176300008, 821086.2896600012], [834595.4436700009, 821093.6031800024], [834597.1569800004, 821092.1845500022], [834594.297960001, 821088.7800000012], [834594.6344400011, 821088.5038800016]]], "type": "Polygon"}, "properties": {"BaseHeight": 4.3, "BuildingBlockType": "Tower", "BuildingCSUID": "3458821083T20050430", "BuildingID": 1108228270, "BuildingNameEN": null, "BuildingNameTC": null, "DateCreate": 1114790400000, "DateStamp": 1599580800000, "GeoRefNo": "3458821083", "OBJECTID": 52845, "Shape__Area": 66.64255999328154, "Shape__Length": 46.74672211806688, "Status": "Active", "Storeys": 7, "StoreysInBasement": null, "TopHeight": 27.2}, "type": "Feature"}, {"geometry": {"coordinates": [[[834517.7455300009, 821229.1288800016], [834507.8073200006, 821217.3011300024], [834507.0957900006, 821217.8888900019], [834504.2827900006, 821220.2125700023], [834509.9328200007, 821226.9457900021], [834514.2370500006, 821232.0753000025], [834517.7455300009, 821229.1288800016]]], "type": "Polygon"}, "properties": {"BaseHeight": 4.1, "BuildingBlockType": "Tower", "BuildingCSUID": "3451121224T20050430", "BuildingID": 1108227219, "BuildingNameEN": null, "BuildingNameTC": null, "DateCreate": 1114790400000, "DateStamp": 1599580800000, "GeoRefNo": "3451121224", "OBJECTID": 52859, "Shape__Area": 70.78539241178342, "Shape__Length": 40.087691496020035, "Status": "Active", "Storeys": 6, "StoreysInBasement": null, "TopHeight": 27.9}, "type": "Feature"}, {"geometry": {"coordinates": [[[834622.7407600004, 821293.6433900017], [834626.2840900011, 821290.6735300012], [834614.9030100005, 821276.9021500014], [834611.2941500004, 821279.9061400015], [834622.7407600004, 821293.6433900017]]], "type": "Polygon"}, "properties": {"BaseHeight": 4.4, "BuildingBlockType": "Tower", "BuildingCSUID": "3461821284T20050430", "BuildingID": 1108226744, "BuildingNameEN": null, "BuildingNameTC": null, "DateCreate": 1114790400000, "DateStamp": 1599580800000, "GeoRefNo": "3461821284", "OBJECTID": 52869, "Shape__Area": 83.27903608647901, "Shape__Length": 45.06564474595182, "Status": "Active", "Storeys": 6, "StoreysInBasement": null, "TopHeight": 27.9}, "type": "Feature"}, {"geometry": {"coordinates": [[[834597.0026700012, 821119.7298500016], [834600.3766300008, 821116.932690002], [834588.7359100012, 821102.9636600018], [834586.9262500005, 821104.4702600017], [834588.2141200006, 821106.0713500027], [834586.6281700004, 821107.3663800023], [834590.8114300007, 821112.3516400009], [834597.0026700012, 821119.7298500016]]], "type": "Polygon"}, "properties": {"BaseHeight": 4.3, "BuildingBlockType": "Tower", "BuildingCSUID": "3459421112T20050430", "BuildingID": 1108228119, "BuildingNameEN": null, "BuildingNameTC": null, "DateCreate": 1114790400000, "DateStamp": 1599580800000, "GeoRefNo": "3459421112", "OBJECTID": 52915, "Shape__Area": 76.0058501433136, "Shape__Length": 45.16275756172817, "Status": "Active", "Storeys": 6, "StoreysInBasement": null, "TopHeight": 27.1}, "type": "Feature"}, {"geometry": {"coordinates": [[[834607.3469200004, 821299.8616400026], [834607.7621600004, 821299.5219300017], [834611.0697800005, 821303.4258100018], [834612.4460600009, 821302.2722700015], [834610.5165400011, 821299.9957700018], [834613.0808800012, 821297.8542300016], [834615.009800001, 821300.1228200011], [834615.696800001, 821299.5480500013], [834604.2576100007, 821285.7638600022], [834600.1174800005, 821289.2096700016], [834599.1406200007, 821290.0228600018], [834607.3469200004, 821299.8616400026]]], "type": "Polygon"}, "properties": {"BaseHeight": 4.4, "BuildingBlockType": "Tower", "BuildingCSUID": "3460621293T20050430", "BuildingID": 1108226700, "BuildingNameEN": null, "BuildingNameTC": "永泰樓", "DateCreate": 1114790400000, "DateStamp": 1599580800000, "GeoRefNo": "3460621293", "OBJECTID": 52944, "Shape__Area": 106.1135924807212, "Shape__Length": 55.029629351288136, "Status": "Active", "Storeys": 10, "StoreysInBasement": null, "TopHeight": 34.5}, "type": "Feature"}, {"geometry": {"coordinates": [[[834397.293610001, 821066.0180200022], [834401.9878500011, 821071.6550900023], [834403.3569200011, 821070.5098400023], [834405.1606900012, 821072.7088300027], [834407.2603900004, 821070.9571500011], [834393.637600001, 821054.8396300022], [834390.3039100012, 821057.6243700013], [834397.293610001, 821066.0180200022]]], "type": "Polygon"}, "properties": {"BaseHeight": 3.7, "BuildingBlockType": "Tower", "BuildingCSUID": "3439621061T20050430", "BuildingID": 1108228429, "BuildingNameEN": "HYATT COURT", "BuildingNameTC": "海逸閣", "DateCreate": 1114790400000, "DateStamp": 1599580800000, "GeoRefNo": "3439621061", "OBJECTID": 52967, "Shape__Area": 88.24667189985018, "Shape__Length": 51.06926678838741, "Status": "Active", "Storeys": 9, "StoreysInBasement": null, "TopHeight": 35.8}, "type": "Feature"}, {"geometry": {"coordinates": [[[834600.3766300008, 821116.932690002], [834604.0784000009, 821113.8634000011], [834593.8491800008, 821101.5350600015], [834591.8887400012, 821103.1238200013], [834590.5210100012, 821101.4770800024], [834588.7359100012, 821102.9636600018], [834600.3766300008, 821116.932690002]]], "type": "Polygon"}, "properties": {"BaseHeight": 4.3, "BuildingBlockType": "Tower", "BuildingCSUID": "3459721108T20050430", "BuildingID": 1108228139, "BuildingNameEN": null, "BuildingNameTC": null, "DateCreate": 1114790400000, "DateStamp": 1599580800000, "GeoRefNo": "3459721108", "OBJECTID": 52973, "Shape__Area": 82.37011890952816, "Shape__Length": 45.99882229625031, "Status": "Active", "Storeys": 6, "StoreysInBasement": null, "TopHeight": 27}, "type": "Feature"}, {"geometry": {"coordinates": [[[834580.6060100012, 821243.7474000026], [834582.3317100005, 821242.2880900018], [834586.9961800007, 821247.8360900022], [834586.3590300009, 821248.3715700023], [834587.1598700006, 821249.3152500018], [834589.706530001, 821247.2152900025], [834577.5618200004, 821232.7226100024], [834576.8070400013, 821233.3482300024], [834573.9564700006, 821235.7085500024], [834580.6060100012, 821243.7474000026]]], "type": "Polygon"}, "properties": {"BaseHeight": 4.4, "BuildingBlockType": "Tower", "BuildingCSUID": "3458021239T20050430", "BuildingID": 1108227074, "BuildingNameEN": null, "BuildingNameTC": null, "DateCreate": 1114790400000, "DateStamp": 1599580800000, "GeoRefNo": "3458021239", "OBJECTID": 52977, "Shape__Area": 71.20950829996991, "Shape__Length": 48.9014743510205, "Status": "Active", "Storeys": 5, "StoreysInBasement": null, "TopHeight": 22.7}, "type": "Feature"}, {"geometry": {"coordinates": [[[834556.6625000006, 821226.3035500012], [834560.3410100006, 821223.2341900021], [834551.7234300012, 821213.1240200009], [834551.2805900006, 821212.6044900026], [834547.6812800011, 821215.5574100018], [834556.6625000006, 821226.3035500012]]], "type": "Polygon"}, "properties": {"BaseHeight": 4.4, "BuildingBlockType": "Tower", "BuildingCSUID": "3455321217T20050430", "BuildingID": 1108227269, "BuildingNameEN": null, "BuildingNameTC": null, "DateCreate": 1114790400000, "DateStamp": 1599580800000, "GeoRefNo": "3455321217", "OBJECTID": 52996, "Shape__Area": 66.05537907241845, "Shape__Length": 37.418714877793185, "Status": "Active", "Storeys": 6, "StoreysInBasement": null, "TopHeight": 26.5}, "type": "Feature"}, {"geometry": {"coordinates": [[[834605.1235300004, 821221.7485500015], [834611.762000001, 821215.9718100019], [834605.8740700008, 821209.2825900018], [834601.188980001, 821213.1621100027], [834602.7878600005, 821215.0993200019], [834600.9104500012, 821216.6221700013], [834605.1235300004, 821221.7485500015]]], "type": "Polygon"}, "properties": {"BaseHeight": 4.3, "BuildingBlockType": "Tower", "BuildingCSUID": "3460421216T20050430", "BuildingID": 1108227309, "BuildingNameEN": null, "BuildingNameTC": null, "DateCreate": 1114790400000, "DateStamp": 1599580800000, "GeoRefNo": "3460421216", "OBJECTID": 52999, "Shape__Area": 71.92260250084078, "Shape__Length": 35.358934533139376, "Status": "Active", "Storeys": 6, "StoreysInBasement": null, "TopHeight": 24.7}, "type": "Feature"}, {"geometry": {"coordinates": [[[834563.7990300013, 821220.3487900011], [834564.666770001, 821219.6247400027], [834567.0958800009, 821217.5978900027], [834558.5869800011, 821207.3919700012], [834555.8632400008, 821209.6666800026], [834555.2470000004, 821210.181330001], [834563.7990300013, 821220.3487900011]]], "type": "Polygon"}, "properties": {"BaseHeight": 4.4, "BuildingBlockType": "Tower", "BuildingCSUID": "3456021212T20050430", "BuildingID": 1108227318, "BuildingNameEN": null, "BuildingNameTC": null, "DateCreate": 1114790400000, "DateStamp": 1599580800000, "GeoRefNo": "3456021212", "OBJECTID": 53001, "Shape__Area": 57.434155514824745, "Shape__Length": 35.2188901506632, "Status": "Active", "Storeys": 8, "StoreysInBasement": null, "TopHeight": 32.9}, "type": "Feature"}, {"geometry": {"coordinates": [[[834398.7374200011, 821233.0580600016], [834398.4730200004, 821232.7408900019], [834392.987350001, 821237.2956000026], [834402.4225900006, 821248.5992900021], [834407.8731200006, 821244.017810002], [834398.7374200011, 821233.0580600016]]], "type": "Polygon"}, "properties": {"BaseHeight": 4.2, "BuildingBlockType": "Tower", "BuildingCSUID": "3440221241T20050430", "BuildingID": 1108227079, "BuildingNameEN": null, "BuildingNameTC": null, "DateCreate": 1114790400000, "DateStamp": 1361808000000, "GeoRefNo": "3440221241", "OBJECTID": 53036, "Shape__Area": 104.75742197925695, "Shape__Length": 43.65534452176851, "Status": "Active", "Storeys": null, "StoreysInBasement": null, "TopHeight": 12.1}, "type": "Feature"}, {"geometry": {"coordinates": [[[834607.3862400008, 821231.6139300019], [834609.4243100006, 821229.9313800018], [834608.1678400012, 821228.4438300021], [834609.6309200004, 821227.2330300026], [834609.4348600004, 821226.9944700021], [834605.1235300004, 821221.7485500015], [834600.9104500012, 821216.6221700013], [834599.331290001, 821214.7006900012], [834595.6893000007, 821217.7150600012], [834607.3862400008, 821231.6139300019]]], "type": "Polygon"}, "properties": {"BaseHeight": 4.4, "BuildingBlockType": "Tower", "BuildingCSUID": "3460221222T20050430", "BuildingID": 1108227223, "BuildingNameEN": null, "BuildingNameTC": null, "DateCreate": 1114790400000, "DateStamp": 1599580800000, "GeoRefNo": "3460221222", "OBJECTID": 53089, "Shape__Area": 80.2926202203497, "Shape__Length": 45.60426020933175, "Status": "Active", "Storeys": 6, "StoreysInBasement": null, "TopHeight": 24.1}, "type": "Feature"}, {"geometry": {"coordinates": [[[834521.321680001, 821226.1256200019], [834522.6846500011, 821227.7679600026], [834526.3458900005, 821224.7146400027], [834524.7543000011, 821222.8269200027], [834521.8244900005, 821219.3520500027], [834521.5758000007, 821219.0571000017], [834515.050520001, 821211.3178600017], [834511.4836300006, 821214.2643000018], [834521.321680001, 821226.1256200019]]], "type": "Polygon"}, "properties": {"BaseHeight": 4.2, "BuildingBlockType": "Tower", "BuildingCSUID": "3451821219T20050430", "BuildingID": 1108227255, "BuildingNameEN": null, "BuildingNameTC": null, "DateCreate": 1114790400000, "DateStamp": 1599580800000, "GeoRefNo": "3451821219", "OBJECTID": 53091, "Shape__Area": 82.35794942667556, "Shape__Length": 44.461464032728614, "Status": "Active", "Storeys": 6, "StoreysInBasement": null, "TopHeight": 25.7}, "type": "Feature"}, {"geometry": {"coordinates": [[[834542.9531700006, 821237.7426900025], [834546.5875100009, 821234.7101800013], [834537.6763400007, 821224.1314300019], [834536.8696700009, 821224.7995800022], [834534.5378600005, 821222.0083300024], [834531.5530100008, 821224.4949600026], [834542.9531700006, 821237.7426900025]]], "type": "Polygon"}, "properties": {"BaseHeight": 4.3, "BuildingBlockType": "Tower", "BuildingCSUID": "3453921228T20050430", "BuildingID": 1108227177, "BuildingNameEN": null, "BuildingNameTC": null, "DateCreate": 1114790400000, "DateStamp": 1599580800000, "GeoRefNo": "3453921228", "OBJECTID": 53096, "Shape__Area": 80.53313310127305, "Shape__Length": 44.61219782653605, "Status": "Active", "Storeys": 9, "StoreysInBasement": null, "TopHeight": 32.9}, "type": "Feature"}, {"geometry": {"coordinates": [[[834373.1128100008, 821170.7094800025], [834373.5062500006, 821171.1800300013], [834377.8212600006, 821176.3406000026], [834380.0722800009, 821174.4495800026], [834381.2521700012, 821175.8419600017], [834382.7881000005, 821174.5726300012], [834372.606420001, 821162.2163000014], [834369.3261200013, 821158.2353700027], [834365.427050001, 821161.5176100023], [834366.0112500004, 821162.2163000014], [834371.2196500013, 821168.445340002], [834373.1128100008, 821170.7094800025]]], "type": "Polygon"}, "properties": {"BaseHeight": 3.9, "BuildingBlockType": "Tower", "BuildingCSUID": "3437121164T20050430", "BuildingID": 1108227695, "BuildingNameEN": "TANG TAT BUILDING", "BuildingNameTC": "騰達樓", "DateCreate": 1114790400000, "DateStamp": 1599580800000, "GeoRefNo": "3437121164", "OBJECTID": 53115, "Shape__Area": 100.82263860410467, "Shape__Length": 52.345224618895735, "Status": "Active", "Storeys": 8, "StoreysInBasement": null, "TopHeight": 30}, "type": "Feature"}, {"geometry": {"coordinates": [[[834508.1034600008, 821228.4885100015], [834502.4201000007, 821221.7512500025], [834500.0000000009, 821223.728000002], [834495.871700001, 821227.1281400025], [834500.0000000009, 821231.8466600012], [834501.7371300012, 821233.856300002], [834508.1034600008, 821228.4885100015]]], "type": "Polygon"}, "properties": {"BaseHeight": 4.1, "BuildingBlockType": "Tower", "BuildingCSUID": "3449921229T20050430", "BuildingID": 1108227202, "BuildingNameEN": null, "BuildingNameTC": null, "DateCreate": 1114790400000, "DateStamp": 1599580800000, "GeoRefNo": "3449921229", "OBJECTID": 53156, "Shape__Area": 74.48175295012902, "Shape__Length": 34.540506950532716, "Status": "Active", "Storeys": 6, "StoreysInBasement": null, "TopHeight": 25.1}, "type": "Feature"}, {"geometry": {"coordinates": [[[834517.7455300009, 821229.1288800016], [834521.321680001, 821226.1256200019], [834511.4836300006, 821214.2643000018], [834508.6948100012, 821216.568020001], [834507.8073200006, 821217.3011300024], [834517.7455300009, 821229.1288800016]]], "type": "Polygon"}, "properties": {"BaseHeight": 4.2, "BuildingBlockType": "Tower", "BuildingCSUID": "3451521222T20050430", "BuildingID": 1108227245, "BuildingNameEN": null, "BuildingNameTC": null, "DateCreate": 1114790400000, "DateStamp": 1599580800000, "GeoRefNo": "3451521222", "OBJECTID": 53157, "Shape__Area": 72.81359740564088, "Shape__Length": 40.29741328847781, "Status": "Active", "Storeys": 6, "StoreysInBasement": null, "TopHeight": 25.7}, "type": "Feature"}, {"geometry": {"coordinates": [[[834397.3413900007, 821156.4594300017], [834390.4429700011, 821162.2163000014], [834384.8875400005, 821166.8524000011], [834385.8419600008, 821167.998610001], [834386.788970001, 821167.2328500021], [834387.756740001, 821168.3731400017], [834393.0300600007, 821163.9196900018], [834394.6038400009, 821165.7680900022], [834398.8027400011, 821162.2163000014], [834400.7695300011, 821160.5526200011], [834397.3413900007, 821156.4594300017]]], "type": "Polygon"}, "properties": {"BaseHeight": 3.9, "BuildingBlockType": "Tower", "BuildingCSUID": "3439421161T20050430", "BuildingID": 1108227758, "BuildingNameEN": null, "BuildingNameTC": null, "DateCreate": 1114790400000, "DateStamp": 1599580800000, "GeoRefNo": "3439421161", "OBJECTID": 53169, "Shape__Area": 65.87070420974428, "Shape__Length": 43.17047191552686, "Status": "Active", "Storeys": 4, "StoreysInBasement": null, "TopHeight": 18.6}, "type": "Feature"}, {"geometry": {"coordinates": [[[834625.9840900004, 821061.3886600025], [834617.1897400012, 821051.1120300014], [834613.5469000004, 821054.1475500017], [834623.7739600008, 821066.0550800022], [834624.5407700008, 821065.4538500011], [834626.2020900007, 821067.4297900014], [834629.0849200012, 821065.0205800012], [834625.9840900004, 821061.3886600025]]], "type": "Polygon"}, "properties": {"BaseHeight": 4.1, "BuildingBlockType": "Tower", "BuildingCSUID": "3462021059T20050430", "BuildingID": 1108228465, "BuildingNameEN": null, "BuildingNameTC": "樂豐樓", "DateCreate": 1114790400000, "DateStamp": 1599580800000, "GeoRefNo": "3462021059", "OBJECTID": 53218, "Shape__Area": 83.98410277878452, "Shape__Length": 46.0527518701428, "Status": "Active", "Storeys": 6, "StoreysInBasement": null, "TopHeight": 24}, "type": "Feature"}, {"geometry": {"coordinates": [[[834593.8218300007, 821294.4503500015], [834593.6582200006, 821294.5865300018], [834589.6246800004, 821297.9436000027], [834587.4921600008, 821299.7189900018], [834583.4155900013, 821303.113880001], [834593.6582200006, 821315.2996200025], [834594.9997000005, 821316.8955900017], [834595.8995800009, 821316.1410200018], [834593.9660100006, 821313.8175200019], [834596.3903500009, 821311.7929000016], [834598.3139900006, 821314.1177900024], [834599.6748000011, 821312.9760200027], [834596.4219400007, 821309.045810001], [834597.2539100004, 821308.3518100027], [834600.5414200006, 821312.2504000012], [834601.701030001, 821311.2784200013], [834599.7713700011, 821308.9693200011], [834602.4553200006, 821306.7278900016], [834604.4192500012, 821308.9992100019], [834605.3897300009, 821308.1866800021], [834603.456890001, 821305.8914500009], [834593.8218300007, 821294.4503500015]]], "type": "Polygon"}, "properties": {"BaseHeight": 4.4, "BuildingBlockType": "Tower", "BuildingCSUID": "3459321304T20050430", "BuildingID": 1108226637, "BuildingNameEN": null, "BuildingNameTC": "永泰樓", "DateCreate": 1114790400000, "DateStamp": 1599580800000, "GeoRefNo": "3459321304", "OBJECTID": 53304, "Shape__Area": 217.8649371357501, "Shape__Length": 85.22441643084063, "Status": "Active", "Storeys": 10, "StoreysInBasement": null, "TopHeight": 34.5}, "type": "Feature"}, {"geometry": {"coordinates": [[[834621.5977200009, 821071.2764700018], [834609.7150000008, 821057.3420400023], [834606.1428700006, 821060.3201900013], [834615.2687100004, 821070.8783200011], [834615.9400000004, 821071.6549600009], [834617.6013000011, 821070.2436600011], [834619.7763800006, 821072.7995800022], [834621.5977200009, 821071.2764700018]]], "type": "Polygon"}, "properties": {"BaseHeight": 4.2, "BuildingBlockType": "Tower", "BuildingCSUID": "3461321065T20050430", "BuildingID": 1108228425, "BuildingNameEN": null, "BuildingNameTC": null, "DateCreate": 1114790400000, "DateStamp": 1599580800000, "GeoRefNo": "3461321065", "OBJECTID": 53353, "Shape__Area": 76.80669699554458, "Shape__Length": 45.85605137255095, "Status": "Active", "Storeys": 6, "StoreysInBasement": null, "TopHeight": 25.6}, "type": "Feature"}, {"geometry": {"coordinates": [[[834407.2603900004, 821070.9571500011], [834409.4099100009, 821069.1640200019], [834407.4891800005, 821066.9217400011], [834409.2965900004, 821065.3925400022], [834405.5622400008, 821060.9713500012], [834401.7097200006, 821056.4102500025], [834397.5926200012, 821051.5359000023], [834393.637600001, 821054.8396300022], [834407.2603900004, 821070.9571500011]]], "type": "Polygon"}, "properties": {"BaseHeight": 3.8, "BuildingBlockType": "Tower", "BuildingCSUID": "3440021058T20050430", "BuildingID": 1108228442, "BuildingNameEN": "HYATT COURT", "BuildingNameTC": "海逸閣", "DateCreate": 1114790400000, "DateStamp": 1599580800000, "GeoRefNo": "3440021058", "OBJECTID": 53407, "Shape__Area": 101.70706393490197, "Shape__Length": 52.514056088025505, "Status": "Active", "Storeys": 9, "StoreysInBasement": null, "TopHeight": 35.9}, "type": "Feature"}, {"geometry": {"coordinates": [[[834611.8781800009, 821073.6912900023], [834602.8014300009, 821063.1055500023], [834599.7054800009, 821065.6859300025], [834611.7356900005, 821079.5132600013], [834613.2113900008, 821078.2798500024], [834610.3316900004, 821074.9743300024], [834611.8781800009, 821073.6912900023]]], "type": "Polygon"}, "properties": {"BaseHeight": 4.2, "BuildingBlockType": "Tower", "BuildingCSUID": "3460621070T20050430", "BuildingID": 1108228382, "BuildingNameEN": null, "BuildingNameTC": "明德大廈", "DateCreate": 1114790400000, "DateStamp": 1599580800000, "GeoRefNo": "3460621070", "OBJECTID": 53415, "Shape__Area": 63.90658624946418, "Shape__Length": 44.6194783364667, "Status": "Active", "Storeys": 13, "StoreysInBasement": null, "TopHeight": 27.3}, "type": "Feature"}, {"geometry": {"coordinates": [[[834546.9249500008, 821069.9116800018], [834550.5713100005, 821066.869620001], [834543.1272000009, 821058.0874600019], [834536.9518800005, 821050.8021500017], [834533.3568100007, 821053.8370200023], [834536.944480001, 821058.0874600019], [834546.9249500008, 821069.9116800018]]], "type": "Polygon"}, "properties": {"BaseHeight": 4.2, "BuildingBlockType": "Tower", "BuildingCSUID": "3454121060T20050430", "BuildingID": 1108228449, "BuildingNameEN": null, "BuildingNameTC": null, "DateCreate": 1114790400000, "DateStamp": 1599580800000, "GeoRefNo": "3454121060", "OBJECTID": 53418, "Shape__Area": 99.49298045353684, "Shape__Length": 51.551956984226436, "Status": "Active", "Storeys": 6, "StoreysInBasement": null, "TopHeight": 26.1}, "type": "Feature"}, {"geometry": {"coordinates": [[[834380.3085900005, 821326.119140001], [834391.2187500009, 821317.1308600027], [834383.0585900005, 821306.9609400015], [834383.6289100004, 821302.4394500013], [834395.7695300011, 821292.1796900015], [834385.7695300011, 821280.519530002], [834373.7890600013, 821290.3300800025], [834369.2382800011, 821289.9707000013], [834360.6914100004, 821280.2500000019], [834349.6484400006, 821289.4101600014], [834357.8710900005, 821299.019530002], [834357.2695300011, 821303.769530002], [834344.8085900005, 821313.9492200017], [834352.3010600004, 821322.6245600022], [834354.8789100004, 821325.6093800012], [834367.4492200008, 821315.5097700022], [834371.6406300012, 821315.9394500013], [834380.3085900005, 821326.119140001]]], "type": "Polygon"}, "properties": {"BaseHeight": 5.2, "BuildingBlockType": "Tower", "BuildingCSUID": "3437121303T20050430", "BuildingID": 1108226576, "BuildingNameEN": "Lai Lim House", "BuildingNameTC": "麗廉樓", "DateCreate": 1114790400000, "DateStamp": 1786636800000, "GeoRefNo": "3437121303", "OBJECTID": 53439, "Shape__Area": 1305.3879085825138, "Shape__Length": 192.97029594710546, "Status": "Active", "Storeys": 15, "StoreysInBasement": null, "TopHeight": 47.5}, "type": "Feature"}, {"geometry": {"coordinates": [[[834572.0735600004, 821318.3827700019], [834572.6908800006, 821319.129540002], [834575.2499800008, 821322.2198200021], [834581.4249600004, 821317.028020002], [834579.8839800004, 821315.1877500024], [834586.4418200012, 821309.7454500012], [834585.1457800008, 821308.1836500019], [834583.9545800006, 821309.1653800011], [834583.7038200004, 821308.8642500024], [834572.0735600004, 821318.3827700019]]], "type": "Polygon"}, "properties": {"BaseHeight": 4.4, "BuildingBlockType": "Tower", "BuildingCSUID": "3457721316T20050430", "BuildingID": 1108226607, "BuildingNameEN": null, "BuildingNameTC": null, "DateCreate": 1114790400000, "DateStamp": 1599580800000, "GeoRefNo": "3457721316", "OBJECTID": 53485, "Shape__Area": 59.939460159987384, "Shape__Length": 42.96479227867764, "Status": "Active", "Storeys": 6, "StoreysInBasement": null, "TopHeight": 25.4}, "type": "Feature"}, {"geometry": {"coordinates": [[[834535.1988500012, 821170.7412000019], [834528.0748100011, 821162.1908400021], [834525.6000100011, 821159.2206200026], [834524.4167000009, 821160.2058700025], [834522.3197500007, 821157.668060001], [834520.0181000009, 821159.5856000017], [834522.2866300009, 821162.3082000017], [834531.7246800009, 821173.6356200017], [834535.1988500012, 821170.7412000019]]], "type": "Polygon"}, "properties": {"BaseHeight": 4.2, "BuildingBlockType": "Tower", "BuildingCSUID": "3452721164T20050430", "BuildingID": 1109609229, "BuildingNameEN": null, "BuildingNameTC": null, "DateCreate": 1114790400000, "DateStamp": 1599580800000, "GeoRefNo": "3452721164", "OBJECTID": 58341, "Shape__Area": 77.65024690899487, "Shape__Length": 45.632775036901656, "Status": "Active", "Storeys": 9, "StoreysInBasement": null, "TopHeight": 32.4}, "type": "Feature"}, {"geometry": {"coordinates": [[[834495.8817300005, 821151.9237200022], [834500.0000000009, 821156.866510002], [834505.316490001, 821163.2474200018], [834506.602020001, 821162.166170001], [834508.8574100006, 821164.8955700025], [834510.7148200013, 821163.3343900014], [834508.2874000007, 821160.4182700012], [834508.6489300011, 821160.1094900016], [834508.8156500012, 821159.9673800021], [834500.0000000009, 821149.3867300022], [834499.560300001, 821148.8590100016], [834495.8817300005, 821151.9237200022]]], "type": "Polygon"}, "properties": {"BaseHeight": 3.9, "BuildingBlockType": "Tower", "BuildingCSUID": "3449821153T20050430", "BuildingID": 1109609265, "BuildingNameEN": null, "BuildingNameTC": null, "DateCreate": 1114790400000, "DateStamp": 1599580800000, "GeoRefNo": "3449821153", "OBJECTID": 58345, "Shape__Area": 78.90788222608047, "Shape__Length": 46.12141645784358, "Status": "Active", "Storeys": 8, "StoreysInBasement": null, "TopHeight": 30.9}, "type": "Feature"}, {"geometry": {"coordinates": [[[834636.472670001, 821358.7299800012], [834636.2797000008, 821358.496650001], [834634.2709500007, 821356.067710001], [834624.4423700012, 821344.1830300018], [834620.5428100005, 821347.405890001], [834630.4468300007, 821359.2231100015], [834632.0837500012, 821357.8724300023], [834634.3022500006, 821360.5009700023], [834636.472670001, 821358.7299800012]]], "type": "Polygon"}, "properties": {"BaseHeight": 4.6, "BuildingBlockType": "Tower", "BuildingCSUID": "3462821351T20050430", "BuildingID": 1108226391, "BuildingNameEN": null, "BuildingNameTC": null, "DateCreate": 1114790400000, "DateStamp": 1599580800000, "GeoRefNo": "3462821351", "OBJECTID": 69965, "Shape__Area": 86.94655918206567, "Shape__Length": 47.717826580256116, "Status": "Active", "Storeys": 9, "StoreysInBasement": null, "TopHeight": 36}, "type": "Feature"}, {"geometry": {"coordinates": [[[834643.6320700012, 821352.888150001], [834641.3916600011, 821350.1921800021], [834636.2797000008, 821344.0415200014], [834631.529550001, 821338.3261800017], [834627.761140001, 821341.440460002], [834636.2797000008, 821351.7713200022], [834637.5746300006, 821353.341740001], [834639.7360200007, 821351.5583100021], [834641.9909000006, 821354.2272900026], [834643.6320700012, 821352.888150001]]], "type": "Polygon"}, "properties": {"BaseHeight": 4.6, "BuildingBlockType": "Tower", "BuildingCSUID": "3463421346T20050430", "BuildingID": 1108226428, "BuildingNameEN": null, "BuildingNameTC": null, "DateCreate": 1114790400000, "DateStamp": 1599580800000, "GeoRefNo": "3463421346", "OBJECTID": 69966, "Shape__Area": 83.34457685628895, "Shape__Length": 47.66323135966076, "Status": "Active", "Storeys": 10, "StoreysInBasement": null, "TopHeight": 39}, "type": "Feature"}, {"geometry": {"coordinates": [[[834614.3465300007, 821352.6684200019], [834611.2625300009, 821355.2688000016], [834606.3871100005, 821359.3795500025], [834608.3301500008, 821361.7366500013], [834611.4805900007, 821365.5257600024], [834613.8398400005, 821363.6796900015], [834613.9803600004, 821363.5734300017], [834614.6093800012, 821364.4394500013], [834615.887430001, 821363.3919400014], [834620.6750200009, 821359.4679900017], [834619.846140001, 821358.5174900014], [834619.4801200004, 821358.8188400026], [834614.3465300007, 821352.6684200019]]], "type": "Polygon"}, "properties": {"BaseHeight": 4.6, "BuildingBlockType": "Tower", "BuildingCSUID": "3461321358T20050430", "BuildingID": 1108226369, "BuildingNameEN": null, "BuildingNameTC": null, "DateCreate": 1114790400000, "DateStamp": 1599580800000, "GeoRefNo": "3461321358", "OBJECTID": 70024, "Shape__Area": 93.08297015086636, "Shape__Length": 40.22504415950749, "Status": "Active", "Storeys": 10, "StoreysInBasement": null, "TopHeight": 36.7}, "type": "Feature"}, {"geometry": {"coordinates": [[[834612.8461600011, 821329.7961500026], [834613.7321700007, 821329.0545400027], [834616.2199800005, 821326.9719400015], [834610.242420001, 821319.7903700024], [834608.5199100012, 821321.2241800018], [834602.799970001, 821314.420570001], [834601.0885400008, 821315.8465700019], [834606.8162700012, 821322.6423000023], [834612.8461600011, 821329.7961500026]]], "type": "Polygon"}, "properties": {"BaseHeight": 4.5, "BuildingBlockType": "Tower", "BuildingCSUID": "3461021322T20050430", "BuildingID": 1108226550, "BuildingNameEN": null, "BuildingNameTC": null, "DateCreate": 1114790400000, "DateStamp": 1599580800000, "GeoRefNo": "3461021322", "OBJECTID": 70031, "Shape__Area": 61.15953434612898, "Shape__Length": 45.34474862058529, "Status": "Active", "Storeys": 6, "StoreysInBasement": null, "TopHeight": 22.8}, "type": "Feature"}, {"geometry": {"coordinates": [[[834603.2169900006, 821325.6383300014], [834600.3130500009, 821322.1827200018], [834598.1716300007, 821323.9903200027], [834600.1910800012, 821326.4112100024], [834598.4205900012, 821327.8923900016], [834605.137430001, 821336.2475300021], [834609.2439800007, 821332.8105600011], [834603.2169900006, 821325.6383300014]]], "type": "Polygon"}, "properties": {"BaseHeight": 4.4, "BuildingBlockType": "Tower", "BuildingCSUID": "3460221328T20050430", "BuildingID": 1108226520, "BuildingNameEN": null, "BuildingNameTC": null, "DateCreate": 1114790400000, "DateStamp": 1599580800000, "GeoRefNo": "3460221328", "OBJECTID": 70086, "Shape__Area": 65.0156309704496, "Shape__Length": 38.22071225363522, "Status": "Active", "Storeys": 6, "StoreysInBasement": null, "TopHeight": 27.8}, "type": "Feature"}, {"geometry": {"coordinates": [[[834591.4739000006, 821341.7748000026], [834592.055900001, 821342.4703800026], [834593.6582200006, 821344.385420002], [834594.4737300007, 821345.3600900024], [834599.7800000012, 821340.7576900013], [834598.2830300005, 821338.9456600025], [834599.6789100012, 821337.7817800026], [834598.8976500006, 821336.8337400015], [834600.4370600004, 821335.6037800014], [834599.7667700006, 821334.8011000026], [834593.6582200006, 821339.9379600026], [834591.4739000006, 821341.7748000026]]], "type": "Polygon"}, "properties": {"BaseHeight": 4.4, "BuildingBlockType": "Tower", "BuildingCSUID": "3459621339T20050430", "BuildingID": 1108226471, "BuildingNameEN": null, "BuildingNameTC": null, "DateCreate": 1114790400000, "DateStamp": 1361808000000, "GeoRefNo": "3459621339", "OBJECTID": 70177, "Shape__Area": 38.56697112814248, "Shape__Length": 30.94670143772144, "Status": "Active", "Storeys": null, "StoreysInBasement": null, "TopHeight": 25.6}, "type": "Feature"}, {"geometry": {"coordinates": [[[834497.3617100008, 821381.1881000027], [834491.6194600007, 821386.335380001], [834490.0195300011, 821387.769530002], [834492.3557000011, 821390.375740001], [834499.5984600009, 821383.8764200024], [834497.3617100008, 821381.1881000027]]], "type": "Polygon"}, "properties": {"BaseHeight": null, "BuildingBlockType": "Open-sided Structure", "BuildingCSUID": "3449421385T20100511", "BuildingID": 1109609210, "BuildingNameEN": "YAT CHING HOUSE (BLK C)", "BuildingNameTC": "逸靜閣(C座)", "DateCreate": 1273507200000, "DateStamp": 1274889600000, "GeoRefNo": "3449421385", "OBJECTID": 74163, "Shape__Area": 34.259386488831154, "Shape__Length": 26.58865218905881, "Status": "Active", "Storeys": null, "StoreysInBasement": null, "TopHeight": null}, "type": "Feature"}, {"geometry": {"coordinates": [[[834525.7584900009, 821127.0326500013], [834518.7923600012, 821132.8363000024], [834523.0399800008, 821137.8870600015], [834529.9454000005, 821132.0576700009], [834525.7584900009, 821127.0326500013]]], "type": "Polygon"}, "properties": {"BaseHeight": 4.1, "BuildingBlockType": "Tower", "BuildingCSUID": "3452421132T20050430", "BuildingID": 1109609162, "BuildingNameEN": null, "BuildingNameTC": null, "DateCreate": 1114790400000, "DateStamp": 1599580800000, "GeoRefNo": "3452421132", "OBJECTID": 91862, "Shape__Area": 59.471477727583235, "Shape__Length": 31.244043693082464, "Status": "Active", "Storeys": 6, "StoreysInBasement": null, "TopHeight": 27.8}, "type": "Feature"}, {"geometry": {"coordinates": [[[834495.8817300005, 821151.9237200022], [834491.7277900008, 821155.3844700027], [834497.554320001, 821162.2163000014], [834500.0000000009, 821165.0838900022], [834501.0908600008, 821166.4311500024], [834501.4980600011, 821166.0766700022], [834503.973650001, 821168.9848600011], [834505.6221800009, 821167.6112800017], [834503.3445100011, 821164.9098700024], [834504.9959400008, 821163.5170300025], [834505.316490001, 821163.2474200018], [834500.0000000009, 821156.866510002], [834495.8817300005, 821151.9237200022]]], "type": "Polygon"}, "properties": {"BaseHeight": 3.9, "BuildingBlockType": "Tower", "BuildingCSUID": "3449721157T20050430", "BuildingID": 1109609114, "BuildingNameEN": "TUNG MING MANSION", "BuildingNameTC": "東明樓", "DateCreate": 1114790400000, "DateStamp": 1599580800000, "GeoRefNo": "3449721157", "OBJECTID": 92078, "Shape__Area": 86.01026644282383, "Shape__Length": 47.24468270335667, "Status": "Active", "Storeys": 12, "StoreysInBasement": null, "TopHeight": 44}, "type": "Feature"}, {"geometry": {"coordinates": [[[834513.4066200005, 821137.3233000021], [834525.0666400008, 821151.3178300019], [834525.7141600009, 821150.7796300016], [834525.0604200009, 821150.0000000019], [834523.6303900005, 821148.2961300015], [834525.1559500005, 821147.0422100015], [834527.227450001, 821149.5120200012], [834528.8225700008, 821148.1704200022], [834517.3407500004, 821134.0360900015], [834513.4066200005, 821137.3233000021]]], "type": "Polygon"}, "properties": {"BaseHeight": 4.1, "BuildingBlockType": "Tower", "BuildingCSUID": "3451921141T20050430", "BuildingID": 1109609193, "BuildingNameEN": null, "BuildingNameTC": null, "DateCreate": 1114790400000, "DateStamp": 1599580800000, "GeoRefNo": "3451921141", "OBJECTID": 92081, "Shape__Area": 84.93579865203125, "Shape__Length": 52.918817847414765, "Status": "Active", "Storeys": 9, "StoreysInBasement": null, "TopHeight": 35.7}, "type": "Feature"}, {"geometry": {"coordinates": [[[834520.9444900006, 821150.4976900015], [834522.4527700013, 821149.2616900019], [834524.5528000006, 821151.7449200023], [834525.0666400008, 821151.3178300019], [834513.4066200005, 821137.3233000021], [834509.9523100005, 821140.2011700012], [834518.070650001, 821149.9448800012], [834520.0459700013, 821152.3156600017], [834521.620550001, 821154.2036000025], [834523.0551000005, 821153.0056000017], [834520.9444900006, 821150.4976900015]]], "type": "Polygon"}, "properties": {"BaseHeight": 4, "BuildingBlockType": "Tower", "BuildingCSUID": "3451621145T20050430", "BuildingID": 1109609195, "BuildingNameEN": null, "BuildingNameTC": null, "DateCreate": 1114790400000, "DateStamp": 1599580800000, "GeoRefNo": "3451621145", "OBJECTID": 92083, "Shape__Area": 75.54370025539558, "Shape__Length": 51.955481025464564, "Status": "Active", "Storeys": 9, "StoreysInBasement": null, "TopHeight": 33.3}, "type": "Feature"}, {"geometry": {"coordinates": [[[834480.718580001, 821164.556520002], [834487.4723300012, 821172.6624000017], [834492.4253100008, 821178.6069900021], [834494.2967200009, 821177.0477400012], [834492.7134900009, 821175.1666800026], [834494.394340001, 821173.7315200027], [834484.2469300004, 821161.6169600021], [834480.718580001, 821164.556520002]]], "type": "Polygon"}, "properties": {"BaseHeight": 4.1, "BuildingBlockType": "Tower", "BuildingCSUID": "3448721169T20050430", "BuildingID": 1109609177, "BuildingNameEN": null, "BuildingNameTC": null, "DateCreate": 1114790400000, "DateStamp": 1599580800000, "GeoRefNo": "3448721169", "OBJECTID": 92086, "Shape__Area": 78.96737409068407, "Shape__Length": 45.788390553360195, "Status": "Active", "Storeys": 6, "StoreysInBasement": null, "TopHeight": 27.2}, "type": "Feature"}, {"geometry": {"coordinates": [[[834495.885040001, 821179.7304200027], [834493.9084500009, 821181.338130001], [834495.4427500004, 821183.1698600017], [834493.921480001, 821184.3661100026], [834492.419830001, 821182.5783300027], [834488.6438000007, 821185.7242200021], [834500.0000000009, 821199.5386800021], [834500.2574000005, 821199.8518000022], [834507.479580001, 821193.8348200023], [834495.885040001, 821179.7304200027]]], "type": "Polygon"}, "properties": {"BaseHeight": 4.2, "BuildingBlockType": "Tower", "BuildingCSUID": "3450221192T20050430", "BuildingID": 1109609189, "BuildingNameEN": "HING ON HOUSE", "BuildingNameTC": "興安樓", "DateCreate": 1114790400000, "DateStamp": 1599580800000, "GeoRefNo": "3450221192", "OBJECTID": 92088, "Shape__Area": 167.29962624701537, "Shape__Length": 60.06902061897831, "Status": "Active", "Storeys": 6, "StoreysInBasement": null, "TopHeight": 26.4}, "type": "Feature"}, {"geometry": {"coordinates": [[[834531.6038100012, 821134.0481200013], [834538.6371400012, 821128.2047000024], [834536.9278100012, 821126.1531500015], [834529.9454000005, 821132.0576700009], [834531.6038100012, 821134.0481200013]]], "type": "Polygon"}, "properties": {"BaseHeight": 4.3, "BuildingBlockType": "Tower", "BuildingCSUID": "3453521130T20050430", "BuildingID": 1109609154, "BuildingNameEN": null, "BuildingNameTC": null, "DateCreate": 1114790400000, "DateStamp": 1361808000000, "GeoRefNo": "3453521130", "OBJECTID": 92089, "Shape__Area": 24.053907139404018, "Shape__Length": 23.54941058289996, "Status": "Active", "Storeys": null, "StoreysInBasement": null, "TopHeight": 34.5}, "type": "Feature"}, {"geometry": {"coordinates": [[[834471.9497100012, 821190.5378300026], [834469.0200200006, 821187.0215800013], [834462.7649300005, 821179.5141600017], [834460.4931800012, 821181.4068100024], [834460.1653000005, 821184.0130200014], [834470.7244000006, 821196.6861000024], [834472.648430001, 821195.0831600018], [834471.6925500007, 821193.8811300024], [834473.4856100008, 821192.3812500015], [834471.9497100012, 821190.5378300026]]], "type": "Polygon"}, "properties": {"BaseHeight": 3.9, "BuildingBlockType": "Tower", "BuildingCSUID": "3446621187T20050430", "BuildingID": 1109609205, "BuildingNameEN": null, "BuildingNameTC": null, "DateCreate": 1114790400000, "DateStamp": 1599580800000, "GeoRefNo": "3446621187", "OBJECTID": 92090, "Shape__Area": 83.84838632303638, "Shape__Length": 45.20478741807521, "Status": "Active", "Storeys": 6, "StoreysInBasement": null, "TopHeight": 23.5}, "type": "Feature"}, {"geometry": {"coordinates": [[[834518.6535800006, 821165.0104900021], [834528.251170001, 821176.529480001], [834531.7246800009, 821173.6356200017], [834522.2866300009, 821162.3082000017], [834520.0181000009, 821159.5856000017], [834517.8446300011, 821161.3895900026], [834518.5448200004, 821162.2163000014], [834519.9734200006, 821163.9096300025], [834518.6535800006, 821165.0104900021]]], "type": "Polygon"}, "properties": {"BaseHeight": 4.2, "BuildingBlockType": "Tower", "BuildingCSUID": "3452421167T20050430", "BuildingID": 1109609158, "BuildingNameEN": null, "BuildingNameTC": null, "DateCreate": 1114790400000, "DateStamp": 1599580800000, "GeoRefNo": "3452421167", "OBJECTID": 92091, "Shape__Area": 77.05974951563185, "Shape__Length": 45.64440550557191, "Status": "Active", "Storeys": 9, "StoreysInBasement": null, "TopHeight": 32.4}, "type": "Feature"}, {"geometry": {"coordinates": [[[834487.899840001, 821158.5736300014], [834497.1710500009, 821169.7010000013], [834498.9515700005, 821168.2878100015], [834500.0000000009, 821169.5218200013], [834501.3918100009, 821171.1360800024], [834503.1237400007, 821169.693020001], [834500.652350001, 821166.8131500017], [834501.0908600008, 821166.4311500024], [834500.0000000009, 821165.0838900022], [834497.554320001, 821162.2163000014], [834491.7277900008, 821155.3844700027], [834487.899840001, 821158.5736300014]]], "type": "Polygon"}, "properties": {"BaseHeight": 3.9, "BuildingBlockType": "Tower", "BuildingCSUID": "3449521161T20050430", "BuildingID": 1109609126, "BuildingNameEN": "TUNG MING MANSION", "BuildingNameTC": "東明樓", "DateCreate": 1114790400000, "DateStamp": 1599580800000, "GeoRefNo": "3449521161", "OBJECTID": 92141, "Shape__Area": 81.97522984514458, "Shape__Length": 46.60199278299697, "Status": "Active", "Storeys": 12, "StoreysInBasement": null, "TopHeight": 44}, "type": "Feature"}, {"geometry": {"coordinates": [[[834494.394340001, 821173.7315200027], [834496.2568100011, 821172.2025300022], [834497.8632000005, 821174.076150002], [834499.606300001, 821172.623800002], [834497.1710500009, 821169.7010000013], [834487.899840001, 821158.5736300014], [834484.2469300004, 821161.6169600021], [834494.394340001, 821173.7315200027]]], "type": "Polygon"}, "properties": {"BaseHeight": 4, "BuildingBlockType": "Tower", "BuildingCSUID": "3449121166T20050430", "BuildingID": 1109609123, "BuildingNameEN": null, "BuildingNameTC": null, "DateCreate": 1114790400000, "DateStamp": 1599580800000, "GeoRefNo": "3449121166", "OBJECTID": 92142, "Shape__Area": 80.51234573295585, "Shape__Length": 45.99192633692721, "Status": "Active", "Storeys": 6, "StoreysInBasement": null, "TopHeight": 23.4}, "type": "Feature"}, {"geometry": {"coordinates": [[[834535.1988500012, 821170.7412000019], [834538.6331300009, 821167.8800100014], [834526.9266000008, 821153.8300000019], [834525.0288300011, 821155.411100002], [834527.1366300005, 821157.938980002], [834525.6000100011, 821159.2206200026], [834528.0748100011, 821162.1908400021], [834535.1988500012, 821170.7412000019]]], "type": "Polygon"}, "properties": {"BaseHeight": 4.2, "BuildingBlockType": "Tower", "BuildingCSUID": "3453121162T20050430", "BuildingID": 1109609258, "BuildingNameEN": null, "BuildingNameTC": "昌利大厦", "DateCreate": 1114790400000, "DateStamp": 1599580800000, "GeoRefNo": "3453121162", "OBJECTID": 92143, "Shape__Area": 75.15972444510267, "Shape__Length": 45.51561838358173, "Status": "Active", "Storeys": 6, "StoreysInBasement": null, "TopHeight": 23.8}, "type": "Feature"}, {"geometry": {"coordinates": [[[834525.7584900009, 821127.0326500013], [834529.9454000005, 821132.0576700009], [834536.9278100012, 821126.1531500015], [834532.7839000011, 821121.1796000022], [834525.7584900009, 821127.0326500013]]], "type": "Polygon"}, "properties": {"BaseHeight": 4.2, "BuildingBlockType": "Tower", "BuildingCSUID": "3453121127T20050430", "BuildingID": 1109609216, "BuildingNameEN": null, "BuildingNameTC": null, "DateCreate": 1114790400000, "DateStamp": 1599580800000, "GeoRefNo": "3453121127", "OBJECTID": 92144, "Shape__Area": 59.50209202578432, "Shape__Length": 31.30273145387911, "Status": "Active", "Storeys": 6, "StoreysInBasement": null, "TopHeight": 25.2}, "type": "Feature"}, {"geometry": {"coordinates": [[[834480.718580001, 821164.556520002], [834477.1275700005, 821167.5482800025], [834489.3293000013, 821182.1928600017], [834490.0938300006, 821181.5503800027], [834489.4339700006, 821180.8118200023], [834490.3557300009, 821180.058480002], [834485.5311800009, 821174.3037800025], [834487.4723300012, 821172.6624000017], [834480.718580001, 821164.556520002]]], "type": "Polygon"}, "properties": {"BaseHeight": 4.1, "BuildingBlockType": "Tower", "BuildingCSUID": "3448421171T20050430", "BuildingID": 1109609242, "BuildingNameEN": null, "BuildingNameTC": null, "DateCreate": 1114790400000, "DateStamp": 1361808000000, "GeoRefNo": "3448421171", "OBJECTID": 92197, "Shape__Area": 66.42904295875765, "Shape__Length": 47.51744607908973, "Status": "Active", "Storeys": null, "StoreysInBasement": null, "TopHeight": 19.7}, "type": "Feature"}, {"geometry": {"coordinates": [[[834538.6371400012, 821128.2047000024], [834531.6038100012, 821134.0481200013], [834529.7036200007, 821135.6268300023], [834530.9267100012, 821137.1603200026], [834527.3875900004, 821140.1345100012], [834534.9296500012, 821148.9632300027], [834536.849510001, 821147.3687900025], [834539.0419500005, 821150.0000000019], [834539.736440001, 821150.8334700018], [834537.928390001, 821152.3912500013], [834536.9933000011, 821151.240480002], [834535.2496600011, 821152.7087500021], [834535.5962900007, 821153.1247600019], [834544.0973000005, 821163.3277000021], [834558.148000001, 821151.6217000019], [834538.6371400012, 821128.2047000024]]], "type": "Polygon"}, "properties": {"BaseHeight": 4.1, "BuildingBlockType": "Tower", "BuildingCSUID": "3454421141T20050430", "BuildingID": 1109609207, "BuildingNameEN": null, "BuildingNameTC": null, "DateCreate": 1114790400000, "DateStamp": 1599580800000, "GeoRefNo": "3454421141", "OBJECTID": 92199, "Shape__Area": 502.5763889235776, "Shape__Length": 105.55460111912419, "Status": "Active", "Storeys": 9, "StoreysInBasement": null, "TopHeight": 34.9}, "type": "Feature"}, {"geometry": {"coordinates": [[[834503.2389300009, 821145.7942500021], [834503.0290600006, 821145.9691000022], [834500.0000000009, 821148.492680002], [834499.8430400006, 821148.6234500017], [834499.560300001, 821148.8590100016], [834500.0000000009, 821149.3867300022], [834508.8156500012, 821159.9673800021], [834509.0956500005, 821159.7285300009], [834511.5394400004, 821162.6538700014], [834513.3568200013, 821161.124710001], [834511.0259100012, 821158.4338300023], [834512.6372100012, 821157.0741700027], [834503.2389300009, 821145.7942500021]]], "type": "Polygon"}, "properties": {"BaseHeight": 4.1, "BuildingBlockType": "Tower", "BuildingCSUID": "3450721153T20050430", "BuildingID": 1109609279, "BuildingNameEN": null, "BuildingNameTC": null, "DateCreate": 1114790400000, "DateStamp": 1599580800000, "GeoRefNo": "3450721153", "OBJECTID": 92261, "Shape__Area": 78.61399251417643, "Shape__Length": 46.152241228119905, "Status": "Active", "Storeys": 8, "StoreysInBasement": null, "TopHeight": 33.2}, "type": "Feature"}, {"geometry": {"coordinates": [[[834360.4944100007, 821046.5583300013], [834356.6492300006, 821049.7541200016], [834351.8530200012, 821053.7403400019], [834357.660720001, 821060.7281700019], [834371.4199400004, 821049.2926400024], [834365.6122400006, 821042.3048100024], [834360.4944100007, 821046.5583300013]]], "type": "Polygon"}, "properties": {"BaseHeight": 3.6, "BuildingBlockType": "Tower", "BuildingCSUID": "3435921055T20050430", "BuildingID": 1109261427, "BuildingNameEN": "Comfort Court", "BuildingNameTC": "安居閣", "DateCreate": 1114790400000, "DateStamp": 1599580800000, "GeoRefNo": "3435921055", "OBJECTID": 92415, "Shape__Area": 162.56123512657098, "Shape__Length": 53.95439053438825, "Status": "Active", "Storeys": 16, "StoreysInBasement": null, "TopHeight": 50.5}, "type": "Feature"}, {"geometry": {"coordinates": [[[834347.3434800012, 821048.4533100016], [834351.8530200012, 821053.7403400019], [834356.6594300009, 821049.7456500027], [834360.4967400013, 821046.5563900024], [834365.1600400005, 821042.6806400027], [834365.0980000012, 821042.6060000025], [834347.5105000008, 821021.5949300025], [834334.4263100009, 821032.8773600012], [834336.2800700013, 821035.1946100015], [834337.3622900005, 821036.5474000014], [834343.6381800007, 821043.9912100025], [834347.3434800012, 821048.4533100016]]], "type": "Polygon"}, "properties": {"BaseHeight": 3.6, "BuildingBlockType": "Podium", "BuildingCSUID": "3435021037P20070103", "BuildingID": 1109261492, "BuildingNameEN": "KENT PLACE", "BuildingNameTC": "金濤閣", "DateCreate": 1167753600000, "DateStamp": 1599580800000, "GeoRefNo": "3435021037", "OBJECTID": 92417, "Shape__Area": 474.29365567522206, "Shape__Length": 89.26261616218524, "Status": "Active", "Storeys": 5, "StoreysInBasement": null, "TopHeight": 18.9}, "type": "Feature"}, {"geometry": {"coordinates": [[[834500.2305000005, 821178.2272800021], [834497.9247000013, 821180.1483000014], [834496.8849900011, 821178.9170800019], [834495.885040001, 821179.7304200027], [834507.479580001, 821193.8348200023], [834510.9009200009, 821190.9844200015], [834500.2305000005, 821178.2272800021]]], "type": "Polygon"}, "properties": {"BaseHeight": 4.2, "BuildingBlockType": "Tower", "BuildingCSUID": "3450321186T20050430", "BuildingID": 1109609178, "BuildingNameEN": null, "BuildingNameTC": null, "DateCreate": 1114790400000, "DateStamp": 1599580800000, "GeoRefNo": "3450321186", "OBJECTID": 92542, "Shape__Area": 74.98741111901876, "Shape__Length": 45.24447452253103, "Status": "Active", "Storeys": 8, "StoreysInBasement": null, "TopHeight": 28.4}, "type": "Feature"}, {"geometry": {"coordinates": [[[834502.423440001, 821174.2989100013], [834501.3802700005, 821175.197300002], [834502.4108300004, 821176.410790002], [834500.2305000005, 821178.2272800021], [834510.9009200009, 821190.9844200015], [834514.0102700004, 821188.3939400017], [834502.423440001, 821174.2989100013]]], "type": "Polygon"}, "properties": {"BaseHeight": 4.2, "BuildingBlockType": "Tower", "BuildingCSUID": "3450721182T20050430", "BuildingID": 1109609111, "BuildingNameEN": null, "BuildingNameTC": null, "DateCreate": 1114790400000, "DateStamp": 1599580800000, "GeoRefNo": "3450721182", "OBJECTID": 92544, "Shape__Area": 70.67243255129524, "Shape__Length": 44.731255893176076, "Status": "Active", "Storeys": 8, "StoreysInBasement": null, "TopHeight": 28.4}, "type": "Feature"}, {"geometry": {"coordinates": [[[834477.1275700005, 821167.5482800025], [834473.5372600006, 821170.539450001], [834480.3363700006, 821178.6997800022], [834482.0435500005, 821177.2585000023], [834486.8062400008, 821182.9596800022], [834487.7704500007, 821182.1716100015], [834488.4396800008, 821182.9399300013], [834489.3293000013, 821182.1928600017], [834477.1275700005, 821167.5482800025]]], "type": "Polygon"}, "properties": {"BaseHeight": 4.1, "BuildingBlockType": "Tower", "BuildingCSUID": "3448021175T20050430", "BuildingID": 1109609120, "BuildingNameEN": null, "BuildingNameTC": null, "DateCreate": 1114790400000, "DateStamp": 1361808000000, "GeoRefNo": "3448021175", "OBJECTID": 92546, "Shape__Area": 68.8789364295838, "Shape__Length": 47.44520991026518, "Status": "Active", "Storeys": null, "StoreysInBasement": null, "TopHeight": 19.6}, "type": "Feature"}, {"geometry": {"coordinates": [[[834585.4707500013, 821334.6000400018], [834586.0292100012, 821335.2674900014], [834588.3959700009, 821338.096160002], [834593.8137000008, 821333.5358800013], [834597.5188200008, 821330.4187200014], [834595.1431400012, 821327.5362400021], [834594.435680001, 821328.1392800026], [834593.9186600009, 821327.5020200014], [834585.4707500013, 821334.6000400018]]], "type": "Polygon"}, "properties": {"BaseHeight": 4.4, "BuildingBlockType": "Tower", "BuildingCSUID": "3459121332T20050430", "BuildingID": 1108226505, "BuildingNameEN": null, "BuildingNameTC": null, "DateCreate": 1114790400000, "DateStamp": 1361808000000, "GeoRefNo": "3459121332", "OBJECTID": 98926, "Shape__Area": 53.61198565918609, "Shape__Length": 33.001490261110206, "Status": "Active", "Storeys": null, "StoreysInBasement": null, "TopHeight": 25.6}, "type": "Feature"}, {"geometry": {"coordinates": [[[834591.4739000006, 821341.7748000026], [834593.6582200006, 821339.9379600026], [834599.7667700006, 821334.8011000026], [834599.2318700012, 821334.164090002], [834597.7363300007, 821335.4201400019], [834596.6819000011, 821334.1412600018], [834595.291050001, 821335.3227800019], [834593.8137000008, 821333.5358800013], [834588.3959700009, 821338.096160002], [834590.9863600004, 821341.192110002], [834591.4739000006, 821341.7748000026]]], "type": "Polygon"}, "properties": {"BaseHeight": 4.4, "BuildingBlockType": "Tower", "BuildingCSUID": "3459321336T20050430", "BuildingID": 1108226494, "BuildingNameEN": null, "BuildingNameTC": null, "DateCreate": 1114790400000, "DateStamp": 1361808000000, "GeoRefNo": "3459321336", "OBJECTID": 98932, "Shape__Area": 40.0713850023304, "Shape__Length": 31.299130277213855, "Status": "Active", "Storeys": null, "StoreysInBasement": null, "TopHeight": 25.6}, "type": "Feature"}, {"geometry": {"coordinates": [[[834585.4707500013, 821334.6000400018], [834593.9186600009, 821327.5020200014], [834593.6582200006, 821327.1810000017], [834593.3868300011, 821326.8464900013], [834593.6582200006, 821326.6212600023], [834594.0926800007, 821326.2606900018], [834593.6582200006, 821325.7332800012], [834591.5250400007, 821323.1438000016], [834582.306450001, 821330.8173600025], [834584.7231100006, 821333.7065000013], [834585.4707500013, 821334.6000400018]]], "type": "Polygon"}, "properties": {"BaseHeight": 4.4, "BuildingBlockType": "Tower", "BuildingCSUID": "3458821328T20050430", "BuildingID": 1108226525, "BuildingNameEN": null, "BuildingNameTC": null, "DateCreate": 1114790400000, "DateStamp": 1361808000000, "GeoRefNo": "3458821328", "OBJECTID": 98937, "Shape__Area": 57.95818275444295, "Shape__Length": 33.75978210931397, "Status": "Active", "Storeys": null, "StoreysInBasement": null, "TopHeight": 25.9}, "type": "Feature"}, {"geometry": {"coordinates": [[[834624.3431600006, 821320.1732600015], [834628.6617900012, 821316.5585000012], [834617.1913500009, 821302.7807400022], [834612.8644100009, 821306.3758200016], [834615.9547400009, 821310.0903900024], [834624.3431600006, 821320.1732600015]]], "type": "Polygon"}, "properties": {"BaseHeight": 4.5, "BuildingBlockType": "Tower", "BuildingCSUID": "3462021310T20050430", "BuildingID": 1108226617, "BuildingNameEN": null, "BuildingNameTC": null, "DateCreate": 1114790400000, "DateStamp": 1599580800000, "GeoRefNo": "3462021310", "OBJECTID": 99327, "Shape__Area": 100.96581629377714, "Shape__Length": 47.13293405962531, "Status": "Active", "Storeys": 6, "StoreysInBasement": null, "TopHeight": 24.2}, "type": "Feature"}, {"geometry": {"coordinates": [[[834620.2504200004, 821323.5983200017], [834624.3431600006, 821320.1732600015], [834615.9547400009, 821310.0903900024], [834613.535170001, 821312.1051700022], [834610.4034600006, 821308.4208600018], [834608.7730900012, 821309.7748700026], [834614.2908800012, 821316.4204300027], [834620.2504200004, 821323.5983200017]]], "type": "Polygon"}, "properties": {"BaseHeight": 4.5, "BuildingBlockType": "Tower", "BuildingCSUID": "3461721315T20050430", "BuildingID": 1108226596, "BuildingNameEN": null, "BuildingNameTC": null, "DateCreate": 1114790400000, "DateStamp": 1599580800000, "GeoRefNo": "3461721315", "OBJECTID": 99328, "Shape__Area": 80.33196915793707, "Shape__Length": 46.52329988814951, "Status": "Active", "Storeys": 6, "StoreysInBasement": null, "TopHeight": 25.7}, "type": "Feature"}, {"geometry": {"coordinates": [[[834572.0735600004, 821318.3827700019], [834583.7038200004, 821308.8642500024], [834583.3435300011, 821308.4316000026], [834584.558170001, 821307.4755500015], [834583.3940700004, 821306.0732300021], [834581.188310001, 821307.8612400014], [834579.869380001, 821306.2487500012], [834575.3280600011, 821310.0737800021], [834569.3557800008, 821315.0980400015], [834571.6273700008, 821317.8421100024], [834572.0735600004, 821318.3827700019]]], "type": "Polygon"}, "properties": {"BaseHeight": 4.3, "BuildingBlockType": "Tower", "BuildingCSUID": "3457521311T20050430", "BuildingID": 1108226630, "BuildingNameEN": null, "BuildingNameTC": null, "DateCreate": 1114790400000, "DateStamp": 1599580800000, "GeoRefNo": "3457521311", "OBJECTID": 99330, "Shape__Area": 65.69612535415244, "Shape__Length": 41.88817684134839, "Status": "Active", "Storeys": 6, "StoreysInBasement": null, "TopHeight": 25.4}, "type": "Feature"}, {"geometry": {"coordinates": [[[834346.2872000011, 821397.4746000022], [834349.6762300013, 821394.8782200012], [834344.044780001, 821387.9734400027], [834340.5547700012, 821390.7732400019], [834346.2872000011, 821397.4746000022]]], "type": "Polygon"}, "properties": {"BaseHeight": 5.1, "BuildingBlockType": "Tower", "BuildingCSUID": "3434421393T20050430", "BuildingID": 1108226157, "BuildingNameEN": null, "BuildingNameTC": null, "DateCreate": 1114790400000, "DateStamp": 1361808000000, "GeoRefNo": "3434421393", "OBJECTID": 99546, "Shape__Area": 38.72968081972516, "Shape__Length": 26.47227563553419, "Status": "Active", "Storeys": null, "StoreysInBasement": null, "TopHeight": 8.2}, "type": "Feature"}, {"geometry": {"coordinates": [[[834578.2002600012, 821325.7867600024], [834578.7873400012, 821326.4967100024], [834581.0399400005, 821329.218940001], [834587.3029400008, 821324.0475900024], [834585.7210600004, 821322.1584900022], [834589.1939400006, 821319.2691500019], [834590.7865100009, 821321.1721600015], [834593.8353000004, 821318.6549900025], [834591.1656400012, 821315.4379000012], [834589.9954700004, 821316.4196300022], [834589.7100900011, 821316.0769300014], [834578.2002600012, 821325.7867600024]]], "type": "Polygon"}, "properties": {"BaseHeight": 4.5, "BuildingBlockType": "Tower", "BuildingCSUID": "3458321323T20050430", "BuildingID": 1108226556, "BuildingNameEN": null, "BuildingNameTC": null, "DateCreate": 1114790400000, "DateStamp": 1599580800000, "GeoRefNo": "3458321323", "OBJECTID": 99642, "Shape__Area": 63.50296922880084, "Shape__Length": 47.205792160452276, "Status": "Active", "Storeys": 6, "StoreysInBasement": null, "TopHeight": 25.8}, "type": "Feature"}, {"geometry": {"coordinates": [[[834609.2439800007, 821332.8105600011], [834611.8089000005, 821330.6643600017], [834612.8461600011, 821329.7961500026], [834606.8162700012, 821322.6423000023], [834601.0885400008, 821315.8465700019], [834599.4938700004, 821317.1744400021], [834605.2202400006, 821323.9708300009], [834603.2169900006, 821325.6383300014], [834609.2439800007, 821332.8105600011]]], "type": "Polygon"}, "properties": {"BaseHeight": 4.5, "BuildingBlockType": "Tower", "BuildingCSUID": "3460621326T20050430", "BuildingID": 1108226536, "BuildingNameEN": null, "BuildingNameTC": null, "DateCreate": 1114790400000, "DateStamp": 1599580800000, "GeoRefNo": "3460621326", "OBJECTID": 99694, "Shape__Area": 62.358085646001435, "Shape__Length": 45.87786162880001, "Status": "Active", "Storeys": 6, "StoreysInBasement": null, "TopHeight": 22.7}, "type": "Feature"}, {"geometry": {"coordinates": [[[834420.1718800012, 821405.1699200012], [834410.5000000009, 821393.6699200012], [834398.4687500009, 821403.6796900015], [834394.3281300012, 821402.7207000013], [834385.9101600004, 821392.7207000013], [834374.2304700008, 821402.7793000024], [834382.4804700008, 821412.4199200012], [834382.1796900006, 821417.050780002], [834369.9218800012, 821427.0097700022], [834379.8398400005, 821438.769530002], [834391.9687500009, 821428.9101600014], [834396.2695300011, 821429.3906300012], [834404.6093800012, 821439.2304700017], [834416.7500000009, 821429.4609400015], [834407.8984400006, 821419.150390001], [834408.2890600013, 821415.3105500024], [834420.1718800012, 821405.1699200012]]], "type": "Polygon"}, "properties": {"BaseHeight": 5.2, "BuildingBlockType": "Tower", "BuildingCSUID": "3439621417T20050430", "BuildingID": 1108225951, "BuildingNameEN": "Lai Ping House", "BuildingNameTC": "麗平樓", "DateCreate": 1114790400000, "DateStamp": 1786636800000, "GeoRefNo": "3439621417", "OBJECTID": 99767, "Shape__Area": 1320.3930455029358, "Shape__Length": 193.42969291424075, "Status": "Active", "Storeys": 15, "StoreysInBasement": null, "TopHeight": 47.4}, "type": "Feature"}, {"geometry": {"coordinates": [[[834466.6287700012, 821445.5589500014], [834466.5779900011, 821445.8499600012], [834466.6014300007, 821446.139030002], [834466.6795500005, 821446.420280002], [834466.8279900011, 821446.670280002], [834467.0389300007, 821446.8792600017], [834467.2889300007, 821447.0296500027], [834467.5701800007, 821447.1195000019], [834467.8592400011, 821447.1487900019], [834468.1483000005, 821447.0999600012], [834468.4100200012, 821446.988640001], [834468.6483000005, 821446.8089500014], [834468.8397100009, 821446.5902000014], [834468.9686100008, 821446.330430001], [834469.0311100008, 821446.0394200012], [834469.1990800006, 821443.7894200012], [834470.7303300006, 821442.8499600012], [834472.1287700012, 821444.2796500027], [834498.9687500009, 821420.8808600027], [834498.1015600013, 821419.8105500024], [834500.0000000009, 821418.1504800022], [834500.6992200008, 821417.5390600022], [834500.0000000009, 821416.6840600017], [834477.1796900006, 821388.7793000024], [834475.6796900006, 821390.1601600014], [834474.7695300011, 821389.1308600027], [834474.7890600013, 821386.9609400015], [834474.7382800011, 821386.650390001], [834474.6210900005, 821386.369140001], [834474.4414100004, 821386.119140001], [834474.1992200008, 821385.9199200012], [834473.9218800012, 821385.7890600022], [834473.6210900005, 821385.7304700017], [834473.3085900005, 821385.7304700017], [834473.0117200008, 821385.8203100022], [834472.7382800011, 821385.9707000013], [834472.5117200008, 821386.1796900015], [834472.3398400005, 821386.4394500013], [834472.2382800011, 821386.7304700017], [834472.2187500009, 821388.8808600027], [834471.0000000009, 821389.7207000013], [834469.5898400005, 821388.2402300015], [834450.0000000009, 821404.9771500025], [834443.5585900005, 821410.4804700017], [834444.4609400006, 821411.7890600022], [834443.4414100004, 821412.7304700017], [834441.3593800012, 821412.8105500024], [834441.0585900005, 821412.7890600022], [834440.7617200008, 821412.8398400024], [834440.4804700008, 821412.9609400015], [834440.2304700008, 821413.1406300012], [834440.0390600013, 821413.3808600027], [834439.9218800012, 821413.650390001], [834439.8593800012, 821413.9492200017], [834439.8710900005, 821414.2597700022], [834439.9609400006, 821414.550780002], [834440.1210900005, 821414.8105500024], [834440.3281300012, 821415.019530002], [834440.6015600013, 821415.1796900015], [834440.8906300012, 821415.269530002], [834441.1914100004, 821415.2890600022], [834443.7187500009, 821415.550780002], [834443.4296900006, 821417.1406300012], [834442.1992200008, 821418.4394500013], [834447.7187500009, 821424.150390001], [834450.0000000009, 821426.810130002], [834459.8203100013, 821438.2597700022], [834463.9295500005, 821444.4593400024], [834465.488140001, 821443.1605100017], [834466.8592400011, 821443.0296500027], [834466.6287700012, 821445.5589500014]]], "type": "Polygon"}, "properties": {"BaseHeight": 4.6, "BuildingBlockType": "Tower", "BuildingCSUID": "3450021417T20050430", "BuildingID": 1108225918, "BuildingNameEN": null, "BuildingNameTC": null, "DateCreate": 1114790400000, "DateStamp": 1361808000000, "GeoRefNo": "3450021417", "OBJECTID": 99768, "Shape__Area": 1950.7669140836858, "Shape__Length": 192.13006669079726, "Status": "Active", "Storeys": null, "StoreysInBasement": null, "TopHeight": 11.5}, "type": "Feature"}, {"geometry": {"coordinates": [[[834570.7806800008, 821214.5232700016], [834574.6727500008, 821211.2757100016], [834563.4694200009, 821197.9059400018], [834561.4663400007, 821199.5746800024], [834562.4726500008, 821200.7850600015], [834560.5813300004, 821202.3676900025], [834570.7806800008, 821214.5232700016]]], "type": "Polygon"}, "properties": {"BaseHeight": 4.4, "BuildingBlockType": "Tower", "BuildingCSUID": "3456521204T20050430", "BuildingID": 1108227364, "BuildingNameEN": "Ki Lung Building", "BuildingNameTC": "基隆樓", "DateCreate": 1114790400000, "DateStamp": 1599580800000, "GeoRefNo": "3456521204", "OBJECTID": 100234, "Shape__Area": 84.63443230098912, "Shape__Length": 45.02725030436669, "Status": "Active", "Storeys": 6, "StoreysInBasement": null, "TopHeight": 26.9}, "type": "Feature"}, {"geometry": {"coordinates": [[[834373.1128100008, 821170.7094800025], [834371.2196500013, 821168.445340002], [834370.2977000009, 821168.3517800011], [834369.7166800005, 821168.841690002], [834369.2526800008, 821168.2903400026], [834367.0312100006, 821165.6507200021], [834365.501170001, 821166.938740002], [834364.8862400008, 821166.208060002], [834362.9736900004, 821167.8180700019], [834366.2737000007, 821171.7392500024], [834363.8753600009, 821173.7582100015], [834366.6763300011, 821177.086430002], [834369.0746700009, 821175.067470001], [834369.718580001, 821175.8325700015], [834370.3302800013, 821176.5594200026], [834372.2430500006, 821174.9496700019], [834371.6313400008, 821174.222810002], [834373.1726700012, 821172.948210001], [834372.5176600004, 821172.169900002], [834373.0570400013, 821171.6687300019], [834373.063790001, 821171.5525000021], [834373.1128100008, 821170.7094800025]]], "type": "Polygon"}, "properties": {"BaseHeight": 9.5, "BuildingBlockType": "Tower", "BuildingCSUID": "3436821172T20050430", "BuildingID": 1108227689, "BuildingNameEN": "Chi Fung Mansion", "BuildingNameTC": "置豐閣", "DateCreate": 1114790400000, "DateStamp": 1599580800000, "GeoRefNo": "3436821172", "OBJECTID": 106980, "Shape__Area": 66.8684615653227, "Shape__Length": 40.1231209172062, "Status": "Active", "Storeys": 12, "StoreysInBasement": null, "TopHeight": 44.1}, "type": "Feature"}, {"geometry": {"coordinates": [[[834409.0254800012, 821269.3263000026], [834386.6661200011, 821242.5440900009], [834383.8194200005, 821244.9076800011], [834383.9234900009, 821245.0325900018], [834396.2419300005, 821259.815990001], [834409.2430900009, 821275.4187300019], [834412.1030100007, 821273.0400100015], [834409.0254800012, 821269.3263000026]]], "type": "Polygon"}, "properties": {"BaseHeight": 4.3, "BuildingBlockType": "Tower", "BuildingCSUID": "3439621257T20071022", "BuildingID": 1108226860, "BuildingNameEN": null, "BuildingNameTC": null, "DateCreate": 1192982400000, "DateStamp": 1274198400000, "GeoRefNo": "3439621257", "OBJECTID": 108466, "Shape__Area": 147.64175533866035, "Shape__Length": 86.84692935991912, "Status": "Active", "Storeys": null, "StoreysInBasement": null, "TopHeight": 7.9}, "type": "Feature"}, {"geometry": {"coordinates": [[[834334.2396800006, 821104.4107300024], [834333.306760001, 821105.2323400024], [834335.976590001, 821108.474820001], [834336.9323700005, 821107.6717300024], [834334.2396800006, 821104.4107300024]]], "type": "Polygon"}, "properties": {"BaseHeight": null, "BuildingBlockType": "Temporary Structure", "BuildingCSUID": "3433521106T20071121", "BuildingID": 1108228180, "BuildingNameEN": null, "BuildingNameTC": "建新大樓", "DateCreate": 1195574400000, "DateStamp": 1274198400000, "GeoRefNo": "3433521106", "OBJECTID": 108689, "Shape__Area": 5.248902225994526, "Shape__Length": 10.920750103338012, "Status": "Active", "Storeys": null, "StoreysInBasement": null, "TopHeight": null}, "type": "Feature"}, {"geometry": {"coordinates": [[[834535.1673100004, 821079.7206400018], [834546.9249500008, 821069.9116800018], [834536.944480001, 821058.0874600019], [834533.3568100007, 821053.8370200023], [834528.3215400008, 821058.0874600019], [834521.6644800007, 821063.7069100011], [834535.1673100004, 821079.7206400018]]], "type": "Polygon"}, "properties": {"BaseHeight": 4.1, "BuildingBlockType": "Tower", "BuildingCSUID": "3453421066T20050430", "BuildingID": 1108228380, "BuildingNameEN": "Hong Kong Nang Yan College of Higher Education", "BuildingNameTC": "香港能仁專上學院", "DateCreate": 1114790400000, "DateStamp": 1599580800000, "GeoRefNo": "3453421066", "OBJECTID": 114999, "Shape__Area": 321.2993473836896, "Shape__Length": 72.59533505699706, "Status": "Active", "Storeys": 7, "StoreysInBasement": null, "TopHeight": 32.1}, "type": "Feature"}, {"geometry": {"coordinates": [[[834529.4642200004, 821052.8801700026], [834531.1721100006, 821051.4458800014], [834529.8197500007, 821049.8548900019], [834530.7595000006, 821049.0773400012], [834532.0829100013, 821050.6589900013], [834535.0819100011, 821048.1156200022], [834534.644700001, 821047.5945400018], [834521.3824500004, 821031.7881200016], [834515.7389100008, 821036.522090001], [834529.4642200004, 821052.8801700026]]], "type": "Polygon"}, "properties": {"BaseHeight": 4.1, "BuildingBlockType": "Tower", "BuildingCSUID": "3452621043T20050430", "BuildingID": 1108228576, "BuildingNameEN": "Hong Kong Nang Yan College of Higher Education", "BuildingNameTC": "香港能仁專上學院", "DateCreate": 1114790400000, "DateStamp": 1599580800000, "GeoRefNo": "3452621043", "OBJECTID": 115004, "Shape__Area": 154.64759613332154, "Shape__Length": 61.565679077404695, "Status": "Active", "Storeys": 6, "StoreysInBasement": null, "TopHeight": 27.5}, "type": "Feature"}, {"geometry": {"coordinates": [[[834425.711910001, 821070.9800000023], [834424.8289800007, 821071.7168300021], [834423.723410001, 821070.392690001], [834423.0708100004, 821070.9373100027], [834421.9652500004, 821069.6131700017], [834417.8194300011, 821073.0730000027], [834418.9311100012, 821074.3920400012], [834418.278500001, 821074.9366700016], [834419.390180001, 821076.255710002], [834418.5072300006, 821076.9925600011], [834419.8198700007, 821078.550040001], [834420.891710001, 821079.8217900023], [834422.4272600012, 821078.5403200015], [834423.3939500004, 821079.6873100027], [834427.5090900008, 821076.2530700024], [834426.5477300007, 821075.1016400009], [834428.0832600007, 821073.8201900013], [834425.711910001, 821070.9800000023]]], "type": "Polygon"}, "properties": {"BaseHeight": 11.1, "BuildingBlockType": "Tower", "BuildingCSUID": "3442421076T20050430", "BuildingID": 1108228379, "BuildingNameEN": "Tak Fu Building", "BuildingNameTC": "德富大廈", "DateCreate": 1114790400000, "DateStamp": 1599580800000, "GeoRefNo": "3442421076", "OBJECTID": 125075, "Shape__Area": 64.26844895736565, "Shape__Length": 36.05986402014464, "Status": "Active", "Storeys": 13, "StoreysInBasement": null, "TopHeight": 51.1}, "type": "Feature"}, {"geometry": {"coordinates": [[[834314.2334400006, 821175.1715600025], [834317.9127700012, 821172.0889700018], [834320.4711200008, 821175.1245700009], [834324.3037900012, 821171.9135100022], [834321.7454400007, 821168.8779200017], [834325.1181900008, 821166.052190002], [834327.6765400004, 821169.0877900012], [834331.6625100011, 821165.7482900023], [834329.1041600006, 821162.7126900014], [834332.6302200006, 821159.7585200015], [834327.9708800009, 821154.230010001], [834324.4448200008, 821157.1841800027], [834322.5115100006, 821154.8902200013], [834318.5255200006, 821158.229700001], [834320.4588400004, 821160.5236600023], [834317.0860800007, 821163.3493800014], [834315.1527700005, 821161.055420002], [834311.3200900005, 821164.266470002], [834313.2534100004, 821166.5604300015], [834309.574070001, 821169.6430100016], [834314.2334400006, 821175.1715600025]]], "type": "Polygon"}, "properties": {"BaseHeight": 14, "BuildingBlockType": "Tower", "BuildingCSUID": "3431021170T20050430", "BuildingID": 1108227706, "BuildingNameEN": "Po Wing Building Block B", "BuildingNameTC": "寶榮大樓Ｂ座", "DateCreate": 1114790400000, "DateStamp": 1599580800000, "GeoRefNo": "3431021170", "OBJECTID": 135687, "Shape__Area": 244.61472204825276, "Shape__Length": 90.3398645971498, "Status": "Active", "Storeys": 10, "StoreysInBasement": null, "TopHeight": 45.2}, "type": "Feature"}, {"geometry": {"coordinates": [[[834356.6492300006, 821049.7541200016], [834360.4944100007, 821046.5583300013], [834358.1846400006, 821043.820700001], [834359.4850900006, 821042.7333900016], [834353.4231000012, 821035.433240002], [834352.1226400007, 821036.5205500014], [834346.0475100009, 821029.204570001], [834343.1860800004, 821031.5947900023], [834344.2082300009, 821032.825720001], [834342.5421900004, 821034.2186600026], [834347.7808000008, 821040.5273200013], [834343.6381800007, 821043.9912100025], [834347.3434800012, 821048.4533100016], [834352.1766500007, 821044.4121600017], [834356.6492300006, 821049.7541200016]]], "type": "Polygon"}, "properties": {"BaseHeight": 18.9, "BuildingBlockType": "Tower", "BuildingCSUID": "3434921037T20050430", "BuildingID": 1109261315, "BuildingNameEN": "Kent Place", "BuildingNameTC": "金濤閣", "DateCreate": 1114790400000, "DateStamp": 1599580800000, "GeoRefNo": "3434921037", "OBJECTID": 136354, "Shape__Area": 170.79213990538966, "Shape__Length": 71.13761948205098, "Status": "Active", "Storeys": 24, "StoreysInBasement": null, "TopHeight": 91.6}, "type": "Feature"}, {"geometry": {"coordinates": [[[834617.1897400012, 821051.1120300014], [834625.9840900004, 821061.3886600025], [834627.3721200004, 821060.2666500024], [834630.4339000005, 821063.893240001], [834634.0324900011, 821060.8855900019], [834631.642310001, 821058.0874600019], [834622.1522600008, 821046.9776500016], [834617.1897400012, 821051.1120300014]]], "type": "Polygon"}, "properties": {"BaseHeight": 4.3, "BuildingBlockType": "Tower", "BuildingCSUID": "3462521054T20050430", "BuildingID": 1108228492, "BuildingNameEN": null, "BuildingNameTC": null, "DateCreate": 1114790400000, "DateStamp": 1599580800000, "GeoRefNo": "3462521054", "OBJECTID": 141902, "Shape__Area": 109.5988151516759, "Shape__Length": 49.497242738693664, "Status": "Active", "Storeys": 6, "StoreysInBasement": null, "TopHeight": 24}, "type": "Feature"}, {"geometry": {"coordinates": [[[834545.3184300009, 821046.3203600012], [834555.318140001, 821058.0874600019], [834557.7166500008, 821060.9098900016], [834561.2735800007, 821057.941850001], [834552.0331400009, 821046.9229400009], [834550.737780001, 821045.3782600015], [834549.7750900006, 821046.1970300023], [834547.8918100009, 821043.9976000022], [834546.6531200008, 821044.9882900026], [834545.0579500012, 821043.1179000009], [834543.6232400006, 821044.3255600017], [834544.0413700007, 821044.8175800014], [834545.3184300009, 821046.3203600012]]], "type": "Polygon"}, "properties": {"BaseHeight": 4.1, "BuildingBlockType": "Tower", "BuildingCSUID": "3455321051T20050430", "BuildingID": 1108228515, "BuildingNameEN": null, "BuildingNameTC": null, "DateCreate": 1114790400000, "DateStamp": 1599580800000, "GeoRefNo": "3455321051", "OBJECTID": 141904, "Shape__Area": 91.5334415432008, "Shape__Length": 52.87201556114385, "Status": "Active", "Storeys": 7, "StoreysInBasement": null, "TopHeight": 28.9}, "type": "Feature"}, {"geometry": {"coordinates": [[[834550.5713100005, 821066.869620001], [834553.9194500009, 821064.0774100013], [834548.8210300012, 821058.0874600019], [834540.2503400007, 821048.0180600025], [834536.9518800005, 821050.8021500017], [834543.1272000009, 821058.0874600019], [834550.5713100005, 821066.869620001]]], "type": "Polygon"}, "properties": {"BaseHeight": 4.1, "BuildingBlockType": "Tower", "BuildingCSUID": "3454521057T20050430", "BuildingID": 1108228469, "BuildingNameEN": "Yee King House", "BuildingNameTC": "怡景樓", "DateCreate": 1114790400000, "DateStamp": 1599580800000, "GeoRefNo": "3454521057", "OBJECTID": 142336, "Shape__Area": 91.42578932458225, "Shape__Length": 50.8280974021944, "Status": "Active", "Storeys": 6, "StoreysInBasement": null, "TopHeight": 24}, "type": "Feature"}, {"geometry": {"coordinates": [[[834561.2735800007, 821057.941850001], [834562.6105600009, 821056.826030001], [834565.0617700005, 821054.7813000027], [834555.8292400008, 821043.8188300021], [834552.0331400009, 821046.9229400009], [834561.2735800007, 821057.941850001]]], "type": "Polygon"}, "properties": {"BaseHeight": 4.1, "BuildingBlockType": "Tower", "BuildingCSUID": "3455721049T20050430", "BuildingID": 1108228535, "BuildingNameEN": "Ying Tat Building", "BuildingNameTC": "盈達樓", "DateCreate": 1114790400000, "DateStamp": 1599580800000, "GeoRefNo": "3455721049", "OBJECTID": 142338, "Shape__Area": 70.60933616135519, "Shape__Length": 38.55009750664637, "Status": "Active", "Storeys": 6, "StoreysInBasement": null, "TopHeight": 26.9}, "type": "Feature"}, {"geometry": {"coordinates": [[[834611.7356900005, 821079.5132600013], [834599.7054800009, 821065.6859300025], [834596.0103300009, 821068.7688200027], [834604.9965700004, 821079.400630001], [834607.3573600007, 821077.4419900011], [834610.2039600005, 821080.7978800014], [834611.7356900005, 821079.5132600013]]], "type": "Polygon"}, "properties": {"BaseHeight": 4.3, "BuildingBlockType": "Tower", "BuildingCSUID": "3460221073T20050430", "BuildingID": 1108228369, "BuildingNameEN": null, "BuildingNameTC": "明德大廈", "DateCreate": 1114790400000, "DateStamp": 1599580800000, "GeoRefNo": "3460221073", "OBJECTID": 142502, "Shape__Area": 77.07525332147, "Shape__Length": 46.52843281068164, "Status": "Active", "Storeys": 13, "StoreysInBasement": null, "TopHeight": 44.9}, "type": "Feature"}, {"geometry": {"coordinates": [[[834412.4041400012, 821055.3256100025], [834414.7348500006, 821058.0874600019], [834418.0204300005, 821061.980820002], [834419.4884400005, 821060.7561300024], [834417.2202900006, 821058.0874600019], [834416.2553600008, 821056.9521400016], [834418.4489900004, 821055.1306700017], [834408.059700001, 821042.7924300022], [834407.3386500012, 821043.3947500009], [834404.4387200009, 821045.8866900019], [834408.5536500011, 821050.7628300022], [834412.4041400012, 821055.3256100025]]], "type": "Polygon"}, "properties": {"BaseHeight": 3.8, "BuildingBlockType": "Tower", "BuildingCSUID": "3441121050T20050430", "BuildingID": 1108228509, "BuildingNameEN": null, "BuildingNameTC": null, "DateCreate": 1114790400000, "DateStamp": 1599580800000, "GeoRefNo": "3441121050", "OBJECTID": 142534, "Shape__Area": 86.05288049734052, "Shape__Length": 51.70724448289495, "Status": "Active", "Storeys": 8, "StoreysInBasement": null, "TopHeight": 29.1}, "type": "Feature"}, {"geometry": {"coordinates": [[[834553.9194500009, 821064.0774100013], [834557.7166500008, 821060.9098900016], [834555.318140001, 821058.0874600019], [834545.3184300009, 821046.3203600012], [834543.0662600007, 821048.1810100023], [834541.8082400011, 821046.7027200013], [834540.2503400007, 821048.0180600025], [834548.8210300012, 821058.0874600019], [834553.9194500009, 821064.0774100013]]], "type": "Polygon"}, "properties": {"BaseHeight": 4.1, "BuildingBlockType": "Tower", "BuildingCSUID": "3454921054T20050430", "BuildingID": 1108228489, "BuildingNameEN": null, "BuildingNameTC": null, "DateCreate": 1114790400000, "DateStamp": 1599580800000, "GeoRefNo": "3454921054", "OBJECTID": 142767, "Shape__Area": 98.80928597553239, "Shape__Length": 52.081331076758346, "Status": "Active", "Storeys": 6, "StoreysInBasement": null, "TopHeight": 26.1}, "type": "Feature"}, {"geometry": {"coordinates": [[[834418.4489900004, 821055.1306700017], [834420.4876000006, 821053.4378900025], [834423.6573900012, 821057.2782700025], [834425.1778200008, 821056.0098900013], [834411.7088700011, 821039.8784000017], [834409.0341200009, 821041.9784600027], [834408.059700001, 821042.7924300022], [834418.4489900004, 821055.1306700017]]], "type": "Polygon"}, "properties": {"BaseHeight": 3.8, "BuildingBlockType": "Tower", "BuildingCSUID": "3441521047T20050430", "BuildingID": 1108228540, "BuildingNameEN": null, "BuildingNameTC": null, "DateCreate": 1114790400000, "DateStamp": 1599580800000, "GeoRefNo": "3441521047", "OBJECTID": 144316, "Shape__Area": 84.40522956077031, "Shape__Length": 51.42466560938722, "Status": "Active", "Storeys": 8, "StoreysInBasement": null, "TopHeight": 29.1}, "type": "Feature"}, {"geometry": {"coordinates": [[[834498.2070000004, 821051.2320000026], [834512.3620000007, 821068.1020000018], [834518.6745700007, 821062.7697400022], [834516.9350300012, 821060.7389100026], [834514.8375000004, 821062.4426500015], [834504.4540600004, 821050.2667900026], [834505.410910001, 821049.4640600011], [834514.8269000007, 821060.4637000021], [834516.9151100004, 821058.7383000012], [834519.6701300004, 821061.9287900012], [834523.1198300011, 821059.0148000009], [834520.4082500013, 821055.8520800024], [834522.2540600011, 821054.3244600017], [834512.8058000011, 821043.2595100012], [834513.5848500011, 821042.6066900026], [834523.2273000004, 821053.521470001], [834525.397210001, 821051.7279500011], [834528.0420000004, 821054.8570100013], [834529.8450000007, 821053.3340000026], [834529.4642200004, 821052.8801700026], [834515.7389100008, 821036.522090001], [834498.2070000004, 821051.2320000026]]], "type": "Polygon"}, "properties": {"BaseHeight": 4.1, "BuildingBlockType": "Tower", "BuildingCSUID": "3451221051T20050430", "BuildingID": 1108228460, "BuildingNameEN": "Tin Hau Temple", "BuildingNameTC": "天后廟", "DateCreate": 1114790400000, "DateStamp": 1361808000000, "GeoRefNo": "3451221051", "OBJECTID": 144477, "Shape__Area": 431.9439523931565, "Shape__Length": 169.62796650283002, "Status": "Active", "Storeys": null, "StoreysInBasement": null, "TopHeight": 11.4}, "type": "Feature"}, {"geometry": {"coordinates": [[[834575.5981300008, 821045.9915400017], [834579.0135100009, 821043.1416500024], [834567.335930001, 821029.113570001], [834565.5699900007, 821030.604960002], [834563.814340001, 821028.4774400014], [834562.0467000008, 821029.9739400018], [834575.5981300008, 821045.9915400017]]], "type": "Polygon"}, "properties": {"BaseHeight": 4.2, "BuildingBlockType": "Tower", "BuildingCSUID": "3457021035T20050430", "BuildingID": 1108228639, "BuildingNameEN": null, "BuildingNameTC": null, "DateCreate": 1114790400000, "DateStamp": 1599580800000, "GeoRefNo": "3457021035", "OBJECTID": 144515, "Shape__Area": 88.79506668472976, "Shape__Length": 51.06762738358453, "Status": "Active", "Storeys": 9, "StoreysInBasement": null, "TopHeight": 34}, "type": "Feature"}, {"geometry": {"coordinates": [[[834538.7477100007, 821045.0153200012], [834540.7778000012, 821043.3004800025], [834540.3407400008, 821042.7830600012], [834541.6964200009, 821041.6379200015], [834538.2578100013, 821037.5396700017], [834528.4539300008, 821025.8550700024], [834525.0603900012, 821028.7022900023], [834538.7477100007, 821045.0153200012]]], "type": "Polygon"}, "properties": {"BaseHeight": 4.1, "BuildingBlockType": "Tower", "BuildingCSUID": "3453221034T20050430", "BuildingID": 1108228646, "BuildingNameEN": null, "BuildingNameTC": null, "DateCreate": 1114790400000, "DateStamp": 1599580800000, "GeoRefNo": "3453221034", "OBJECTID": 144516, "Shape__Area": 93.09592124886697, "Shape__Length": 51.436119895134645, "Status": "Active", "Storeys": 10, "StoreysInBasement": null, "TopHeight": 33.8}, "type": "Feature"}, {"geometry": {"coordinates": [[[834534.644700001, 821047.5945400018], [834536.0974700004, 821046.3673800025], [834536.5345400004, 821046.884800002], [834538.7477100007, 821045.0153200012], [834525.0603900012, 821028.7022900023], [834521.3824500004, 821031.7881200016], [834534.644700001, 821047.5945400018]]], "type": "Polygon"}, "properties": {"BaseHeight": 4.2, "BuildingBlockType": "Tower", "BuildingCSUID": "3452921037T20050430", "BuildingID": 1108228630, "BuildingNameEN": null, "BuildingNameTC": null, "DateCreate": 1114790400000, "DateStamp": 1599580800000, "GeoRefNo": "3452921037", "OBJECTID": 144519, "Shape__Area": 100.98472187125924, "Shape__Length": 52.20486884964834, "Status": "Active", "Storeys": 10, "StoreysInBasement": null, "TopHeight": 33.8}, "type": "Feature"}, {"geometry": {"coordinates": [[[834572.1858100006, 821048.8381500021], [834575.5981300008, 821045.9915400017], [834562.0467000008, 821029.9739400018], [834560.4264600007, 821031.3450700026], [834562.2024100004, 821033.4581400026], [834560.4520200007, 821034.938310001], [834572.1858100006, 821048.8381500021]]], "type": "Polygon"}, "properties": {"BaseHeight": 4.2, "BuildingBlockType": "Tower", "BuildingCSUID": "3456721039T20050430", "BuildingID": 1108228614, "BuildingNameEN": null, "BuildingNameTC": null, "DateCreate": 1114790400000, "DateStamp": 1599580800000, "GeoRefNo": "3456721039", "OBJECTID": 144526, "Shape__Area": 86.58951882566805, "Shape__Length": 50.790273095759005, "Status": "Active", "Storeys": 9, "StoreysInBasement": null, "TopHeight": 34}, "type": "Feature"}, {"geometry": {"coordinates": [[[834616.2199800005, 821326.9719400015], [834620.2504200004, 821323.5983200017], [834614.2908800012, 821316.4204300027], [834608.7730900012, 821309.7748700026], [834608.6115300013, 821309.5802900009], [834604.555660001, 821312.9583000019], [834610.242420001, 821319.7903700024], [834616.2199800005, 821326.9719400015]]], "type": "Polygon"}, "properties": {"BaseHeight": null, "BuildingBlockType": "Temporary Structure", "BuildingCSUID": "3461221317T20071122", "BuildingID": 1108226567, "BuildingNameEN": null, "BuildingNameTC": null, "DateCreate": 1195660800000, "DateStamp": 1410969600000, "GeoRefNo": "3461221317", "OBJECTID": 153023, "Shape__Area": 96.00231132162473, "Shape__Length": 46.98728592447272, "Status": "Active", "Storeys": null, "StoreysInBasement": null, "TopHeight": null}, "type": "Feature"}, {"geometry": {"coordinates": [[[834408.8431400005, 821276.4450000022], [834402.0720500005, 821268.2894800026], [834396.3840800012, 821273.0230900012], [834403.1551700011, 821281.1786100026], [834408.8431400005, 821276.4450000022]]], "type": "Polygon"}, "properties": {"BaseHeight": null, "BuildingBlockType": "Temporary Structure", "BuildingCSUID": "3440221274T20071121", "BuildingID": 1108226821, "BuildingNameEN": null, "BuildingNameTC": null, "DateCreate": 1195574400000, "DateStamp": 1410969600000, "GeoRefNo": "3440221274", "OBJECTID": 153025, "Shape__Area": 78.44005242364054, "Shape__Length": 36.00002465051557, "Status": "Active", "Storeys": null, "StoreysInBasement": null, "TopHeight": null}, "type": "Feature"}, {"geometry": {"coordinates": [[[834300.9567800006, 821230.447540002], [834294.4506100006, 821222.734910002], [834282.7918600012, 821232.8010000009], [834285.0883500008, 821237.8950700015], [834305.2592900004, 821262.0741900019], [834312.981540001, 821255.5451800022], [834295.4415700007, 821235.054390002], [834300.9567800006, 821230.447540002]]], "type": "Polygon"}, "properties": {"BaseHeight": 4.7, "BuildingBlockType": "Temporary Structure", "BuildingCSUID": "3429821230T20140915", "BuildingID": 1810133010, "BuildingNameEN": null, "BuildingNameTC": null, "DateCreate": 1410710400000, "DateStamp": 1591545600000, "GeoRefNo": "3429821230", "OBJECTID": 163722, "Shape__Area": 432.88137559584663, "Shape__Length": 106.84037452003203, "Status": "Active", "Storeys": null, "StoreysInBasement": null, "TopHeight": 10.7}, "type": "Feature"}, {"geometry": {"coordinates": [[[834386.376910001, 821158.011450002], [834388.1957600005, 821160.1982400026], [834385.7771800011, 821162.2163000014], [834384.1392800007, 821163.5829600021], [834385.0052300012, 821164.6473100018], [834383.8927100012, 821165.6576500013], [834384.8875400005, 821166.8524000011], [834390.4429700011, 821162.2163000014], [834397.3413900007, 821156.4594300017], [834394.4440700011, 821153.0000000019], [834393.5747200008, 821151.961980002], [834392.339660001, 821153.0000000019], [834386.376910001, 821158.011450002]]], "type": "Polygon"}, "properties": {"BaseHeight": 3.8, "BuildingBlockType": "Tower", "BuildingCSUID": "3439121157T20050430", "BuildingID": 1108227775, "BuildingNameEN": null, "BuildingNameTC": null, "DateCreate": 1114790400000, "DateStamp": 1599580800000, "GeoRefNo": "3439121157", "OBJECTID": 175689, "Shape__Area": 73.27021381315342, "Shape__Length": 44.04663356274126, "Status": "Active", "Storeys": 3, "StoreysInBasement": null, "TopHeight": 16}, "type": "Feature"}, {"geometry": {"coordinates": [[[834619.3201000011, 821296.5108900014], [834622.7407600004, 821293.6433900017], [834611.2941500004, 821279.9061400015], [834607.8956200005, 821282.735460002], [834619.3201000011, 821296.5108900014]]], "type": "Polygon"}, "properties": {"BaseHeight": 4.4, "BuildingBlockType": "Tower", "BuildingCSUID": "3461421287T20050430", "BuildingID": 1108226736, "BuildingNameEN": null, "BuildingNameTC": null, "DateCreate": 1114790400000, "DateStamp": 1599580800000, "GeoRefNo": "3461421287", "OBJECTID": 175880, "Shape__Area": 79.47666881185985, "Shape__Length": 44.66327290597828, "Status": "Active", "Storeys": 6, "StoreysInBasement": null, "TopHeight": 24.1}, "type": "Feature"}, {"geometry": {"coordinates": [[[834615.696800001, 821299.5480500013], [834619.3201000011, 821296.5108900014], [834607.8956200005, 821282.735460002], [834604.2576100007, 821285.7638600022], [834615.696800001, 821299.5480500013]]], "type": "Polygon"}, "properties": {"BaseHeight": 4.4, "BuildingBlockType": "Tower", "BuildingCSUID": "3461121290T20050430", "BuildingID": 1108226720, "BuildingNameEN": null, "BuildingNameTC": null, "DateCreate": 1114790400000, "DateStamp": 1599580800000, "GeoRefNo": "3461121290", "OBJECTID": 175881, "Shape__Area": 84.69997662536755, "Shape__Length": 45.2703287979741, "Status": "Active", "Storeys": 6, "StoreysInBasement": null, "TopHeight": 24}, "type": "Feature"}, {"geometry": {"coordinates": [[[834414.0280500008, 821265.1790600009], [834417.049110001, 821268.926140001], [834460.6690000007, 821232.6455400027], [834436.1253200006, 821203.2356100027], [834434.5503100008, 821203.2136200015], [834419.9263100009, 821215.4004100021], [834402.3050600011, 821230.0849400014], [834408.3654200006, 821237.365290001], [834434.7314100005, 821215.2975200024], [834439.0158800008, 821220.4037600011], [834433.1547100004, 821225.2780800015], [834437.5364200007, 821230.5745200012], [834443.4343400011, 821225.6696400009], [834447.8505700007, 821230.932980001], [834421.3070500009, 821253.0773000009], [834424.6950800009, 821257.1319100019], [834421.5008200007, 821259.8298700023], [834409.2986100009, 821245.233310001], [834403.3661200004, 821250.1458600014], [834415.1354200011, 821264.261020001], [834414.0280500008, 821265.1790600009]]], "type": "Polygon"}, "properties": {"BaseHeight": 4, "BuildingBlockType": "Tower", "BuildingCSUID": "3444121222T20050430", "BuildingID": 1108226911, "BuildingNameEN": "Sham Shui Po Police Station", "BuildingNameTC": "深水埗警署", "DateCreate": 1114790400000, "DateStamp": 1361808000000, "GeoRefNo": "3444121222", "OBJECTID": 175909, "Shape__Area": 1252.6182861092614, "Shape__Length": 313.54055720102946, "Status": "Active", "Storeys": null, "StoreysInBasement": null, "TopHeight": 20.1}, "type": "Feature"}, {"geometry": {"coordinates": [[[834598.1020800006, 821267.0885700025], [834599.0536000011, 821266.2961000018], [834601.5202400004, 821264.2422800027], [834593.6582200006, 821254.7495200019], [834592.4603000004, 821253.3031300027], [834589.9387400011, 821250.2585700024], [834588.4699600004, 821251.4710400011], [834590.9756600009, 821254.533710001], [834589.0121700009, 821256.1597800013], [834593.6582200006, 821261.7457100023], [834598.1020800006, 821267.0885700025]]], "type": "Polygon"}, "properties": {"BaseHeight": 4.4, "BuildingBlockType": "Tower", "BuildingCSUID": "3459421258T20050430", "BuildingID": 1108226929, "BuildingNameEN": null, "BuildingNameTC": null, "DateCreate": 1114790400000, "DateStamp": 1599580800000, "GeoRefNo": "3459421258", "OBJECTID": 175911, "Shape__Area": 70.9932094052202, "Shape__Length": 45.2310145703623, "Status": "Active", "Storeys": 9, "StoreysInBasement": null, "TopHeight": 35.5}, "type": "Feature"}, {"geometry": {"coordinates": [[[834640.4246800011, 821306.7133800015], [834643.7484600004, 821303.931090001], [834642.973890001, 821303.0000000019], [834635.169350001, 821293.6183400024], [834634.935610001, 821293.3373600021], [834633.5864900006, 821294.4846300017], [834630.9396700012, 821291.3588700015], [834628.9931000005, 821292.975610001], [834637.3346700007, 821303.0000000019], [834640.4246800011, 821306.7133800015]]], "type": "Polygon"}, "properties": {"BaseHeight": 4.5, "BuildingBlockType": "Tower", "BuildingCSUID": "3463521297T20050430", "BuildingID": 1108226685, "BuildingNameEN": null, "BuildingNameTC": null, "DateCreate": 1114790400000, "DateStamp": 1599580800000, "GeoRefNo": "3463521297", "OBJECTID": 176108, "Shape__Area": 70.14529170835559, "Shape__Length": 44.38398388641523, "Status": "Active", "Storeys": 6, "StoreysInBasement": null, "TopHeight": 28.3}, "type": "Feature"}, {"geometry": {"coordinates": [[[834626.2840900011, 821290.6735300012], [834629.6828800011, 821287.8249400016], [834627.6701200008, 821285.4278300013], [834618.2037900006, 821274.1539100017], [834614.9030100005, 821276.9021500014], [834626.2840900011, 821290.6735300012]]], "type": "Polygon"}, "properties": {"BaseHeight": 4.4, "BuildingBlockType": "Tower", "BuildingCSUID": "3462121281T20050430", "BuildingID": 1108226758, "BuildingNameEN": null, "BuildingNameTC": "森明唐樓", "DateCreate": 1114790400000, "DateStamp": 1599580800000, "GeoRefNo": "3462121281", "OBJECTID": 176112, "Shape__Area": 77.94927754777606, "Shape__Length": 44.446614179760516, "Status": "Active", "Storeys": 6, "StoreysInBasement": null, "TopHeight": 24.8}, "type": "Feature"}, {"geometry": {"coordinates": [[[834637.576390001, 821289.4470900018], [834635.8114000009, 821287.3106700014], [834633.8035400007, 821288.9784500021], [834635.5831600009, 821291.1597100012], [834637.576390001, 821289.4470900018]]], "type": "Polygon"}, "properties": {"BaseHeight": 4.6, "BuildingBlockType": "Tower", "BuildingCSUID": "3463621289T20050430", "BuildingID": 1108226757, "BuildingNameEN": null, "BuildingNameTC": null, "DateCreate": 1114790400000, "DateStamp": 1361808000000, "GeoRefNo": "3463621289", "OBJECTID": 176119, "Shape__Area": 7.314406478916277, "Shape__Length": 10.824419032089935, "Status": "Active", "Storeys": null, "StoreysInBasement": null, "TopHeight": 9.7}, "type": "Feature"}, {"geometry": {"coordinates": [[[834582.6062700013, 821256.3242800012], [834585.7779600006, 821260.0985900015], [834593.6582200006, 821269.474990001], [834594.3075100007, 821270.2475700025], [834596.8565500006, 821268.1261700019], [834598.1020800006, 821267.0885700025], [834593.6582200006, 821261.7457100023], [834589.0121700009, 821256.1597800013], [834586.9155900013, 821257.8962700013], [834584.3556900006, 821254.8645800017], [834582.598100001, 821256.3145600017], [834582.6062700013, 821256.3242800012]]], "type": "Polygon"}, "properties": {"BaseHeight": 4.4, "BuildingBlockType": "Tower", "BuildingCSUID": "3459021261T20050430", "BuildingID": 1108226899, "BuildingNameEN": null, "BuildingNameTC": null, "DateCreate": 1114790400000, "DateStamp": 1599580800000, "GeoRefNo": "3459021261", "OBJECTID": 176142, "Shape__Area": 79.7989512327823, "Shape__Length": 46.32106472937101, "Status": "Active", "Storeys": 9, "StoreysInBasement": null, "TopHeight": 34.7}, "type": "Feature"}, {"geometry": {"coordinates": [[[834535.2971500009, 821274.0064600017], [834544.6430900004, 821266.1925300024], [834543.8541600006, 821265.2426400017], [834542.9352700012, 821266.0200900026], [834542.1606700011, 821265.1045200024], [834540.8338700011, 821266.2087700013], [834539.3841100009, 821264.4056200013], [834538.6533600008, 821265.022020001], [834532.3172400007, 821270.3750700019], [834534.6230800012, 821273.1846600026], [834535.2971500009, 821274.0064600017]]], "type": "Polygon"}, "properties": {"BaseHeight": 4.3, "BuildingBlockType": "Tower", "BuildingCSUID": "3453821268T20050430", "BuildingID": 1108226869, "BuildingNameEN": null, "BuildingNameTC": null, "DateCreate": 1114790400000, "DateStamp": 1599580800000, "GeoRefNo": "3453821268", "OBJECTID": 176143, "Shape__Area": 49.299252054169614, "Shape__Length": 33.807947136711654, "Status": "Active", "Storeys": 6, "StoreysInBasement": null, "TopHeight": 25.4}, "type": "Feature"}, {"geometry": {"coordinates": [[[834535.2971500009, 821274.0064600017], [834535.965330001, 821274.8214100022], [834538.2928000009, 821277.6572000012], [834543.6616400005, 821273.1825800017], [834542.0698300004, 821271.2894600015], [834545.132960001, 821268.6207000017], [834544.3616400007, 821267.7048400026], [834545.2796900012, 821266.9598200023], [834544.6430900004, 821266.1925300024], [834535.2971500009, 821274.0064600017]]], "type": "Polygon"}, "properties": {"BaseHeight": 4.3, "BuildingBlockType": "Tower", "BuildingCSUID": "3453921273T20050430", "BuildingID": 1108226844, "BuildingNameEN": null, "BuildingNameTC": null, "DateCreate": 1114790400000, "DateStamp": 1599580800000, "GeoRefNo": "3453921273", "OBJECTID": 176350, "Shape__Area": 43.090476217723456, "Shape__Length": 33.80638725534838, "Status": "Active", "Storeys": 6, "StoreysInBasement": null, "TopHeight": 25.4}, "type": "Feature"}, {"geometry": {"coordinates": [[[834525.7534000007, 821210.9875700027], [834528.0116600012, 821213.6899000015], [834531.1746500004, 821217.4748700019], [834531.602620001, 821217.9870000016], [834532.7568400009, 821219.3681900017], [834536.2932900004, 821216.4189500026], [834537.4544800008, 821215.4505700022], [834534.6182400007, 821212.0709000025], [834533.5974500012, 821210.8545200024], [834533.2308500009, 821210.4176700022], [834530.8332500011, 821207.5606900025], [834530.7099100007, 821207.4137100019], [834526.2337600011, 821202.0799300019], [834521.5457300004, 821205.9524800014], [834522.8282000013, 821207.4871400017], [834525.7534000007, 821210.9875700027]]], "type": "Polygon"}, "properties": {"BaseHeight": 4.2, "BuildingBlockType": "Tower", "BuildingCSUID": "3452921209T20050430", "BuildingID": 1108227325, "BuildingNameEN": null, "BuildingNameTC": null, "DateCreate": 1114790400000, "DateStamp": 1599580800000, "GeoRefNo": "3452921209", "OBJECTID": 176355, "Shape__Area": 106.53897046217638, "Shape__Length": 47.135946213205635, "Status": "Active", "Storeys": 6, "StoreysInBasement": null, "TopHeight": 27.1}, "type": "Feature"}, {"geometry": {"coordinates": [[[834393.5747200008, 821151.961980002], [834391.9315400012, 821150.0000000019], [834386.7886000006, 821143.8592300024], [834379.9008900011, 821149.7165200021], [834379.5675400011, 821150.0000000019], [834376.2207400007, 821152.846090002], [834376.0397500005, 821153.0000000019], [834374.4666400012, 821154.3377200011], [834381.1698800009, 821162.3877300024], [834386.376910001, 821158.011450002], [834392.339660001, 821153.0000000019], [834393.5747200008, 821151.961980002]]], "type": "Polygon"}, "properties": {"BaseHeight": 3.7, "BuildingBlockType": "Tower", "BuildingCSUID": "3438121152T20050430", "BuildingID": 1108227812, "BuildingNameEN": null, "BuildingNameTC": null, "DateCreate": 1114790400000, "DateStamp": 1599580800000, "GeoRefNo": "3438121152", "OBJECTID": 176370, "Shape__Area": 170.34744501915117, "Shape__Length": 53.42377499393991, "Status": "Active", "Storeys": 9, "StoreysInBasement": null, "TopHeight": 36.9}, "type": "Feature"}, {"geometry": {"coordinates": [[[834579.4900500011, 821282.5846000016], [834583.2898700004, 821279.4197000023], [834574.0531000011, 821268.1773800012], [834573.209400001, 821268.8752500024], [834572.2947200006, 821267.7560200021], [834569.3162400005, 821270.215830002], [834579.4900500011, 821282.5846000016]]], "type": "Polygon"}, "properties": {"BaseHeight": 4.4, "BuildingBlockType": "Tower", "BuildingCSUID": "3457521272T20050430", "BuildingID": 1108226808, "BuildingNameEN": null, "BuildingNameTC": null, "DateCreate": 1114790400000, "DateStamp": 1599580800000, "GeoRefNo": "3457521272", "OBJECTID": 176587, "Shape__Area": 77.63892578462804, "Shape__Length": 41.91406450008568, "Status": "Active", "Storeys": 9, "StoreysInBasement": null, "TopHeight": 32.4}, "type": "Feature"}, {"geometry": {"coordinates": [[[834538.2928000009, 821277.6572000012], [834540.535240001, 821280.3930900022], [834541.242250001, 821281.2540100012], [834550.6422000006, 821273.4100900013], [834549.9232800007, 821272.5443200022], [834549.0513100009, 821273.2533200011], [834548.2910200004, 821272.3523600027], [834545.1671600007, 821274.9746200014], [834543.6616400005, 821273.1825800017], [834538.2928000009, 821277.6572000012]]], "type": "Polygon"}, "properties": {"BaseHeight": 4.3, "BuildingBlockType": "Tower", "BuildingCSUID": "3454321276T20050430", "BuildingID": 1108226819, "BuildingNameEN": null, "BuildingNameTC": null, "DateCreate": 1114790400000, "DateStamp": 1599580800000, "GeoRefNo": "3454321276", "OBJECTID": 176591, "Shape__Area": 43.32941414468263, "Shape__Length": 33.73047594419752, "Status": "Active", "Storeys": 6, "StoreysInBasement": null, "TopHeight": 25.4}, "type": "Feature"}, {"geometry": {"coordinates": [[[834634.526920001, 821279.7234500013], [834638.0988000007, 821276.7520100027], [834628.7370500006, 821265.386020001], [834625.1076600011, 821268.4068600014], [834634.526920001, 821279.7234500013]]], "type": "Polygon"}, "properties": {"BaseHeight": 4.5, "BuildingBlockType": "Tower", "BuildingCSUID": "3463121273T20050430", "BuildingID": 1108226833, "BuildingNameEN": "SUM MING BUILDING", "BuildingNameTC": "森明唐樓", "DateCreate": 1114790400000, "DateStamp": 1599580800000, "GeoRefNo": "3463121273", "OBJECTID": 176807, "Shape__Area": 68.9711133631452, "Shape__Length": 38.81713037820596, "Status": "Active", "Storeys": 6, "StoreysInBasement": null, "TopHeight": 26.3}, "type": "Feature"}, {"geometry": {"coordinates": [[[834547.2016000012, 821202.7645300012], [834538.2863000007, 821192.1239000019], [834534.5661600009, 821195.1969300024], [834539.031010001, 821200.5246100016], [834539.1293800008, 821200.6419800017], [834541.524960001, 821203.500500001], [834541.8913400006, 821203.937690001], [834544.1626900006, 821206.6479600016], [834545.7452200009, 821208.5363700017], [834547.9044000013, 821206.7329400014], [834549.448950001, 821205.4476900026], [834547.2016000012, 821202.7645300012]]], "type": "Polygon"}, "properties": {"BaseHeight": 4.2, "BuildingBlockType": "Tower", "BuildingCSUID": "3454121199T20050430", "BuildingID": 1108227409, "BuildingNameEN": null, "BuildingNameTC": null, "DateCreate": 1114790400000, "DateStamp": 1599580800000, "GeoRefNo": "3454121199", "OBJECTID": 176816, "Shape__Area": 83.90040561247672, "Shape__Length": 44.43405467568139, "Status": "Active", "Storeys": 6, "StoreysInBasement": null, "TopHeight": 22.4}, "type": "Feature"}, {"geometry": {"coordinates": [[[834634.2703200011, 821196.1616100017], [834639.1311100004, 821202.0165300015], [834640.668370001, 821200.7363000009], [834642.2345000012, 821202.607470002], [834643.5474200007, 821201.5127700027], [834641.981180001, 821199.6429900024], [834642.7501100004, 821199.0022200011], [834632.8312000008, 821187.0833000019], [834629.2288600011, 821190.0890600011], [834634.2703200011, 821196.1616100017]]], "type": "Polygon"}, "properties": {"BaseHeight": 4.3, "BuildingBlockType": "Tower", "BuildingCSUID": "3463621194T20050430", "BuildingID": 1108227455, "BuildingNameEN": null, "BuildingNameTC": null, "DateCreate": 1114790400000, "DateStamp": 1599580800000, "GeoRefNo": "3463621194", "OBJECTID": 177035, "Shape__Area": 77.05161131604231, "Shape__Length": 45.29023436777541, "Status": "Active", "Storeys": 9, "StoreysInBasement": null, "TopHeight": 33.6}, "type": "Feature"}, {"geometry": {"coordinates": [[[834553.2334200004, 821202.2920500021], [834551.9611900011, 821200.7744700015], [834549.998420001, 821202.3888000026], [834551.2979000006, 821203.9037200026], [834553.2334200004, 821202.2920500021]]], "type": "Polygon"}, "properties": {"BaseHeight": 4.4, "BuildingBlockType": "Tower", "BuildingCSUID": "3455221202T20050430", "BuildingID": 1108227445, "BuildingNameEN": null, "BuildingNameTC": null, "DateCreate": 1114790400000, "DateStamp": 1599580800000, "GeoRefNo": "3455221202", "OBJECTID": 177038, "Shape__Area": 5.029475222009148, "Shape__Length": 9.03624826379964, "Status": "Active", "Storeys": 2, "StoreysInBasement": null, "TopHeight": 7.4}, "type": "Feature"}, {"geometry": {"coordinates": [[[834634.2703200011, 821196.1616100017], [834629.2288600011, 821190.0890600011], [834620.4103300013, 821197.449930001], [834623.5732900007, 821201.2158900015], [834627.7236900004, 821206.157540001], [834631.9472700004, 821211.1863300018], [834637.9368400006, 821206.0371200014], [834637.297580001, 821205.2525900025], [834638.5662700012, 821204.2052400019], [834632.8120900011, 821197.3665900026], [834634.2703200011, 821196.1616100017]]], "type": "Polygon"}, "properties": {"BaseHeight": 4.3, "BuildingBlockType": "Tower", "BuildingCSUID": "3462921197T20050430", "BuildingID": 1108227387, "BuildingNameEN": null, "BuildingNameTC": null, "DateCreate": 1114790400000, "DateStamp": 1599580800000, "GeoRefNo": "3462921197", "OBJECTID": 177225, "Shape__Area": 184.15076208923986, "Shape__Length": 58.70287775849029, "Status": "Active", "Storeys": 9, "StoreysInBasement": null, "TopHeight": 36.3}, "type": "Feature"}, {"geometry": {"coordinates": [[[834563.4694200009, 821197.9059400018], [834574.6727500008, 821211.2757100016], [834578.5558800008, 821208.035600001], [834568.408950001, 821196.0023700017], [834566.2202000013, 821197.915190002], [834565.0599000007, 821196.580740001], [834563.4694200009, 821197.9059400018]]], "type": "Polygon"}, "properties": {"BaseHeight": 4.3, "BuildingBlockType": "Tower", "BuildingCSUID": "3457021202T20050430", "BuildingID": 1108227386, "BuildingNameEN": null, "BuildingNameTC": null, "DateCreate": 1114790400000, "DateStamp": 1599580800000, "GeoRefNo": "3457021202", "OBJECTID": 177227, "Shape__Area": 82.67426066579395, "Shape__Length": 44.98629581104296, "Status": "Active", "Storeys": 6, "StoreysInBasement": null, "TopHeight": 27.2}, "type": "Feature"}, {"geometry": {"coordinates": [[[834575.7789400006, 821285.6740200017], [834579.4900500011, 821282.5846000016], [834569.3162400005, 821270.215830002], [834567.8710200004, 821268.4588700011], [834567.4246500004, 821268.8271200024], [834564.1879100008, 821271.4973800015], [834575.7789400006, 821285.6740200017]]], "type": "Polygon"}, "properties": {"BaseHeight": 4.4, "BuildingBlockType": "Tower", "BuildingCSUID": "3457121275T20050430", "BuildingID": 1108226784, "BuildingNameEN": null, "BuildingNameTC": null, "DateCreate": 1114790400000, "DateStamp": 1599580800000, "GeoRefNo": "3457121275", "OBJECTID": 177450, "Shape__Area": 87.87619882456889, "Shape__Length": 46.20583755993961, "Status": "Active", "Storeys": 10, "StoreysInBasement": null, "TopHeight": 34.7}, "type": "Feature"}, {"geometry": {"coordinates": [[[834480.279000001, 821258.3090000022], [834472.978000001, 821249.3740000017], [834468.199000001, 821253.3060000017], [834475.3610000005, 821262.2030000016], [834480.279000001, 821258.3090000022]]], "type": "Polygon"}, "properties": {"BaseHeight": 4.2, "BuildingBlockType": "Tower", "BuildingCSUID": "3447421256T20060626", "BuildingID": 1108226965, "BuildingNameEN": null, "BuildingNameTC": null, "DateCreate": 1151251200000, "DateStamp": 1361808000000, "GeoRefNo": "3447421256", "OBJECTID": 177659, "Shape__Area": 71.52608550073117, "Shape__Length": 35.42169904725388, "Status": "Active", "Storeys": null, "StoreysInBasement": null, "TopHeight": 9.3}, "type": "Feature"}, {"geometry": {"coordinates": [[[834583.2898700004, 821279.4197000023], [834587.0924300011, 821276.2549900021], [834578.6287200004, 821266.066800002], [834576.8834400009, 821263.9663500022], [834573.9038500013, 821266.4270900022], [834574.8540500011, 821267.5148800015], [834574.0531000011, 821268.1773800012], [834583.2898700004, 821279.4197000023]]], "type": "Polygon"}, "properties": {"BaseHeight": 4.5, "BuildingBlockType": "Tower", "BuildingCSUID": "3457921270T20050430", "BuildingID": 1108226837, "BuildingNameEN": null, "BuildingNameTC": null, "DateCreate": 1114790400000, "DateStamp": 1599580800000, "GeoRefNo": "3457921270", "OBJECTID": 177877, "Shape__Area": 76.91898545686522, "Shape__Length": 41.821576301276394, "Status": "Active", "Storeys": 9, "StoreysInBasement": null, "TopHeight": 32.4}, "type": "Feature"}, {"geometry": {"coordinates": [[[834541.242250001, 821281.2540100012], [834542.051190001, 821282.239310002], [834544.1956900004, 821284.8521700017], [834549.636810001, 821280.289640002], [834548.1834900007, 821278.560990002], [834551.200100001, 821275.7911100015], [834550.4464700008, 821274.9004800022], [834551.287370001, 821274.1866400018], [834550.6422000006, 821273.4100900013], [834541.242250001, 821281.2540100012]]], "type": "Polygon"}, "properties": {"BaseHeight": 4.3, "BuildingBlockType": "Tower", "BuildingCSUID": "3454521280T20050430", "BuildingID": 1108226793, "BuildingNameEN": null, "BuildingNameTC": null, "DateCreate": 1114790400000, "DateStamp": 1599580800000, "GeoRefNo": "3454521280", "OBJECTID": 177879, "Shape__Area": 43.320764157094914, "Shape__Length": 33.631838881310784, "Status": "Active", "Storeys": 6, "StoreysInBasement": null, "TopHeight": 25.4}, "type": "Feature"}, {"geometry": {"coordinates": [[[834635.3273900012, 821266.4157700017], [834637.0148400012, 821265.0301800016], [834645.2087800009, 821274.8110300023], [834649.3010600004, 821271.3808700014], [834654.3277900005, 821267.1674700025], [834653.5133900009, 821266.198710002], [834649.3010600004, 821261.1853900012], [834642.9140300006, 821253.5838300027], [834635.438120001, 821259.8079700023], [834632.0959400004, 821262.5892600026], [834635.3273900012, 821266.4157700017]]], "type": "Polygon"}, "properties": {"BaseHeight": 4.4, "BuildingBlockType": "Tower", "BuildingCSUID": "3463921261T20050430", "BuildingID": 1108226863, "BuildingNameEN": null, "BuildingNameTC": null, "DateCreate": 1114790400000, "DateStamp": 1599580800000, "GeoRefNo": "3463921261", "OBJECTID": 177880, "Shape__Area": 222.11167128301446, "Shape__Length": 63.66827471021537, "Status": "Active", "Storeys": 9, "StoreysInBasement": null, "TopHeight": 32.5}, "type": "Feature"}, {"geometry": {"coordinates": [[[834581.844560001, 821195.5114400014], [834583.3872500006, 821197.3562200014], [834581.8341000006, 821198.6511700023], [834581.3311800007, 821198.0644600019], [834576.8425700013, 821201.8747200016], [834580.5720300004, 821206.3534300011], [834581.5780700007, 821205.5042600017], [834593.6582200006, 821195.4320900012], [834594.4976600008, 821194.7321800012], [834593.6582200006, 821193.7442800011], [834589.6290800013, 821189.0025600027], [834581.844560001, 821195.5114400014]]], "type": "Polygon"}, "properties": {"BaseHeight": 4.4, "BuildingBlockType": "Tower", "BuildingCSUID": "3458721194T20050430", "BuildingID": 1108227427, "BuildingNameEN": null, "BuildingNameTC": null, "DateCreate": 1114790400000, "DateStamp": 1599580800000, "GeoRefNo": "3458721194", "OBJECTID": 177901, "Shape__Area": 121.26665472370101, "Shape__Length": 52.71929657742338, "Status": "Active", "Storeys": 6, "StoreysInBasement": null, "TopHeight": 24.7}, "type": "Feature"}, {"geometry": {"coordinates": [[[834638.0988000007, 821276.7520100027], [834641.5996000012, 821273.8395900019], [834635.3273900012, 821266.4157700017], [834632.0959400004, 821262.5892600026], [834628.7370500006, 821265.386020001], [834638.0988000007, 821276.7520100027]]], "type": "Polygon"}, "properties": {"BaseHeight": 4.4, "BuildingBlockType": "Tower", "BuildingCSUID": "3463521270T20050430", "BuildingID": 1108226847, "BuildingNameEN": "SUM MING BUILDING", "BuildingNameTC": "森明唐樓", "DateCreate": 1114790400000, "DateStamp": 1599580800000, "GeoRefNo": "3463521270", "OBJECTID": 178096, "Shape__Area": 65.70625583438989, "Shape__Length": 38.376941612561616, "Status": "Active", "Storeys": 6, "StoreysInBasement": null, "TopHeight": 24.1}, "type": "Feature"}, {"geometry": {"coordinates": [[[834631.1906400006, 821282.4992100019], [834634.526920001, 821279.7234500013], [834625.1076600011, 821268.4068600014], [834621.6997300005, 821271.2438800018], [834631.1906400006, 821282.4992100019]]], "type": "Polygon"}, "properties": {"BaseHeight": 4.4, "BuildingBlockType": "Tower", "BuildingCSUID": "3462821275T20050430", "BuildingID": 1108226810, "BuildingNameEN": "SUM MING BUILDING", "BuildingNameTC": "森明唐樓", "DateCreate": 1114790400000, "DateStamp": 1599580800000, "GeoRefNo": "3462821275", "OBJECTID": 178097, "Shape__Area": 64.59209814994068, "Shape__Length": 38.220738418285464, "Status": "Active", "Storeys": 6, "StoreysInBasement": null, "TopHeight": 24.1}, "type": "Feature"}, {"geometry": {"coordinates": [[[834627.6701200008, 821285.4278300013], [834631.1906400006, 821282.4992100019], [834621.6997300005, 821271.2438800018], [834618.2037900006, 821274.1539100017], [834627.6701200008, 821285.4278300013]]], "type": "Polygon"}, "properties": {"BaseHeight": 4.4, "BuildingBlockType": "Tower", "BuildingCSUID": "3462421278T20050430", "BuildingID": 1108226787, "BuildingNameEN": "SUM MING BUILDING", "BuildingNameTC": "森明唐樓", "DateCreate": 1114790400000, "DateStamp": 1599580800000, "GeoRefNo": "3462421278", "OBJECTID": 178104, "Shape__Area": 67.19006768991275, "Shape__Length": 38.57193870219046, "Status": "Active", "Storeys": 6, "StoreysInBasement": null, "TopHeight": 24.1}, "type": "Feature"}, {"geometry": {"coordinates": [[[834547.2016000012, 821202.7645300012], [834550.9980000006, 821199.6234700009], [834542.0841500005, 821188.986680001], [834538.2863000007, 821192.1239000019], [834547.2016000012, 821202.7645300012]]], "type": "Polygon"}, "properties": {"BaseHeight": 4.2, "BuildingBlockType": "Tower", "BuildingCSUID": "3454521196T20050430", "BuildingID": 1108227452, "BuildingNameEN": null, "BuildingNameTC": null, "DateCreate": 1114790400000, "DateStamp": 1599580800000, "GeoRefNo": "3454521196", "OBJECTID": 178115, "Shape__Area": 68.38061067426713, "Shape__Length": 37.61321034537036, "Status": "Active", "Storeys": 2, "StoreysInBasement": null, "TopHeight": 23.7}, "type": "Feature"}, {"geometry": {"coordinates": [[[834564.1879100008, 821271.4973800015], [834560.2600600012, 821274.7356000021], [834560.8978100009, 821275.4969400018], [834569.3647500006, 821285.6045800019], [834571.0963500012, 821287.6717300024], [834572.0349600008, 821288.792220002], [834575.7789400006, 821285.6740200017], [834564.1879100008, 821271.4973800015]]], "type": "Polygon"}, "properties": {"BaseHeight": 4.4, "BuildingBlockType": "Tower", "BuildingCSUID": "3456721278T20050430", "BuildingID": 1108226770, "BuildingNameEN": null, "BuildingNameTC": null, "DateCreate": 1114790400000, "DateStamp": 1599580800000, "GeoRefNo": "3456721278", "OBJECTID": 178326, "Shape__Area": 91.28114142130102, "Shape__Length": 46.611770291491425, "Status": "Active", "Storeys": 10, "StoreysInBasement": null, "TopHeight": 34.3}, "type": "Feature"}, {"geometry": {"coordinates": [[[834560.3410100006, 821223.2341900021], [834562.6455400009, 821221.3112700023], [834563.7990300013, 821220.3487900011], [834555.2470000004, 821210.181330001], [834554.3948000008, 821210.8930400014], [834551.7234300012, 821213.1240200009], [834560.3410100006, 821223.2341900021]]], "type": "Polygon"}, "properties": {"BaseHeight": 4.3, "BuildingBlockType": "Tower", "BuildingCSUID": "3455621214T20050430", "BuildingID": 1108227297, "BuildingNameEN": null, "BuildingNameTC": null, "DateCreate": 1114790400000, "DateStamp": 1599580800000, "GeoRefNo": "3455621214", "OBJECTID": 178330, "Shape__Area": 60.409030529098956, "Shape__Length": 35.664846901176766, "Status": "Active", "Storeys": 8, "StoreysInBasement": null, "TopHeight": 30.5}, "type": "Feature"}, {"geometry": {"coordinates": [[[834567.0958800009, 821217.5978900027], [834570.7806800008, 821214.5232700016], [834560.5813300004, 821202.3676900025], [834559.3220400009, 821203.4214500021], [834558.312810001, 821202.201820001], [834555.9210800007, 821204.1943900026], [834558.5869800011, 821207.3919700012], [834567.0958800009, 821217.5978900027]]], "type": "Polygon"}, "properties": {"BaseHeight": 4.4, "BuildingBlockType": "Tower", "BuildingCSUID": "3456321207T20050430", "BuildingID": 1108227342, "BuildingNameEN": "Ki Lung Building", "BuildingNameTC": "基隆樓", "DateCreate": 1114790400000, "DateStamp": 1599580800000, "GeoRefNo": "3456321207", "OBJECTID": 178761, "Shape__Area": 80.67207406198727, "Shape__Length": 44.45563994642612, "Status": "Active", "Storeys": 6, "StoreysInBasement": null, "TopHeight": 26.9}, "type": "Feature"}, {"geometry": {"coordinates": [[[834589.6290800013, 821189.0025600027], [834582.9971400006, 821181.1977100018], [834571.6955900006, 821190.6975700017], [834573.2978100004, 821192.6339900009], [834570.8585400004, 821194.688480001], [834573.770010001, 821198.1848800015], [834576.1780600008, 821196.1150100026], [834578.1997500006, 821198.5585600026], [834581.844560001, 821195.5114400014], [834589.6290800013, 821189.0025600027]]], "type": "Polygon"}, "properties": {"BaseHeight": 4.3, "BuildingBlockType": "Tower", "BuildingCSUID": "3458221190T20050430", "BuildingID": 1108227499, "BuildingNameEN": "Kwok Po House", "BuildingNameTC": null, "DateCreate": 1114790400000, "DateStamp": 1599580800000, "GeoRefNo": "3458221190", "OBJECTID": 179242, "Shape__Area": 166.03299582223045, "Shape__Length": 56.50301032341088, "Status": "Active", "Storeys": 4, "StoreysInBasement": null, "TopHeight": 23.7}, "type": "Feature"}, {"geometry": {"coordinates": [[[834563.5621000007, 821193.6797400024], [834565.1960300012, 821192.3174400013], [834562.9130600011, 821189.6048100013], [834564.7324500009, 821188.0775700025], [834556.0457900008, 821177.4536300022], [834553.4519200008, 821179.5963100027], [834552.4206100004, 821180.4482200015], [834563.5621000007, 821193.6797400024]]], "type": "Polygon"}, "properties": {"BaseHeight": 4.3, "BuildingBlockType": "Tower", "BuildingCSUID": "3455821185T20050430", "BuildingID": 1108227540, "BuildingNameEN": null, "BuildingNameTC": null, "DateCreate": 1114790400000, "DateStamp": 1599580800000, "GeoRefNo": "3455821185", "OBJECTID": 179246, "Shape__Area": 70.7829488767228, "Shape__Length": 43.771073184115934, "Status": "Active", "Storeys": 6, "StoreysInBasement": null, "TopHeight": 23.9}, "type": "Feature"}, {"geometry": {"coordinates": [[[834526.9266000008, 821153.8300000019], [834538.6331300009, 821167.8800100014], [834542.2227000007, 821164.886500001], [834540.0607500011, 821162.291650001], [834532.6235500006, 821153.3655500021], [834531.3195600007, 821154.4532700013], [834530.0878500007, 821153.0000000019], [834529.1928400006, 821151.9419600014], [834528.0631900011, 821152.8830900025], [834526.9266000008, 821153.8300000019]]], "type": "Polygon"}, "properties": {"BaseHeight": 4.2, "BuildingBlockType": "Tower", "BuildingCSUID": "3453421158T20050430", "BuildingID": 1109609235, "BuildingNameEN": null, "BuildingNameTC": "昌利大厦", "DateCreate": 1114790400000, "DateStamp": 1599580800000, "GeoRefNo": "3453421158", "OBJECTID": 179406, "Shape__Area": 79.84167641688136, "Shape__Length": 45.896302986080364, "Status": "Active", "Storeys": 6, "StoreysInBasement": null, "TopHeight": 26.5}, "type": "Feature"}, {"geometry": {"coordinates": [[[834568.5168600008, 821051.898930002], [834572.1858100006, 821048.8381500021], [834560.4520200007, 821034.938310001], [834559.7981500011, 821034.1637400016], [834557.9122200012, 821035.7663100027], [834556.7899800008, 821034.4189800024], [834555.1035100007, 821035.8471700009], [834568.5168600008, 821051.898930002]]], "type": "Polygon"}, "properties": {"BaseHeight": 4.2, "BuildingBlockType": "Tower", "BuildingCSUID": "3456221044T20050430", "BuildingID": 1108228584, "BuildingNameEN": null, "BuildingNameTC": null, "DateCreate": 1114790400000, "DateStamp": 1599580800000, "GeoRefNo": "3456221044", "OBJECTID": 179489, "Shape__Area": 94.60982051992204, "Shape__Length": 51.33864990405935, "Status": "Active", "Storeys": 6, "StoreysInBasement": null, "TopHeight": 26.3}, "type": "Feature"}, {"geometry": {"coordinates": [[[834579.0135100009, 821043.1416500024], [834582.6393800005, 821040.1164800022], [834573.7861700011, 821029.7031400017], [834569.008870001, 821024.083970001], [834567.940320001, 821024.9880400021], [834569.714970001, 821027.1045500021], [834567.335930001, 821029.113570001], [834579.0135100009, 821043.1416500024]]], "type": "Polygon"}, "properties": {"BaseHeight": 4.2, "BuildingBlockType": "Tower", "BuildingCSUID": "3457521034T20050430", "BuildingID": 1108228655, "BuildingNameEN": null, "BuildingNameTC": null, "DateCreate": 1114790400000, "DateStamp": 1599580800000, "GeoRefNo": "3457521034", "OBJECTID": 179490, "Shape__Area": 88.41470578183143, "Shape__Length": 51.29378894651419, "Status": "Active", "Storeys": 6, "StoreysInBasement": null, "TopHeight": 25.8}, "type": "Feature"}, {"geometry": {"coordinates": [[[834546.4604100008, 821033.2246800009], [834547.2706400007, 821032.5402700026], [834549.8611400006, 821035.6277200021], [834551.0070500011, 821034.659760002], [834549.6621500012, 821033.0568700023], [834550.0451800004, 821032.7354900017], [834547.9963700008, 821030.2936500013], [834549.1454700008, 821029.3295100015], [834545.2427700004, 821024.6781300027], [834538.8863000004, 821017.1022700015], [834535.392500001, 821020.0335800014], [834546.4604100008, 821033.2246800009]]], "type": "Polygon"}, "properties": {"BaseHeight": 4.1, "BuildingBlockType": "Tower", "BuildingCSUID": "3454221024T20050430", "BuildingID": 1108228713, "BuildingNameEN": null, "BuildingNameTC": null, "DateCreate": 1114790400000, "DateStamp": 1599580800000, "GeoRefNo": "3454221024", "OBJECTID": 180365, "Shape__Area": 83.64227620126005, "Shape__Length": 51.61174257480668, "Status": "Active", "Storeys": 8, "StoreysInBasement": null, "TopHeight": 30}, "type": "Feature"}, {"geometry": {"coordinates": [[[834538.2578100013, 821037.5396700017], [834540.1962700011, 821035.9022200014], [834543.0684400005, 821039.3024000023], [834543.9851600006, 821038.5280400012], [834545.3958600005, 821040.1980900019], [834546.1597900009, 821039.552790001], [834542.3125900012, 821034.9983200021], [834532.0445200009, 821022.842550002], [834528.4539300008, 821025.8550700024], [834538.2578100013, 821037.5396700017]]], "type": "Polygon"}, "properties": {"BaseHeight": 4.1, "BuildingBlockType": "Tower", "BuildingCSUID": "3453621031T20050430", "BuildingID": 1108228680, "BuildingNameEN": null, "BuildingNameTC": null, "DateCreate": 1114790400000, "DateStamp": 1361808000000, "GeoRefNo": "3453621031", "OBJECTID": 180369, "Shape__Area": 83.81524280170862, "Shape__Length": 53.188252663081215, "Status": "Active", "Storeys": null, "StoreysInBasement": null, "TopHeight": 17.3}, "type": "Feature"}, {"geometry": {"coordinates": [[[834542.3125900012, 821034.9983200021], [834543.6876800004, 821033.8367800023], [834547.1412300011, 821037.9252500013], [834548.5163100008, 821036.7637100015], [834545.9156100005, 821033.6848800015], [834546.4604100008, 821033.2246800009], [834535.392500001, 821020.0335800014], [834532.0445200009, 821022.842550002], [834542.3125900012, 821034.9983200021]]], "type": "Polygon"}, "properties": {"BaseHeight": 4.2, "BuildingBlockType": "Tower", "BuildingCSUID": "3453921027T20050430", "BuildingID": 1108228691, "BuildingNameEN": null, "BuildingNameTC": null, "DateCreate": 1114790400000, "DateStamp": 1599580800000, "GeoRefNo": "3453921027", "OBJECTID": 180373, "Shape__Area": 79.66811981985128, "Shape__Length": 51.19698304544893, "Status": "Active", "Storeys": 8, "StoreysInBasement": null, "TopHeight": 30}, "type": "Feature"}, {"geometry": {"coordinates": [[[834472.0102200005, 821019.4550600015], [834486.6970900008, 821037.0777800027], [834498.3594500013, 821027.3304600026], [834491.9476200007, 821019.6683300026], [834488.3918800009, 821022.6301000025], [834480.0427800007, 821012.6974500027], [834472.0102200005, 821019.4550600015]]], "type": "Polygon"}, "properties": {"BaseHeight": 4, "BuildingBlockType": "Tower", "BuildingCSUID": "3448021024T20050430", "BuildingID": 1108228698, "BuildingNameEN": "Kweilin Mansion", "BuildingNameTC": "桂林大廈", "DateCreate": 1114790400000, "DateStamp": 1599580800000, "GeoRefNo": "3448021024", "OBJECTID": 180374, "Shape__Area": 288.2359345319811, "Shape__Length": 76.23105370959416, "Status": "Active", "Storeys": 8, "StoreysInBasement": null, "TopHeight": 34.6}, "type": "Feature"}, {"geometry": {"coordinates": [[[834601.5202400004, 821264.2422800027], [834604.236060001, 821261.9818700012], [834605.2708600005, 821261.1199600026], [834596.2350600008, 821250.1768200025], [834594.3601200012, 821251.7285400014], [834593.6582200006, 821250.9195600022], [834591.7727900008, 821248.7465100009], [834589.9387400011, 821250.2585700024], [834592.4603000004, 821253.3031300027], [834593.6582200006, 821254.7495200019], [834601.5202400004, 821264.2422800027]]], "type": "Polygon"}, "properties": {"BaseHeight": 4.4, "BuildingBlockType": "Tower", "BuildingCSUID": "3459821255T20050430", "BuildingID": 1108226953, "BuildingNameEN": null, "BuildingNameTC": null, "DateCreate": 1114790400000, "DateStamp": 1599580800000, "GeoRefNo": "3459821255", "OBJECTID": 181557, "Shape__Area": 79.0074898947826, "Shape__Length": 45.9873717338691, "Status": "Active", "Storeys": 9, "StoreysInBasement": null, "TopHeight": 35.5}, "type": "Feature"}, {"geometry": {"coordinates": [[[834550.9980000006, 821199.6234700009], [834552.5262900004, 821198.3589900024], [834554.817830001, 821200.9684000015], [834556.7341500008, 821199.3730000015], [834545.5359300012, 821186.1353300009], [834544.9977800008, 821186.5798700023], [834542.0841500005, 821188.986680001], [834550.9980000006, 821199.6234700009]]], "type": "Polygon"}, "properties": {"BaseHeight": 4.2, "BuildingBlockType": "Tower", "BuildingCSUID": "3454821193T20050430", "BuildingID": 1108227476, "BuildingNameEN": null, "BuildingNameTC": null, "DateCreate": 1114790400000, "DateStamp": 1599580800000, "GeoRefNo": "3454821193", "OBJECTID": 181763, "Shape__Area": 71.32818759048436, "Shape__Length": 43.64385273078003, "Status": "Active", "Storeys": 6, "StoreysInBasement": null, "TopHeight": 24.2}, "type": "Feature"}, {"geometry": {"coordinates": [[[834642.7501100004, 821199.0022200011], [834643.5726100011, 821198.316850001], [834645.1383800004, 821200.1858200021], [834646.6723500006, 821198.9060500022], [834645.0991700012, 821197.045450002], [834646.2382900007, 821196.0964600015], [834636.3051900007, 821184.183530001], [834632.8312000008, 821187.0833000019], [834642.7501100004, 821199.0022200011]]], "type": "Polygon"}, "properties": {"BaseHeight": 4.4, "BuildingBlockType": "Tower", "BuildingCSUID": "3463921191T20050430", "BuildingID": 1108227483, "BuildingNameEN": null, "BuildingNameTC": null, "DateCreate": 1114790400000, "DateStamp": 1599580800000, "GeoRefNo": "3463921191", "OBJECTID": 181999, "Shape__Area": 75.14867501217421, "Shape__Length": 44.96794754615387, "Status": "Active", "Storeys": 9, "StoreysInBasement": null, "TopHeight": 33.6}, "type": "Feature"}, {"geometry": {"coordinates": [[[834556.7341500008, 821199.3730000015], [834558.3417600011, 821198.0325500015], [834556.0851100013, 821195.3363900017], [834557.7663900005, 821193.9250800014], [834548.8615200007, 821183.388220001], [834546.3745000008, 821185.4426200017], [834545.5359300012, 821186.1353300009], [834556.7341500008, 821199.3730000015]]], "type": "Polygon"}, "properties": {"BaseHeight": 4.2, "BuildingBlockType": "Tower", "BuildingCSUID": "3455221191T20050430", "BuildingID": 1108227492, "BuildingNameEN": null, "BuildingNameTC": null, "DateCreate": 1114790400000, "DateStamp": 1599580800000, "GeoRefNo": "3455221191", "OBJECTID": 182208, "Shape__Area": 66.91602511605232, "Shape__Length": 43.25224495835725, "Status": "Active", "Storeys": 6, "StoreysInBasement": null, "TopHeight": 24.2}, "type": "Feature"}, {"geometry": {"coordinates": [[[834557.7663900005, 821193.9250800014], [834559.5951800011, 821192.3899400011], [834561.8565600011, 821195.1017400026], [834563.5621000007, 821193.6797400024], [834552.4206100004, 821180.4482200015], [834551.8913900005, 821180.8853800017], [834548.8615200007, 821183.388220001], [834557.7663900005, 821193.9250800014]]], "type": "Polygon"}, "properties": {"BaseHeight": 4.3, "BuildingBlockType": "Tower", "BuildingCSUID": "3455521188T20050430", "BuildingID": 1108227526, "BuildingNameEN": null, "BuildingNameTC": null, "DateCreate": 1114790400000, "DateStamp": 1599580800000, "GeoRefNo": "3455521188", "OBJECTID": 182212, "Shape__Area": 71.2468433078073, "Shape__Length": 43.84889284642459, "Status": "Active", "Storeys": 6, "StoreysInBasement": null, "TopHeight": 27}, "type": "Feature"}, {"geometry": {"coordinates": [[[834319.7858000007, 821249.666120002], [834305.499710001, 821232.7820400018], [834301.7566900011, 821236.202080002], [834316.0968600009, 821252.9040100016], [834319.7858000007, 821249.666120002]]], "type": "Polygon"}, "properties": {"BaseHeight": 4.7, "BuildingBlockType": "Open-sided Structure", "BuildingCSUID": "3431121243T20140915", "BuildingID": 1810133011, "BuildingNameEN": null, "BuildingNameTC": null, "DateCreate": 1410710400000, "DateStamp": 1410710400000, "GeoRefNo": "3431121243", "OBJECTID": 186787, "Shape__Area": 110.05037952471034, "Shape__Length": 54.10915746266497, "Status": "Active", "Storeys": null, "StoreysInBasement": null, "TopHeight": 8.2}, "type": "Feature"}, {"geometry": {"coordinates": [[[834497.2899600007, 821110.7785400022], [834495.7747400012, 821108.9651400018], [834494.8278700011, 821109.7413600013], [834493.9938600007, 821108.7451800015], [834495.8908000011, 821107.1589800026], [834495.2536000004, 821106.3966000024], [834496.4857100006, 821105.3671000022], [834497.5169700012, 821106.6055200025], [834498.611490001, 821105.6850600019], [834500.575720001, 821108.0350400023], [834506.2953600008, 821103.2555100024], [834504.2193800006, 821100.8312300015], [834503.2274700012, 821101.6550600026], [834499.8745400012, 821097.6234100014], [834501.8587600011, 821095.9668600019], [834502.2337600011, 821095.6611200012], [834500.5138200009, 821093.5935000014], [834496.7456800006, 821089.1090700012], [834493.0503600007, 821092.221690001], [834492.3779300004, 821091.3460000027], [834491.7050300008, 821091.294400001], [834491.5530200005, 821093.2661900017], [834490.0439900011, 821093.1464500017], [834490.1592900008, 821091.6198900025], [834489.0458300011, 821090.3123900015], [834489.8990000011, 821089.603600001], [834488.8358200006, 821088.3172800019], [834490.8840700006, 821086.590590002], [834486.4272300005, 821081.1908100024], [834483.5652500009, 821083.5409700014], [834485.6356300004, 821086.0121900011], [834484.3655600008, 821087.126600001], [834485.7124200007, 821088.7097500023], [834483.2416500011, 821090.752890002], [834487.697780001, 821096.111130001], [834485.9606400011, 821097.5282800011], [834483.3437700011, 821094.3991200011], [834480.0341000007, 821097.1980500016], [834480.6730200006, 821097.9549400024], [834477.5949000008, 821100.5368300024], [834479.6601800006, 821103.0362400021], [834481.1435100008, 821101.7986800019], [834483.2785400013, 821104.3267900012], [834484.4306500005, 821103.3790900018], [834485.6558800004, 821104.8730400018], [834487.3356100004, 821103.4808300026], [834488.1244500009, 821104.4158900026], [834486.4681600006, 821105.8263300024], [834487.9293900011, 821107.5868000016], [834487.023860001, 821108.3377600014], [834492.4492300004, 821114.8311900012], [834497.2899600007, 821110.7785400022]]], "type": "Polygon"}, "properties": {"BaseHeight": 27.2, "BuildingBlockType": "Tower", "BuildingCSUID": "3449221103T20140923", "BuildingID": 1810133409, "BuildingNameEN": "Trinity Towers Tower 1", "BuildingNameTC": "丰滙第一座", "DateCreate": 1411401600000, "DateStamp": 1599580800000, "GeoRefNo": "3449221103", "OBJECTID": 186989, "Shape__Area": 389.5099816460998, "Shape__Length": 142.9266504821413, "Status": "Active", "Storeys": 33, "StoreysInBasement": null, "TopHeight": 126}, "type": "Feature"}, {"geometry": {"coordinates": [[[834408.8146900004, 821093.598650001], [834413.2996400008, 821089.8436400015], [834415.2795000011, 821092.2065700013], [834419.6771500008, 821088.6089700013], [834415.7383000012, 821083.9968500026], [834416.8867800012, 821083.0150500014], [834415.8300600005, 821081.736370001], [834419.368470001, 821078.7261400018], [834416.7989800004, 821075.6100500021], [834415.0301200012, 821077.0902400017], [834410.6016000006, 821080.7828900013], [834409.6070800005, 821079.6228400022], [834408.5060800007, 821079.4864600021], [834405.2741800006, 821082.1883200016], [834405.1328100013, 821083.3669000026], [834406.4234300004, 821084.9073800016], [834405.126600001, 821085.9993200023], [834406.437690001, 821087.5893900022], [834404.8935200004, 821088.8875200022], [834408.8146900004, 821093.598650001]]], "type": "Polygon"}, "properties": {"BaseHeight": 25.6, "BuildingBlockType": "Tower", "BuildingCSUID": "3441221085T20140923", "BuildingID": 1810133400, "BuildingNameEN": "Trinity Towers Tower 3", "BuildingNameTC": "丰滙第三座", "DateCreate": 1411401600000, "DateStamp": 1599580800000, "GeoRefNo": "3441221085", "OBJECTID": 187000, "Shape__Area": 151.84626856327594, "Shape__Length": 62.55536868106354, "Status": "Active", "Storeys": 24, "StoreysInBasement": null, "TopHeight": 98.2}, "type": "Feature"}, {"geometry": {"coordinates": [[[834439.9234600011, 821119.2612500023], [834438.6610500012, 821117.7655900009], [834441.2395800008, 821115.627390001], [834441.6958100004, 821116.1964900009], [834442.7183000008, 821115.3507300019], [834443.829140001, 821116.6509300023], [834443.220900001, 821117.1623800024], [834445.6112900004, 821119.9996900018], [834445.9586000005, 821120.4019100014], [834448.0579400007, 821118.6327900011], [834450.6329500005, 821116.428770002], [834452.313430001, 821118.4188800026], [834454.2559700012, 821116.7897900026], [834452.5973500004, 821114.7871800009], [834453.0971800005, 821114.3355300017], [834450.1660300009, 821110.8442300018], [834449.295020001, 821111.1219400018], [834448.4321500007, 821110.0770300012], [834450.4689200008, 821108.3589800019], [834453.1438000007, 821106.094730001], [834454.7422900004, 821108.0217900015], [834457.6456000004, 821105.6416200027], [834452.3071700009, 821099.1101600025], [834447.6814700011, 821102.9195900019], [834446.1998200007, 821101.1601500027], [834449.6236800011, 821098.3275500014], [834447.2031300012, 821095.5365900025], [834429.1360600004, 821110.533040002], [834431.5502700005, 821113.4237000011], [834434.2969900006, 821111.1378400009], [834434.9598800009, 821111.9317800011], [834438.1453800006, 821109.2825500015], [834439.9116500011, 821111.4104700014], [834438.9581400007, 821112.1813900024], [834437.8626200007, 821110.8830000013], [834431.8372600004, 821115.9142700024], [834433.263460001, 821117.5598100014], [834432.5309500005, 821118.1800100021], [834434.3400200009, 821120.3312700018], [834436.1996300006, 821118.7693200018], [834437.9400400007, 821120.8671000022], [834439.9234600011, 821119.2612500023]]], "type": "Polygon"}, "properties": {"BaseHeight": 29.3, "BuildingBlockType": "Tower", "BuildingCSUID": "3444321107T20140923", "BuildingID": 1810133405, "BuildingNameEN": "Trinity Towers Tower 2", "BuildingNameTC": "丰滙第二座", "DateCreate": 1411401600000, "DateStamp": 1599580800000, "GeoRefNo": "3444321107", "OBJECTID": 187001, "Shape__Area": 351.6081750717982, "Shape__Length": 135.97144863353125, "Status": "Active", "Storeys": 34, "StoreysInBasement": null, "TopHeight": 128.1}, "type": "Feature"}, {"geometry": {"coordinates": [[[834437.7980000004, 821322.3410000019], [834441.6110000005, 821319.2090000026], [834438.5990000004, 821315.2410000023], [834434.5000000009, 821318.3580000009], [834437.7980000004, 821322.3410000019]]], "type": "Polygon"}, "properties": {"BaseHeight": 5, "BuildingBlockType": "Tower", "BuildingCSUID": "3443821319T20110830", "BuildingID": 1810072236, "BuildingNameEN": null, "BuildingNameTC": null, "DateCreate": 1314633600000, "DateStamp": 1527004800000, "GeoRefNo": "3443821319", "OBJECTID": 195823, "Shape__Area": 25.58487549779433, "Shape__Length": 20.236784973722465, "Status": "Active", "Storeys": null, "StoreysInBasement": null, "TopHeight": 7.5}, "type": "Feature"}, {"geometry": {"coordinates": [[[834377.8212600006, 821176.3406000026], [834373.5062500006, 821171.1800300013], [834373.1128100008, 821170.7094800025], [834371.2196500013, 821168.445340002], [834366.0112500004, 821162.2163000014], [834365.427050001, 821161.5176100023], [834364.5970800007, 821162.2163000014], [834358.4891100004, 821167.3580900021], [834363.8753600009, 821173.7582100015], [834366.6763300011, 821177.086430002], [834367.931950001, 821178.5783800017], [834372.5668200012, 821184.085690001], [834379.4729500012, 821178.3160500024], [834378.9767000005, 821177.7225100026], [834377.8212600006, 821176.3406000026]]], "type": "Polygon"}, "properties": {"BaseHeight": 3.9, "BuildingBlockType": "Podium", "BuildingCSUID": "3437321177P20060627", "BuildingID": 1108245754, "BuildingNameEN": "CHI FUNG COURT", "BuildingNameTC": "置豐閣", "DateCreate": 1151337600000, "DateStamp": 1599580800000, "GeoRefNo": "3437321177", "OBJECTID": 208598, "Shape__Area": 197.6643323995034, "Shape__Length": 61.828047488164046, "Status": "Active", "Storeys": 1, "StoreysInBasement": null, "TopHeight": 9.5}, "type": "Feature"}, {"geometry": {"coordinates": [[[834458.4467300009, 821103.3557800017], [834462.9574300004, 821099.5957600027], [834464.478120001, 821101.4526200015], [834470.2393000005, 821096.6502200011], [834468.7186100008, 821094.7933600023], [834472.782300001, 821091.4059500024], [834469.9650000008, 821088.0261900015], [834469.3505000006, 821088.538420001], [834467.0207600007, 821090.4804400019], [834463.2943200013, 821086.0359000023], [834459.9913500007, 821088.7891900018], [834463.7178000007, 821093.2337200027], [834461.9280900005, 821094.7255900018], [834458.2143700011, 821090.270440001], [834454.9114200007, 821093.0237100013], [834458.6251400011, 821097.478860002], [834455.6294300007, 821099.9760100022], [834458.4467300009, 821103.3557800017]]], "type": "Polygon"}, "properties": {"BaseHeight": 16.3, "BuildingBlockType": "Tower", "BuildingCSUID": "3446421095T20050430", "BuildingID": 1109261417, "BuildingNameEN": "City Regalia", "BuildingNameTC": "嘉裕居", "DateCreate": 1114790400000, "DateStamp": 1599580800000, "GeoRefNo": "3446421095", "OBJECTID": 210778, "Shape__Area": 149.99790295403096, "Shape__Length": 74.12621560875913, "Status": "Active", "Storeys": 20, "StoreysInBasement": null, "TopHeight": 77.1}, "type": "Feature"}, {"geometry": {"coordinates": [[[834451.5997100007, 821313.0872100014], [834447.3990000011, 821307.728000002], [834442.5300000012, 821311.8640000019], [834446.6744400011, 821316.8929600026], [834446.8211900005, 821317.0710300021], [834450.0000000009, 821314.4208700024], [834451.5997100007, 821313.0872100014]]], "type": "Polygon"}, "properties": {"BaseHeight": null, "BuildingBlockType": "Open-sided Structure", "BuildingCSUID": "3444721312T20071121", "BuildingID": 1108226634, "BuildingNameEN": null, "BuildingNameTC": null, "DateCreate": 1195574400000, "DateStamp": 1274198400000, "GeoRefNo": "3444721312", "OBJECTID": 212978, "Shape__Area": 42.72265966608099, "Shape__Length": 26.166640843264258, "Status": "Active", "Storeys": null, "StoreysInBasement": null, "TopHeight": null}, "type": "Feature"}, {"geometry": {"coordinates": [[[834524.3880000012, 821394.0890000015], [834540.6860000007, 821380.5000000019], [834558.0130000012, 821366.0540000014], [834554.8910000008, 821362.262000002], [834556.0610000007, 821361.1920000017], [834560.5590000004, 821357.0800000019], [834557.4410000006, 821350.4200000018], [834558.3520000009, 821349.5900000017], [834543.2950000009, 821331.5670000017], [834538.7500000009, 821335.4600000009], [834535.165000001, 821338.4740000013], [834533.9390000012, 821337.0000000019], [834533.512000001, 821334.1360000018], [834532.6210000012, 821330.9410000015], [834531.3200000012, 821327.8900000025], [834529.5270000007, 821325.3620000016], [834527.4440000011, 821323.0660000015], [834525.1010000007, 821321.0370000023], [834522.5320000006, 821319.3020000011], [834519.7740000011, 821317.8880000021], [834517.0310000004, 821316.6750000026], [834520.580000001, 821313.7000000011], [834525.0990000004, 821309.7870000023], [834523.3740000008, 821307.722000001], [834521.0920000011, 821304.9910000023], [834520.0720000006, 821303.7690000013], [834515.9390000012, 821298.8220000025], [834500.0000000009, 821279.7440000027], [834492.0200000005, 821286.2500000019], [834491.8380000005, 821286.3920000009], [834489.2490000008, 821283.285000002], [834478.6460000006, 821291.6500000022], [834476.0600000005, 821293.8110000025], [834468.3100000005, 821300.2870000023], [834465.7240000004, 821302.4480000027], [834455.4180000005, 821311.0590000022], [834450.0000000009, 821315.5870000012], [834446.8590000011, 821318.211000001], [834450.0000000009, 821321.9870000016], [834498.6640000008, 821380.5000000019], [834500.0000000009, 821382.1060000025], [834515.8710000012, 821401.1890000012], [834524.3880000012, 821394.0890000015]]], "type": "Polygon"}, "properties": {"BaseHeight": 4.4, "BuildingBlockType": "Podium", "BuildingCSUID": "3450521339P20060311", "BuildingID": 1108245695, "BuildingNameEN": "DRAGON CENTRE", "BuildingNameTC": "西九龍中心", "DateCreate": 1142006400000, "DateStamp": 1413216000000, "GeoRefNo": "3450521339", "OBJECTID": 224200, "Shape__Area": 6726.901621971864, "Shape__Length": 367.3242969712637, "Status": "Active", "Storeys": null, "StoreysInBasement": null, "TopHeight": 19.7}, "type": "Feature"}, {"geometry": {"coordinates": [[[834375.5170000009, 821082.171000002], [834387.1662400011, 821072.3898300026], [834381.0453900006, 821065.0470900014], [834369.4209100008, 821074.7809300013], [834370.6210000012, 821076.2350000013], [834372.0810000012, 821078.006000001], [834373.1000000006, 821079.2400000021], [834375.5170000009, 821082.171000002]]], "type": "Polygon"}, "properties": {"BaseHeight": 3.7, "BuildingBlockType": "Podium", "BuildingCSUID": "3437821073P20060311", "BuildingID": 1108245798, "BuildingNameEN": "RIDON BUILDING", "BuildingNameTC": "班寶大廈", "DateCreate": 1142006400000, "DateStamp": 1599580800000, "GeoRefNo": "3437821073", "OBJECTID": 224225, "Shape__Area": 145.323019006303, "Shape__Length": 49.511991863689886, "Status": "Active", "Storeys": 1, "StoreysInBasement": null, "TopHeight": 10.1}, "type": "Feature"}, {"geometry": {"coordinates": [[[834425.530220001, 821070.7677500024], [834420.1092400011, 821064.2695000023], [834412.8639700012, 821070.2966400012], [834416.2838800009, 821074.3544800021], [834417.395560001, 821075.6735200025], [834417.8687600009, 821076.234980002], [834418.5072300006, 821076.9925600011], [834419.8198700007, 821078.550040001], [834420.891710001, 821079.8217900023], [834421.8584000012, 821080.9687800016], [834423.2977000009, 821082.6765400022], [834426.601590001, 821086.5966500025], [834433.7556100013, 821080.627700001], [834430.275820001, 821076.4564000014], [834425.530220001, 821070.7677500024]]], "type": "Polygon"}, "properties": {"BaseHeight": 3.9, "BuildingBlockType": "Podium", "BuildingCSUID": "3442621080P20060627", "BuildingID": 1108245792, "BuildingNameEN": "TAK FU BUILDING", "BuildingNameTC": "德富大廈", "DateCreate": 1151337600000, "DateStamp": 1599580800000, "GeoRefNo": "3442621080", "OBJECTID": 224228, "Shape__Area": 199.6893816401251, "Shape__Length": 61.36142332762105, "Status": "Active", "Storeys": 2, "StoreysInBasement": null, "TopHeight": 11.1}, "type": "Feature"}, {"geometry": {"coordinates": [[[834486.7954300009, 821211.0673100017], [834491.7047200007, 821206.9772500023], [834499.0055000009, 821200.8947900012], [834497.6210000012, 821199.2310000025], [834496.0200000005, 821197.3020000011], [834494.4170000004, 821195.370000001], [834492.9652700005, 821193.625450002], [834491.589230001, 821194.7750500012], [834478.3335700007, 821205.8186800014], [834484.3820000011, 821213.0780000016], [834486.7954300009, 821211.0673100017]]], "type": "Polygon"}, "properties": {"BaseHeight": 4.1, "BuildingBlockType": "Podium", "BuildingCSUID": "3448821203P20060311", "BuildingID": 1109609297, "BuildingNameEN": "MING FAI BUILDING", "BuildingNameTC": "明輝大廈", "DateCreate": 1142006400000, "DateStamp": 1599580800000, "GeoRefNo": "3448821203", "OBJECTID": 224303, "Shape__Area": 179.9081474872319, "Shape__Length": 56.980094621363676, "Status": "Active", "Storeys": 2, "StoreysInBasement": null, "TopHeight": 11.7}, "type": "Feature"}, {"geometry": {"coordinates": [[[834485.2417900013, 821184.591380002], [834480.3363700006, 821178.6997800022], [834475.2648000009, 821172.6128500011], [834473.5372600006, 821170.539450001], [834462.7649300005, 821179.5141600017], [834464.4442700008, 821181.5297000017], [834465.9420500007, 821183.327610001], [834467.4302400006, 821185.1139900014], [834473.4949800009, 821192.3924900014], [834474.4714000011, 821193.564410001], [834474.6691800011, 821193.3996300027], [834485.2417900013, 821184.591380002]]], "type": "Polygon"}, "properties": {"BaseHeight": 4, "BuildingBlockType": "Podium", "BuildingCSUID": "3447821187P20060627", "BuildingID": 1109609307, "BuildingNameEN": "LEE LUEN YICK BUILDING", "BuildingNameTC": "利聯益大廈", "DateCreate": 1151337600000, "DateStamp": 1599580800000, "GeoRefNo": "3447821187", "OBJECTID": 224304, "Shape__Area": 256.40890113338486, "Shape__Length": 64.61548977480518, "Status": "Active", "Storeys": 2, "StoreysInBasement": 1, "TopHeight": 13}, "type": "Feature"}, {"geometry": {"coordinates": [[[834560.7580000004, 821298.1820000019], [834563.9680000013, 821295.5110000018], [834565.1190000009, 821294.5530000012], [834565.6570000006, 821294.1050000023], [834570.0920000011, 821290.4140000027], [834569.4140000008, 821289.6050000023], [834567.1380000012, 821286.8880000021], [834566.7400000012, 821286.4130000025], [834563.8280000007, 821282.9360000025], [834562.4500000011, 821281.2920000013], [834559.3040000005, 821277.535000002], [834558.6620000005, 821276.7690000013], [834554.2260000007, 821280.4660000019], [834553.688000001, 821280.9140000027], [834552.5370000005, 821281.8730000015], [834549.3660000004, 821284.5150000025], [834545.9860000005, 821287.3320000023], [834546.6250000009, 821288.1010000017], [834549.7540000007, 821291.8720000014], [834551.1240000008, 821293.5230000019], [834554.0210000006, 821297.0130000021], [834554.4160000011, 821297.4890000019], [834554.6600000011, 821297.7840000018], [834559.2410000004, 821298.0830000024], [834560.7580000004, 821298.1820000019]]], "type": "Polygon"}, "properties": {"BaseHeight": 4.3, "BuildingBlockType": "Podium", "BuildingCSUID": "3455821288P20060311", "BuildingID": 1108245717, "BuildingNameEN": "MILAN PLACE", "BuildingNameTC": "米蘭軒", "DateCreate": 1142006400000, "DateStamp": 1599580800000, "GeoRefNo": "3455821288", "OBJECTID": 224417, "Shape__Area": 284.996334004131, "Shape__Length": 66.13693028016702, "Status": "Active", "Storeys": 2, "StoreysInBasement": null, "TopHeight": 14.2}, "type": "Feature"}, {"geometry": {"coordinates": [[[834552.495000001, 821457.876000002], [834604.5510000009, 821414.3860000018], [834603.086000001, 821412.5480000023], [834606.0680000009, 821410.0300000012], [834606.3460000008, 821407.0750000011], [834585.9960000012, 821382.6350000016], [834578.438000001, 821373.558000002], [834573.449000001, 821367.5660000015], [834573.0650000004, 821367.8860000018], [834572.4250000007, 821367.1170000024], [834569.3520000009, 821369.6820000019], [834566.7930000005, 821366.6080000009], [834546.961000001, 821383.1230000015], [834543.1960000005, 821386.2590000015], [834511.3330000006, 821412.7930000015], [834524.5050000008, 821428.5730000027], [834547.2240000004, 821455.7920000013], [834548.387000001, 821454.8450000025], [834551.5450000009, 821458.6690000016], [834552.495000001, 821457.876000002]]], "type": "Polygon"}, "properties": {"BaseHeight": 4.6, "BuildingBlockType": "Podium", "BuildingCSUID": "3456021411P20060311", "BuildingID": 1108245681, "BuildingNameEN": "CHEUNG SHA WAN GOVERNMENT OFFICES", "BuildingNameTC": "長沙灣政府合署", "DateCreate": 1142006400000, "DateStamp": 1789833600000, "GeoRefNo": "3456021411", "OBJECTID": 224422, "Shape__Area": 4627.0011375763015, "Shape__Length": 273.8470675777693, "Status": "Active", "Storeys": 4, "StoreysInBasement": 4, "TopHeight": 19.4}, "type": "Feature"}, {"geometry": {"coordinates": [[[834301.7680000011, 821190.7950000018], [834305.7540000007, 821187.4550000019], [834309.4330000011, 821184.3720000014], [834313.1120000007, 821181.290000001], [834316.2120000012, 821178.6930000018], [834320.4710000008, 821175.1250000019], [834324.3040000005, 821171.9140000027], [834327.6770000011, 821169.0880000014], [834331.6630000006, 821165.7480000015], [834335.1890000012, 821162.7940000016], [834334.7020000005, 821162.2160000019], [834332.6300000008, 821159.7590000015], [834327.9710000008, 821154.2300000023], [834326.0380000006, 821151.9360000025], [834321.586000001, 821146.654000001], [834318.0670000007, 821149.6160000023], [834316.2120000012, 821151.1770000011], [834314.0880000005, 821152.9640000015], [834310.7210000008, 821155.7970000021], [834306.8960000006, 821159.0170000009], [834303.0940000005, 821162.2160000019], [834299.5510000009, 821165.1980000027], [834295.8780000005, 821168.2890000027], [834292.205000001, 821171.3790000025], [834288.2270000009, 821174.728000002], [834284.6840000004, 821177.7090000026], [834289.0550000006, 821182.921000002], [834290.9820000008, 821185.2190000024], [834295.6290000007, 821190.7590000015], [834296.2630000012, 821191.5150000025], [834300.8000000007, 821191.6050000023], [834301.7680000011, 821190.7950000018]]], "type": "Polygon"}, "properties": {"BaseHeight": 3.9, "BuildingBlockType": "Podium", "BuildingCSUID": "3430921170P20060311", "BuildingID": 1108245750, "BuildingNameEN": null, "BuildingNameTC": null, "DateCreate": 1142006400000, "DateStamp": 1599580800000, "GeoRefNo": "3430921170", "OBJECTID": 226700, "Shape__Area": 1010.9135905005488, "Shape__Length": 136.75784880603962, "Status": "Active", "Storeys": 3, "StoreysInBasement": null, "TopHeight": 14}, "type": "Feature"}, {"geometry": {"coordinates": [[[834545.745000001, 821208.5360000022], [834534.5660000006, 821195.1970000025], [834530.3740000008, 821198.6590000018], [834526.2340000011, 821202.0800000019], [834537.4540000008, 821215.4510000013], [834541.6130000008, 821211.9830000009], [834545.745000001, 821208.5360000022]]], "type": "Polygon"}, "properties": {"BaseHeight": 4.2, "BuildingBlockType": "Podium", "BuildingCSUID": "3453521205P20060311", "BuildingID": 1108245743, "BuildingNameEN": "GOLD CANYON COURT", "BuildingNameTC": "嘉利閣", "DateCreate": 1142006400000, "DateStamp": 1599580800000, "GeoRefNo": "3453521205", "OBJECTID": 226900, "Shape__Area": 188.2726574844939, "Shape__Length": 56.462357098814905, "Status": "Active", "Storeys": 2, "StoreysInBasement": null, "TopHeight": 10}, "type": "Feature"}, {"geometry": {"coordinates": [[[834432.1912400005, 821050.1044800021], [834426.3352300012, 821043.1870700009], [834425.033040001, 821041.6488500014], [834423.3318500007, 821039.6043400019], [834418.6345100012, 821033.9590000026], [834411.7088700011, 821039.8784000017], [834425.1778200008, 821056.0098900013], [834432.1912400005, 821050.1044800021]]], "type": "Polygon"}, "properties": {"BaseHeight": 3.8, "BuildingBlockType": "Podium", "BuildingCSUID": "3442321051P20060627", "BuildingID": 1108245807, "BuildingNameEN": "HAI TIN MANSION", "BuildingNameTC": "海天大廈", "DateCreate": 1151337600000, "DateStamp": 1413216000000, "GeoRefNo": "3442321051", "OBJECTID": 227112, "Shape__Area": 191.90005364583047, "Shape__Length": 60.37678990558338, "Status": "Active", "Storeys": null, "StoreysInBasement": null, "TopHeight": 8.9}, "type": "Feature"}, {"geometry": {"coordinates": [[[834418.0204300005, 821061.980820002], [834412.4041400012, 821055.3256100025], [834408.5536500011, 821050.7628300022], [834404.4387200009, 821045.8866900019], [834397.5926200012, 821051.5359000023], [834401.7097200006, 821056.4102500025], [834405.5622400008, 821060.9713500012], [834409.2965900004, 821065.3925400022], [834411.1568200011, 821067.593100002], [834418.0204300005, 821061.980820002]]], "type": "Polygon"}, "properties": {"BaseHeight": 3.8, "BuildingBlockType": "Podium", "BuildingCSUID": "3441021060P20060627", "BuildingID": 1108245803, "BuildingNameEN": "FU CHEONG BUILDING", "BuildingNameTC": "富昌大廈", "DateCreate": 1151337600000, "DateStamp": 1413216000000, "GeoRefNo": "3441021060", "OBJECTID": 227563, "Shape__Area": 186.6327843753688, "Shape__Length": 59.820608821875936, "Status": "Active", "Storeys": null, "StoreysInBasement": null, "TopHeight": 8.3}, "type": "Feature"}, {"geometry": {"coordinates": [[[834455.6290000007, 821099.9760000017], [834458.4470000006, 821103.3560000025], [834462.6090000011, 821108.3490000013], [834468.5200000005, 821103.4220000021], [834470.6920000007, 821101.6110000014], [834471.461050001, 821100.9699200019], [834477.6150000012, 821095.8400000017], [834475.7870000005, 821093.6750000026], [834478.4006600007, 821091.493350001], [834470.3120000008, 821081.8390000015], [834468.9552500006, 821080.219560001], [834468.0845400011, 821080.9554200023], [834465.5882900013, 821077.9758600015], [834462.6302900007, 821080.4757500011], [834462.6300000008, 821080.4760000017], [834448.9140000008, 821091.9200000018], [834455.6290000007, 821099.9760000017]]], "type": "Polygon"}, "properties": {"BaseHeight": 4, "BuildingBlockType": "Podium", "BuildingCSUID": "3446321093P20060311", "BuildingID": 1109261491, "BuildingNameEN": "CITY REGALIA", "BuildingNameTC": "嘉裕居", "DateCreate": 1142006400000, "DateStamp": 1599580800000, "GeoRefNo": "3446321093", "OBJECTID": 227629, "Shape__Area": 475.99304501661044, "Shape__Length": 88.63360103620226, "Status": "Active", "Storeys": 4, "StoreysInBasement": null, "TopHeight": 16.3}, "type": "Feature"}, {"geometry": {"coordinates": [[[834623.915000001, 821356.8120000027], [834614.6090000011, 821364.4390000012], [834612.239000001, 821366.3890000023], [834618.1750000007, 821373.5770000014], [834631.2990000006, 821362.7940000016], [834625.3090000004, 821355.7700000014], [834624.8380000005, 821356.0660000015], [834624.4300000006, 821356.3910000026], [834623.915000001, 821356.8120000027]]], "type": "Polygon"}, "properties": {"BaseHeight": 4.7, "BuildingBlockType": "Podium", "BuildingCSUID": "3462121364P20060311", "BuildingID": 1108245704, "BuildingNameEN": "PROSPERITY COURT", "BuildingNameTC": "廣興閣", "DateCreate": 1142006400000, "DateStamp": 1599580800000, "GeoRefNo": "3462121364", "OBJECTID": 228070, "Shape__Area": 157.54594849065919, "Shape__Length": 52.38349486890437, "Status": "Active", "Storeys": 3, "StoreysInBasement": null, "TopHeight": 15.6}, "type": "Feature"}, {"geometry": {"coordinates": [[[834651.870000001, 821375.3350000009], [834639.4060000004, 821360.5040000025], [834627.739000001, 821370.074000001], [834630.5780000007, 821373.4870000016], [834640.1550000012, 821385.006000001], [834645.6130000008, 821380.5000000019], [834649.3010000009, 821377.4550000019], [834650.0000000009, 821376.8790000025], [834651.870000001, 821375.3350000009]]], "type": "Polygon"}, "properties": {"BaseHeight": 4.6, "BuildingBlockType": "Podium", "BuildingCSUID": "3463921372P20060311", "BuildingID": 1108245701, "BuildingNameEN": "SUI CHEONG HOUSE", "BuildingNameTC": "瑞祥大廈", "DateCreate": 1142006400000, "DateStamp": 1599580800000, "GeoRefNo": "3463921372", "OBJECTID": 228080, "Shape__Area": 293.6478759937013, "Shape__Length": 69.07349244368301, "Status": "Active", "Storeys": 2, "StoreysInBasement": null, "TopHeight": 11.7}, "type": "Feature"}, {"geometry": {"coordinates": [[[834566.7020000005, 821254.6620000023], [834560.296000001, 821247.0170000009], [834544.0820000004, 821260.4420000017], [834542.5870000012, 821261.6810000017], [834554.6550000012, 821276.1430000011], [834572.4180000005, 821261.4820000026], [834566.7020000005, 821254.6620000023]]], "type": "Polygon"}, "properties": {"BaseHeight": 4.3, "BuildingBlockType": "Podium", "BuildingCSUID": "3455721261P20060311", "BuildingID": 1108245721, "BuildingNameEN": "LUEN HONG BUILDING", "BuildingNameTC": "聯康大廈", "DateCreate": 1142006400000, "DateStamp": 1599580800000, "GeoRefNo": "3455721261", "OBJECTID": 228273, "Shape__Area": 433.87200899586975, "Shape__Length": 83.73259539468515, "Status": "Active", "Storeys": 2, "StoreysInBasement": null, "TopHeight": 12.9}, "type": "Feature"}, {"geometry": {"coordinates": [[[834532.7570000011, 821219.3680000026], [834521.546000001, 821205.9520000014], [834518.2270000009, 821208.694000002], [834516.824000001, 821209.853000002], [834515.0510000009, 821211.3180000018], [834526.3460000008, 821224.7150000017], [834528.2080000006, 821223.1610000022], [834529.472000001, 821222.1080000009], [834530.7810000004, 821221.0020000022], [834532.7570000011, 821219.3680000026]]], "type": "Polygon"}, "properties": {"BaseHeight": 4.2, "BuildingBlockType": "Podium", "BuildingCSUID": "3452321215P20060311", "BuildingID": 1108245740, "BuildingNameEN": "LONGFAIR COURT", "BuildingNameTC": "長輝閣", "DateCreate": 1142006400000, "DateStamp": 1599580800000, "GeoRefNo": "3452321215", "OBJECTID": 228505, "Shape__Area": 146.7648774997424, "Shape__Length": 51.77970554683397, "Status": "Active", "Storeys": 3, "StoreysInBasement": null, "TopHeight": 8.8}, "type": "Feature"}, {"geometry": {"coordinates": [[[834316.2120000012, 821229.3710000012], [834351.5000000009, 821200.1250000019], [834351.6510000005, 821200.0000000019], [834352.3010000009, 821199.4620000012], [834360.2770000007, 821192.8510000017], [834355.0820000004, 821186.6010000017], [834351.5300000012, 821182.3280000016], [834346.881000001, 821176.7340000011], [834342.9060000004, 821180.0240000021], [834338.8910000008, 821183.3460000027], [834335.790000001, 821185.9130000025], [834331.5640000012, 821189.4090000018], [834318.7660000008, 821200.0000000019], [834316.2120000012, 821202.1140000019], [834314.8650000012, 821203.228000002], [834310.9080000008, 821206.5020000022], [834307.8650000012, 821209.0210000016], [834303.7180000013, 821212.4520000014], [834299.6730000004, 821215.7990000024], [834304.4020000007, 821221.4360000025], [834308.0020000013, 821225.728000002], [834313.171000001, 821231.8910000026], [834316.2120000012, 821229.3710000012]]], "type": "Polygon"}, "properties": {"BaseHeight": 4, "BuildingBlockType": "Podium", "BuildingCSUID": "3432921204P20060311", "BuildingID": 1108245735, "BuildingNameEN": null, "BuildingNameTC": null, "DateCreate": 1142006400000, "DateStamp": 1599580800000, "GeoRefNo": "3432921204", "OBJECTID": 228508, "Shape__Area": 1284.5548624936462, "Shape__Length": 164.4170963967049, "Status": "Active", "Storeys": 1, "StoreysInBasement": null, "TopHeight": 7.3}, "type": "Feature"}, {"geometry": {"coordinates": [[[834530.7099100007, 821207.4137100019], [834530.8332500011, 821207.5606900025], [834533.2308500009, 821210.4176700022], [834535.4038300011, 821208.5927200019], [834537.0504400004, 821210.5437500011], [834541.2098000012, 821207.0702600013], [834539.5926500009, 821205.1188900024], [834541.524960001, 821203.500500001], [834539.1293800008, 821200.6419800017], [834539.031010001, 821200.5246100016], [834537.0673100008, 821202.1145400014], [834535.4751100009, 821200.2196300011], [834531.3122300012, 821203.6864100024], [834532.9094500011, 821205.5963200014], [834530.7099100007, 821207.4137100019]]], "type": "Polygon"}, "properties": {"BaseHeight": 10, "BuildingBlockType": "Tower", "BuildingCSUID": "3453521205T20050430", "BuildingID": 1108227391, "BuildingNameEN": "Gold Canyon Court", "BuildingNameTC": "嘉利閣", "DateCreate": 1114790400000, "DateStamp": 1599580800000, "GeoRefNo": "3453521205", "OBJECTID": 239545, "Shape__Area": 69.49537878463529, "Shape__Length": 39.43092974281666, "Status": "Active", "Storeys": 13, "StoreysInBasement": null, "TopHeight": 46}, "type": "Feature"}, {"geometry": {"coordinates": [[[834425.033040001, 821041.6488500014], [834423.3339800006, 821039.606900001], [834421.916840001, 821040.8001400027], [834420.1030400004, 821038.6277900022], [834416.932310001, 821041.2975900024], [834419.4319100007, 821044.2913000025], [834418.0932400012, 821045.4184700027], [834421.1568400012, 821049.0876900014], [834422.4955100007, 821047.9605100024], [834424.8925500009, 821050.8314000014], [834428.0743000004, 821048.1748000011], [834426.2046100004, 821045.9355100021], [834426.969560001, 821045.291410001], [834425.7037400007, 821043.7753600013], [834426.3631900009, 821043.2200900018], [834425.033040001, 821041.6488500014]]], "type": "Polygon"}, "properties": {"BaseHeight": 8.9, "BuildingBlockType": "Tower", "BuildingCSUID": "3442021043T20050430", "BuildingID": 1108228594, "BuildingNameEN": "Hai Tin Mansion", "BuildingNameTC": "海天大廈", "DateCreate": 1114790400000, "DateStamp": 1599580800000, "GeoRefNo": "3442021043", "OBJECTID": 240397, "Shape__Area": 70.59124219313495, "Shape__Length": 40.36217820132844, "Status": "Active", "Storeys": 16, "StoreysInBasement": null, "TopHeight": 51.9}, "type": "Feature"}, {"geometry": {"coordinates": [[[834335.7771000005, 821202.1296300013], [834336.0281100012, 821202.4359100014], [834338.9591300013, 821200.0000000019], [834340.7491900008, 821198.5123200025], [834341.9824200012, 821200.0000000019], [834343.7255800012, 821202.1028200015], [834346.2537200004, 821200.0000000019], [834347.6355700009, 821198.8506200016], [834344.380570001, 821194.9948600009], [834346.4100900004, 821193.311830001], [834349.6524100006, 821197.1730900016], [834352.3010600004, 821194.9700500015], [834353.3967400007, 821194.0587000027], [834352.3010600004, 821192.710330002], [834350.4586700005, 821190.4430400021], [834352.3010600004, 821188.9118400011], [834355.0819900008, 821186.6006500013], [834352.3010600004, 821183.2549100015], [834351.5303700007, 821182.327680001], [834347.605560001, 821185.584540002], [834342.9060900006, 821180.0238500014], [834338.8910300005, 821183.3463800009], [834341.391090001, 821186.493780002], [834338.3294600006, 821189.0151200015], [834335.7897700006, 821185.9126900025], [834331.5641800007, 821189.4093400016], [834334.118040001, 821192.4832500014], [834336.229580001, 821195.0247000027], [834332.4943200005, 821198.1242700014], [834334.0316600008, 821200.0000000019], [834335.7771000005, 821202.1296300013]]], "type": "Polygon"}, "properties": {"BaseHeight": 7.3, "BuildingBlockType": "Tower", "BuildingCSUID": "3434321191T20050430", "BuildingID": 1108227457, "BuildingNameEN": "Grammy Centre Block A", "BuildingNameTC": "嘉美中心Ａ座", "DateCreate": 1114790400000, "DateStamp": 1599580800000, "GeoRefNo": "3434321191", "OBJECTID": 243238, "Shape__Area": 274.7629793339826, "Shape__Length": 102.51086592863619, "Status": "Active", "Storeys": 14, "StoreysInBasement": null, "TopHeight": 46.4}, "type": "Feature"}, {"geometry": {"coordinates": [[[834412.8639700012, 821070.2966400012], [834398.9982400006, 821081.8045800012], [834404.8935200004, 821088.8875200022], [834408.8146900004, 821093.598650001], [834412.5260200007, 821098.0576600023], [834426.601590001, 821086.5966500025], [834423.2977000009, 821082.6765400022], [834421.8584000012, 821080.9687800016], [834420.891710001, 821079.8217900023], [834419.8198700007, 821078.550040001], [834418.5072300006, 821076.9925600011], [834417.8687600009, 821076.234980002], [834417.395560001, 821075.6735200025], [834416.2838800009, 821074.3544800021], [834412.8639700012, 821070.2966400012]]], "type": "Polygon"}, "properties": {"BaseHeight": 3.9, "BuildingBlockType": "Podium", "BuildingCSUID": "3441321084P20140923", "BuildingID": 1810133399, "BuildingNameEN": null, "BuildingNameTC": null, "DateCreate": 1411401600000, "DateStamp": 1599580800000, "GeoRefNo": "3441321084", "OBJECTID": 246352, "Shape__Area": 383.9578872123031, "Shape__Length": 78.63386723864265, "Status": "Active", "Storeys": 4, "StoreysInBasement": null, "TopHeight": 25.6}, "type": "Feature"}, {"geometry": {"coordinates": [[[834587.0924300011, 821276.2549900021], [834594.3075100007, 821270.2475700025], [834593.6582200006, 821269.474990001], [834585.7779600006, 821260.0985900015], [834582.6062700013, 821256.3242800012], [834575.4546800004, 821262.1880300026], [834576.8834400009, 821263.9663500022], [834578.6287200004, 821266.066800002], [834587.0924300011, 821276.2549900021]]], "type": "Polygon"}, "properties": {"BaseHeight": 4.5, "BuildingBlockType": "Tower", "BuildingCSUID": "3458621266T20050430", "BuildingID": 1108226853, "BuildingNameEN": "Tender Court", "BuildingNameTC": "溫馨閣", "DateCreate": 1114790400000, "DateStamp": 1599580800000, "GeoRefNo": "3458621266", "OBJECTID": 250763, "Shape__Area": 170.09198586689376, "Shape__Length": 55.081318330664125, "Status": "Active", "Storeys": 12, "StoreysInBasement": null, "TopHeight": 19.1}, "type": "Feature"}, {"geometry": {"coordinates": [[[834587.5851600012, 821237.825480001], [834591.0726400008, 821241.9690900017], [834593.6582200006, 821239.8148200009], [834595.443500001, 821238.3273500018], [834596.9798600012, 821240.2221000027], [834599.2143800007, 821238.3734700009], [834597.6532300012, 821236.4868800025], [834602.0441200007, 821232.8292000014], [834593.6582200006, 821222.723910002], [834592.0215100013, 821220.7516200021], [834580.9382600011, 821229.9280700013], [834587.5851600012, 821237.825480001]]], "type": "Polygon"}, "properties": {"BaseHeight": 4.3, "BuildingBlockType": "Tower", "BuildingCSUID": "3459121232T20050430", "BuildingID": 1108227139, "BuildingNameEN": "Tai Tak Building", "BuildingNameTC": "大德樓", "DateCreate": 1114790400000, "DateStamp": 1599580800000, "GeoRefNo": "3459121232", "OBJECTID": 250972, "Shape__Area": 232.33842643303475, "Shape__Length": 65.0140588600953, "Status": "Active", "Storeys": 10, "StoreysInBasement": null, "TopHeight": 36.5}, "type": "Feature"}, {"geometry": {"coordinates": [[[834554.1581400009, 821103.6621300019], [834547.0081700012, 821109.6258600019], [834558.9604600007, 821123.6218500026], [834564.9250000007, 821118.6367500015], [834560.0897200005, 821112.878800001], [834561.186230001, 821112.0307100024], [834559.8176900009, 821110.3991400022], [834554.1581400009, 821103.6621300019]]], "type": "Polygon"}, "properties": {"BaseHeight": 4.2, "BuildingBlockType": "Tower", "BuildingCSUID": "3455621115T20050430", "BuildingID": 1108228096, "BuildingNameEN": "Fung Lin Court", "BuildingNameTC": "豐年閣", "DateCreate": 1114790400000, "DateStamp": 1599580800000, "GeoRefNo": "3455621115", "OBJECTID": 251201, "Shape__Area": 159.540531300935, "Shape__Length": 55.32254426553563, "Status": "Active", "Storeys": 6, "StoreysInBasement": null, "TopHeight": 32.4}, "type": "Feature"}, {"geometry": {"coordinates": [[[834607.941420001, 821110.6593600027], [834611.3664800012, 821107.8203100022], [834602.5262400005, 821097.3487000018], [834599.6179600004, 821093.9037800021], [834597.733070001, 821095.4700800013], [834598.6174300006, 821096.5114300009], [834596.9428800009, 821097.8771400023], [834607.941420001, 821110.6593600027]]], "type": "Polygon"}, "properties": {"BaseHeight": 4.2, "BuildingBlockType": "Tower", "BuildingCSUID": "3460321101T20050430", "BuildingID": 1108228164, "BuildingNameEN": "Nan Bong House", "BuildingNameTC": "南邦樓", "DateCreate": 1114790400000, "DateStamp": 1599580800000, "GeoRefNo": "3460321101", "OBJECTID": 251203, "Shape__Area": 79.63122853552086, "Shape__Length": 45.50185828365593, "Status": "Active", "Storeys": 6, "StoreysInBasement": null, "TopHeight": 24.2}, "type": "Feature"}, {"geometry": {"coordinates": [[[834386.7573600011, 821095.7979200017], [834388.3513200004, 821097.730320001], [834398.4670700012, 821109.9939600024], [834402.9654400004, 821106.2159800027], [834405.2712000012, 821104.2795100026], [834408.7243800005, 821101.3793800026], [834410.2580100009, 821100.0913600009], [834405.1727800006, 821093.9909800012], [834403.6409800006, 821095.2342400011], [834401.628920001, 821092.8015600014], [834403.0785700008, 821091.4787100013], [834401.290500001, 821089.3336900026], [834396.2457300005, 821093.5492200013], [834393.4437600011, 821090.1622900013], [834386.7573600011, 821095.7979200017]]], "type": "Polygon"}, "properties": {"BaseHeight": 3.7, "BuildingBlockType": "Tower", "BuildingCSUID": "3439621101T20050430", "BuildingID": 1108228170, "BuildingNameEN": "Tak Cheong Building", "BuildingNameTC": "德昌大廈", "DateCreate": 1114790400000, "DateStamp": 1599580800000, "GeoRefNo": "3439621101", "OBJECTID": 251204, "Shape__Area": 247.39720125037852, "Shape__Length": 71.34127714391086, "Status": "Active", "Storeys": 13, "StoreysInBasement": null, "TopHeight": 46.1}, "type": "Feature"}, {"geometry": {"coordinates": [[[834393.4437600011, 821090.1622900013], [834398.4581600009, 821085.9359400012], [834395.0054700011, 821081.7939900011], [834393.2254700009, 821083.3254900016], [834390.9078400005, 821080.5380800012], [834392.699930001, 821079.0282000024], [834387.1663700007, 821072.3899800014], [834383.9436300006, 821075.0960200019], [834382.6417200007, 821076.1891900022], [834379.272090001, 821079.0185700022], [834377.9701900007, 821080.1117400024], [834375.5173900006, 821082.1712800022], [834386.7573600011, 821095.7979200017], [834393.4437600011, 821090.1622900013]]], "type": "Polygon"}, "properties": {"BaseHeight": 3.6, "BuildingBlockType": "Tower", "BuildingCSUID": "3438421085T20050430", "BuildingID": 1108228258, "BuildingNameEN": "Wah Hing Building", "BuildingNameTC": "華興大樓", "DateCreate": 1114790400000, "DateStamp": 1599580800000, "GeoRefNo": "3438421085", "OBJECTID": 251205, "Shape__Area": 260.79352713444496, "Shape__Length": 70.52861426826031, "Status": "Active", "Storeys": 15, "StoreysInBasement": null, "TopHeight": 51.9}, "type": "Feature"}, {"geometry": {"coordinates": [[[834585.5038400004, 821098.6475800015], [834574.9930300005, 821086.2922300026], [834571.1767600011, 821089.4739000015], [834581.7854500012, 821101.7265500017], [834582.8339600004, 821100.8583400026], [834585.5038400004, 821098.6475800015]]], "type": "Polygon"}, "properties": {"BaseHeight": 4.2, "BuildingBlockType": "Tower", "BuildingCSUID": "3457821093T20050430", "BuildingID": 1108228220, "BuildingNameEN": "Lai Chi Court", "BuildingNameTC": "荔枝閣", "DateCreate": 1114790400000, "DateStamp": 1599580800000, "GeoRefNo": "3457821093", "OBJECTID": 251206, "Shape__Area": 79.40861865142357, "Shape__Length": 42.22476258852125, "Status": "Active", "Storeys": 9, "StoreysInBasement": null, "TopHeight": 44.5}, "type": "Feature"}, {"geometry": {"coordinates": [[[834319.6393700009, 821092.3856300022], [834334.1897400012, 821080.2860800009], [834304.8957900004, 821045.1767100021], [834290.3499800004, 821057.2893100027], [834300.5078700008, 821069.4602900017], [834301.9377900008, 821068.2669600025], [834304.7123100013, 821071.6528200023], [834303.3126400011, 821072.8209100012], [834306.5686600013, 821076.7222000025], [834307.879040001, 821075.6286300011], [834310.9301300012, 821079.311900001], [834309.633320001, 821080.394220002], [834311.6996500008, 821082.8717800025], [834312.9712900007, 821081.8104700018], [834315.1389300004, 821084.3565800022], [834313.8420300009, 821085.4389100019], [834319.6393700009, 821092.3856300022]]], "type": "Polygon"}, "properties": {"BaseHeight": 3.7, "BuildingBlockType": "Tower", "BuildingCSUID": "3431721070T20050430", "BuildingID": 1108228275, "BuildingNameEN": "Cheong Yuen Building", "BuildingNameTC": "昌遠大廈", "DateCreate": 1114790400000, "DateStamp": 1599580800000, "GeoRefNo": "3431721070", "OBJECTID": 251425, "Shape__Area": 843.4895737861161, "Shape__Length": 139.71747710699844, "Status": "Active", "Storeys": 12, "StoreysInBasement": null, "TopHeight": 41.9}, "type": "Feature"}, {"geometry": {"coordinates": [[[834352.3010600004, 821178.3459900022], [834360.7539700009, 821188.4724600017], [834368.1027200008, 821182.3253500015], [834356.9025600012, 821168.6936400011], [834352.3010600004, 821172.5672000013], [834349.468030001, 821174.9520500023], [834352.3010600004, 821178.3459900022]]], "type": "Polygon"}, "properties": {"BaseHeight": 4, "BuildingBlockType": "Tower", "BuildingCSUID": "3435821178T20050430", "BuildingID": 1108227595, "BuildingNameEN": "Yen Li Mansion", "BuildingNameTC": "仁禮大廈", "DateCreate": 1114790400000, "DateStamp": 1599580800000, "GeoRefNo": "3435821178", "OBJECTID": 251428, "Shape__Area": 170.08731479492488, "Shape__Length": 54.55330638925097, "Status": "Active", "Storeys": 13, "StoreysInBasement": null, "TopHeight": 45}, "type": "Feature"}, {"geometry": {"coordinates": [[[834427.8772900011, 821145.0146100018], [834439.5536300009, 821159.1278400011], [834453.5838300008, 821147.417580001], [834447.5650200006, 821140.2261500023], [834445.1824600007, 821142.2443500012], [834439.4247200005, 821135.3432300016], [834427.8772900011, 821145.0146100018]]], "type": "Polygon"}, "properties": {"BaseHeight": 3.9, "BuildingBlockType": "Tower", "BuildingCSUID": "3443621147T20050430", "BuildingID": 1108227842, "BuildingNameEN": "Chew Onn Building", "BuildingNameTC": "就安大廈", "DateCreate": 1114790400000, "DateStamp": 1599580800000, "GeoRefNo": "3443621147", "OBJECTID": 251433, "Shape__Area": 306.09934401359766, "Shape__Length": 73.14257127666538, "Status": "Active", "Storeys": 12, "StoreysInBasement": null, "TopHeight": 41.8}, "type": "Feature"}, {"geometry": {"coordinates": [[[834439.4247200005, 821135.3432300016], [834441.8686900008, 821133.2963300012], [834438.8935700012, 821129.7484300025], [834436.4388700007, 821131.7644900009], [834428.8823200008, 821122.707270002], [834430.1499900008, 821121.6637800019], [834431.499830001, 821123.260160001], [834432.6539600007, 821122.3075300027], [834424.312380001, 821112.3599400017], [834423.2036300004, 821113.2852000017], [834422.7348000007, 821113.6764500011], [834414.9689200008, 821120.1569800023], [834410.2336600004, 821124.1084900014], [834416.3920200011, 821131.405600002], [834417.7350700004, 821132.9969600011], [834427.8772900011, 821145.0146100018], [834439.4247200005, 821135.3432300016]]], "type": "Polygon"}, "properties": {"BaseHeight": 3.9, "BuildingBlockType": "Tower", "BuildingCSUID": "3442221133T20050430", "BuildingID": 1108227947, "BuildingNameEN": "Wing Ming Building", "BuildingNameTC": "永明大廈", "DateCreate": 1114790400000, "DateStamp": 1599580800000, "GeoRefNo": "3442221133", "OBJECTID": 251435, "Shape__Area": 465.9749006271196, "Shape__Length": 101.75683999165275, "Status": "Active", "Storeys": 13, "StoreysInBasement": null, "TopHeight": 43.9}, "type": "Feature"}, {"geometry": {"coordinates": [[[834586.6809900012, 821128.2879200019], [834597.0026700012, 821119.7298500016], [834590.8114300007, 821112.3516400009], [834589.4954200005, 821113.4147700015], [834586.0220600013, 821109.2756400015], [834584.4300400009, 821110.6052100025], [834583.4495800007, 821109.4133600015], [834582.7027200004, 821110.0446300022], [834579.3683100007, 821112.8629900012], [834577.1099500004, 821114.7718400024], [834578.0735500008, 821115.9138400014], [834577.0030200006, 821116.8078900017], [834586.6809900012, 821128.2879200019]]], "type": "Polygon"}, "properties": {"BaseHeight": 4.2, "BuildingBlockType": "Tower", "BuildingCSUID": "3458621117T20050430", "BuildingID": 1108228065, "BuildingNameEN": "Shung Tak Building", "BuildingNameTC": "崇德樓", "DateCreate": 1114790400000, "DateStamp": 1599580800000, "GeoRefNo": "3458621117", "OBJECTID": 251659, "Shape__Area": 205.32537805327593, "Shape__Length": 59.95745446989937, "Status": "Active", "Storeys": 10, "StoreysInBasement": null, "TopHeight": 37.5}, "type": "Feature"}, {"geometry": {"coordinates": [[[834390.3039100012, 821057.6243700013], [834383.0450600004, 821063.6879200023], [834396.5294000013, 821079.9092900027], [834402.386450001, 821075.0231500026], [834395.9579000007, 821067.1748000011], [834397.293610001, 821066.0180200022], [834390.3039100012, 821057.6243700013]]], "type": "Polygon"}, "properties": {"BaseHeight": 3.7, "BuildingBlockType": "Tower", "BuildingCSUID": "3439221065T20050430", "BuildingID": 1108228377, "BuildingNameEN": null, "BuildingNameTC": "海天大樓", "DateCreate": 1114790400000, "DateStamp": 1599580800000, "GeoRefNo": "3439221065", "OBJECTID": 251663, "Shape__Area": 181.36503545546114, "Shape__Length": 61.01478356822311, "Status": "Active", "Storeys": 9, "StoreysInBasement": null, "TopHeight": 35.1}, "type": "Feature"}, {"geometry": {"coordinates": [[[834565.0617700005, 821054.7813000027], [834568.5168600008, 821051.898930002], [834555.1035100007, 821035.8471700009], [834553.4947900008, 821037.2081900015], [834554.6214200007, 821038.5569600016], [834552.7415000005, 821040.1525200009], [834555.8292400008, 821043.8188300021], [834565.0617700005, 821054.7813000027]]], "type": "Polygon"}, "properties": {"BaseHeight": 4.2, "BuildingBlockType": "Tower", "BuildingCSUID": "3455821043T20050430", "BuildingID": 1108228558, "BuildingNameEN": "Luen Keung Building", "BuildingNameTC": null, "DateCreate": 1114790400000, "DateStamp": 1599580800000, "GeoRefNo": "3455821043", "OBJECTID": 251669, "Shape__Area": 90.54857325330677, "Shape__Length": 50.87387538233519, "Status": "Active", "Storeys": 6, "StoreysInBasement": null, "TopHeight": 26.3}, "type": "Feature"}, {"geometry": {"coordinates": [[[834582.6393800005, 821040.1164800022], [834593.2329600006, 821031.2801300026], [834583.4830000009, 821019.7844200023], [834581.5920300009, 821017.5553400014], [834578.6610600008, 821020.0202400014], [834575.7873900011, 821022.4404800013], [834575.0255300011, 821023.0817800015], [834572.9884200012, 821020.7179800011], [834570.0211400008, 821023.2256400026], [834572.5472900011, 821026.1457400024], [834574.4387400011, 821024.4909000024], [834576.7402700009, 821027.1997600012], [834573.7861700011, 821029.7031400017], [834582.6393800005, 821040.1164800022]]], "type": "Polygon"}, "properties": {"BaseHeight": 4.2, "BuildingBlockType": "Tower", "BuildingCSUID": "3458121029T20050430", "BuildingID": 1108228676, "BuildingNameEN": "Cheng Ka Building", "BuildingNameTC": "正嘉大樓", "DateCreate": 1114790400000, "DateStamp": 1599580800000, "GeoRefNo": "3458121029", "OBJECTID": 251884, "Shape__Area": 245.4520830997669, "Shape__Length": 74.8489865744194, "Status": "Active", "Storeys": 9, "StoreysInBasement": null, "TopHeight": 40.2}, "type": "Feature"}, {"geometry": {"coordinates": [[[834518.070650001, 821149.9448800012], [834509.9523100005, 821140.2011700012], [834503.2389300009, 821145.7942500021], [834512.6372100012, 821157.0741700027], [834513.3523600008, 821157.9325100016], [834520.0459700013, 821152.3156600017], [834518.070650001, 821149.9448800012]]], "type": "Polygon"}, "properties": {"BaseHeight": 4, "BuildingBlockType": "Tower", "BuildingCSUID": "3451221148T20050430", "BuildingID": 1109609286, "BuildingNameEN": "Cameron Court", "BuildingNameTC": "金倫閣", "DateCreate": 1114790400000, "DateStamp": 1599580800000, "GeoRefNo": "3451221148", "OBJECTID": 252711, "Shape__Area": 137.91899429264032, "Shape__Length": 49.04375087215575, "Status": "Active", "Storeys": 6, "StoreysInBasement": null, "TopHeight": 26.5}, "type": "Feature"}, {"geometry": {"coordinates": [[[834377.9701900007, 821080.1117400024], [834379.272090001, 821079.0185700022], [834382.6417200007, 821076.1891900022], [834383.9436300006, 821075.0960200019], [834383.2887500012, 821074.3107800018], [834381.7007300006, 821072.4066200014], [834381.5098700011, 821072.1777700018], [834380.207990001, 821073.2709600013], [834379.1832600012, 821072.0422300026], [834378.2374100005, 821070.908090001], [834376.5139400009, 821068.8415300027], [834373.1404800005, 821071.6663200017], [834374.9033900006, 821073.7801700011], [834375.8136900011, 821074.8716900013], [834374.5118200006, 821075.9648900013], [834375.5365200005, 821077.1935900021], [834377.9701900007, 821080.1117400024]]], "type": "Polygon"}, "properties": {"BaseHeight": 10.1, "BuildingBlockType": "Tower", "BuildingCSUID": "3437821075T20050430", "BuildingID": 1109609259, "BuildingNameEN": "Ridon Building", "BuildingNameTC": "斑寶大廈", "DateCreate": 1114790400000, "DateStamp": 1599580800000, "GeoRefNo": "3437821075", "OBJECTID": 252712, "Shape__Area": 57.74905320478238, "Shape__Length": 34.740946665049364, "Status": "Active", "Storeys": 14, "StoreysInBasement": null, "TopHeight": 50.9}, "type": "Feature"}, {"geometry": {"coordinates": [[[834480.763890001, 821203.7939100023], [834485.6699900012, 821199.7065200023], [834491.5891400008, 821194.7751200013], [834490.435370001, 821193.415070001], [834491.8190000011, 821192.2398700025], [834488.6304000011, 821188.397590002], [834487.1633000011, 821189.5547200013], [834485.8727600006, 821188.0328400023], [834472.6755000008, 821199.0278000012], [834478.3335700007, 821205.8186800014], [834480.763890001, 821203.7939100023]]], "type": "Polygon"}, "properties": {"BaseHeight": 4.1, "BuildingBlockType": "Tower", "BuildingCSUID": "3448121197T20050430", "BuildingID": 1109609271, "BuildingNameEN": "Peace Building", "BuildingNameTC": "平安大廈", "DateCreate": 1114790400000, "DateStamp": 1599580800000, "GeoRefNo": "3448121197", "OBJECTID": 252713, "Shape__Area": 161.42210524521715, "Shape__Length": 55.725255094808546, "Status": "Active", "Storeys": 6, "StoreysInBasement": null, "TopHeight": 24.1}, "type": "Feature"}, {"geometry": {"coordinates": [[[834314.2334400006, 821175.1715600025], [834309.574070001, 821169.6430100016], [834305.8946700012, 821172.7256400026], [834303.9613500005, 821170.4316700026], [834300.2819800004, 821173.514270002], [834302.2153000012, 821175.808240002], [834298.5359400008, 821178.890850002], [834296.6026100004, 821176.5968700014], [834292.616630001, 821179.9363600016], [834294.5499600004, 821182.2303400021], [834290.9824600006, 821185.2192200013], [834295.628610001, 821190.7589100022], [834299.2093500011, 821187.7589200027], [834301.7677000007, 821190.7945100013], [834305.753680001, 821187.4550200012], [834303.1953300005, 821184.419420002], [834306.8746900009, 821181.3368100021], [834309.4330400005, 821184.3724000026], [834313.1124000009, 821181.2897900026], [834310.5540500004, 821178.2542000022], [834314.2334400006, 821175.1715600025]]], "type": "Polygon"}, "properties": {"BaseHeight": 14, "BuildingBlockType": "Tower", "BuildingCSUID": "3430321179T20050430", "BuildingID": 1108227570, "BuildingNameEN": "Po Wing Building Block A", "BuildingNameTC": "寶榮大樓Ａ座", "DateCreate": 1114790400000, "DateStamp": 1599580800000, "GeoRefNo": "3430321179", "OBJECTID": 252797, "Shape__Area": 245.12205550913873, "Shape__Length": 90.86551697765624, "Status": "Active", "Storeys": 10, "StoreysInBasement": null, "TopHeight": 45.2}, "type": "Feature"}, {"geometry": {"coordinates": [[[834540.6860500006, 821380.5000000019], [834558.0126200011, 821366.0539900027], [834554.2465400007, 821361.4786500018], [834556.1008100007, 821359.9400300011], [834542.6746500004, 821343.7966400012], [834541.3387000011, 821342.1903200019], [834541.2200000007, 821342.1100000013], [834539.4273500005, 821343.5970800016], [834537.8595900005, 821341.7125700023], [834541.5100000007, 821338.7200000025], [834538.7500000009, 821335.4600000009], [834535.1649600007, 821338.4735300019], [834533.9392600004, 821337.000190001], [834533.5125000011, 821334.1361400019], [834532.6207500007, 821330.9412800018], [834531.3200000012, 821327.8900000025], [834529.5269900011, 821325.3615400009], [834527.4440300008, 821323.066060001], [834525.1011000006, 821321.0366000012], [834522.5319500007, 821319.3024000023], [834519.7735700011, 821317.8884200025], [834517.0306200013, 821316.6753900014], [834520.580000001, 821313.7000000011], [834517.8600000013, 821310.410000002], [834514.282540001, 821313.3721000012], [834512.6240800004, 821311.3785700016], [834514.2385500008, 821310.0275100023], [834500.0000000009, 821292.9073200021], [834494.4827900007, 821286.2735200021], [834492.8608500008, 821287.6224600021], [834491.4775800006, 821285.9597200025], [834490.0745900013, 821284.2917600013], [834489.4893400008, 821283.5787000023], [834489.0081100008, 821282.9918300025], [834478.646230001, 821291.6501300018], [834482.1152800005, 821295.8230900019], [834479.5292300005, 821297.9839600027], [834476.0601900006, 821293.8110000025], [834468.3097400004, 821300.287200002], [834471.7787800012, 821304.4601500016], [834469.1927400008, 821306.6210200023], [834465.7237000009, 821302.4480800014], [834455.4184400011, 821311.0590600017], [834459.2472400004, 821315.6455100011], [834457.4207100011, 821317.2521400023], [834470.8468700005, 821333.3955300022], [834477.219130001, 821341.0069200024], [834479.1544200005, 821339.4524700027], [834480.7517600004, 821341.3730800021], [834475.4594100006, 821345.7417000011], [834478.1794100013, 821349.031700002], [834481.5200800011, 821346.2070000023], [834482.3204800012, 821349.2165700011], [834483.4999100007, 821352.0052000023], [834484.9418200012, 821354.6676100027], [834486.6328800004, 821357.1791500021], [834488.557430001, 821359.5165900011], [834490.5974400006, 821361.557500001], [834492.8158600004, 821363.4029100016], [834495.1940300008, 821365.0373000018], [834498.918850001, 821367.1751300022], [834499.5681600012, 821367.9580200016], [834496.3934400007, 821370.6206400022], [834499.1134400005, 821373.9106400013], [834500.0000000009, 821373.176570002], [834504.2060200004, 821369.6940300018], [834505.7732500006, 821371.5784400012], [834503.8764000004, 821373.1560200024], [834504.8984700004, 821374.3849400021], [834518.7835000008, 821391.0800600015], [834520.6171700004, 821389.5550300013], [834522.3472500006, 821391.6352500021], [834524.3878400009, 821394.088630002], [834540.6860500006, 821380.5000000019]]], "type": "Polygon"}, "properties": {"BaseHeight": 19.7, "BuildingBlockType": "Tower", "BuildingCSUID": "3451721351T20050430", "BuildingID": 1108226175, "BuildingNameEN": "Dragon Centre", "BuildingNameTC": "西九龍中心", "DateCreate": 1114790400000, "DateStamp": 1599580800000, "GeoRefNo": "3451721351", "OBJECTID": 264837, "Shape__Area": 5234.3305465136045, "Shape__Length": 387.04213981661223, "Status": "Active", "Storeys": 10, "StoreysInBasement": 5, "TopHeight": 49.5}, "type": "Feature"}, {"geometry": {"coordinates": [[[834634.3754500011, 821378.0553500019], [834638.8702000007, 821374.3448800016], [834639.0187000008, 821374.5247600023], [834640.5802800013, 821376.416410001], [834641.2987700012, 821377.286770001], [834642.2615200011, 821376.4920100011], [834645.3505500006, 821373.9419800024], [834644.6832200009, 821373.1335900016], [834643.416720001, 821371.599390002], [834642.921980001, 821371.0000800025], [834643.012670001, 821370.9252200015], [834643.711600001, 821370.3482400011], [834646.0539100012, 821368.414640002], [834642.2318900004, 821363.866580002], [834640.532850001, 821365.2691500019], [834639.833920001, 821365.8461300023], [834636.1458800007, 821368.8906500023], [834630.5775100011, 821373.4874100015], [834632.6343100006, 821375.9612100013], [834634.3754500011, 821378.0553500019]]], "type": "Polygon"}, "properties": {"BaseHeight": 11.7, "BuildingBlockType": "Tower", "BuildingCSUID": "3463921372T20050430", "BuildingID": 1108226296, "BuildingNameEN": "Sui Cheong House", "BuildingNameTC": "瑞祥大廈", "DateCreate": 1114790400000, "DateStamp": 1599580800000, "GeoRefNo": "3463921372", "OBJECTID": 265016, "Shape__Area": 109.91158008363057, "Shape__Length": 49.76697911517664, "Status": "Active", "Storeys": 11, "StoreysInBasement": null, "TopHeight": 44.9}, "type": "Feature"}, {"geometry": {"coordinates": [[[834583.8809600007, 821381.6779900026], [834579.6292800009, 821385.2158700023], [834578.3940700004, 821383.7314500026], [834526.6362700006, 821426.7998400014], [834552.4947800012, 821457.8755200021], [834604.5510000009, 821414.3860000018], [834603.086000001, 821412.5480000023], [834606.0680000009, 821410.0300000012], [834606.3460000008, 821407.0750000011], [834585.996100001, 821382.6349600013], [834585.9300000006, 821382.6900000013], [834583.8809600007, 821381.6779900026]]], "type": "Polygon"}, "properties": {"BaseHeight": 19.4, "BuildingBlockType": "Tower", "BuildingCSUID": "3455721410T20050430", "BuildingID": 1108225873, "BuildingNameEN": "Cheung Sha Wan Government Offices", "BuildingNameTC": "長沙灣政府合署", "DateCreate": 1114790400000, "DateStamp": 1789833600000, "GeoRefNo": "3455721410", "OBJECTID": 265584, "Shape__Area": 2951.3031567749335, "Shape__Length": 226.45047365064494, "Status": "Active", "Storeys": 15, "StoreysInBasement": null, "TopHeight": 75.4}, "type": "Feature"}, {"geometry": {"coordinates": [[[834551.1238100007, 821293.5226100013], [834554.0207200004, 821297.0131200012], [834557.3874000004, 821294.207510002], [834557.421310001, 821294.1792600024], [834557.8176200008, 821294.6547200009], [834560.0871900013, 821297.3776200023], [834560.757960001, 821298.1823700015], [834563.9681600006, 821295.5106500015], [834563.2934800005, 821294.7057000026], [834564.4440800007, 821293.7468700018], [834562.1670500012, 821291.0301800016], [834561.769390001, 821290.5557400025], [834562.3071300006, 821290.1076100022], [834559.3933900008, 821286.6312700026], [834558.0155300004, 821284.9873700012], [834557.4777700007, 821285.435490001], [834554.9725400005, 821282.4465500023], [834553.8219500007, 821283.4053800013], [834553.1795900008, 821282.6389800012], [834550.0064000012, 821285.2833000012], [834553.1437000008, 821289.0472300015], [834554.517070001, 821290.6949200016], [834554.5131200012, 821290.698210001], [834551.1238100007, 821293.5226100013]]], "type": "Polygon"}, "properties": {"BaseHeight": 14.2, "BuildingBlockType": "Tower", "BuildingCSUID": "3455921288T20050430", "BuildingID": 1108226730, "BuildingNameEN": "Milan Place", "BuildingNameTC": "米蘭軒", "DateCreate": 1114790400000, "DateStamp": 1599580800000, "GeoRefNo": "3455921288", "OBJECTID": 265593, "Shape__Area": 116.57081072052493, "Shape__Length": 55.13358173872091, "Status": "Active", "Storeys": 16, "StoreysInBasement": null, "TopHeight": 65.2}, "type": "Feature"}, {"geometry": {"coordinates": [[[834521.8244900005, 821219.3520500027], [834526.1250000009, 821215.7523000017], [834523.6216900004, 821212.7688200027], [834525.7534000007, 821210.9875700027], [834522.8282000013, 821207.4871400017], [834518.1111100009, 821211.3837800026], [834516.8236800004, 821209.8531500027], [834515.050520001, 821211.3178600017], [834521.5758000007, 821219.0571000017], [834521.8244900005, 821219.3520500027]]], "type": "Polygon"}, "properties": {"BaseHeight": 8.8, "BuildingBlockType": "Tower", "BuildingCSUID": "3452221213T20050430", "BuildingID": 1108227326, "BuildingNameEN": "Longfair Court", "BuildingNameTC": "長輝閣", "DateCreate": 1114790400000, "DateStamp": 1599580800000, "GeoRefNo": "3452221213", "OBJECTID": 265781, "Shape__Area": 65.01476466778637, "Shape__Length": 37.76972288972753, "Status": "Active", "Storeys": 11, "StoreysInBasement": null, "TopHeight": 43.8}, "type": "Feature"}, {"geometry": {"coordinates": [[[834405.5622400008, 821060.9713500012], [834412.4041400012, 821055.3256100025], [834408.5536500011, 821050.7628300022], [834407.1844900008, 821051.892620001], [834405.2947200006, 821049.6532600019], [834401.1881100005, 821053.0419200025], [834403.0788800009, 821055.2804500014], [834401.7097200006, 821056.4102500025], [834405.5622400008, 821060.9713500012]]], "type": "Polygon"}, "properties": {"BaseHeight": 8.3, "BuildingBlockType": "Tower", "BuildingCSUID": "3440621054T20050430", "BuildingID": 1108228514, "BuildingNameEN": "Fu Cheong Building", "BuildingNameTC": "富昌大廈", "DateCreate": 1114790400000, "DateStamp": 1599580800000, "GeoRefNo": "3440621054", "OBJECTID": 269163, "Shape__Area": 68.56287846326269, "Shape__Length": 35.54608364637028, "Status": "Active", "Storeys": 16, "StoreysInBasement": null, "TopHeight": 51}, "type": "Feature"}, {"geometry": {"coordinates": [[[834485.6699900012, 821199.7065200023], [834480.763890001, 821203.7939100023], [834486.7952100011, 821211.0674900021], [834491.7045500008, 821206.9774000011], [834490.1650800006, 821205.1228400022], [834493.5710400008, 821202.3370900024], [834490.7004700005, 821198.8780800011], [834487.3167500012, 821201.690630002], [834485.6699900012, 821199.7065200023]]], "type": "Polygon"}, "properties": {"BaseHeight": 11.7, "BuildingBlockType": "Tower", "BuildingCSUID": "3448821203T20050430", "BuildingID": 1109609282, "BuildingNameEN": "Ming Fai Building", "BuildingNameTC": "明輝大廈", "DateCreate": 1114790400000, "DateStamp": 1599580800000, "GeoRefNo": "3448821203", "OBJECTID": 270209, "Shape__Area": 80.05790486180814, "Shape__Length": 40.50825956154948, "Status": "Active", "Storeys": 12, "StoreysInBasement": null, "TopHeight": 49.7}, "type": "Feature"}, {"geometry": {"coordinates": [[[834469.0200200006, 821187.0215800013], [834471.9497100012, 821190.5378300026], [834479.7732000006, 821184.0203100014], [834476.0448200004, 821179.5448400024], [834477.0139900008, 821178.7146600019], [834476.5283500012, 821178.1317100022], [834477.3009000011, 821177.4967200011], [834475.8127100011, 821175.710330002], [834475.0401700009, 821176.3453300018], [834473.2863500006, 821174.2400800027], [834467.6081600012, 821178.9073100016], [834469.1059400011, 821180.7052100021], [834468.3334000008, 821181.3402100019], [834469.8215800012, 821183.126600001], [834470.594130001, 821182.4916000012], [834471.3780500004, 821183.4326000027], [834472.1943300012, 821184.412440002], [834469.0200200006, 821187.0215800013]]], "type": "Polygon"}, "properties": {"BaseHeight": 13, "BuildingBlockType": "Tower", "BuildingCSUID": "3447321181T20050430", "BuildingID": 1109609232, "BuildingNameEN": "Lee Luen Yick Building", "BuildingNameTC": "利聯益大廈", "DateCreate": 1114790400000, "DateStamp": 1599580800000, "GeoRefNo": "3447321181", "OBJECTID": 270211, "Shape__Area": 101.88134022564216, "Shape__Length": 50.30876974327099, "Status": "Active", "Storeys": 10, "StoreysInBasement": null, "TopHeight": 41}, "type": "Feature"}, {"geometry": {"coordinates": [[[834615.887430001, 821363.3919400014], [834617.8574500009, 821365.7800600026], [834618.6088400008, 821365.1562700011], [834621.891210001, 821369.1452500019], [834625.8561000004, 821365.8685000017], [834624.5391400009, 821364.2713300027], [834626.407180001, 821362.7436900027], [834625.195220001, 821361.2820100021], [834626.633150001, 821360.1027400009], [834623.9150900012, 821356.8123900015], [834620.6750200009, 821359.4679900017], [834615.887430001, 821363.3919400014]]], "type": "Polygon"}, "properties": {"BaseHeight": 15.6, "BuildingBlockType": "Tower", "BuildingCSUID": "3462121364T20050430", "BuildingID": 1108226349, "BuildingNameEN": "Prosperity Court", "BuildingNameTC": "廣興閣", "DateCreate": 1114790400000, "DateStamp": 1599580800000, "GeoRefNo": "3462121364", "OBJECTID": 270468, "Shape__Area": 68.18225609000982, "Shape__Length": 37.27090300748678, "Status": "Active", "Storeys": 12, "StoreysInBasement": null, "TopHeight": 50.8}, "type": "Feature"}, {"geometry": {"coordinates": [[[834554.5073000006, 821262.252340002], [834554.6792300008, 821262.4644800015], [834553.4092400009, 821263.4989800025], [834551.1411100011, 821260.7165900022], [834547.1003400004, 821264.188790001], [834550.2061700011, 821267.8959100023], [834552.0115400013, 821266.381740002], [834555.2437200006, 821270.3127700016], [834566.7165100006, 821260.8200500011], [834563.4843300004, 821256.9472600017], [834565.3770500012, 821255.3457200024], [834562.2031000005, 821251.5894000027], [834558.097360001, 821255.0254200026], [834560.3686200008, 821257.7625800017], [834559.1456300011, 821258.7526200023], [834558.8954800004, 821258.4574400019], [834557.5763500007, 821256.900870001], [834556.2337600011, 821255.316610001], [834551.851400001, 821258.9754600022], [834553.4460900007, 821260.9430100024], [834554.5073000006, 821262.252340002]]], "type": "Polygon"}, "properties": {"BaseHeight": 12.9, "BuildingBlockType": "Tower", "BuildingCSUID": "3455721261T20050430", "BuildingID": 1108226898, "BuildingNameEN": "Luen Hong Building", "BuildingNameTC": "聯康大廈", "DateCreate": 1114790400000, "DateStamp": 1599580800000, "GeoRefNo": "3455721261", "OBJECTID": 270475, "Shape__Area": 165.66348075288968, "Shape__Length": 75.35739867838323, "Status": "Active", "Storeys": 11, "StoreysInBasement": null, "TopHeight": 45.7}, "type": "Feature"}, {"geometry": {"coordinates": [[[834437.4640000006, 821024.0270000026], [834437.3098500008, 821024.0783400014], [834437.8940500012, 821025.832270002], [834434.3820000011, 821027.0490000024], [834433.7210000008, 821027.2780000027], [834433.3927900009, 821027.3887400012], [834432.7880000006, 821025.620000001], [834430.0824800013, 821026.5451100022], [834431.509490001, 821030.724510001], [834431.9926000005, 821032.1622400023], [834431.0513200006, 821032.4940500017], [834431.5657900004, 821034.0250700023], [834429.1640000008, 821034.8717300016], [834429.1298700012, 821034.8837600015], [834428.9767600009, 821034.4494200014], [834428.2657400006, 821034.683290001], [834427.0140500013, 821035.0950000025], [834426.631000001, 821035.2210000027], [834426.8520500008, 821035.8930300027], [834426.086000001, 821036.1450000014], [834424.9520000005, 821036.5180000011], [834424.8462900007, 821036.5527700018], [834425.9949100008, 821040.0448200013], [834428.0422500009, 821039.3714000024], [834428.6284000007, 821039.7989900019], [834428.7821500013, 821040.2664200012], [834431.8240100006, 821039.2658700012], [834432.4274600009, 821041.1005200017], [834434.685490001, 821040.3578000013], [834434.9419900011, 821041.137600001], [834438.3145500012, 821040.0282900017], [834437.8803200005, 821038.708130002], [834440.8509800006, 821037.7310100012], [834441.2768600006, 821039.0258000027], [834443.3360600006, 821038.3484800011], [834443.9424100006, 821037.3971800022], [834444.9180200007, 821037.0536200013], [834445.1527300011, 821037.7201300021], [834447.529430001, 821036.9072900023], [834446.6702500004, 821034.4674300011], [834448.1260000011, 821033.9845000021], [834448.4873600006, 821035.1523300018], [834450.5526200011, 821034.5132700019], [834450.0903000012, 821033.0191800017], [834451.8846300012, 821032.4639500026], [834451.7024200009, 821031.8751000017], [834452.0355300009, 821031.772020001], [834452.500260001, 821031.6282200012], [834451.0438300008, 821027.3696600012], [834448.6230000006, 821028.1810000017], [834448.2645800011, 821027.1618100014], [834445.8594600009, 821027.9783900026], [834446.1102900011, 821028.7222500015], [834445.5980000012, 821028.8950000014], [834444.2480000006, 821029.3480000012], [834443.2767200004, 821029.6739200018], [834443.114000001, 821029.1890000012], [834442.8370000012, 821028.3590000011], [834442.0270000007, 821028.6250000019], [834441.7047400009, 821027.7108200025], [834441.3820000011, 821026.6630000025], [834440.1749000009, 821023.1240500025], [834437.4640000006, 821024.0270000026]]], "type": "Polygon"}, "properties": {"BaseHeight": 33.5, "BuildingBlockType": "Tower", "BuildingCSUID": "3443921033T20210617", "BuildingID": 1910212535, "BuildingNameEN": "Seaside Sonata Tower 1", "BuildingNameTC": "愛海頌第一座", "DateCreate": 1623859200000, "DateStamp": 1623859200000, "GeoRefNo": "3443921033", "OBJECTID": 274538, "Shape__Area": 256.3104819480506, "Shape__Length": 98.48808765445496, "Status": "Active", "Storeys": 23, "StoreysInBasement": null, "TopHeight": 106.2}, "type": "Feature"}, {"geometry": {"coordinates": [[[834379.5920000011, 821025.2430000026], [834377.5527400011, 821026.9384000022], [834377.8977400009, 821027.3533700015], [834375.0640400006, 821029.7092600018], [834373.8953600004, 821028.3035500012], [834372.5466200011, 821029.4248600025], [834372.2772900006, 821029.1009100024], [834372.1084100008, 821028.9425300024], [834371.9157100013, 821028.8142000027], [834371.7044700012, 821028.7194300015], [834371.4804800004, 821028.6608300023], [834371.2498900006, 821028.6400100011], [834371.019030001, 821028.657540001], [834370.794230001, 821028.7129300013], [834370.5816600006, 821028.8046700023], [834370.3871400012, 821028.930230001], [834366.7112300005, 821032.0029000025], [834368.6591800004, 821034.3332700022], [834369.2371500004, 821035.0247100014], [834367.0664300006, 821036.8392000012], [834367.7005900005, 821037.5978700016], [834365.5688700005, 821039.3797700014], [834366.6900000004, 821040.7210000027], [834369.955000001, 821044.6270000022], [834370.0841400009, 821044.7814100012], [834370.283830001, 821044.613260001], [834372.1000000006, 821043.0840000026], [834372.435180001, 821042.8017700016], [834372.0155300004, 821042.3033800013], [834373.2167700008, 821041.2918900009], [834373.5232200008, 821041.0338500012], [834374.3710000012, 821040.3200000022], [834375.5940000005, 821039.3010000009], [834376.0587100005, 821039.8576800022], [834380.6370800007, 821035.9720300026], [834380.9696200006, 821035.6898100022], [834380.5310000004, 821035.1730000023], [834382.1590000009, 821033.8120000027], [834381.9208400007, 821033.5229400024], [834380.2010000013, 821031.4360000025], [834379.5480000004, 821030.6430000011], [834381.1090000011, 821029.3270000014], [834382.2150000008, 821028.3980000019], [834379.5920000011, 821025.2430000026]]], "type": "Polygon"}, "properties": {"BaseHeight": 20.3, "BuildingBlockType": "Tower", "BuildingCSUID": "3437421035T20210617", "BuildingID": 1910212536, "BuildingNameEN": "Hyde Park", "BuildingNameTC": "海珀", "DateCreate": 1623859200000, "DateStamp": 1623859200000, "GeoRefNo": "3437421035", "OBJECTID": 274539, "Shape__Area": 166.2925741891895, "Shape__Length": 65.38735051665378, "Status": "Active", "Storeys": 19, "StoreysInBasement": null, "TopHeight": 97.7}, "type": "Feature"}, {"geometry": {"coordinates": [[[834456.5190000013, 821029.9800000023], [834449.080000001, 821021.0510000009], [834442.8860000009, 821013.5980000012], [834441.2820000006, 821014.9060000014], [834438.3550000004, 821017.3350000009], [834426.3830000004, 821027.3160000015], [834421.2210000008, 821031.6060000025], [834418.5483700009, 821033.8554800022], [834418.6345100012, 821033.9590000026], [834418.7156000007, 821034.0564500019], [834419.0957500013, 821034.5133300014], [834419.9411400007, 821035.5293300021], [834420.3786600009, 821036.0551400017], [834420.3900900008, 821036.0688900016], [834423.3318500007, 821039.6043400019], [834423.3339800006, 821039.606900001], [834425.033040001, 821041.6488500014], [834426.3352300012, 821043.1870700009], [834426.3631900009, 821043.2200900018], [834429.0381700005, 821046.3799200021], [834431.7080900008, 821049.5337600019], [834432.0327400006, 821049.9172500018], [834447.9152300004, 821036.7753500026], [834449.509730001, 821035.4559900016], [834450.2704700008, 821034.8265200015], [834450.505520001, 821034.6320300009], [834450.6815600004, 821034.8433300015], [834456.5190000013, 821029.9800000023]]], "type": "Polygon"}, "properties": {"BaseHeight": 3.8, "BuildingBlockType": "Podium", "BuildingCSUID": "3443721032P20210617", "BuildingID": 1910212528, "BuildingNameEN": null, "BuildingNameTC": null, "DateCreate": 1623859200000, "DateStamp": 1623859200000, "GeoRefNo": "3443721032", "OBJECTID": 274695, "Shape__Area": 667.526051553397, "Shape__Length": 105.79941504188346, "Status": "Active", "Storeys": 6, "StoreysInBasement": null, "TopHeight": 33.5}, "type": "Feature"}, {"geometry": {"coordinates": [[[834374.4260800006, 821019.0293200016], [834359.164210001, 821031.7177200019], [834364.3567400007, 821037.9296600018], [834365.5688700005, 821039.3797700014], [834366.6900000004, 821040.7210000027], [834369.955000001, 821044.6270000022], [834370.0841400009, 821044.7814100012], [834371.2430000007, 821046.1670000013], [834378.7038500011, 821039.9438800011], [834379.7410000004, 821041.188000001], [834387.4569500005, 821034.7255700026], [834384.8430000013, 821031.5700000022], [834382.2150000008, 821028.3980000019], [834379.5920000011, 821025.2430000026], [834379.027900001, 821024.5644900016], [834374.4260800006, 821019.0293200016]]], "type": "Polygon"}, "properties": {"BaseHeight": 3.7, "BuildingBlockType": "Podium", "BuildingCSUID": "3437321033P20210617", "BuildingID": 1910212529, "BuildingNameEN": null, "BuildingNameTC": null, "DateCreate": 1623859200000, "DateStamp": 1623859200000, "GeoRefNo": "3437321033", "OBJECTID": 274696, "Shape__Area": 389.16125480988836, "Shape__Length": 80.48072814577792, "Status": "Active", "Storeys": 3, "StoreysInBasement": null, "TopHeight": 20.3}, "type": "Feature"}, {"geometry": {"coordinates": [[[834414.4746600008, 820985.6175100021], [834395.4969900008, 821001.3796800021], [834389.6276300009, 821006.2545500025], [834374.3528500004, 821018.9412400015], [834374.4260800006, 821019.0293200016], [834379.027900001, 821024.5644900016], [834379.5920000011, 821025.2430000026], [834382.2150000008, 821028.3980000019], [834384.8430000013, 821031.5700000022], [834387.4569500005, 821034.7255700026], [834388.0090000005, 821035.3920000009], [834394.6759600006, 821029.8683200013], [834399.2870000005, 821026.0480000023], [834405.9115700005, 821020.5267000012], [834408.363760001, 821018.4829000011], [834414.040000001, 821013.7520000022], [834414.9070000006, 821013.0270000026], [834417.934200001, 821010.5057000015], [834419.9008900011, 821008.867680002], [834420.4360000007, 821008.4220000021], [834421.8255600007, 821007.263220001], [834428.7330000009, 821001.5030000024], [834430.2370000007, 821000.2480000015], [834430.2563300012, 821000.2279700022], [834430.2753000008, 821000.2076000012], [834430.293920001, 821000.186900001], [834430.3121700007, 821000.1658800021], [834430.3300500009, 821000.1445500012], [834430.3475600006, 821000.1229100022], [834430.3646800006, 821000.1009600013], [834430.381430001, 821000.0787200015], [834430.3977800012, 821000.0561900027], [834430.4137300011, 821000.0333800018], [834430.4292800007, 821000.0103000011], [834430.4444300011, 820999.9869400021], [834430.4591700006, 820999.9633300025], [834430.4735000012, 820999.9394600019], [834430.4874000009, 820999.9153400026], [834430.5008900007, 820999.8909900021], [834430.5139400009, 820999.8664000016], [834430.5265700007, 820999.8415900022], [834430.5387600008, 820999.8165700026], [834430.5505100004, 820999.7913300022], [834430.5618200004, 820999.7659000009], [834430.5726800011, 820999.7402700018], [834430.5831000004, 820999.7144500017], [834430.5930600008, 820999.6884600017], [834430.602570001, 820999.6622900013], [834430.6116200006, 820999.635970002], [834430.6202100012, 820999.6094900016], [834430.6283300007, 820999.5828600023], [834430.6359900013, 820999.5561000016], [834430.6431800006, 820999.5292000026], [834430.6499000005, 820999.5021900013], [834430.6561500011, 820999.475060001], [834430.6619200008, 820999.4478300009], [834430.6672200011, 820999.4205000009], [834430.6720400006, 820999.3930800017], [834430.676380001, 820999.3655800018], [834430.6802400006, 820999.3380100019], [834430.6836200012, 820999.3103800025], [834430.6865200009, 820999.2826900017], [834430.6889300011, 820999.2549600024], [834430.6908600004, 820999.2271900009], [834430.6923000012, 820999.1993900016], [834430.693260001, 820999.1715700012], [834430.6937300004, 820999.1437300015], [834430.6937200008, 820999.1158900019], [834430.6932200007, 820999.0880600009], [834430.6922300011, 820999.0602400023], [834430.6907600006, 820999.0324400011], [834430.6888000006, 820999.0046700016], [834430.6863600006, 820998.9769400023], [834430.6834400008, 820998.9492500015], [834430.6800300004, 820998.921620002], [834430.6761500007, 820998.8940600026], [834430.6717800004, 820998.8665600009], [834430.6669300012, 820998.8391500022], [834430.6616100008, 820998.811830001], [834430.6558100004, 820998.7846000027], [834430.649530001, 820998.7574800011], [834430.6427800013, 820998.7304700017], [834430.6355600012, 820998.7035800014], [834430.6278800005, 820998.6768200025], [834430.6197300004, 820998.6502000019], [834430.6111100009, 820998.623730002], [834430.6020400012, 820998.5974100027], [834430.5925000012, 820998.5712600015], [834430.582510001, 820998.5452700015], [834430.5720700007, 820998.5194700025], [834430.5611800011, 820998.4938500021], [834430.549850001, 820998.4684200026], [834430.5380700007, 820998.4432000015], [834430.5258600004, 820998.4181800019], [834430.5132100005, 820998.3933800012], [834430.5001300005, 820998.3688100018], [834430.4866200006, 820998.3444600012], [834430.4726900011, 820998.3203600012], [834430.4583400004, 820998.2965100016], [834430.4435800007, 820998.2729000021], [834430.4284100011, 820998.2495600022], [834430.4128300007, 820998.2264900021], [834430.3968500011, 820998.2036900017], [834430.3804800007, 820998.1811800022], [834430.3637100011, 820998.158950001], [834430.346570001, 820998.1370300017], [834430.3320000004, 820998.1190000027], [834429.1350000007, 820996.6750000026], [834425.6580000008, 820992.4930000026], [834424.9088800009, 820993.115840001], [834422.8147400012, 820990.5893100016], [834423.5500000007, 820989.978000002], [834417.7020000005, 820982.9370000027], [834414.4746600008, 820985.6175100021]]], "type": "Polygon"}, "properties": {"BaseHeight": 3.8, "BuildingBlockType": "Podium", "BuildingCSUID": "3440321009P20210617", "BuildingID": 1910212531, "BuildingNameEN": null, "BuildingNameTC": null, "DateCreate": 1623859200000, "DateStamp": 1623859200000, "GeoRefNo": "3440321009", "OBJECTID": 274697, "Shape__Area": 1200.5936034082242, "Shape__Length": 156.68347919167832, "Status": "Active", "Storeys": null, "StoreysInBasement": null, "TopHeight": 18.7}, "type": "Feature"}, {"geometry": {"coordinates": [[[834344.8983300012, 821122.2709500026], [834332.7486300012, 821107.6897400022], [834332.5188471708, 821107.5292690794], [834332.266298604, 821107.4077360075], [834331.9975251877, 821107.3282884344], [834331.7194880245, 821107.2929840145], [834331.4393881437, 821107.3027371152], [834331.164479998, 821107.3572951357], [834330.9018835766, 821107.4552450498], [834330.658400001, 821107.5940500014], [834269.3393700011, 821158.0636200011], [834282.7846000008, 821174.2730300017], [834289.8843900012, 821168.3839600012], [834289.5738400007, 821168.0095700026], [834305.5547100008, 821154.7539100014], [834305.8788887745, 821154.409606039], [834306.1614320197, 821154.0303878819], [834306.3986095226, 821153.6212620725], [834306.5872900011, 821153.1876300015], [834307.4332500007, 821150.8909900021], [834307.6510625086, 821150.1593614476], [834307.9383870324, 821149.4521364137], [834308.2925474442, 821148.7759019624], [834308.7102451103, 821148.1369565108], [834309.1875896135, 821147.5412511678], [834309.7201349887, 821146.994334306], [834310.3029211324, 821146.501299884], [834310.9305200009, 821146.0667400025], [834312.037010001, 821147.7689000014], [834312.1265708046, 821147.9433431361], [834312.2440221051, 821148.1003677738], [834312.3860610911, 821148.2355582736], [834312.5486935289, 821148.345112986], [834312.7273460823, 821148.4259511573], [834312.9169949192, 821148.4757995624], [834313.1123069838, 821148.4932564301], [834313.3077899667, 821148.4778308611], [834313.4979467522, 821148.4299566331], [834313.6774300011, 821148.3509800024], [834333.1718500005, 821132.0665300023], [834334.5446000006, 821130.9198300019], [834344.8983300012, 821122.2709500026]]], "type": "Polygon"}, "properties": {"BaseHeight": 3.9, "BuildingBlockType": "Podium", "BuildingCSUID": "3430721140P20250516", "BuildingID": 1910263155, "BuildingNameEN": null, "BuildingNameTC": null, "DateCreate": 1747324800000, "DateStamp": 1748534400000, "GeoRefNo": "3430721140", "OBJECTID": 275504, "Shape__Area": 1646.067388569553, "Shape__Length": 207.29916003763944, "Status": "Active", "Storeys": 4, "StoreysInBasement": null, "TopHeight": 25.5}, "type": "Feature"}, {"geometry": {"coordinates": [[[834311.941540001, 821123.155030001], [834269.3393700011, 821158.0636200011], [834273.7288300004, 821163.3555000015], [834275.333850001, 821162.0138300024], [834284.361920001, 821172.813980002], [834289.8843900012, 821168.3839600012], [834287.5478700008, 821165.4712500013], [834291.1146100005, 821162.4433500022], [834287.240290001, 821157.8795600012], [834308.0693400009, 821140.1972300019], [834312.8606300009, 821145.8411700018], [834316.2897300012, 821142.9301100019], [834317.3258300005, 821144.1506000012], [834324.4273800012, 821138.1219100021], [834311.941540001, 821123.155030001]]], "type": "Polygon"}, "properties": {"BaseHeight": 25.5, "BuildingBlockType": "Tower", "BuildingCSUID": "3429721143T20250516", "BuildingID": 1910263175, "BuildingNameEN": "Bondlane 2", "BuildingNameTC": "連方２", "DateCreate": 1747324800000, "DateStamp": 1747324800000, "GeoRefNo": "3429721143", "OBJECTID": 275506, "Shape__Area": 808.6414919649964, "Shape__Length": 169.23204105802577, "Status": "Active", "Storeys": 21, "StoreysInBasement": null, "TopHeight": 99.3}, "type": "Feature"}, {"geometry": {"coordinates": [[[834343.9591000006, 821152.0102400016], [834344.1168182148, 821151.7993962913], [834344.2387726674, 821151.5660355904], [834344.3218216042, 821151.3161696675], [834344.3638255433, 821151.0562354944], [834344.3637023919, 821150.7929294176], [834344.3214553222, 821150.5330346497], [834344.238172691, 821150.2832465223], [834344.1160000004, 821150.0500000026], [834343.7527300008, 821149.5443200022], [834346.9793300005, 821146.7873500027], [834347.715870413, 821146.8203799438], [834348.4520100844, 821146.7793782308], [834349.1803266518, 821146.6647582763], [834349.8934766311, 821146.4776757727], [834350.5842694605, 821146.220017039], [834351.2457400011, 821145.8943800014], [834358.3233600007, 821139.8420300018], [834358.4152713048, 821139.74161288], [834358.4901575848, 821139.6279320496], [834358.5461366004, 821139.5038448385], [834358.5818013386, 821139.3724701355], [834358.5962553786, 821139.2371099978], [834358.5891354231, 821139.1011666552], [834358.5606204298, 821138.9680569962], [834358.5114271131, 821138.8411266857], [834358.4427919297, 821138.7235660725], [834358.3564400012, 821138.6183300018], [834347.2769900011, 821125.3891300019], [834336.9955200013, 821133.8903100025], [834335.6564600011, 821134.9975000024], [834336.323210001, 821135.8547500018], [834330.0578700006, 821141.0088400021], [834329.9343679002, 821141.1146727977], [834329.8289950343, 821141.2385675454], [834329.7443601094, 821141.377456994], [834329.6825584252, 821141.5279026694], [834329.6451200005, 821141.6861800011], [834328.7508200007, 821145.120480001], [834328.7131019721, 821145.3001808822], [834328.6488173201, 821145.4721766377], [834328.5594249681, 821145.6325638685], [834328.4469536522, 821145.777702628], [834328.3139558799, 821145.9042990298], [834328.1634500008, 821146.0094800014], [834326.6553200008, 821147.2159800027], [834330.1795800012, 821151.4546100013], [834329.2429500008, 821152.3912400026], [834334.1483300012, 821158.4396300018], [834334.2546561252, 821158.5928859593], [834334.3853377565, 821158.7259834589], [834334.5366205552, 821158.8350987555], [834334.7041583327, 821158.9170970866], [834334.8831379124, 821158.9696227299], [834335.0684174076, 821158.9911666815], [834335.2546739415, 821158.9811100073], [834335.4365565687, 821158.9397416244], [834335.6088400008, 821158.8682500012], [834343.9591000006, 821152.0102400016]]], "type": "Polygon"}, "properties": {"BaseHeight": 3.9, "BuildingBlockType": "Podium", "BuildingCSUID": "3434221142P20250508", "BuildingID": 1910262886, "BuildingNameEN": null, "BuildingNameTC": null, "DateCreate": 1746633600000, "DateStamp": 1748534400000, "GeoRefNo": "3434221142", "OBJECTID": 275550, "Shape__Area": 519.7464835315059, "Shape__Length": 98.11718893372051, "Status": "Active", "Storeys": 4, "StoreysInBasement": null, "TopHeight": 10.2}, "type": "Feature"}, {"geometry": {"coordinates": [[[834354.5197200011, 821134.0371700022], [834349.8417900009, 821128.451580001], [834346.418490001, 821131.2911400013], [834344.7780700009, 821129.5713500027], [834342.5291100005, 821131.3969800025], [834344.1959900009, 821133.963440001], [834343.4286900004, 821134.7571900021], [834342.2380600004, 821134.5719800014], [834337.3961800011, 821138.673030002], [834337.315990001, 821139.6732000019], [834336.3597000008, 821140.5232400019], [834334.2175000012, 821138.113260001], [834332.0792900007, 821140.0138900019], [834333.4274200005, 821141.5305400025], [834331.5224200012, 821143.2238800023], [834332.4444400007, 821144.6461900026], [834330.8188400008, 821146.0462600011], [834331.4512900012, 821146.7805900015], [834329.974510001, 821148.052480001], [834331.6669400008, 821150.0175300017], [834332.8241800005, 821149.0208400022], [834334.2774400013, 821150.7081900015], [834336.9325200012, 821148.4214700013], [834339.5672700005, 821151.4806400016], [834341.2614200013, 821150.021540001], [834342.4937300012, 821151.452370001], [834346.4630500004, 821148.0337500013], [834346.0635200012, 821147.569860002], [834346.9790000012, 821146.7870000023], [834349.5702100005, 821144.549680002], [834350.0422800006, 821145.1143900026], [834354.0375100011, 821141.774530001], [834353.3980500009, 821141.0095800012], [834355.2353700008, 821139.4736600015], [834352.2657900006, 821135.921360001], [834354.5197200011, 821134.0371700022]]], "type": "Polygon"}, "properties": {"BaseHeight": 10.2, "BuildingBlockType": "Tower", "BuildingCSUID": "3434321141T20250508", "BuildingID": 1910262913, "BuildingNameEN": "Bondlane I", "BuildingNameTC": "連方１", "DateCreate": 1746633600000, "DateStamp": 1747324800000, "GeoRefNo": "3434321141", "OBJECTID": 275551, "Shape__Area": 307.18469602670325, "Shape__Length": 93.82096731103172, "Status": "Active", "Storeys": 21, "StoreysInBasement": null, "TopHeight": 95.8}, "type": "Feature"}, {"geometry": {"coordinates": [[[834319.2555000009, 821239.1357500013], [834329.6122500012, 821230.632360002], [834330.2998700012, 821230.0689100027], [834330.8711400004, 821229.6007900015], [834331.4441500008, 821229.1312200017], [834332.063480001, 821228.6237700023], [834332.898000001, 821227.9399500024], [834334.3293000013, 821229.7308900021], [834334.5790600004, 821230.043370001], [834338.2555800006, 821227.1417500023], [834336.3965300005, 821224.9625500012], [834340.8903700011, 821221.3433300015], [834336.6652100012, 821216.2648600023], [834315.1456000004, 821234.1861400027], [834319.2555000009, 821239.1357500013]]], "type": "Polygon"}, "properties": {"BaseHeight": 4.3, "BuildingBlockType": "Tower", "BuildingCSUID": "3432821228T20050430", "BuildingID": 1108227169, "BuildingNameEN": "Kiu Kiang Street Substation", "BuildingNameTC": "九江街變電站", "DateCreate": 1114790400000, "DateStamp": 1695139200000, "GeoRefNo": "3432821228", "OBJECTID": 304178, "Shape__Area": 195.36319544410094, "Shape__Length": 74.70358400037462, "Status": "Active", "Storeys": 2, "StoreysInBasement": null, "TopHeight": 12.9}, "type": "Feature"}, {"geometry": {"coordinates": [[[834298.1435000012, 821095.7402000017], [834300.1747100009, 821098.0677400026], [834301.5345600005, 821096.762980001], [834304.7823400004, 821100.6101400014], [834306.9862400005, 821098.8162700012], [834307.6994800009, 821099.5441200025], [834308.9712000005, 821098.3786500022], [834308.428220001, 821097.730320001], [834309.7466300009, 821096.6261400022], [834310.3498600004, 821097.346400002], [834313.0974700004, 821094.8574600015], [834312.5192900011, 821094.1671000011], [834314.7456600005, 821092.302480001], [834311.1919900011, 821088.0347200017], [834311.9558900008, 821087.350490002], [834308.6986900009, 821083.4927700013], [834305.9849800011, 821085.8439700026], [834304.2024700008, 821083.7810100019], [834300.0742200008, 821087.378490001], [834300.7765400009, 821088.1844400018], [834300.1543400008, 821090.7395600025], [834298.9819600005, 821091.8089200016], [834300.0635900004, 821092.9718600027], [834298.4979000008, 821094.185200002], [834299.068740001, 821094.9103200026], [834298.1435000012, 821095.7402000017]]], "type": "Polygon"}, "properties": {"BaseHeight": 20.8, "BuildingBlockType": "Tower", "BuildingCSUID": "3430621092T20241105", "BuildingID": 1910256114, "BuildingNameEN": "The Vim", "BuildingNameTC": "佳悅", "DateCreate": 1730736000000, "DateStamp": 1730736000000, "GeoRefNo": "3430621092", "OBJECTID": 318444, "Shape__Area": 168.7819795834657, "Shape__Length": 61.05215685290624, "Status": "Active", "Storeys": 23, "StoreysInBasement": null, "TopHeight": 93.8}, "type": "Feature"}, {"geometry": {"coordinates": [[[834291.632220001, 821089.157180002], [834303.9659400005, 821103.6888300013], [834304.1037180533, 821103.8617060801], [834304.2667599113, 821104.0109919903], [834304.4510794994, 821104.1330379647], [834304.6521705412, 821104.2248602025], [834304.8651167287, 821104.2842138181], [834305.0847119174, 821104.3096477244], [834305.3055874067, 821104.3005401086], [834305.5223431953, 821104.2571136353], [834305.7296800008, 821104.1804300025], [834317.6605000012, 821094.106850002], [834304.5281800004, 821078.5533600021], [834291.632220001, 821089.157180002]]], "type": "Polygon"}, "properties": {"BaseHeight": 4.4, "BuildingBlockType": "Podium", "BuildingCSUID": "3430521092P20241105", "BuildingID": 1910256120, "BuildingNameEN": "Podium", "BuildingNameTC": "平台", "DateCreate": 1730736000000, "DateStamp": 1730736000000, "GeoRefNo": "3430521092", "OBJECTID": 318468, "Shape__Area": 340.74570711416555, "Shape__Length": 73.71830393388117, "Status": "Active", "Storeys": 3, "StoreysInBasement": null, "TopHeight": 20.8}, "type": "Feature"}, {"geometry": {"coordinates": [[[834458.464420001, 821060.0053600017], [834460.5424200008, 821058.2703600023], [834472.1764200004, 821048.5623600017], [834469.7524200007, 821045.6353600025], [834465.9904200006, 821041.0913600009], [834462.992420001, 821037.4703600015], [834462.3554200009, 821036.700360002], [834458.6420600004, 821032.215040002], [834444.8621300012, 821043.6781600025], [834449.2434600005, 821048.937880002], [834452.2518500006, 821052.5489100013], [834457.3905800004, 821058.7164100017], [834458.464420001, 821060.0053600017]]], "type": "Polygon"}, "properties": {"BaseHeight": 4, "BuildingBlockType": "Podium", "BuildingCSUID": "3445821045P20060311", "BuildingID": 1108245805, "BuildingNameEN": "FU WA MANSION", "BuildingNameTC": "富華大廈", "DateCreate": 1142006400000, "DateStamp": 1689004800000, "GeoRefNo": "3445821045", "OBJECTID": 331385, "Shape__Area": 379.96303016679406, "Shape__Length": 78.25786806308162, "Status": "Active", "Storeys": 1, "StoreysInBasement": null, "TopHeight": 9.4}, "type": "Feature"}, {"geometry": {"coordinates": [[[834436.4890600005, 821061.5782400016], [834432.295330001, 821065.0797100011], [834431.5262400005, 821064.1585600022], [834428.8264700007, 821066.4126800019], [834429.5955600012, 821067.3338200022], [834425.5133500006, 821070.742180001], [834425.711910001, 821070.9800000023], [834428.0832600007, 821073.8201900013], [834430.2801500009, 821076.4514100011], [834433.5837800009, 821073.6931200009], [834434.3528700005, 821074.6142600011], [834438.6288600005, 821071.044110002], [834437.8597700009, 821070.1229700018], [834441.2396300007, 821067.3010300025], [834436.4890600005, 821061.5782400016]]], "type": "Polygon"}, "properties": {"BaseHeight": 9.5, "BuildingBlockType": "Tower", "BuildingCSUID": "3443021073T20050430", "BuildingID": 1109609117, "BuildingNameEN": "Kin Ga Court", "BuildingNameTC": "健基閣", "DateCreate": 1114790400000, "DateStamp": 1689004800000, "GeoRefNo": "3443021073", "OBJECTID": 331386, "Shape__Area": 117.17201738818608, "Shape__Length": 48.25085521524487, "Status": "Active", "Storeys": 14, "StoreysInBasement": null, "TopHeight": 50.4}, "type": "Feature"}, {"geometry": {"coordinates": [[[834449.2899200004, 821058.0288100019], [834452.8926600004, 821055.0307700019], [834449.9457200011, 821051.4894400015], [834446.3439000007, 821054.4867200013], [834443.2720300006, 821050.7952500023], [834439.183050001, 821054.197920002], [834439.0963600008, 821055.206410002], [834439.5024300013, 821055.6943800021], [834439.0177000007, 821056.0977500025], [834438.9437500006, 821056.1592900027], [834438.8888700008, 821056.7977500018], [834439.1281100009, 821057.0852500014], [834438.6398400012, 821057.4915600009], [834437.0923700007, 821057.3585300017], [834435.3452600008, 821058.8124100026], [834441.3927900009, 821066.0797000024], [834443.9222500008, 821063.9747900013], [834444.8070100006, 821065.0380000025], [834447.0083100004, 821063.2061800025], [834449.2951000007, 821061.303220002], [834450.9020000007, 821059.9660400022], [834449.2899200004, 821058.0288100019]]], "type": "Polygon"}, "properties": {"BaseHeight": 19.8, "BuildingBlockType": "Tower", "BuildingCSUID": "3444421058T20230713", "BuildingID": 1910233543, "BuildingNameEN": "The Concerto", "BuildingNameTC": "弦雅", "DateCreate": 1689177600000, "DateStamp": 1689177600000, "GeoRefNo": "3444421058", "OBJECTID": 331387, "Shape__Area": 143.2671125909537, "Shape__Length": 56.529803608257104, "Status": "Active", "Storeys": null, "StoreysInBasement": null, "TopHeight": 79.9}, "type": "Feature"}, {"geometry": {"coordinates": [[[834452.2518500006, 821052.5489100013], [834449.2434600005, 821048.937880002], [834444.8621300012, 821043.6781600025], [834431.1411000006, 821055.1369500011], [834436.4890600005, 821061.5782400016], [834441.2396300007, 821067.3010300025], [834443.6235800004, 821070.1728600021], [834448.5267800009, 821066.0926300026], [834448.6051785884, 821066.0158708218], [834448.6702078781, 821065.9274994357], [834448.7201739462, 821065.8298177976], [834448.7537752454, 821065.7253703799], [834448.7701365079, 821065.6168778942], [834448.7688315455, 821065.5071664205], [834448.7498943505, 821065.399093792], [834448.713818211, 821065.2954751521], [834448.6615428607, 821065.1990096238], [834448.5944300005, 821065.1122100018], [834447.0083100004, 821063.2061800025], [834449.2951000007, 821061.303220002], [834450.881430001, 821063.2095100023], [834450.9569247557, 821063.2918173628], [834451.0447533693, 821063.3608107988], [834451.1425966584, 821063.4146684849], [834451.2478709945, 821063.4519682669], [834451.3577965266, 821063.4717252147], [834451.4694705849, 821063.4734176308], [834451.5799443288, 821063.4570008256], [834451.6863006126, 821063.4229082976], [834451.7857310157, 821063.3720402867], [834451.8756100005, 821063.3057400025], [834457.3905800004, 821058.7164100017], [834452.2518500006, 821052.5489100013]]], "type": "Polygon"}, "properties": {"BaseHeight": 3.9, "BuildingBlockType": "Podium", "BuildingCSUID": "3444421057P20230713", "BuildingID": 1910233547, "BuildingNameEN": null, "BuildingNameTC": null, "DateCreate": 1689177600000, "DateStamp": 1689177600000, "GeoRefNo": "3444421057", "OBJECTID": 331388, "Shape__Area": 340.2536158596438, "Shape__Length": 80.69652143686075, "Status": "Active", "Storeys": null, "StoreysInBasement": null, "TopHeight": 19.8}, "type": "Feature"}, {"geometry": {"coordinates": [[[834452.2518500006, 821052.5489100013], [834454.6328300005, 821050.5619200021], [834458.3953900011, 821055.1065500025], [834462.0039400011, 821052.095110001], [834459.6443600012, 821049.2450900022], [834461.4025700008, 821047.7778100017], [834463.7621400012, 821050.6278300025], [834467.3706900012, 821047.6164000016], [834463.6081200009, 821043.0717700012], [834465.9882300012, 821041.0855000019], [834462.9909300013, 821037.4652000014], [834458.6913900012, 821041.0533000026], [834458.0536700012, 821040.2830200009], [834452.9047200009, 821044.5799700022], [834453.5448100008, 821045.3482800014], [834449.2434600005, 821048.937880002], [834452.2518500006, 821052.5489100013]]], "type": "Polygon"}, "properties": {"BaseHeight": 9.4, "BuildingBlockType": "Tower", "BuildingCSUID": "3445921046T20050430", "BuildingID": 1108228555, "BuildingNameEN": "Fu Wa Mansion", "BuildingNameTC": "富華大廈", "DateCreate": 1114790400000, "DateStamp": 1689004800000, "GeoRefNo": "3445921046", "OBJECTID": 334193, "Shape__Area": 151.32627464531706, "Shape__Length": 66.40031385090353, "Status": "Active", "Storeys": 15, "StoreysInBasement": null, "TopHeight": 51.4}, "type": "Feature"}, {"geometry": {"coordinates": [[[834433.7556100013, 821080.627700001], [834433.7916900013, 821080.5962600019], [834433.9360000007, 821080.4760000017], [834434.4500000011, 821080.0470000021], [834437.353000001, 821077.6240000017], [834441.1490000011, 821074.4560000021], [834444.7430000007, 821071.5180000011], [834443.6235800004, 821070.1728600021], [834441.2396300007, 821067.3010300025], [834436.4890600005, 821061.5782400016], [834431.1411000006, 821055.1369500011], [834420.1092400011, 821064.2695000023], [834425.530220001, 821070.7677500024], [834430.275820001, 821076.4564000014], [834433.7556100013, 821080.627700001]]], "type": "Polygon"}, "properties": {"BaseHeight": 3.9, "BuildingBlockType": "Podium", "BuildingCSUID": "3443221068P20060311", "BuildingID": 1108245799, "BuildingNameEN": "KINGA COURT", "BuildingNameTC": "健基閣", "DateCreate": 1142006400000, "DateStamp": 1689004800000, "GeoRefNo": "3443221068", "OBJECTID": 334194, "Shape__Area": 304.2401220672092, "Shape__Length": 71.18930014449379, "Status": "Active", "Storeys": 2, "StoreysInBasement": null, "TopHeight": 9.5}, "type": "Feature"}, {"geometry": {"coordinates": [[[834355.1815800006, 821123.0432800017], [834354.2032000013, 821123.8610900026], [834356.620050001, 821126.6487700026], [834358.3440200007, 821125.197970001], [834361.8083500005, 821129.3533800021], [834360.8448600005, 821130.1170800012], [834358.9598600008, 821127.8620200027], [834355.7985500004, 821130.5197100025], [834363.2801100006, 821139.5802400019], [834364.5634900006, 821138.5000300016], [834369.0060500009, 821134.7609200012], [834371.1393700009, 821132.962580001], [834375.0436600009, 821129.6792000011], [834363.6196400011, 821115.9898900017], [834355.1815800006, 821123.0432800017]]], "type": "Polygon"}, "properties": {"BaseHeight": 3.8, "BuildingBlockType": "Tower", "BuildingCSUID": "3436521130T20050430", "BuildingID": 1108227987, "BuildingNameEN": "Yen Chow House", "BuildingNameTC": "欽州大廈", "DateCreate": 1114790400000, "DateStamp": 1727625600000, "GeoRefNo": "3436521130", "OBJECTID": 335819, "Shape__Area": 245.7432827970423, "Shape__Length": 76.88011421810933, "Status": "Active", "Storeys": 8, "StoreysInBasement": null, "TopHeight": 29.8}, "type": "Feature"}, {"geometry": {"coordinates": [[[834475.4174600011, 821082.9448900018], [834476.9074800005, 821081.7025400009], [834471.9242300009, 821075.707870001], [834472.4277400011, 821075.2811100017], [834470.9574600011, 821073.5124200024], [834468.9580700006, 821075.1744800024], [834475.4174600011, 821082.9448900018]]], "type": "Polygon"}, "properties": {"BaseHeight": 4, "BuildingBlockType": "Tower", "BuildingCSUID": "3447321078T20150326", "BuildingID": 1810140401, "BuildingNameEN": null, "BuildingNameTC": null, "DateCreate": 1427299200000, "DateStamp": 1684944000000, "GeoRefNo": "3447321078", "OBJECTID": 339841, "Shape__Area": 21.12021222377485, "Shape__Length": 25.400071583369815, "Status": "Active", "Storeys": null, "StoreysInBasement": null, "TopHeight": 8.8}, "type": "Feature"}], "type": "FeatureCollection"}
