{"crs": {"properties": {"name": "urn:ogc:def:crs:EPSG::2326"}, "type": "name"}, "features": [{"geometry": {"coordinates": [836353.9979999997, 819847.7029999997], "type": "Point"}, "properties": {"DBH": 172, "LU_HMD": "Kowloon City", "ROAD_NAME": "PUI CHING ROAD", "SPECIES_NAME": null, "TREE_ID": "RTR0115045"}, "type": "Feature"}, {"geometry": {"coordinates": [836045.2659999998, 819953.2070000004], "type": "Point"}, "properties": {"DBH": 950, "LU_HMD": "Kowloon City", "ROAD_NAME": "LANE 800523 WEST OF VICTORY AVENUE", "SPECIES_NAME": null, "TREE_ID": "RTR0115018"}, "type": "Feature"}, {"geometry": {"coordinates": [836151.9369999999, 819544.0620000008], "type": "Point"}, "properties": {"DBH": 197, "LU_HMD": "Kowloon City", "ROAD_NAME": "HO MAN TIN HILL ROAD", "SPECIES_NAME": null, "TREE_ID": "RTR0115944"}, "type": "Feature"}, {"geometry": {"coordinates": [836178.0590000004, 819544.318], "type": "Point"}, "properties": {"DBH": 131, "LU_HMD": "Kowloon City", "ROAD_NAME": "HO MAN TIN HILL ROAD", "SPECIES_NAME": null, "TREE_ID": "RTR0116090"}, "type": "Feature"}, {"geometry": {"coordinates": [836164.8229999999, 819557.1970000006], "type": "Point"}, "properties": {"DBH": 159, "LU_HMD": "Kowloon City", "ROAD_NAME": "HO MAN TIN HILL ROAD", "SPECIES_NAME": null, "TREE_ID": "RTR0116099"}, "type": "Feature"}, {"geometry": {"coordinates": [836155.1359999999, 819552.9279999994], "type": "Point"}, "properties": {"DBH": 96, "LU_HMD": "Kowloon City", "ROAD_NAME": "HO MAN TIN HILL ROAD", "SPECIES_NAME": null, "TREE_ID": "RTR0116100"}, "type": "Feature"}, {"geometry": {"coordinates": [836190.631, 819560.6999999993], "type": "Point"}, "properties": {"DBH": 96, "LU_HMD": "Kowloon City", "ROAD_NAME": "HO MAN TIN HILL ROAD", "SPECIES_NAME": null, "TREE_ID": "RTR0115930"}, "type": "Feature"}, {"geometry": {"coordinates": [836165.4390000002, 819543.2029999997], "type": "Point"}, "properties": {"DBH": 197, "LU_HMD": "Kowloon City", "ROAD_NAME": "HO MAN TIN HILL ROAD", "SPECIES_NAME": null, "TREE_ID": "RTR0115931"}, "type": "Feature"}, {"geometry": {"coordinates": [836170.1849999996, 819541.3080000002], "type": "Point"}, "properties": {"DBH": 105, "LU_HMD": "Kowloon City", "ROAD_NAME": "HO MAN TIN HILL ROAD", "SPECIES_NAME": null, "TREE_ID": "RTR0115914"}, "type": "Feature"}, {"geometry": {"coordinates": [836193.2180000003, 819560.9700000007], "type": "Point"}, "properties": {"DBH": 127, "LU_HMD": "Kowloon City", "ROAD_NAME": "HO MAN TIN HILL ROAD", "SPECIES_NAME": null, "TREE_ID": "RTR0115917"}, "type": "Feature"}, {"geometry": {"coordinates": [836193.6710000001, 819563.1669999994], "type": "Point"}, "properties": {"DBH": 169, "LU_HMD": "Kowloon City", "ROAD_NAME": "HO MAN TIN HILL ROAD", "SPECIES_NAME": null, "TREE_ID": "RTR0115919"}, "type": "Feature"}, {"geometry": {"coordinates": [836157.9780000001, 819545.8440000005], "type": "Point"}, "properties": {"DBH": 96, "LU_HMD": "Kowloon City", "ROAD_NAME": "HO MAN TIN HILL ROAD", "SPECIES_NAME": null, "TREE_ID": "RTR0115921"}, "type": "Feature"}, {"geometry": {"coordinates": [836351.2379999999, 819849.5109999999], "type": "Point"}, "properties": {"DBH": 111, "LU_HMD": "Kowloon City", "ROAD_NAME": "PUI CHING ROAD", "SPECIES_NAME": null, "TREE_ID": "RTR0116426"}, "type": "Feature"}, {"geometry": {"coordinates": [836338.3020000001, 819856.4309999999], "type": "Point"}, "properties": {"DBH": 137, "LU_HMD": "Kowloon City", "ROAD_NAME": "PUI CHING ROAD", "SPECIES_NAME": null, "TREE_ID": "RTR0116428"}, "type": "Feature"}, {"geometry": {"coordinates": [836191.5999999996, 819555.8169999998], "type": "Point"}, "properties": {"DBH": 102, "LU_HMD": "Kowloon City", "ROAD_NAME": "HO MAN TIN HILL ROAD", "SPECIES_NAME": null, "TREE_ID": "RTR0115932"}, "type": "Feature"}, {"geometry": {"coordinates": [836184.1540000001, 819553.0879999995], "type": "Point"}, "properties": {"DBH": 261, "LU_HMD": "Kowloon City", "ROAD_NAME": "HO MAN TIN HILL ROAD", "SPECIES_NAME": null, "TREE_ID": "RTR0115935"}, "type": "Feature"}, {"geometry": {"coordinates": [836138.5240000002, 819546.0189999994], "type": "Point"}, "properties": {"DBH": 102, "LU_HMD": "Kowloon City", "ROAD_NAME": "HO MAN TIN HILL ROAD", "SPECIES_NAME": null, "TREE_ID": "RTR0115936"}, "type": "Feature"}, {"geometry": {"coordinates": [836173.7220000001, 819531.5289999992], "type": "Point"}, "properties": {"DBH": 242, "LU_HMD": "Kowloon City", "ROAD_NAME": "HO MAN TIN HILL ROAD", "SPECIES_NAME": null, "TREE_ID": "RTR0115906"}, "type": "Feature"}, {"geometry": {"coordinates": [836188.8629999999, 819551.5360000003], "type": "Point"}, "properties": {"DBH": 271, "LU_HMD": "Kowloon City", "ROAD_NAME": "HO MAN TIN HILL ROAD", "SPECIES_NAME": null, "TREE_ID": "RTR0115923"}, "type": "Feature"}, {"geometry": {"coordinates": [836191.4689999996, 819551.6060000006], "type": "Point"}, "properties": {"DBH": 182, "LU_HMD": "Kowloon City", "ROAD_NAME": "HO MAN TIN HILL ROAD", "SPECIES_NAME": null, "TREE_ID": "RTR0115924"}, "type": "Feature"}, {"geometry": {"coordinates": [836167.9309999999, 819535.0059999991], "type": "Point"}, "properties": {"DBH": 166, "LU_HMD": "Kowloon City", "ROAD_NAME": "HO MAN TIN HILL ROAD", "SPECIES_NAME": null, "TREE_ID": "RTR0115926"}, "type": "Feature"}, {"geometry": {"coordinates": [836191.0990000004, 819561.8129999992], "type": "Point"}, "properties": {"DBH": 247, "LU_HMD": "Kowloon City", "ROAD_NAME": "HO MAN TIN HILL ROAD", "SPECIES_NAME": null, "TREE_ID": "RTR0115927"}, "type": "Feature"}, {"geometry": {"coordinates": [836183.3289999999, 819560.7400000002], "type": "Point"}, "properties": {"DBH": 99, "LU_HMD": "Kowloon City", "ROAD_NAME": "HO MAN TIN HILL ROAD", "SPECIES_NAME": null, "TREE_ID": "RTR0115910"}, "type": "Feature"}, {"geometry": {"coordinates": [836165.5580000002, 819545.2379999999], "type": "Point"}, "properties": {"DBH": 239, "LU_HMD": "Kowloon City", "ROAD_NAME": "HO MAN TIN HILL ROAD", "SPECIES_NAME": null, "TREE_ID": "RTR0115911"}, "type": "Feature"}, {"geometry": {"coordinates": [836182.9479999999, 819557.4529999997], "type": "Point"}, "properties": {"DBH": 204, "LU_HMD": "Kowloon City", "ROAD_NAME": "HO MAN TIN HILL ROAD", "SPECIES_NAME": null, "TREE_ID": "RTR0115912"}, "type": "Feature"}, {"geometry": {"coordinates": [836190.1129999999, 819559.2870000005], "type": "Point"}, "properties": {"DBH": 99, "LU_HMD": "Kowloon City", "ROAD_NAME": null, "SPECIES_NAME": null, "TREE_ID": "RTR0115913"}, "type": "Feature"}, {"geometry": {"coordinates": [836194.4119999995, 819553.4560000002], "type": "Point"}, "properties": {"DBH": 186, "LU_HMD": "Kowloon City", "ROAD_NAME": "HO MAN TIN HILL ROAD", "SPECIES_NAME": null, "TREE_ID": "RTR0115938"}, "type": "Feature"}, {"geometry": {"coordinates": [836167.7240000004, 819558.4719999991], "type": "Point"}, "properties": {"DBH": 96, "LU_HMD": "Kowloon City", "ROAD_NAME": "HO MAN TIN HILL ROAD", "SPECIES_NAME": null, "TREE_ID": "RTR0116074"}, "type": "Feature"}, {"geometry": {"coordinates": [836168.6069999998, 819559.6710000001], "type": "Point"}, "properties": {"DBH": 96, "LU_HMD": "Kowloon City", "ROAD_NAME": "HO MAN TIN HILL ROAD", "SPECIES_NAME": null, "TREE_ID": "RTR0116086"}, "type": "Feature"}, {"geometry": {"coordinates": [836137.7189999996, 819546.4949999992], "type": "Point"}, "properties": {"DBH": 135, "LU_HMD": "Kowloon City", "ROAD_NAME": "HO MAN TIN HILL ROAD", "SPECIES_NAME": null, "TREE_ID": "RTR0115939"}, "type": "Feature"}, {"geometry": {"coordinates": [836193.1279999996, 819556.3560000006], "type": "Point"}, "properties": {"DBH": 96, "LU_HMD": "Kowloon City", "ROAD_NAME": "HO MAN TIN HILL ROAD", "SPECIES_NAME": null, "TREE_ID": "RTR0115942"}, "type": "Feature"}, {"geometry": {"coordinates": [836154.1040000003, 819530.1079999991], "type": "Point"}, "properties": {"DBH": 204, "LU_HMD": "Kowloon City", "ROAD_NAME": "HO MAN TIN HILL ROAD", "SPECIES_NAME": null, "TREE_ID": "RTR0117392"}, "type": "Feature"}, {"geometry": {"coordinates": [836154.9390000002, 819520.9570000004], "type": "Point"}, "properties": {"DBH": 803, "LU_HMD": "Kowloon City", "ROAD_NAME": "HO MAN TIN HILL ROAD", "SPECIES_NAME": null, "TREE_ID": "RTR0117393"}, "type": "Feature"}, {"geometry": {"coordinates": [836137.9649999999, 819533.2469999995], "type": "Point"}, "properties": {"DBH": 96, "LU_HMD": "Kowloon City", "ROAD_NAME": "HO MAN TIN HILL ROAD", "SPECIES_NAME": null, "TREE_ID": "RTR0117396"}, "type": "Feature"}, {"geometry": {"coordinates": [836172.818, 819518.3129999992], "type": "Point"}, "properties": {"DBH": 121, "LU_HMD": "Kowloon City", "ROAD_NAME": "HO MAN TIN HILL ROAD", "SPECIES_NAME": null, "TREE_ID": "RTR0117397"}, "type": "Feature"}, {"geometry": {"coordinates": [836162.5389999999, 819528.0020000003], "type": "Point"}, "properties": {"DBH": 115, "LU_HMD": "Kowloon City", "ROAD_NAME": "HO MAN TIN HILL ROAD", "SPECIES_NAME": null, "TREE_ID": "RTR0117398"}, "type": "Feature"}, {"geometry": {"coordinates": [836163.7740000002, 819528.8959999997], "type": "Point"}, "properties": {"DBH": 96, "LU_HMD": "Kowloon City", "ROAD_NAME": "HO MAN TIN HILL ROAD", "SPECIES_NAME": null, "TREE_ID": "RTR0117399"}, "type": "Feature"}, {"geometry": {"coordinates": [836177.4050000003, 819584.7520000003], "type": "Point"}, "properties": {"DBH": 242, "LU_HMD": "Kowloon City", "ROAD_NAME": "HO MAN TIN HILL ROAD", "SPECIES_NAME": null, "TREE_ID": "RTR0117664"}, "type": "Feature"}, {"geometry": {"coordinates": [836162.0089999996, 819680.5779999997], "type": "Point"}, "properties": {"DBH": 191, "LU_HMD": "Kowloon City", "ROAD_NAME": "HO MAN TIN HILL ROAD", "SPECIES_NAME": null, "TREE_ID": "RTR0117666"}, "type": "Feature"}, {"geometry": {"coordinates": [836173.2599999998, 819617.4959999993], "type": "Point"}, "properties": {"DBH": 111, "LU_HMD": "Kowloon City", "ROAD_NAME": "HO MAN TIN HILL ROAD", "SPECIES_NAME": null, "TREE_ID": "RTR0117670"}, "type": "Feature"}, {"geometry": {"coordinates": [836176.5499999998, 819586.1040000003], "type": "Point"}, "properties": {"DBH": 169, "LU_HMD": "Kowloon City", "ROAD_NAME": "HO MAN TIN HILL ROAD", "SPECIES_NAME": null, "TREE_ID": "RTR0117674"}, "type": "Feature"}, {"geometry": {"coordinates": [836159.7649999997, 819626.9069999997], "type": "Point"}, "properties": {"DBH": 118, "LU_HMD": "Kowloon City", "ROAD_NAME": "HO MAN TIN HILL ROAD", "SPECIES_NAME": null, "TREE_ID": "RTR0117676"}, "type": "Feature"}, {"geometry": {"coordinates": [836162.8279999997, 819682.852], "type": "Point"}, "properties": {"DBH": 96, "LU_HMD": "Kowloon City", "ROAD_NAME": "HO MAN TIN HILL ROAD", "SPECIES_NAME": null, "TREE_ID": "RTR0117677"}, "type": "Feature"}, {"geometry": {"coordinates": [836176.9910000004, 819573.0830000006], "type": "Point"}, "properties": {"DBH": 102, "LU_HMD": "Kowloon City", "ROAD_NAME": "HO MAN TIN HILL ROAD", "SPECIES_NAME": null, "TREE_ID": "RTR0117683"}, "type": "Feature"}, {"geometry": {"coordinates": [836172.943, 819574.2970000003], "type": "Point"}, "properties": {"DBH": 131, "LU_HMD": "Kowloon City", "ROAD_NAME": "HO MAN TIN HILL ROAD", "SPECIES_NAME": null, "TREE_ID": "RTR0117687"}, "type": "Feature"}, {"geometry": {"coordinates": [836152.4249999998, 819692.9910000004], "type": "Point"}, "properties": {"DBH": 554, "LU_HMD": "Kowloon City", "ROAD_NAME": "HO MAN TIN HILL ROAD", "SPECIES_NAME": null, "TREE_ID": "RTR0117689"}, "type": "Feature"}, {"geometry": {"coordinates": [836177.3799999999, 819589.5710000005], "type": "Point"}, "properties": {"DBH": 134, "LU_HMD": "Kowloon City", "ROAD_NAME": "HO MAN TIN HILL ROAD", "SPECIES_NAME": null, "TREE_ID": "RTR0117690"}, "type": "Feature"}, {"geometry": {"coordinates": [836283.9299999997, 819654.4289999995], "type": "Point"}, "properties": {"DBH": 218, "LU_HMD": "Kowloon City", "ROAD_NAME": null, "SPECIES_NAME": null, "TREE_ID": "RTR0118126"}, "type": "Feature"}, {"geometry": {"coordinates": [836278.6689999998, 819610.2029999997], "type": "Point"}, "properties": {"DBH": 118, "LU_HMD": "Kowloon City", "ROAD_NAME": "HO MAN TIN HILL ROAD", "SPECIES_NAME": null, "TREE_ID": "RTR0118127"}, "type": "Feature"}, {"geometry": {"coordinates": [836292.591, 819679.3369999994], "type": "Point"}, "properties": {"DBH": 322, "LU_HMD": "Kowloon City", "ROAD_NAME": "HO MAN TIN HILL ROAD", "SPECIES_NAME": null, "TREE_ID": "RTR0118129"}, "type": "Feature"}, {"geometry": {"coordinates": [836285.3710000003, 819667.8760000002], "type": "Point"}, "properties": {"DBH": 96, "LU_HMD": "Kowloon City", "ROAD_NAME": "HO MAN TIN HILL ROAD", "SPECIES_NAME": null, "TREE_ID": "RTR0118131"}, "type": "Feature"}, {"geometry": {"coordinates": [836279.0080000004, 819611.2459999993], "type": "Point"}, "properties": {"DBH": 118, "LU_HMD": "Kowloon City", "ROAD_NAME": "HO MAN TIN HILL ROAD", "SPECIES_NAME": null, "TREE_ID": "RTR0118132"}, "type": "Feature"}, {"geometry": {"coordinates": [836273.2079999996, 819571.9110000003], "type": "Point"}, "properties": {"DBH": 169, "LU_HMD": "Kowloon City", "ROAD_NAME": "HO MAN TIN HILL ROAD", "SPECIES_NAME": null, "TREE_ID": "RTR0118133"}, "type": "Feature"}, {"geometry": {"coordinates": [836176.4809999997, 819603.2640000004], "type": "Point"}, "properties": {"DBH": 197, "LU_HMD": "Kowloon City", "ROAD_NAME": "HO MAN TIN HILL ROAD", "SPECIES_NAME": null, "TREE_ID": "RTR0117691"}, "type": "Feature"}, {"geometry": {"coordinates": [836176.7060000002, 819604.1600000001], "type": "Point"}, "properties": {"DBH": 150, "LU_HMD": "Kowloon City", "ROAD_NAME": "HO MAN TIN HILL ROAD", "SPECIES_NAME": null, "TREE_ID": "RTR0117694"}, "type": "Feature"}, {"geometry": {"coordinates": [836185.4709999999, 819545.4419999998], "type": "Point"}, "properties": {"DBH": 296, "LU_HMD": "Kowloon City", "ROAD_NAME": "HO MAN TIN HILL ROAD", "SPECIES_NAME": null, "TREE_ID": "RTR0115448"}, "type": "Feature"}, {"geometry": {"coordinates": [836179.4730000002, 819559.5030000005], "type": "Point"}, "properties": {"DBH": 102, "LU_HMD": "Kowloon City", "ROAD_NAME": "HO MAN TIN HILL ROAD", "SPECIES_NAME": null, "TREE_ID": "RTR0115449"}, "type": "Feature"}, {"geometry": {"coordinates": [836184.3310000002, 819526.8389999997], "type": "Point"}, "properties": {"DBH": 175, "LU_HMD": "Kowloon City", "ROAD_NAME": "HO MAN TIN HILL ROAD", "SPECIES_NAME": null, "TREE_ID": "RTR0115451"}, "type": "Feature"}, {"geometry": {"coordinates": [836190.6490000002, 819535.0399999991], "type": "Point"}, "properties": {"DBH": 290, "LU_HMD": "Kowloon City", "ROAD_NAME": "HO MAN TIN HILL ROAD", "SPECIES_NAME": null, "TREE_ID": "RTR0115452"}, "type": "Feature"}, {"geometry": {"coordinates": [836277.4369999999, 819603.9299999997], "type": "Point"}, "properties": {"DBH": 127, "LU_HMD": "Kowloon City", "ROAD_NAME": "HO MAN TIN HILL ROAD", "SPECIES_NAME": null, "TREE_ID": "RTR0118134"}, "type": "Feature"}, {"geometry": {"coordinates": [836276.8849999998, 819604.2449999992], "type": "Point"}, "properties": {"DBH": 166, "LU_HMD": "Kowloon City", "ROAD_NAME": "HO MAN TIN HILL ROAD", "SPECIES_NAME": null, "TREE_ID": "RTR0118135"}, "type": "Feature"}, {"geometry": {"coordinates": [836279.3049999997, 819624.1539999992], "type": "Point"}, "properties": {"DBH": 96, "LU_HMD": "Kowloon City", "ROAD_NAME": "HO MAN TIN HILL ROAD", "SPECIES_NAME": null, "TREE_ID": "RTR0118136"}, "type": "Feature"}, {"geometry": {"coordinates": [836276.8849999998, 819613.1300000008], "type": "Point"}, "properties": {"DBH": 220, "LU_HMD": "Kowloon City", "ROAD_NAME": "HO MAN TIN HILL ROAD", "SPECIES_NAME": null, "TREE_ID": "RTR0118137"}, "type": "Feature"}, {"geometry": {"coordinates": [836268.3099999996, 819549.3849999998], "type": "Point"}, "properties": {"DBH": 992, "LU_HMD": "Kowloon City", "ROAD_NAME": "HO MAN TIN HILL ROAD", "SPECIES_NAME": null, "TREE_ID": "RTR0118140"}, "type": "Feature"}, {"geometry": {"coordinates": [836268.6639999999, 819548.7489999998], "type": "Point"}, "properties": {"DBH": 169, "LU_HMD": "Kowloon City", "ROAD_NAME": "HO MAN TIN HILL ROAD", "SPECIES_NAME": null, "TREE_ID": "RTR0118105"}, "type": "Feature"}, {"geometry": {"coordinates": [836285.7070000004, 819669.4240000006], "type": "Point"}, "properties": {"DBH": 102, "LU_HMD": "Kowloon City", "ROAD_NAME": "HO MAN TIN HILL ROAD", "SPECIES_NAME": null, "TREE_ID": "RTR0118106"}, "type": "Feature"}, {"geometry": {"coordinates": [836300.2000000002, 819674.3829999994], "type": "Point"}, "properties": {"DBH": 314, "LU_HMD": "Kowloon City", "ROAD_NAME": "HO MAN TIN HILL ROAD", "SPECIES_NAME": null, "TREE_ID": "RTR0118107"}, "type": "Feature"}, {"geometry": {"coordinates": [836165.0140000004, 819518.0439999998], "type": "Point"}, "properties": {"DBH": 96, "LU_HMD": "Kowloon City", "ROAD_NAME": "HO MAN TIN HILL ROAD", "SPECIES_NAME": null, "TREE_ID": "RTR0117403"}, "type": "Feature"}, {"geometry": {"coordinates": [836155.9249999998, 819690.3019999992], "type": "Point"}, "properties": {"DBH": 245, "LU_HMD": "Kowloon City", "ROAD_NAME": "HO MAN TIN HILL ROAD", "SPECIES_NAME": null, "TREE_ID": "RTR0117697"}, "type": "Feature"}, {"geometry": {"coordinates": [836181.1579999998, 819616.3489999995], "type": "Point"}, "properties": {"DBH": 99, "LU_HMD": "Kowloon City", "ROAD_NAME": null, "SPECIES_NAME": null, "TREE_ID": "RTR0117698"}, "type": "Feature"}, {"geometry": {"coordinates": [836173.6840000004, 819578.591], "type": "Point"}, "properties": {"DBH": 108, "LU_HMD": "Kowloon City", "ROAD_NAME": "HO MAN TIN HILL ROAD", "SPECIES_NAME": null, "TREE_ID": "RTR0117703"}, "type": "Feature"}, {"geometry": {"coordinates": [836273.3219999997, 819547.6909999996], "type": "Point"}, "properties": {"DBH": 121, "LU_HMD": "Kowloon City", "ROAD_NAME": "HO MAN TIN HILL ROAD", "SPECIES_NAME": null, "TREE_ID": "RTR0117705"}, "type": "Feature"}, {"geometry": {"coordinates": [836275.233, 819589.4030000009], "type": "Point"}, "properties": {"DBH": 207, "LU_HMD": "Kowloon City", "ROAD_NAME": "HO MAN TIN HILL ROAD", "SPECIES_NAME": null, "TREE_ID": "RTR0117706"}, "type": "Feature"}, {"geometry": {"coordinates": [836269.8200000003, 819547.1640000008], "type": "Point"}, "properties": {"DBH": 142, "LU_HMD": "Kowloon City", "ROAD_NAME": "HO MAN TIN HILL ROAD", "SPECIES_NAME": null, "TREE_ID": "RTR0117707"}, "type": "Feature"}, {"geometry": {"coordinates": [836268.2379999999, 819575.2760000005], "type": "Point"}, "properties": {"DBH": 140, "LU_HMD": "Kowloon City", "ROAD_NAME": null, "SPECIES_NAME": null, "TREE_ID": "RTR0117708"}, "type": "Feature"}, {"geometry": {"coordinates": [836161.4809999997, 819707.6699999999], "type": "Point"}, "properties": {"DBH": 146, "LU_HMD": "Kowloon City", "ROAD_NAME": "HO MAN TIN HILL ROAD", "SPECIES_NAME": null, "TREE_ID": "RTR0117709"}, "type": "Feature"}, {"geometry": {"coordinates": [836186.7879999997, 819524.6579999998], "type": "Point"}, "properties": {"DBH": 293, "LU_HMD": "Kowloon City", "ROAD_NAME": "HO MAN TIN HILL ROAD", "SPECIES_NAME": null, "TREE_ID": "RTR0115454"}, "type": "Feature"}, {"geometry": {"coordinates": [836276.8090000004, 819547.3120000008], "type": "Point"}, "properties": {"DBH": 261, "LU_HMD": "Kowloon City", "ROAD_NAME": "HO MAN TIN HILL ROAD", "SPECIES_NAME": null, "TREE_ID": "RTR0117711"}, "type": "Feature"}, {"geometry": {"coordinates": [836152.1050000004, 819692.0629999992], "type": "Point"}, "properties": {"DBH": 261, "LU_HMD": "Kowloon City", "ROAD_NAME": "HO MAN TIN HILL ROAD", "SPECIES_NAME": null, "TREE_ID": "RTR0117714"}, "type": "Feature"}, {"geometry": {"coordinates": [836147.5580000002, 819671.2589999996], "type": "Point"}, "properties": {"DBH": 318, "LU_HMD": "Kowloon City", "ROAD_NAME": "HO MAN TIN HILL ROAD", "SPECIES_NAME": null, "TREE_ID": "RTR0117717"}, "type": "Feature"}, {"geometry": {"coordinates": [836269.2980000004, 819578.2740000002], "type": "Point"}, "properties": {"DBH": 120, "LU_HMD": "Kowloon City", "ROAD_NAME": "HO MAN TIN HILL ROAD", "SPECIES_NAME": null, "TREE_ID": "RTR0117718"}, "type": "Feature"}, {"geometry": {"coordinates": [836269.4450000003, 819566.1850000005], "type": "Point"}, "properties": {"DBH": 157, "LU_HMD": "Kowloon City", "ROAD_NAME": "HO MAN TIN HILL ROAD", "SPECIES_NAME": null, "TREE_ID": "RTR0117719"}, "type": "Feature"}, {"geometry": {"coordinates": [836270.0959999999, 819612.0610000007], "type": "Point"}, "properties": {"DBH": 217, "LU_HMD": "Kowloon City", "ROAD_NAME": "HO MAN TIN HILL ROAD", "SPECIES_NAME": null, "TREE_ID": "RTR0117720"}, "type": "Feature"}, {"geometry": {"coordinates": [836273.2319999998, 819621.9890000001], "type": "Point"}, "properties": {"DBH": 172, "LU_HMD": "Kowloon City", "ROAD_NAME": "HO MAN TIN HILL ROAD", "SPECIES_NAME": null, "TREE_ID": "RTR0117722"}, "type": "Feature"}, {"geometry": {"coordinates": [836263.6119999997, 819544.466], "type": "Point"}, "properties": {"DBH": 197, "LU_HMD": "Kowloon City", "ROAD_NAME": "HO MAN TIN HILL ROAD", "SPECIES_NAME": null, "TREE_ID": "RTR0117725"}, "type": "Feature"}, {"geometry": {"coordinates": [836262.9680000003, 819559.1710000001], "type": "Point"}, "properties": {"DBH": 96, "LU_HMD": "Kowloon City", "ROAD_NAME": "HO MAN TIN HILL ROAD", "SPECIES_NAME": null, "TREE_ID": "RTR0117726"}, "type": "Feature"}, {"geometry": {"coordinates": [836280.9780000001, 819617.7660000008], "type": "Point"}, "properties": {"DBH": 223, "LU_HMD": "Kowloon City", "ROAD_NAME": "HO MAN TIN HILL ROAD", "SPECIES_NAME": null, "TREE_ID": "RTR0118109"}, "type": "Feature"}, {"geometry": {"coordinates": [836286.506, 819677.3650000002], "type": "Point"}, "properties": {"DBH": 131, "LU_HMD": "Kowloon City", "ROAD_NAME": "HO MAN TIN HILL ROAD", "SPECIES_NAME": null, "TREE_ID": "RTR0118110"}, "type": "Feature"}, {"geometry": {"coordinates": [836280.8289999999, 819619.8049999997], "type": "Point"}, "properties": {"DBH": 255, "LU_HMD": "Kowloon City", "ROAD_NAME": "HO MAN TIN HILL ROAD", "SPECIES_NAME": null, "TREE_ID": "RTR0118111"}, "type": "Feature"}, {"geometry": {"coordinates": [836276.733, 819606.3310000002], "type": "Point"}, "properties": {"DBH": 221, "LU_HMD": "Kowloon City", "ROAD_NAME": "HO MAN TIN HILL ROAD", "SPECIES_NAME": null, "TREE_ID": "RTR0118112"}, "type": "Feature"}, {"geometry": {"coordinates": [836296.9029999999, 819675.5189999994], "type": "Point"}, "properties": {"DBH": 96, "LU_HMD": "Kowloon City", "ROAD_NAME": "HO MAN TIN HILL ROAD", "SPECIES_NAME": null, "TREE_ID": "RTR0118116"}, "type": "Feature"}, {"geometry": {"coordinates": [836275.4349999996, 819638.8800000008], "type": "Point"}, "properties": {"DBH": 127, "LU_HMD": "Kowloon City", "ROAD_NAME": "HO MAN TIN HILL ROAD", "SPECIES_NAME": null, "TREE_ID": "RTR0118117"}, "type": "Feature"}, {"geometry": {"coordinates": [836279.1739999996, 819616.2449999992], "type": "Point"}, "properties": {"DBH": 214, "LU_HMD": "Kowloon City", "ROAD_NAME": "HO MAN TIN HILL ROAD", "SPECIES_NAME": null, "TREE_ID": "RTR0118118"}, "type": "Feature"}, {"geometry": {"coordinates": [836279.7860000003, 819608.5759999994], "type": "Point"}, "properties": {"DBH": 96, "LU_HMD": "Kowloon City", "ROAD_NAME": "HO MAN TIN HILL ROAD", "SPECIES_NAME": null, "TREE_ID": "RTR0118120"}, "type": "Feature"}, {"geometry": {"coordinates": [836279.6339999996, 819642.6239999998], "type": "Point"}, "properties": {"DBH": 248, "LU_HMD": "Kowloon City", "ROAD_NAME": "HO MAN TIN HILL ROAD", "SPECIES_NAME": null, "TREE_ID": "RTR0118122"}, "type": "Feature"}, {"geometry": {"coordinates": [836281.3250000002, 819661.3010000009], "type": "Point"}, "properties": {"DBH": 96, "LU_HMD": "Kowloon City", "ROAD_NAME": "HO MAN TIN HILL ROAD", "SPECIES_NAME": null, "TREE_ID": "RTR0118124"}, "type": "Feature"}, {"geometry": {"coordinates": [836283.443, 819669.5720000006], "type": "Point"}, "properties": {"DBH": 108, "LU_HMD": "Kowloon City", "ROAD_NAME": "HO MAN TIN HILL ROAD", "SPECIES_NAME": null, "TREE_ID": "RTR0118125"}, "type": "Feature"}, {"geometry": {"coordinates": [836275.3990000002, 819608.398], "type": "Point"}, "properties": {"DBH": 150, "LU_HMD": "Kowloon City", "ROAD_NAME": "HO MAN TIN HILL ROAD", "SPECIES_NAME": null, "TREE_ID": "RTR0117727"}, "type": "Feature"}, {"geometry": {"coordinates": [836143.5029999996, 819539.3680000007], "type": "Point"}, "properties": {"DBH": 411, "LU_HMD": "Kowloon City", "ROAD_NAME": "HO MAN TIN HILL ROAD", "SPECIES_NAME": null, "TREE_ID": "RTR0117363"}, "type": "Feature"}, {"geometry": {"coordinates": [836158.7220000001, 819524.6290000007], "type": "Point"}, "properties": {"DBH": 108, "LU_HMD": "Kowloon City", "ROAD_NAME": "HO MAN TIN HILL ROAD", "SPECIES_NAME": null, "TREE_ID": "RTR0117366"}, "type": "Feature"}, {"geometry": {"coordinates": [836160.3499999996, 819518.7640000004], "type": "Point"}, "properties": {"DBH": 124, "LU_HMD": "Kowloon City", "ROAD_NAME": "HO MAN TIN HILL ROAD", "SPECIES_NAME": null, "TREE_ID": "RTR0117367"}, "type": "Feature"}, {"geometry": {"coordinates": [836269.3799999999, 819576.8870000001], "type": "Point"}, "properties": {"DBH": 118, "LU_HMD": "Kowloon City", "ROAD_NAME": "HO MAN TIN HILL ROAD", "SPECIES_NAME": null, "TREE_ID": "RTR0117728"}, "type": "Feature"}, {"geometry": {"coordinates": [836266.8590000002, 819555.4419999998], "type": "Point"}, "properties": {"DBH": 2064, "LU_HMD": "Kowloon City", "ROAD_NAME": "HO MAN TIN HILL ROAD", "SPECIES_NAME": null, "TREE_ID": "RTR0117729"}, "type": "Feature"}, {"geometry": {"coordinates": [836277.2230000002, 819608.0260000005], "type": "Point"}, "properties": {"DBH": 153, "LU_HMD": "Kowloon City", "ROAD_NAME": "HO MAN TIN HILL ROAD", "SPECIES_NAME": null, "TREE_ID": "RTR0117730"}, "type": "Feature"}, {"geometry": {"coordinates": [836269.6449999996, 819606.5270000007], "type": "Point"}, "properties": {"DBH": 151, "LU_HMD": "Kowloon City", "ROAD_NAME": "HO MAN TIN HILL ROAD", "SPECIES_NAME": null, "TREE_ID": "RTR0117731"}, "type": "Feature"}, {"geometry": {"coordinates": [836273.5959999999, 819589.5859999992], "type": "Point"}, "properties": {"DBH": 143, "LU_HMD": "Kowloon City", "ROAD_NAME": "HO MAN TIN HILL ROAD", "SPECIES_NAME": null, "TREE_ID": "RTR0117733"}, "type": "Feature"}, {"geometry": {"coordinates": [836271.1900000004, 819571.8420000002], "type": "Point"}, "properties": {"DBH": 99, "LU_HMD": "Kowloon City", "ROAD_NAME": "HO MAN TIN HILL ROAD", "SPECIES_NAME": null, "TREE_ID": "RTR0117734"}, "type": "Feature"}, {"geometry": {"coordinates": [836266.5920000002, 819568.2899999991], "type": "Point"}, "properties": {"DBH": 137, "LU_HMD": "Kowloon City", "ROAD_NAME": "HO MAN TIN HILL ROAD", "SPECIES_NAME": null, "TREE_ID": "RTR0117736"}, "type": "Feature"}, {"geometry": {"coordinates": [836278.4239999996, 819614.2579999994], "type": "Point"}, "properties": {"DBH": 178, "LU_HMD": "Kowloon City", "ROAD_NAME": "HO MAN TIN HILL ROAD", "SPECIES_NAME": null, "TREE_ID": "RTR0117737"}, "type": "Feature"}, {"geometry": {"coordinates": [836146.4220000003, 819532.0099999998], "type": "Point"}, "properties": {"DBH": 204, "LU_HMD": "Kowloon City", "ROAD_NAME": "HO MAN TIN HILL ROAD", "SPECIES_NAME": null, "TREE_ID": "RTR0117368"}, "type": "Feature"}, {"geometry": {"coordinates": [836164.4749999996, 819530.3110000007], "type": "Point"}, "properties": {"DBH": 344, "LU_HMD": "Kowloon City", "ROAD_NAME": "HO MAN TIN HILL ROAD", "SPECIES_NAME": null, "TREE_ID": "RTR0117370"}, "type": "Feature"}, {"geometry": {"coordinates": [836142.2790000001, 819537.1490000002], "type": "Point"}, "properties": {"DBH": 277, "LU_HMD": "Kowloon City", "ROAD_NAME": "HO MAN TIN HILL ROAD", "SPECIES_NAME": null, "TREE_ID": "RTR0117372"}, "type": "Feature"}, {"geometry": {"coordinates": [836145.6349999998, 819534.2449999992], "type": "Point"}, "properties": {"DBH": 96, "LU_HMD": "Kowloon City", "ROAD_NAME": "HO MAN TIN HILL ROAD", "SPECIES_NAME": null, "TREE_ID": "RTR0117373"}, "type": "Feature"}, {"geometry": {"coordinates": [836180.4500000002, 819602.3080000002], "type": "Point"}, "properties": {"DBH": 108, "LU_HMD": "Kowloon City", "ROAD_NAME": "HO MAN TIN HILL ROAD", "SPECIES_NAME": null, "TREE_ID": "RTR0117148"}, "type": "Feature"}, {"geometry": {"coordinates": [836180.9450000003, 819600.6960000005], "type": "Point"}, "properties": {"DBH": 111, "LU_HMD": "Kowloon City", "ROAD_NAME": "HO MAN TIN HILL ROAD", "SPECIES_NAME": null, "TREE_ID": "RTR0117149"}, "type": "Feature"}, {"geometry": {"coordinates": [836183.7089999998, 819620.0380000006], "type": "Point"}, "properties": {"DBH": 131, "LU_HMD": "Kowloon City", "ROAD_NAME": "HO MAN TIN HILL ROAD", "SPECIES_NAME": null, "TREE_ID": "RTR0117151"}, "type": "Feature"}, {"geometry": {"coordinates": [836182.1449999996, 819609.8110000007], "type": "Point"}, "properties": {"DBH": 150, "LU_HMD": "Kowloon City", "ROAD_NAME": "HO MAN TIN HILL ROAD", "SPECIES_NAME": null, "TREE_ID": "RTR0117152"}, "type": "Feature"}, {"geometry": {"coordinates": [836159.3710000003, 819688.0610000007], "type": "Point"}, "properties": {"DBH": 325, "LU_HMD": "Kowloon City", "ROAD_NAME": "HO MAN TIN HILL ROAD", "SPECIES_NAME": null, "TREE_ID": "RTR0117153"}, "type": "Feature"}, {"geometry": {"coordinates": [836163.9249999998, 819704.4690000005], "type": "Point"}, "properties": {"DBH": 150, "LU_HMD": "Kowloon City", "ROAD_NAME": "HO MAN TIN HILL ROAD", "SPECIES_NAME": null, "TREE_ID": "RTR0117738"}, "type": "Feature"}, {"geometry": {"coordinates": [836165.8559999997, 819696.9839999992], "type": "Point"}, "properties": {"DBH": 96, "LU_HMD": "Kowloon City", "ROAD_NAME": null, "SPECIES_NAME": null, "TREE_ID": "RTR0117739"}, "type": "Feature"}, {"geometry": {"coordinates": [836276.818, 819603.3929999992], "type": "Point"}, "properties": {"DBH": 183, "LU_HMD": "Kowloon City", "ROAD_NAME": "HO MAN TIN HILL ROAD", "SPECIES_NAME": null, "TREE_ID": "RTR0118143"}, "type": "Feature"}, {"geometry": {"coordinates": [836286.1289999997, 819622.0150000006], "type": "Point"}, "properties": {"DBH": 111, "LU_HMD": "Kowloon City", "ROAD_NAME": "HO MAN TIN HILL ROAD", "SPECIES_NAME": null, "TREE_ID": "RTR0118146"}, "type": "Feature"}, {"geometry": {"coordinates": [836278.8739999998, 819608.0810000002], "type": "Point"}, "properties": {"DBH": 118, "LU_HMD": "Kowloon City", "ROAD_NAME": "HO MAN TIN HILL ROAD", "SPECIES_NAME": null, "TREE_ID": "RTR0118147"}, "type": "Feature"}, {"geometry": {"coordinates": [836276.852, 819611.5429999996], "type": "Point"}, "properties": {"DBH": 188, "LU_HMD": "Kowloon City", "ROAD_NAME": "HO MAN TIN HILL ROAD", "SPECIES_NAME": null, "TREE_ID": "RTR0118148"}, "type": "Feature"}, {"geometry": {"coordinates": [836286.0199999996, 819621.1329999994], "type": "Point"}, "properties": {"DBH": 96, "LU_HMD": "Kowloon City", "ROAD_NAME": null, "SPECIES_NAME": null, "TREE_ID": "RTR0118149"}, "type": "Feature"}, {"geometry": {"coordinates": [836272.8779999996, 819545.5199999996], "type": "Point"}, "properties": {"DBH": 143, "LU_HMD": "Kowloon City", "ROAD_NAME": "HO MAN TIN HILL ROAD", "SPECIES_NAME": null, "TREE_ID": "RTR0118151"}, "type": "Feature"}, {"geometry": {"coordinates": [836158.3499999996, 819706.5690000001], "type": "Point"}, "properties": {"DBH": 134, "LU_HMD": "Kowloon City", "ROAD_NAME": "HO MAN TIN HILL ROAD", "SPECIES_NAME": null, "TREE_ID": "RTR0117740"}, "type": "Feature"}, {"geometry": {"coordinates": [836159.2829999998, 819706.5030000005], "type": "Point"}, "properties": {"DBH": 217, "LU_HMD": "Kowloon City", "ROAD_NAME": "HO MAN TIN HILL ROAD", "SPECIES_NAME": null, "TREE_ID": "RTR0117742"}, "type": "Feature"}, {"geometry": {"coordinates": [836259.3329999996, 819544.5529999994], "type": "Point"}, "properties": {"DBH": 268, "LU_HMD": "Kowloon City", "ROAD_NAME": "HO MAN TIN HILL ROAD", "SPECIES_NAME": null, "TREE_ID": "RTR0117746"}, "type": "Feature"}, {"geometry": {"coordinates": [836277.375, 819608.9110000003], "type": "Point"}, "properties": {"DBH": 121, "LU_HMD": "Kowloon City", "ROAD_NAME": "HO MAN TIN HILL ROAD", "SPECIES_NAME": null, "TREE_ID": "RTR0117748"}, "type": "Feature"}, {"geometry": {"coordinates": [836265.1739999996, 819543.5350000001], "type": "Point"}, "properties": {"DBH": 182, "LU_HMD": "Kowloon City", "ROAD_NAME": "HO MAN TIN HILL ROAD", "SPECIES_NAME": null, "TREE_ID": "RTR0117749"}, "type": "Feature"}, {"geometry": {"coordinates": [836273.7019999996, 819605.5930000003], "type": "Point"}, "properties": {"DBH": 223, "LU_HMD": "Kowloon City", "ROAD_NAME": "HO MAN TIN HILL ROAD", "SPECIES_NAME": null, "TREE_ID": "RTR0118153"}, "type": "Feature"}, {"geometry": {"coordinates": [836266.2450000001, 819573.9340000004], "type": "Point"}, "properties": {"DBH": 196, "LU_HMD": "Kowloon City", "ROAD_NAME": "HO MAN TIN HILL ROAD", "SPECIES_NAME": null, "TREE_ID": "RTR0117753"}, "type": "Feature"}, {"geometry": {"coordinates": [836171.2149999999, 819516.7589999996], "type": "Point"}, "properties": {"DBH": 102, "LU_HMD": "Kowloon City", "ROAD_NAME": "HO MAN TIN HILL ROAD", "SPECIES_NAME": null, "TREE_ID": "RTR0117376"}, "type": "Feature"}, {"geometry": {"coordinates": [836150.6270000003, 819526.7860000003], "type": "Point"}, "properties": {"DBH": 99, "LU_HMD": "Kowloon City", "ROAD_NAME": "HO MAN TIN HILL ROAD", "SPECIES_NAME": null, "TREE_ID": "RTR0117377"}, "type": "Feature"}, {"geometry": {"coordinates": [836171.7740000002, 819518.6620000005], "type": "Point"}, "properties": {"DBH": 96, "LU_HMD": "Kowloon City", "ROAD_NAME": "HO MAN TIN HILL ROAD", "SPECIES_NAME": null, "TREE_ID": "RTR0117379"}, "type": "Feature"}, {"geometry": {"coordinates": [836150.1349999998, 819518.6060000006], "type": "Point"}, "properties": {"DBH": 357, "LU_HMD": "Kowloon City", "ROAD_NAME": "HO MAN TIN HILL ROAD", "SPECIES_NAME": null, "TREE_ID": "RTR0117381"}, "type": "Feature"}, {"geometry": {"coordinates": [836155.8509999998, 819529.2620000001], "type": "Point"}, "properties": {"DBH": 115, "LU_HMD": "Kowloon City", "ROAD_NAME": "HO MAN TIN HILL ROAD", "SPECIES_NAME": null, "TREE_ID": "RTR0117382"}, "type": "Feature"}, {"geometry": {"coordinates": [836165.0319999997, 819532.5460000001], "type": "Point"}, "properties": {"DBH": 146, "LU_HMD": "Kowloon City", "ROAD_NAME": "HO MAN TIN HILL ROAD", "SPECIES_NAME": null, "TREE_ID": "RTR0117383"}, "type": "Feature"}, {"geometry": {"coordinates": [836157.8660000004, 819529.1280000005], "type": "Point"}, "properties": {"DBH": 96, "LU_HMD": "Kowloon City", "ROAD_NAME": "HO MAN TIN HILL ROAD", "SPECIES_NAME": null, "TREE_ID": "RTR0117385"}, "type": "Feature"}, {"geometry": {"coordinates": [836158.54, 819523.3010000009], "type": "Point"}, "properties": {"DBH": 96, "LU_HMD": "Kowloon City", "ROAD_NAME": "HO MAN TIN HILL ROAD", "SPECIES_NAME": null, "TREE_ID": "RTR0117388"}, "type": "Feature"}, {"geometry": {"coordinates": [836179.7450000001, 819605.6720000003], "type": "Point"}, "properties": {"DBH": 96, "LU_HMD": "Kowloon City", "ROAD_NAME": "HO MAN TIN HILL ROAD", "SPECIES_NAME": null, "TREE_ID": "RTR0117655"}, "type": "Feature"}, {"geometry": {"coordinates": [836177.3420000002, 819595.4839999992], "type": "Point"}, "properties": {"DBH": 96, "LU_HMD": "Kowloon City", "ROAD_NAME": "HO MAN TIN HILL ROAD", "SPECIES_NAME": null, "TREE_ID": "RTR0117662"}, "type": "Feature"}, {"geometry": {"coordinates": [836387.381, 819735.443], "type": "Point"}, "properties": {"DBH": 102, "LU_HMD": "Kowloon City", "ROAD_NAME": "PRINCESS MARGARET ROAD", "SPECIES_NAME": null, "TREE_ID": "RTR0114850"}, "type": "Feature"}, {"geometry": {"coordinates": [836155.3039999995, 819539.9959999993], "type": "Point"}, "properties": {"DBH": 118, "LU_HMD": "Kowloon City", "ROAD_NAME": "HO MAN TIN HILL ROAD", "SPECIES_NAME": null, "TREE_ID": "RTR0116015"}, "type": "Feature"}, {"geometry": {"coordinates": [836328.5760000004, 819861.1809999999], "type": "Point"}, "properties": {"DBH": 140, "LU_HMD": "Kowloon City", "ROAD_NAME": "PUI CHING ROAD", "SPECIES_NAME": null, "TREE_ID": "RTR0116443"}, "type": "Feature"}, {"geometry": {"coordinates": [836352.0549999997, 819848.8399999999], "type": "Point"}, "properties": {"DBH": 96, "LU_HMD": "Kowloon City", "ROAD_NAME": "PUI CHING ROAD", "SPECIES_NAME": null, "TREE_ID": "RTR0116449"}, "type": "Feature"}, {"geometry": {"coordinates": [836151.3899999997, 819539.3739999998], "type": "Point"}, "properties": {"DBH": 102, "LU_HMD": "Kowloon City", "ROAD_NAME": "HO MAN TIN HILL ROAD", "SPECIES_NAME": null, "TREE_ID": "RTR0116029"}, "type": "Feature"}, {"geometry": {"coordinates": [836355.426, 819846.9169999994], "type": "Point"}, "properties": {"DBH": 133, "LU_HMD": "Kowloon City", "ROAD_NAME": "PUI CHING ROAD", "SPECIES_NAME": null, "TREE_ID": "RTR0114807"}, "type": "Feature"}, {"geometry": {"coordinates": [836360.9199999999, 819844.4020000007], "type": "Point"}, "properties": {"DBH": 133, "LU_HMD": "Kowloon City", "ROAD_NAME": "PUI CHING ROAD", "SPECIES_NAME": null, "TREE_ID": "RTR0114810"}, "type": "Feature"}, {"geometry": {"coordinates": [836158.2529999996, 819541.7440000009], "type": "Point"}, "properties": {"DBH": 115, "LU_HMD": "Kowloon City", "ROAD_NAME": "HO MAN TIN HILL ROAD", "SPECIES_NAME": null, "TREE_ID": "RTR0116036"}, "type": "Feature"}, {"geometry": {"coordinates": [836152.5029999996, 819535.1699999999], "type": "Point"}, "properties": {"DBH": 592, "LU_HMD": "Kowloon City", "ROAD_NAME": "HO MAN TIN HILL ROAD", "SPECIES_NAME": null, "TREE_ID": "RTR0116038"}, "type": "Feature"}, {"geometry": {"coordinates": [836148.9720000001, 819533.3969999999], "type": "Point"}, "properties": {"DBH": 96, "LU_HMD": "Kowloon City", "ROAD_NAME": "HO MAN TIN HILL ROAD", "SPECIES_NAME": null, "TREE_ID": "RTR0116039"}, "type": "Feature"}, {"geometry": {"coordinates": [836177.767, 819559.8200000003], "type": "Point"}, "properties": {"DBH": 137, "LU_HMD": "Kowloon City", "ROAD_NAME": "HO MAN TIN HILL ROAD", "SPECIES_NAME": null, "TREE_ID": "RTR0115408"}, "type": "Feature"}, {"geometry": {"coordinates": [836190.54, 819539.9590000007], "type": "Point"}, "properties": {"DBH": 105, "LU_HMD": "Kowloon City", "ROAD_NAME": "HO MAN TIN HILL ROAD", "SPECIES_NAME": null, "TREE_ID": "RTR0115409"}, "type": "Feature"}, {"geometry": {"coordinates": [836193.2369999997, 819534.0480000004], "type": "Point"}, "properties": {"DBH": 150, "LU_HMD": "Kowloon City", "ROAD_NAME": "HO MAN TIN HILL ROAD", "SPECIES_NAME": null, "TREE_ID": "RTR0115411"}, "type": "Feature"}, {"geometry": {"coordinates": [836182.3870000001, 819531.7080000006], "type": "Point"}, "properties": {"DBH": 197, "LU_HMD": "Kowloon City", "ROAD_NAME": "HO MAN TIN HILL ROAD", "SPECIES_NAME": null, "TREE_ID": "RTR0115413"}, "type": "Feature"}, {"geometry": {"coordinates": [836174.6569999997, 819545.716], "type": "Point"}, "properties": {"DBH": 185, "LU_HMD": "Kowloon City", "ROAD_NAME": "HO MAN TIN HILL ROAD", "SPECIES_NAME": null, "TREE_ID": "RTR0115414"}, "type": "Feature"}, {"geometry": {"coordinates": [836172.7249999996, 819550.9639999997], "type": "Point"}, "properties": {"DBH": 413, "LU_HMD": "Kowloon City", "ROAD_NAME": null, "SPECIES_NAME": null, "TREE_ID": "RTR0115415"}, "type": "Feature"}, {"geometry": {"coordinates": [836193.9019999998, 819541.4859999996], "type": "Point"}, "properties": {"DBH": 385, "LU_HMD": "Kowloon City", "ROAD_NAME": "HO MAN TIN HILL ROAD", "SPECIES_NAME": null, "TREE_ID": "RTR0115417"}, "type": "Feature"}, {"geometry": {"coordinates": [836168.5930000003, 819533.4409999996], "type": "Point"}, "properties": {"DBH": 229, "LU_HMD": "Kowloon City", "ROAD_NAME": "HO MAN TIN HILL ROAD", "SPECIES_NAME": null, "TREE_ID": "RTR0115952"}, "type": "Feature"}, {"geometry": {"coordinates": [836160.119, 819544.7390000001], "type": "Point"}, "properties": {"DBH": 105, "LU_HMD": "Kowloon City", "ROAD_NAME": "HO MAN TIN HILL ROAD", "SPECIES_NAME": null, "TREE_ID": "RTR0115953"}, "type": "Feature"}, {"geometry": {"coordinates": [836189.699, 819524.5580000002], "type": "Point"}, "properties": {"DBH": 758, "LU_HMD": "Kowloon City", "ROAD_NAME": "HO MAN TIN HILL ROAD", "SPECIES_NAME": null, "TREE_ID": "RTR0115433"}, "type": "Feature"}, {"geometry": {"coordinates": [836171.8969999999, 819549.2390000001], "type": "Point"}, "properties": {"DBH": 182, "LU_HMD": "Kowloon City", "ROAD_NAME": null, "SPECIES_NAME": null, "TREE_ID": "RTR0115434"}, "type": "Feature"}, {"geometry": {"coordinates": [836187.0240000002, 819529.7550000008], "type": "Point"}, "properties": {"DBH": 175, "LU_HMD": "Kowloon City", "ROAD_NAME": "HO MAN TIN HILL ROAD", "SPECIES_NAME": null, "TREE_ID": "RTR0115435"}, "type": "Feature"}, {"geometry": {"coordinates": [836186.8300000001, 819551.9030000009], "type": "Point"}, "properties": {"DBH": 102, "LU_HMD": "Kowloon City", "ROAD_NAME": "HO MAN TIN HILL ROAD", "SPECIES_NAME": null, "TREE_ID": "RTR0115439"}, "type": "Feature"}, {"geometry": {"coordinates": [836169.5310000004, 819543.5749999993], "type": "Point"}, "properties": {"DBH": 182, "LU_HMD": "Kowloon City", "ROAD_NAME": "HO MAN TIN HILL ROAD", "SPECIES_NAME": null, "TREE_ID": "RTR0115947"}, "type": "Feature"}, {"geometry": {"coordinates": [836141.7520000003, 819547.0480000004], "type": "Point"}, "properties": {"DBH": 204, "LU_HMD": "Kowloon City", "ROAD_NAME": "HO MAN TIN HILL ROAD", "SPECIES_NAME": null, "TREE_ID": "RTR0115951"}, "type": "Feature"}, {"geometry": {"coordinates": [836172.1050000004, 819561.2850000001], "type": "Point"}, "properties": {"DBH": 146, "LU_HMD": "Kowloon City", "ROAD_NAME": "HO MAN TIN HILL ROAD", "SPECIES_NAME": null, "TREE_ID": "RTR0115420"}, "type": "Feature"}, {"geometry": {"coordinates": [836171.8250000002, 819539.2880000006], "type": "Point"}, "properties": {"DBH": 126, "LU_HMD": "Kowloon City", "ROAD_NAME": "HO MAN TIN HILL ROAD", "SPECIES_NAME": null, "TREE_ID": "RTR0115928"}, "type": "Feature"}, {"geometry": {"coordinates": [836358.9550000001, 819845.0099999998], "type": "Point"}, "properties": {"DBH": 115, "LU_HMD": "Kowloon City", "ROAD_NAME": "PUI CHING ROAD", "SPECIES_NAME": null, "TREE_ID": "RTR0114820"}, "type": "Feature"}, {"geometry": {"coordinates": [836046.25, 819961.7060000002], "type": "Point"}, "properties": {"DBH": 700, "LU_HMD": "Kowloon City", "ROAD_NAME": "LANE 800523 WEST OF VICTORY AVENUE", "SPECIES_NAME": null, "TREE_ID": "RTR0115005"}, "type": "Feature"}, {"geometry": {"coordinates": [836174.6880000001, 819555.4340000004], "type": "Point"}, "properties": {"DBH": 156, "LU_HMD": "Kowloon City", "ROAD_NAME": "HO MAN TIN HILL ROAD", "SPECIES_NAME": null, "TREE_ID": "RTR0115422"}, "type": "Feature"}, {"geometry": {"coordinates": [836181.5, 819533.1809999999], "type": "Point"}, "properties": {"DBH": 245, "LU_HMD": "Kowloon City", "ROAD_NAME": "HO MAN TIN HILL ROAD", "SPECIES_NAME": null, "TREE_ID": "RTR0115425"}, "type": "Feature"}, {"geometry": {"coordinates": [836178.8430000003, 819559.2430000007], "type": "Point"}, "properties": {"DBH": 111, "LU_HMD": "Kowloon City", "ROAD_NAME": "HO MAN TIN HILL ROAD", "SPECIES_NAME": null, "TREE_ID": "RTR0115426"}, "type": "Feature"}, {"geometry": {"coordinates": [836176.6639999999, 819550.6319999993], "type": "Point"}, "properties": {"DBH": 176, "LU_HMD": "Kowloon City", "ROAD_NAME": "HO MAN TIN HILL ROAD", "SPECIES_NAME": null, "TREE_ID": "RTR0115427"}, "type": "Feature"}, {"geometry": {"coordinates": [836176.2850000001, 819562.6730000004], "type": "Point"}, "properties": {"DBH": 127, "LU_HMD": "Kowloon City", "ROAD_NAME": "HO MAN TIN HILL ROAD", "SPECIES_NAME": null, "TREE_ID": "RTR0115428"}, "type": "Feature"}, {"geometry": {"coordinates": [836180.898, 819534.7880000006], "type": "Point"}, "properties": {"DBH": 118, "LU_HMD": "Kowloon City", "ROAD_NAME": "HO MAN TIN HILL ROAD", "SPECIES_NAME": null, "TREE_ID": "RTR0115431"}, "type": "Feature"}, {"geometry": {"coordinates": [836183.9759999998, 819548.4120000005], "type": "Point"}, "properties": {"DBH": 299, "LU_HMD": "Kowloon City", "ROAD_NAME": "HO MAN TIN HILL ROAD", "SPECIES_NAME": null, "TREE_ID": "RTR0115432"}, "type": "Feature"}, {"geometry": {"coordinates": [836185.8930000002, 819550.3340000007], "type": "Point"}, "properties": {"DBH": 99, "LU_HMD": "Kowloon City", "ROAD_NAME": "HO MAN TIN HILL ROAD", "SPECIES_NAME": null, "TREE_ID": "RTR0115442"}, "type": "Feature"}, {"geometry": {"coordinates": [836186.8669999996, 819545.7520000003], "type": "Point"}, "properties": {"DBH": 299, "LU_HMD": "Kowloon City", "ROAD_NAME": "HO MAN TIN HILL ROAD", "SPECIES_NAME": null, "TREE_ID": "RTR0115443"}, "type": "Feature"}, {"geometry": {"coordinates": [836171.4670000002, 819558.3839999996], "type": "Point"}, "properties": {"DBH": 141, "LU_HMD": "Kowloon City", "ROAD_NAME": "HO MAN TIN HILL ROAD", "SPECIES_NAME": null, "TREE_ID": "RTR0115444"}, "type": "Feature"}, {"geometry": {"coordinates": [836162.2810000004, 820190.7719999999], "type": "Point"}, "properties": {"DBH": 362, "LU_HMD": "Kowloon City", "ROAD_NAME": "ARGYLE STREET", "SPECIES_NAME": null, "TREE_ID": "RTR0119335"}, "type": "Feature"}, {"geometry": {"coordinates": [836181.7189999996, 820197.9639999997], "type": "Point"}, "properties": {"DBH": 104, "LU_HMD": "Kowloon City", "ROAD_NAME": "ARGYLE STREET", "SPECIES_NAME": null, "TREE_ID": "RTR0119339"}, "type": "Feature"}, {"geometry": {"coordinates": [836189.0549999997, 820198.3479999993], "type": "Point"}, "properties": {"DBH": 183, "LU_HMD": "Kowloon City", "ROAD_NAME": "ARGYLE STREET", "SPECIES_NAME": null, "TREE_ID": "RTR0119340"}, "type": "Feature"}, {"geometry": {"coordinates": [836180.4129999997, 820197.1860000007], "type": "Point"}, "properties": {"DBH": 129, "LU_HMD": "Kowloon City", "ROAD_NAME": "ARGYLE STREET", "SPECIES_NAME": null, "TREE_ID": "RTR0119345"}, "type": "Feature"}, {"geometry": {"coordinates": [836185.9570000004, 820198.4729999993], "type": "Point"}, "properties": {"DBH": 131, "LU_HMD": "Kowloon City", "ROAD_NAME": "ARGYLE STREET", "SPECIES_NAME": null, "TREE_ID": "RTR0119346"}, "type": "Feature"}, {"geometry": {"coordinates": [836191.1579999998, 819598.5199999996], "type": "Point"}, "properties": {"DBH": 215, "LU_HMD": "Kowloon City", "ROAD_NAME": "HO MAN TIN HILL ROAD", "SPECIES_NAME": null, "TREE_ID": "RTR0117033"}, "type": "Feature"}, {"geometry": {"coordinates": [836179.9139999999, 819589.4269999992], "type": "Point"}, "properties": {"DBH": 200, "LU_HMD": "Kowloon City", "ROAD_NAME": "HO MAN TIN HILL ROAD", "SPECIES_NAME": null, "TREE_ID": "RTR0117034"}, "type": "Feature"}, {"geometry": {"coordinates": [836180.3849999998, 819596.8420000002], "type": "Point"}, "properties": {"DBH": 96, "LU_HMD": "Kowloon City", "ROAD_NAME": "HO MAN TIN HILL ROAD", "SPECIES_NAME": null, "TREE_ID": "RTR0117037"}, "type": "Feature"}, {"geometry": {"coordinates": [836176.2470000004, 819566.5920000002], "type": "Point"}, "properties": {"DBH": 284, "LU_HMD": "Kowloon City", "ROAD_NAME": "HO MAN TIN HILL ROAD", "SPECIES_NAME": null, "TREE_ID": "RTR0117038"}, "type": "Feature"}, {"geometry": {"coordinates": [836183.7390000001, 819581.8379999995], "type": "Point"}, "properties": {"DBH": 102, "LU_HMD": "Kowloon City", "ROAD_NAME": "HO MAN TIN HILL ROAD", "SPECIES_NAME": null, "TREE_ID": "RTR0117039"}, "type": "Feature"}, {"geometry": {"coordinates": [836183.932, 819595.4829999991], "type": "Point"}, "properties": {"DBH": 137, "LU_HMD": "Kowloon City", "ROAD_NAME": "HO MAN TIN HILL ROAD", "SPECIES_NAME": null, "TREE_ID": "RTR0117040"}, "type": "Feature"}, {"geometry": {"coordinates": [836186.006, 819582.0120000001], "type": "Point"}, "properties": {"DBH": 96, "LU_HMD": "Kowloon City", "ROAD_NAME": "HO MAN TIN HILL ROAD", "SPECIES_NAME": null, "TREE_ID": "RTR0117042"}, "type": "Feature"}, {"geometry": {"coordinates": [836179.5590000004, 819592.6850000005], "type": "Point"}, "properties": {"DBH": 212, "LU_HMD": "Kowloon City", "ROAD_NAME": "HO MAN TIN HILL ROAD", "SPECIES_NAME": null, "TREE_ID": "RTR0117044"}, "type": "Feature"}, {"geometry": {"coordinates": [836195.3660000004, 819568.693], "type": "Point"}, "properties": {"DBH": 336, "LU_HMD": "Kowloon City", "ROAD_NAME": "HO MAN TIN HILL ROAD", "SPECIES_NAME": null, "TREE_ID": "RTR0117350"}, "type": "Feature"}, {"geometry": {"coordinates": [836126.3030000003, 819516.3819999993], "type": "Point"}, "properties": {"DBH": 171, "LU_HMD": "Kowloon City", "ROAD_NAME": "HO MAN TIN HILL ROAD", "SPECIES_NAME": null, "TREE_ID": "RTR0117351"}, "type": "Feature"}, {"geometry": {"coordinates": [836175.0209999997, 819525.8619999997], "type": "Point"}, "properties": {"DBH": 190, "LU_HMD": "Kowloon City", "ROAD_NAME": "HO MAN TIN HILL ROAD", "SPECIES_NAME": null, "TREE_ID": "RTR0117354"}, "type": "Feature"}, {"geometry": {"coordinates": [836160.7819999997, 819538.5170000009], "type": "Point"}, "properties": {"DBH": 159, "LU_HMD": "Kowloon City", "ROAD_NAME": "HO MAN TIN HILL ROAD", "SPECIES_NAME": null, "TREE_ID": "RTR0117355"}, "type": "Feature"}, {"geometry": {"coordinates": [836164.7640000004, 819519.4389999993], "type": "Point"}, "properties": {"DBH": 726, "LU_HMD": "Kowloon City", "ROAD_NAME": "HO MAN TIN HILL ROAD", "SPECIES_NAME": null, "TREE_ID": "RTR0117359"}, "type": "Feature"}, {"geometry": {"coordinates": [836151.148, 819523.9900000002], "type": "Point"}, "properties": {"DBH": 774, "LU_HMD": "Kowloon City", "ROAD_NAME": "HO MAN TIN HILL ROAD", "SPECIES_NAME": null, "TREE_ID": "RTR0117361"}, "type": "Feature"}, {"geometry": {"coordinates": [836163.1979999999, 819534.3709999993], "type": "Point"}, "properties": {"DBH": 102, "LU_HMD": "Kowloon City", "ROAD_NAME": "HO MAN TIN HILL ROAD", "SPECIES_NAME": null, "TREE_ID": "RTR0117362"}, "type": "Feature"}, {"geometry": {"coordinates": [836197.2400000002, 819611.9739999995], "type": "Point"}, "properties": {"DBH": 143, "LU_HMD": "Kowloon City", "ROAD_NAME": "HO MAN TIN HILL ROAD", "SPECIES_NAME": null, "TREE_ID": "RTR0117005"}, "type": "Feature"}, {"geometry": {"coordinates": [836192.6600000001, 819582.2909999993], "type": "Point"}, "properties": {"DBH": 108, "LU_HMD": "Kowloon City", "ROAD_NAME": "HO MAN TIN HILL ROAD", "SPECIES_NAME": null, "TREE_ID": "RTR0117337"}, "type": "Feature"}, {"geometry": {"coordinates": [836141.9009999996, 819519.6610000003], "type": "Point"}, "properties": {"DBH": 134, "LU_HMD": "Kowloon City", "ROAD_NAME": "HO MAN TIN HILL ROAD", "SPECIES_NAME": null, "TREE_ID": "RTR0117339"}, "type": "Feature"}, {"geometry": {"coordinates": [836140.6809999999, 819521.4250000007], "type": "Point"}, "properties": {"DBH": 213, "LU_HMD": "Kowloon City", "ROAD_NAME": "HO MAN TIN HILL ROAD", "SPECIES_NAME": null, "TREE_ID": "RTR0117340"}, "type": "Feature"}, {"geometry": {"coordinates": [836139.1849999996, 819529.4020000007], "type": "Point"}, "properties": {"DBH": 213, "LU_HMD": "Kowloon City", "ROAD_NAME": "HO MAN TIN HILL ROAD", "SPECIES_NAME": null, "TREE_ID": "RTR0117342"}, "type": "Feature"}, {"geometry": {"coordinates": [836195.6260000002, 819606.648], "type": "Point"}, "properties": {"DBH": 140, "LU_HMD": "Kowloon City", "ROAD_NAME": "HO MAN TIN HILL ROAD", "SPECIES_NAME": null, "TREE_ID": "RTR0117343"}, "type": "Feature"}, {"geometry": {"coordinates": [836145.2599999998, 819527.4030000009], "type": "Point"}, "properties": {"DBH": 153, "LU_HMD": "Kowloon City", "ROAD_NAME": "HO MAN TIN HILL ROAD", "SPECIES_NAME": null, "TREE_ID": "RTR0117345"}, "type": "Feature"}, {"geometry": {"coordinates": [836138.0920000002, 819529.1980000008], "type": "Point"}, "properties": {"DBH": 153, "LU_HMD": "Kowloon City", "ROAD_NAME": "HO MAN TIN HILL ROAD", "SPECIES_NAME": null, "TREE_ID": "RTR0117346"}, "type": "Feature"}, {"geometry": {"coordinates": [836195.8739999998, 819585.4110000003], "type": "Point"}, "properties": {"DBH": 115, "LU_HMD": "Kowloon City", "ROAD_NAME": "HO MAN TIN HILL ROAD", "SPECIES_NAME": null, "TREE_ID": "RTR0117348"}, "type": "Feature"}, {"geometry": {"coordinates": [836192.4919999996, 819593.0050000008], "type": "Point"}, "properties": {"DBH": 96, "LU_HMD": "Kowloon City", "ROAD_NAME": "HO MAN TIN HILL ROAD", "SPECIES_NAME": null, "TREE_ID": "RTR0117136"}, "type": "Feature"}, {"geometry": {"coordinates": [836191.773, 819605.7640000004], "type": "Point"}, "properties": {"DBH": 303, "LU_HMD": "Kowloon City", "ROAD_NAME": "HO MAN TIN HILL ROAD", "SPECIES_NAME": null, "TREE_ID": "RTR0117137"}, "type": "Feature"}, {"geometry": {"coordinates": [836178.3830000004, 819611.4890000001], "type": "Point"}, "properties": {"DBH": 359, "LU_HMD": "Kowloon City", "ROAD_NAME": "HO MAN TIN HILL ROAD", "SPECIES_NAME": null, "TREE_ID": "RTR0117138"}, "type": "Feature"}, {"geometry": {"coordinates": [836193.8550000004, 819608.8870000001], "type": "Point"}, "properties": {"DBH": 217, "LU_HMD": "Kowloon City", "ROAD_NAME": "HO MAN TIN HILL ROAD", "SPECIES_NAME": null, "TREE_ID": "RTR0117140"}, "type": "Feature"}, {"geometry": {"coordinates": [836176.4589999998, 819588.2359999996], "type": "Point"}, "properties": {"DBH": 159, "LU_HMD": "Kowloon City", "ROAD_NAME": "HO MAN TIN HILL ROAD", "SPECIES_NAME": null, "TREE_ID": "RTR0117141"}, "type": "Feature"}, {"geometry": {"coordinates": [836183.1909999996, 819614.0999999996], "type": "Point"}, "properties": {"DBH": 166, "LU_HMD": "Kowloon City", "ROAD_NAME": "HO MAN TIN HILL ROAD", "SPECIES_NAME": null, "TREE_ID": "RTR0117142"}, "type": "Feature"}, {"geometry": {"coordinates": [836188.398, 819604.1720000003], "type": "Point"}, "properties": {"DBH": 108, "LU_HMD": "Kowloon City", "ROAD_NAME": "HO MAN TIN HILL ROAD", "SPECIES_NAME": null, "TREE_ID": "RTR0117045"}, "type": "Feature"}, {"geometry": {"coordinates": [836185.1679999996, 819575.8420000002], "type": "Point"}, "properties": {"DBH": 115, "LU_HMD": "Kowloon City", "ROAD_NAME": "HO MAN TIN HILL ROAD", "SPECIES_NAME": null, "TREE_ID": "RTR0117047"}, "type": "Feature"}, {"geometry": {"coordinates": [836186.0640000002, 819578.1760000009], "type": "Point"}, "properties": {"DBH": 251, "LU_HMD": "Kowloon City", "ROAD_NAME": "HO MAN TIN HILL ROAD", "SPECIES_NAME": null, "TREE_ID": "RTR0117048"}, "type": "Feature"}, {"geometry": {"coordinates": [836183.5590000004, 819597.1909999996], "type": "Point"}, "properties": {"DBH": 99, "LU_HMD": "Kowloon City", "ROAD_NAME": "HO MAN TIN HILL ROAD", "SPECIES_NAME": null, "TREE_ID": "RTR0117051"}, "type": "Feature"}, {"geometry": {"coordinates": [836188.4160000002, 819609.3900000006], "type": "Point"}, "properties": {"DBH": 571, "LU_HMD": "Kowloon City", "ROAD_NAME": "HO MAN TIN HILL ROAD", "SPECIES_NAME": null, "TREE_ID": "RTR0117127"}, "type": "Feature"}, {"geometry": {"coordinates": [836157.4270000001, 819636.682], "type": "Point"}, "properties": {"DBH": 591, "LU_HMD": "Kowloon City", "ROAD_NAME": "HO MAN TIN HILL ROAD", "SPECIES_NAME": null, "TREE_ID": "RTR0117128"}, "type": "Feature"}, {"geometry": {"coordinates": [836194.4840000002, 819603.5280000009], "type": "Point"}, "properties": {"DBH": 267, "LU_HMD": "Kowloon City", "ROAD_NAME": "HO MAN TIN HILL ROAD", "SPECIES_NAME": null, "TREE_ID": "RTR0117132"}, "type": "Feature"}, {"geometry": {"coordinates": [836179.7300000004, 819585.3249999993], "type": "Point"}, "properties": {"DBH": 149, "LU_HMD": "Kowloon City", "ROAD_NAME": "HO MAN TIN HILL ROAD", "SPECIES_NAME": null, "TREE_ID": "RTR0117007"}, "type": "Feature"}, {"geometry": {"coordinates": [836189.2929999996, 819567.318], "type": "Point"}, "properties": {"DBH": 99, "LU_HMD": "Kowloon City", "ROAD_NAME": "HO MAN TIN HILL ROAD", "SPECIES_NAME": null, "TREE_ID": "RTR0117008"}, "type": "Feature"}, {"geometry": {"coordinates": [836189.727, 819591.2880000006], "type": "Point"}, "properties": {"DBH": 150, "LU_HMD": "Kowloon City", "ROAD_NAME": "HO MAN TIN HILL ROAD", "SPECIES_NAME": null, "TREE_ID": "RTR0117011"}, "type": "Feature"}, {"geometry": {"coordinates": [836192.0829999996, 819588.7880000006], "type": "Point"}, "properties": {"DBH": 96, "LU_HMD": "Kowloon City", "ROAD_NAME": "HO MAN TIN HILL ROAD", "SPECIES_NAME": null, "TREE_ID": "RTR0117012"}, "type": "Feature"}, {"geometry": {"coordinates": [836192.3540000003, 819588.2599999998], "type": "Point"}, "properties": {"DBH": 108, "LU_HMD": "Kowloon City", "ROAD_NAME": "HO MAN TIN HILL ROAD", "SPECIES_NAME": null, "TREE_ID": "RTR0117014"}, "type": "Feature"}, {"geometry": {"coordinates": [836179.4479999999, 819580.0759999994], "type": "Point"}, "properties": {"DBH": 354, "LU_HMD": "Kowloon City", "ROAD_NAME": "HO MAN TIN HILL ROAD", "SPECIES_NAME": null, "TREE_ID": "RTR0117015"}, "type": "Feature"}, {"geometry": {"coordinates": [836192.0899999999, 819591.0130000003], "type": "Point"}, "properties": {"DBH": 172, "LU_HMD": "Kowloon City", "ROAD_NAME": "HO MAN TIN HILL ROAD", "SPECIES_NAME": null, "TREE_ID": "RTR0117016"}, "type": "Feature"}, {"geometry": {"coordinates": [836188.4069999997, 819579.2599999998], "type": "Point"}, "properties": {"DBH": 414, "LU_HMD": "Kowloon City", "ROAD_NAME": "HO MAN TIN HILL ROAD", "SPECIES_NAME": null, "TREE_ID": "RTR0117018"}, "type": "Feature"}, {"geometry": {"coordinates": [836195.7230000002, 819594.7139999997], "type": "Point"}, "properties": {"DBH": 169, "LU_HMD": "Kowloon City", "ROAD_NAME": "HO MAN TIN HILL ROAD", "SPECIES_NAME": null, "TREE_ID": "RTR0117143"}, "type": "Feature"}, {"geometry": {"coordinates": [836164.6140000001, 819687.3129999992], "type": "Point"}, "properties": {"DBH": 127, "LU_HMD": "Kowloon City", "ROAD_NAME": "HO MAN TIN HILL ROAD", "SPECIES_NAME": null, "TREE_ID": "RTR0117144"}, "type": "Feature"}, {"geometry": {"coordinates": [836194.9419999998, 819604.2109999992], "type": "Point"}, "properties": {"DBH": 127, "LU_HMD": "Kowloon City", "ROAD_NAME": "HO MAN TIN HILL ROAD", "SPECIES_NAME": null, "TREE_ID": "RTR0117105"}, "type": "Feature"}, {"geometry": {"coordinates": [836190.9610000001, 819581.0490000006], "type": "Point"}, "properties": {"DBH": 111, "LU_HMD": "Kowloon City", "ROAD_NAME": "HO MAN TIN HILL ROAD", "SPECIES_NAME": null, "TREE_ID": "RTR0117306"}, "type": "Feature"}, {"geometry": {"coordinates": [836128.8940000003, 819522.148], "type": "Point"}, "properties": {"DBH": 440, "LU_HMD": "Kowloon City", "ROAD_NAME": null, "SPECIES_NAME": null, "TREE_ID": "RTR0117309"}, "type": "Feature"}, {"geometry": {"coordinates": [836129.4740000004, 819524.4780000001], "type": "Point"}, "properties": {"DBH": 178, "LU_HMD": "Kowloon City", "ROAD_NAME": null, "SPECIES_NAME": null, "TREE_ID": "RTR0117312"}, "type": "Feature"}, {"geometry": {"coordinates": [836131.4610000001, 819525.5779999997], "type": "Point"}, "properties": {"DBH": 146, "LU_HMD": "Kowloon City", "ROAD_NAME": "HO MAN TIN HILL ROAD", "SPECIES_NAME": null, "TREE_ID": "RTR0117314"}, "type": "Feature"}, {"geometry": {"coordinates": [836133.0039999997, 819526.2459999993], "type": "Point"}, "properties": {"DBH": 236, "LU_HMD": "Kowloon City", "ROAD_NAME": "HO MAN TIN HILL ROAD", "SPECIES_NAME": null, "TREE_ID": "RTR0117318"}, "type": "Feature"}, {"geometry": {"coordinates": [836193.2199999997, 819582.5539999995], "type": "Point"}, "properties": {"DBH": 105, "LU_HMD": "Kowloon City", "ROAD_NAME": "HO MAN TIN HILL ROAD", "SPECIES_NAME": null, "TREE_ID": "RTR0117320"}, "type": "Feature"}, {"geometry": {"coordinates": [836190.6289999997, 819587.9330000002], "type": "Point"}, "properties": {"DBH": 275, "LU_HMD": "Kowloon City", "ROAD_NAME": "HO MAN TIN HILL ROAD", "SPECIES_NAME": null, "TREE_ID": "RTR0117021"}, "type": "Feature"}, {"geometry": {"coordinates": [836189.3279999997, 819584.3200000003], "type": "Point"}, "properties": {"DBH": 147, "LU_HMD": "Kowloon City", "ROAD_NAME": "HO MAN TIN HILL ROAD", "SPECIES_NAME": null, "TREE_ID": "RTR0117023"}, "type": "Feature"}, {"geometry": {"coordinates": [836181.7369999997, 819611.0010000002], "type": "Point"}, "properties": {"DBH": 96, "LU_HMD": "Kowloon City", "ROAD_NAME": "HO MAN TIN HILL ROAD", "SPECIES_NAME": null, "TREE_ID": "RTR0117107"}, "type": "Feature"}, {"geometry": {"coordinates": [836181.9759999998, 819607.7559999991], "type": "Point"}, "properties": {"DBH": 170, "LU_HMD": "Kowloon City", "ROAD_NAME": "HO MAN TIN HILL ROAD", "SPECIES_NAME": null, "TREE_ID": "RTR0117108"}, "type": "Feature"}, {"geometry": {"coordinates": [836195.216, 819589.7589999996], "type": "Point"}, "properties": {"DBH": 306, "LU_HMD": "Kowloon City", "ROAD_NAME": "HO MAN TIN HILL ROAD", "SPECIES_NAME": null, "TREE_ID": "RTR0117111"}, "type": "Feature"}, {"geometry": {"coordinates": [836192.25, 819596.7050000001], "type": "Point"}, "properties": {"DBH": 96, "LU_HMD": "Kowloon City", "ROAD_NAME": "HO MAN TIN HILL ROAD", "SPECIES_NAME": null, "TREE_ID": "RTR0117113"}, "type": "Feature"}, {"geometry": {"coordinates": [836188.3839999996, 819616.5160000008], "type": "Point"}, "properties": {"DBH": 207, "LU_HMD": "Kowloon City", "ROAD_NAME": "HO MAN TIN HILL ROAD", "SPECIES_NAME": null, "TREE_ID": "RTR0117114"}, "type": "Feature"}, {"geometry": {"coordinates": [836198.04, 819598.8870000001], "type": "Point"}, "properties": {"DBH": 244, "LU_HMD": "Kowloon City", "ROAD_NAME": "HO MAN TIN HILL ROAD", "SPECIES_NAME": null, "TREE_ID": "RTR0117115"}, "type": "Feature"}, {"geometry": {"coordinates": [836196.0959999999, 819593.0270000007], "type": "Point"}, "properties": {"DBH": 169, "LU_HMD": "Kowloon City", "ROAD_NAME": "HO MAN TIN HILL ROAD", "SPECIES_NAME": null, "TREE_ID": "RTR0117117"}, "type": "Feature"}, {"geometry": {"coordinates": [836189.5140000004, 819586.3530000001], "type": "Point"}, "properties": {"DBH": 96, "LU_HMD": "Kowloon City", "ROAD_NAME": "HO MAN TIN HILL ROAD", "SPECIES_NAME": null, "TREE_ID": "RTR0117322"}, "type": "Feature"}, {"geometry": {"coordinates": [836182.898, 819583.8760000002], "type": "Point"}, "properties": {"DBH": 252, "LU_HMD": "Kowloon City", "ROAD_NAME": "HO MAN TIN HILL ROAD", "SPECIES_NAME": null, "TREE_ID": "RTR0117024"}, "type": "Feature"}, {"geometry": {"coordinates": [836185.091, 819576.2860000003], "type": "Point"}, "properties": {"DBH": 143, "LU_HMD": "Kowloon City", "ROAD_NAME": "HO MAN TIN HILL ROAD", "SPECIES_NAME": null, "TREE_ID": "RTR0117025"}, "type": "Feature"}, {"geometry": {"coordinates": [836184.75, 819598.7740000002], "type": "Point"}, "properties": {"DBH": 465, "LU_HMD": "Kowloon City", "ROAD_NAME": "HO MAN TIN HILL ROAD", "SPECIES_NAME": null, "TREE_ID": "RTR0117027"}, "type": "Feature"}, {"geometry": {"coordinates": [836179.9720000001, 819595.125], "type": "Point"}, "properties": {"DBH": 108, "LU_HMD": "Kowloon City", "ROAD_NAME": "HO MAN TIN HILL ROAD", "SPECIES_NAME": null, "TREE_ID": "RTR0117028"}, "type": "Feature"}, {"geometry": {"coordinates": [836189.5190000003, 819593.5920000002], "type": "Point"}, "properties": {"DBH": 96, "LU_HMD": "Kowloon City", "ROAD_NAME": "HO MAN TIN HILL ROAD", "SPECIES_NAME": null, "TREE_ID": "RTR0117029"}, "type": "Feature"}, {"geometry": {"coordinates": [836192.3789999997, 819582.9869999997], "type": "Point"}, "properties": {"DBH": 137, "LU_HMD": "Kowloon City", "ROAD_NAME": "HO MAN TIN HILL ROAD", "SPECIES_NAME": null, "TREE_ID": "RTR0117304"}, "type": "Feature"}, {"geometry": {"coordinates": [836190.5159999998, 819571.3350000009], "type": "Point"}, "properties": {"DBH": 535, "LU_HMD": "Kowloon City", "ROAD_NAME": "HO MAN TIN HILL ROAD", "SPECIES_NAME": null, "TREE_ID": "RTR0117305"}, "type": "Feature"}, {"geometry": {"coordinates": [836188.477, 819596.9110000003], "type": "Point"}, "properties": {"DBH": 181, "LU_HMD": "Kowloon City", "ROAD_NAME": "HO MAN TIN HILL ROAD", "SPECIES_NAME": null, "TREE_ID": "RTR0117119"}, "type": "Feature"}, {"geometry": {"coordinates": [836190.3250000002, 819616.7090000007], "type": "Point"}, "properties": {"DBH": 185, "LU_HMD": "Kowloon City", "ROAD_NAME": "HO MAN TIN HILL ROAD", "SPECIES_NAME": null, "TREE_ID": "RTR0117120"}, "type": "Feature"}, {"geometry": {"coordinates": [836195.8779999996, 819603.4069999997], "type": "Point"}, "properties": {"DBH": 229, "LU_HMD": "Kowloon City", "ROAD_NAME": "HO MAN TIN HILL ROAD", "SPECIES_NAME": null, "TREE_ID": "RTR0117121"}, "type": "Feature"}, {"geometry": {"coordinates": [836195.023, 819589.0769999996], "type": "Point"}, "properties": {"DBH": 159, "LU_HMD": "Kowloon City", "ROAD_NAME": "HO MAN TIN HILL ROAD", "SPECIES_NAME": null, "TREE_ID": "RTR0117124"}, "type": "Feature"}, {"geometry": {"coordinates": [836125.7070000004, 819521.1129999999], "type": "Point"}, "properties": {"DBH": 182, "LU_HMD": "Kowloon City", "ROAD_NAME": "HO MAN TIN HILL ROAD", "SPECIES_NAME": null, "TREE_ID": "RTR0117325"}, "type": "Feature"}, {"geometry": {"coordinates": [836144.1339999996, 819518.2919999994], "type": "Point"}, "properties": {"DBH": 96, "LU_HMD": "Kowloon City", "ROAD_NAME": "HO MAN TIN HILL ROAD", "SPECIES_NAME": null, "TREE_ID": "RTR0117326"}, "type": "Feature"}, {"geometry": {"coordinates": [836139.869, 819529.5329999998], "type": "Point"}, "properties": {"DBH": 178, "LU_HMD": "Kowloon City", "ROAD_NAME": "HO MAN TIN HILL ROAD", "SPECIES_NAME": null, "TREE_ID": "RTR0117331"}, "type": "Feature"}, {"geometry": {"coordinates": [836191.983, 819572.2520000003], "type": "Point"}, "properties": {"DBH": 220, "LU_HMD": "Kowloon City", "ROAD_NAME": "HO MAN TIN HILL ROAD", "SPECIES_NAME": null, "TREE_ID": "RTR0117332"}, "type": "Feature"}, {"geometry": {"coordinates": [836132.335, 819521.8200000003], "type": "Point"}, "properties": {"DBH": 177, "LU_HMD": "Kowloon City", "ROAD_NAME": "HO MAN TIN HILL ROAD", "SPECIES_NAME": null, "TREE_ID": "RTR0117333"}, "type": "Feature"}, {"geometry": {"coordinates": [836187.9510000004, 819575.0700000003], "type": "Point"}, "properties": {"DBH": 207, "LU_HMD": "Kowloon City", "ROAD_NAME": "HO MAN TIN HILL ROAD", "SPECIES_NAME": null, "TREE_ID": "RTR0117334"}, "type": "Feature"}, {"geometry": {"coordinates": [836172.6490000002, 820192.9340000004], "type": "Point"}, "properties": {"DBH": 121, "LU_HMD": "Kowloon City", "ROAD_NAME": "ARGYLE STREET", "SPECIES_NAME": null, "TREE_ID": "RTR0119307"}, "type": "Feature"}, {"geometry": {"coordinates": [834692.7740000002, 819541.2300000004], "type": "Point"}, "properties": {"DBH": 255, "LU_HMD": "Mong kok", "ROAD_NAME": null, "SPECIES_NAME": null, "TREE_ID": "RTR0122224"}, "type": "Feature"}, {"geometry": {"coordinates": [836153.5199999996, 819715.7960000001], "type": "Point"}, "properties": {"DBH": 99, "LU_HMD": "Kowloon City", "ROAD_NAME": "HO MAN TIN HILL ROAD", "SPECIES_NAME": null, "TREE_ID": "RTR0128176"}, "type": "Feature"}, {"geometry": {"coordinates": [836150.8059999999, 819710.0130000003], "type": "Point"}, "properties": {"DBH": 108, "LU_HMD": "Kowloon City", "ROAD_NAME": "HO MAN TIN HILL ROAD", "SPECIES_NAME": null, "TREE_ID": "RTR0128177"}, "type": "Feature"}, {"geometry": {"coordinates": [836119.4409999996, 819760.25], "type": "Point"}, "properties": {"DBH": 96, "LU_HMD": "Kowloon City", "ROAD_NAME": "HO MAN TIN HILL ROAD", "SPECIES_NAME": null, "TREE_ID": "RTR0129405"}, "type": "Feature"}, {"geometry": {"coordinates": [836139.9380000001, 819732.8550000004], "type": "Point"}, "properties": {"DBH": 96, "LU_HMD": "Kowloon City", "ROAD_NAME": "HO MAN TIN HILL ROAD", "SPECIES_NAME": null, "TREE_ID": "RTR0129406"}, "type": "Feature"}, {"geometry": {"coordinates": [836156.54, 819711.4289999995], "type": "Point"}, "properties": {"DBH": 96, "LU_HMD": "Kowloon City", "ROAD_NAME": "HO MAN TIN HILL ROAD", "SPECIES_NAME": null, "TREE_ID": "RTR0128166"}, "type": "Feature"}, {"geometry": {"coordinates": [836152.7800000003, 819709.7589999996], "type": "Point"}, "properties": {"DBH": 178, "LU_HMD": "Kowloon City", "ROAD_NAME": "HO MAN TIN HILL ROAD", "SPECIES_NAME": null, "TREE_ID": "RTR0128168"}, "type": "Feature"}, {"geometry": {"coordinates": [836155.5590000004, 819722.1830000002], "type": "Point"}, "properties": {"DBH": 96, "LU_HMD": "Kowloon City", "ROAD_NAME": "HO MAN TIN HILL ROAD", "SPECIES_NAME": null, "TREE_ID": "RTR0128169"}, "type": "Feature"}, {"geometry": {"coordinates": [836147.4299999997, 819707.7320000008], "type": "Point"}, "properties": {"DBH": 99, "LU_HMD": "Kowloon City", "ROAD_NAME": "HO MAN TIN HILL ROAD", "SPECIES_NAME": null, "TREE_ID": "RTR0128170"}, "type": "Feature"}, {"geometry": {"coordinates": [836152.6770000001, 819723.0749999993], "type": "Point"}, "properties": {"DBH": 152, "LU_HMD": "Kowloon City", "ROAD_NAME": "HO MAN TIN HILL ROAD", "SPECIES_NAME": null, "TREE_ID": "RTR0128171"}, "type": "Feature"}, {"geometry": {"coordinates": [836150.4510000004, 819708.5610000007], "type": "Point"}, "properties": {"DBH": 96, "LU_HMD": "Kowloon City", "ROAD_NAME": "HO MAN TIN HILL ROAD", "SPECIES_NAME": null, "TREE_ID": "RTR0128172"}, "type": "Feature"}, {"geometry": {"coordinates": [836154.3849999998, 819718.7719999999], "type": "Point"}, "properties": {"DBH": 127, "LU_HMD": "Kowloon City", "ROAD_NAME": "HO MAN TIN HILL ROAD", "SPECIES_NAME": null, "TREE_ID": "RTR0128174"}, "type": "Feature"}, {"geometry": {"coordinates": [836133.415, 819759.4670000002], "type": "Point"}, "properties": {"DBH": 1217, "LU_HMD": "Kowloon City", "ROAD_NAME": "HO MAN TIN HILL ROAD", "SPECIES_NAME": null, "TREE_ID": "RTR0129452"}, "type": "Feature"}, {"geometry": {"coordinates": [836126.4579999996, 819745.1280000005], "type": "Point"}, "properties": {"DBH": 204, "LU_HMD": "Kowloon City", "ROAD_NAME": "HO MAN TIN HILL ROAD", "SPECIES_NAME": null, "TREE_ID": "RTR0129445"}, "type": "Feature"}, {"geometry": {"coordinates": [836136.6979999999, 819737.2990000006], "type": "Point"}, "properties": {"DBH": 167, "LU_HMD": "Kowloon City", "ROAD_NAME": "HO MAN TIN HILL ROAD", "SPECIES_NAME": null, "TREE_ID": "RTR0129446"}, "type": "Feature"}, {"geometry": {"coordinates": [836145.3490000004, 819723.125], "type": "Point"}, "properties": {"DBH": 533, "LU_HMD": "Kowloon City", "ROAD_NAME": "HO MAN TIN HILL ROAD", "SPECIES_NAME": null, "TREE_ID": "RTR0129449"}, "type": "Feature"}, {"geometry": {"coordinates": [836140.7510000002, 819737.6009999998], "type": "Point"}, "properties": {"DBH": 96, "LU_HMD": "Kowloon City", "ROAD_NAME": "HO MAN TIN HILL ROAD", "SPECIES_NAME": null, "TREE_ID": "RTR0129450"}, "type": "Feature"}, {"geometry": {"coordinates": [836135.5729999999, 819756.3259999994], "type": "Point"}, "properties": {"DBH": 96, "LU_HMD": "Kowloon City", "ROAD_NAME": "HO MAN TIN HILL ROAD", "SPECIES_NAME": null, "TREE_ID": "RTR0129451"}, "type": "Feature"}, {"geometry": {"coordinates": [836131.4009999996, 819753.2919999994], "type": "Point"}, "properties": {"DBH": 137, "LU_HMD": "Kowloon City", "ROAD_NAME": "HO MAN TIN HILL ROAD", "SPECIES_NAME": null, "TREE_ID": "RTR0129420"}, "type": "Feature"}, {"geometry": {"coordinates": [836138.6560000004, 819749.659], "type": "Point"}, "properties": {"DBH": 287, "LU_HMD": "Kowloon City", "ROAD_NAME": "HO MAN TIN HILL ROAD", "SPECIES_NAME": null, "TREE_ID": "RTR0129421"}, "type": "Feature"}, {"geometry": {"coordinates": [836124.0190000003, 819748.1099999994], "type": "Point"}, "properties": {"DBH": 172, "LU_HMD": "Kowloon City", "ROAD_NAME": "HO MAN TIN HILL ROAD", "SPECIES_NAME": null, "TREE_ID": "RTR0129422"}, "type": "Feature"}, {"geometry": {"coordinates": [836123.2699999996, 819755.2970000003], "type": "Point"}, "properties": {"DBH": 245, "LU_HMD": "Kowloon City", "ROAD_NAME": "HO MAN TIN HILL ROAD", "SPECIES_NAME": null, "TREE_ID": "RTR0129424"}, "type": "Feature"}, {"geometry": {"coordinates": [836155.2460000003, 819712.9379999992], "type": "Point"}, "properties": {"DBH": 96, "LU_HMD": "Kowloon City", "ROAD_NAME": "HO MAN TIN HILL ROAD", "SPECIES_NAME": null, "TREE_ID": "RTR0128155"}, "type": "Feature"}, {"geometry": {"coordinates": [836144.29, 819719.0050000008], "type": "Point"}, "properties": {"DBH": 229, "LU_HMD": "Kowloon City", "ROAD_NAME": "HO MAN TIN HILL ROAD", "SPECIES_NAME": null, "TREE_ID": "RTR0128156"}, "type": "Feature"}, {"geometry": {"coordinates": [836154.0180000002, 819719.6040000003], "type": "Point"}, "properties": {"DBH": 115, "LU_HMD": "Kowloon City", "ROAD_NAME": "HO MAN TIN HILL ROAD", "SPECIES_NAME": null, "TREE_ID": "RTR0128160"}, "type": "Feature"}, {"geometry": {"coordinates": [836150.6550000003, 819713.2679999992], "type": "Point"}, "properties": {"DBH": 96, "LU_HMD": "Kowloon City", "ROAD_NAME": "HO MAN TIN HILL ROAD", "SPECIES_NAME": null, "TREE_ID": "RTR0128163"}, "type": "Feature"}, {"geometry": {"coordinates": [836149.2220000001, 819706.4199999999], "type": "Point"}, "properties": {"DBH": 96, "LU_HMD": "Kowloon City", "ROAD_NAME": "HO MAN TIN HILL ROAD", "SPECIES_NAME": null, "TREE_ID": "RTR0128165"}, "type": "Feature"}, {"geometry": {"coordinates": [836119.5360000003, 819760.2379999999], "type": "Point"}, "properties": {"DBH": 118, "LU_HMD": "Kowloon City", "ROAD_NAME": null, "SPECIES_NAME": null, "TREE_ID": "RTR0129410"}, "type": "Feature"}, {"geometry": {"coordinates": [836125.9780000001, 819763.0690000001], "type": "Point"}, "properties": {"DBH": 134, "LU_HMD": "Kowloon City", "ROAD_NAME": "HO MAN TIN HILL ROAD", "SPECIES_NAME": null, "TREE_ID": "RTR0129411"}, "type": "Feature"}, {"geometry": {"coordinates": [836127.9759999998, 819748.3900000006], "type": "Point"}, "properties": {"DBH": 99, "LU_HMD": "Kowloon City", "ROAD_NAME": "HO MAN TIN HILL ROAD", "SPECIES_NAME": null, "TREE_ID": "RTR0129413"}, "type": "Feature"}, {"geometry": {"coordinates": [836120.3380000005, 819757.4079999998], "type": "Point"}, "properties": {"DBH": 118, "LU_HMD": "Kowloon City", "ROAD_NAME": "HO MAN TIN HILL ROAD", "SPECIES_NAME": null, "TREE_ID": "RTR0129414"}, "type": "Feature"}, {"geometry": {"coordinates": [836122.54, 819763.6689999998], "type": "Point"}, "properties": {"DBH": 818, "LU_HMD": "Kowloon City", "ROAD_NAME": "HO MAN TIN HILL ROAD", "SPECIES_NAME": null, "TREE_ID": "RTR0129415"}, "type": "Feature"}, {"geometry": {"coordinates": [836130.9500000002, 819744.9480000008], "type": "Point"}, "properties": {"DBH": 175, "LU_HMD": "Kowloon City", "ROAD_NAME": "HO MAN TIN HILL ROAD", "SPECIES_NAME": null, "TREE_ID": "RTR0129416"}, "type": "Feature"}, {"geometry": {"coordinates": [836135.3669999996, 819737.3739999998], "type": "Point"}, "properties": {"DBH": 96, "LU_HMD": "Kowloon City", "ROAD_NAME": "HO MAN TIN HILL ROAD", "SPECIES_NAME": null, "TREE_ID": "RTR0129419"}, "type": "Feature"}, {"geometry": {"coordinates": [836122.0130000003, 819764.9330000002], "type": "Point"}, "properties": {"DBH": 187, "LU_HMD": "Kowloon City", "ROAD_NAME": "HO MAN TIN HILL ROAD", "SPECIES_NAME": null, "TREE_ID": "RTR0181359"}, "type": "Feature"}, {"geometry": {"coordinates": [836114.2640000004, 819532.5419999994], "type": "Point"}, "properties": {"DBH": 140, "LU_HMD": "Kowloon City", "ROAD_NAME": "HO MAN TIN HILL ROAD", "SPECIES_NAME": null, "TREE_ID": "RTR0129145"}, "type": "Feature"}, {"geometry": {"coordinates": [836124.4740000004, 819757.0030000005], "type": "Point"}, "properties": {"DBH": 255, "LU_HMD": "Kowloon City", "ROAD_NAME": "HO MAN TIN HILL ROAD", "SPECIES_NAME": null, "TREE_ID": "RTR0129439"}, "type": "Feature"}, {"geometry": {"coordinates": [836127.4069999997, 819741.8420000002], "type": "Point"}, "properties": {"DBH": 219, "LU_HMD": "Kowloon City", "ROAD_NAME": "HO MAN TIN HILL ROAD", "SPECIES_NAME": null, "TREE_ID": "RTR0129441"}, "type": "Feature"}, {"geometry": {"coordinates": [836135.8229999999, 819740.5439999998], "type": "Point"}, "properties": {"DBH": 140, "LU_HMD": "Kowloon City", "ROAD_NAME": "HO MAN TIN HILL ROAD", "SPECIES_NAME": null, "TREE_ID": "RTR0129442"}, "type": "Feature"}, {"geometry": {"coordinates": [836156.756, 819719.0179999992], "type": "Point"}, "properties": {"DBH": 108, "LU_HMD": "Kowloon City", "ROAD_NAME": "HO MAN TIN HILL ROAD", "SPECIES_NAME": null, "TREE_ID": "RTR0128196"}, "type": "Feature"}, {"geometry": {"coordinates": [836127.7039999999, 819542.1239999998], "type": "Point"}, "properties": {"DBH": 131, "LU_HMD": "Kowloon City", "ROAD_NAME": "HO MAN TIN HILL ROAD", "SPECIES_NAME": null, "TREE_ID": "RTR0129115"}, "type": "Feature"}, {"geometry": {"coordinates": [836121.5460000001, 819541.818], "type": "Point"}, "properties": {"DBH": 379, "LU_HMD": "Kowloon City", "ROAD_NAME": "HO MAN TIN HILL ROAD", "SPECIES_NAME": null, "TREE_ID": "RTR0129124"}, "type": "Feature"}, {"geometry": {"coordinates": [836127.534, 819742.2449999992], "type": "Point"}, "properties": {"DBH": 96, "LU_HMD": "Kowloon City", "ROAD_NAME": "HO MAN TIN HILL ROAD", "SPECIES_NAME": null, "TREE_ID": "RTR0129426"}, "type": "Feature"}, {"geometry": {"coordinates": [836119.4210000001, 819761.7290000003], "type": "Point"}, "properties": {"DBH": 159, "LU_HMD": "Kowloon City", "ROAD_NAME": "HO MAN TIN HILL ROAD", "SPECIES_NAME": null, "TREE_ID": "RTR0129429"}, "type": "Feature"}, {"geometry": {"coordinates": [836117.9610000001, 819761.9590000007], "type": "Point"}, "properties": {"DBH": 105, "LU_HMD": "Kowloon City", "ROAD_NAME": "HO MAN TIN HILL ROAD", "SPECIES_NAME": null, "TREE_ID": "RTR0129430"}, "type": "Feature"}, {"geometry": {"coordinates": [836120.148, 819533.8389999997], "type": "Point"}, "properties": {"DBH": 342, "LU_HMD": "Kowloon City", "ROAD_NAME": "HO MAN TIN HILL ROAD", "SPECIES_NAME": null, "TREE_ID": "RTR0129137"}, "type": "Feature"}, {"geometry": {"coordinates": [836129.9289999995, 819745.8200000003], "type": "Point"}, "properties": {"DBH": 146, "LU_HMD": "Kowloon City", "ROAD_NAME": "HO MAN TIN HILL ROAD", "SPECIES_NAME": null, "TREE_ID": "RTR0129435"}, "type": "Feature"}, {"geometry": {"coordinates": [836133.1560000004, 819739.0219999999], "type": "Point"}, "properties": {"DBH": 115, "LU_HMD": "Kowloon City", "ROAD_NAME": "HO MAN TIN HILL ROAD", "SPECIES_NAME": null, "TREE_ID": "RTR0129436"}, "type": "Feature"}, {"geometry": {"coordinates": [836130.767, 819761.5199999996], "type": "Point"}, "properties": {"DBH": 287, "LU_HMD": "Kowloon City", "ROAD_NAME": "HO MAN TIN HILL ROAD", "SPECIES_NAME": null, "TREE_ID": "RTR0129437"}, "type": "Feature"}, {"geometry": {"coordinates": [836137.7419999996, 819729.7329999991], "type": "Point"}, "properties": {"DBH": 217, "LU_HMD": "Kowloon City", "ROAD_NAME": "HO MAN TIN HILL ROAD", "SPECIES_NAME": null, "TREE_ID": "RTR0129438"}, "type": "Feature"}, {"geometry": {"coordinates": [836283.0630000001, 819653.1129999999], "type": "Point"}, "properties": {"DBH": 404, "LU_HMD": "Kowloon City", "ROAD_NAME": null, "SPECIES_NAME": null, "TREE_ID": "RTR0118113"}, "type": "Feature"}, {"geometry": {"coordinates": [836286.6270000003, 819624.4350000005], "type": "Point"}, "properties": {"DBH": 150, "LU_HMD": "Kowloon City", "ROAD_NAME": "HO MAN TIN HILL ROAD", "SPECIES_NAME": null, "TREE_ID": "RTR0118115"}, "type": "Feature"}, {"geometry": {"coordinates": [836278.6540000001, 819648.3809999991], "type": "Point"}, "properties": {"DBH": 167, "LU_HMD": "Kowloon City", "ROAD_NAME": "HO MAN TIN HILL ROAD", "SPECIES_NAME": null, "TREE_ID": "RTR0118121"}, "type": "Feature"}, {"geometry": {"coordinates": [836147.2079999996, 819712.3589999992], "type": "Point"}, "properties": {"DBH": 99, "LU_HMD": "Kowloon City", "ROAD_NAME": "HO MAN TIN HILL ROAD", "SPECIES_NAME": null, "TREE_ID": "RTR0128184"}, "type": "Feature"}, {"geometry": {"coordinates": [836118.7400000002, 819533.8389999997], "type": "Point"}, "properties": {"DBH": 143, "LU_HMD": "Kowloon City", "ROAD_NAME": null, "SPECIES_NAME": null, "TREE_ID": "RTR0129107"}, "type": "Feature"}, {"geometry": {"coordinates": [836265.4299999997, 819587.4049999993], "type": "Point"}, "properties": {"DBH": 150, "LU_HMD": "Kowloon City", "ROAD_NAME": "HO MAN TIN HILL ROAD", "SPECIES_NAME": null, "TREE_ID": "RTR0117682"}, "type": "Feature"}, {"geometry": {"coordinates": [836387.199, 819727.091], "type": "Point"}, "properties": {"DBH": 443, "LU_HMD": "Kowloon City", "ROAD_NAME": "PRINCESS MARGARET ROAD", "SPECIES_NAME": null, "TREE_ID": "RTR0115025"}, "type": "Feature"}, {"geometry": {"coordinates": [836166.3020000001, 819559.9379999992], "type": "Point"}, "properties": {"DBH": 206, "LU_HMD": "Kowloon City", "ROAD_NAME": "HO MAN TIN HILL ROAD", "SPECIES_NAME": null, "TREE_ID": "RTR0116087"}, "type": "Feature"}, {"geometry": {"coordinates": [836270.3870000001, 819619.2060000002], "type": "Point"}, "properties": {"DBH": 223, "LU_HMD": "Kowloon City", "ROAD_NAME": "HO MAN TIN HILL ROAD", "SPECIES_NAME": null, "TREE_ID": "RTR0117710"}, "type": "Feature"}, {"geometry": {"coordinates": [836257.4819999998, 819548.0470000003], "type": "Point"}, "properties": {"DBH": 224, "LU_HMD": "Kowloon City", "ROAD_NAME": "HO MAN TIN HILL ROAD", "SPECIES_NAME": null, "TREE_ID": "RTR0117715"}, "type": "Feature"}, {"geometry": {"coordinates": [836268.0729999999, 819595.2410000004], "type": "Point"}, "properties": {"DBH": 426, "LU_HMD": "Kowloon City", "ROAD_NAME": "HO MAN TIN HILL ROAD", "SPECIES_NAME": null, "TREE_ID": "RTR0117741"}, "type": "Feature"}, {"geometry": {"coordinates": [836258.5860000001, 819557.1260000002], "type": "Point"}, "properties": {"DBH": 232, "LU_HMD": "Kowloon City", "ROAD_NAME": "HO MAN TIN HILL ROAD", "SPECIES_NAME": null, "TREE_ID": "RTR0117743"}, "type": "Feature"}, {"geometry": {"coordinates": [836259.6730000004, 819563.3239999991], "type": "Point"}, "properties": {"DBH": 341, "LU_HMD": "Kowloon City", "ROAD_NAME": null, "SPECIES_NAME": null, "TREE_ID": "RTR0117751"}, "type": "Feature"}, {"geometry": {"coordinates": [836330.6560000004, 819859.9849999994], "type": "Point"}, "properties": {"DBH": 150, "LU_HMD": "Kowloon City", "ROAD_NAME": "PUI CHING ROAD", "SPECIES_NAME": null, "TREE_ID": "RTR0116444"}, "type": "Feature"}, {"geometry": {"coordinates": [836157.6720000003, 819636.0050000008], "type": "Point"}, "properties": {"DBH": 220, "LU_HMD": "Kowloon City", "ROAD_NAME": "HO MAN TIN HILL ROAD", "SPECIES_NAME": null, "TREE_ID": "RTR0117688"}, "type": "Feature"}, {"geometry": {"coordinates": [836268.7450000001, 819598.9350000005], "type": "Point"}, "properties": {"DBH": 371, "LU_HMD": "Kowloon City", "ROAD_NAME": "HO MAN TIN HILL ROAD", "SPECIES_NAME": null, "TREE_ID": "RTR0118154"}, "type": "Feature"}, {"geometry": {"coordinates": [836172.7549999999, 819585.8450000007], "type": "Point"}, "properties": {"DBH": 232, "LU_HMD": "Kowloon City", "ROAD_NAME": "HO MAN TIN HILL ROAD", "SPECIES_NAME": null, "TREE_ID": "RTR0117052"}, "type": "Feature"}, {"geometry": {"coordinates": [836175.8640000001, 819567.0040000007], "type": "Point"}, "properties": {"DBH": 575, "LU_HMD": "Kowloon City", "ROAD_NAME": "HO MAN TIN HILL ROAD", "SPECIES_NAME": null, "TREE_ID": "RTR0117053"}, "type": "Feature"}, {"geometry": {"coordinates": [836172.3480000002, 819590.3369999994], "type": "Point"}, "properties": {"DBH": 268, "LU_HMD": "Kowloon City", "ROAD_NAME": "HO MAN TIN HILL ROAD", "SPECIES_NAME": null, "TREE_ID": "RTR0117116"}, "type": "Feature"}, {"geometry": {"coordinates": [836158.9139999999, 819624.1870000008], "type": "Point"}, "properties": {"DBH": 267, "LU_HMD": "Kowloon City", "ROAD_NAME": "HO MAN TIN HILL ROAD", "SPECIES_NAME": null, "TREE_ID": "RTR0117129"}, "type": "Feature"}, {"geometry": {"coordinates": [836177.5070000002, 819614.7029999997], "type": "Point"}, "properties": {"DBH": 480, "LU_HMD": "Kowloon City", "ROAD_NAME": "HO MAN TIN HILL ROAD", "SPECIES_NAME": null, "TREE_ID": "RTR0117133"}, "type": "Feature"}, {"geometry": {"coordinates": [836177.1059999997, 819604.8430000003], "type": "Point"}, "properties": {"DBH": 305, "LU_HMD": "Kowloon City", "ROAD_NAME": "HO MAN TIN HILL ROAD", "SPECIES_NAME": null, "TREE_ID": "RTR0117657"}, "type": "Feature"}, {"geometry": {"coordinates": [836172.0250000004, 819617.9719999991], "type": "Point"}, "properties": {"DBH": 277, "LU_HMD": "Kowloon City", "ROAD_NAME": "HO MAN TIN HILL ROAD", "SPECIES_NAME": null, "TREE_ID": "RTR0117660"}, "type": "Feature"}, {"geometry": {"coordinates": [836173.2199999997, 819590.0649999995], "type": "Point"}, "properties": {"DBH": 244, "LU_HMD": "Kowloon City", "ROAD_NAME": "HO MAN TIN HILL ROAD", "SPECIES_NAME": null, "TREE_ID": "RTR0117672"}, "type": "Feature"}, {"geometry": {"coordinates": [836162.0070000002, 819682.0099999998], "type": "Point"}, "properties": {"DBH": 209, "LU_HMD": "Kowloon City", "ROAD_NAME": "HO MAN TIN HILL ROAD", "SPECIES_NAME": null, "TREE_ID": "RTR0117661"}, "type": "Feature"}, {"geometry": {"coordinates": [836174.3200000003, 819622.2139999997], "type": "Point"}, "properties": {"DBH": 1672, "LU_HMD": "Kowloon City", "ROAD_NAME": "HO MAN TIN HILL ROAD", "SPECIES_NAME": null, "TREE_ID": "RTR0117669"}, "type": "Feature"}, {"geometry": {"coordinates": [836393.9079999998, 819745.7990000006], "type": "Point"}, "properties": {"DBH": 450, "LU_HMD": "Kowloon City", "ROAD_NAME": "PRINCESS MARGARET ROAD", "SPECIES_NAME": null, "TREE_ID": "RTR0114806"}, "type": "Feature"}, {"geometry": {"coordinates": [836141.2810000004, 819550.0299999993], "type": "Point"}, "properties": {"DBH": 248, "LU_HMD": "Kowloon City", "ROAD_NAME": "HO MAN TIN HILL ROAD", "SPECIES_NAME": null, "TREE_ID": "RTR0115949"}, "type": "Feature"}, {"geometry": {"coordinates": [836164.9639999997, 819553.727], "type": "Point"}, "properties": {"DBH": 311, "LU_HMD": "Kowloon City", "ROAD_NAME": "HO MAN TIN HILL ROAD", "SPECIES_NAME": null, "TREE_ID": "RTR0116073"}, "type": "Feature"}, {"geometry": {"coordinates": [836167.4900000002, 819561.0620000008], "type": "Point"}, "properties": {"DBH": 191, "LU_HMD": "Kowloon City", "ROAD_NAME": "HO MAN TIN HILL ROAD", "SPECIES_NAME": null, "TREE_ID": "RTR0116078"}, "type": "Feature"}, {"geometry": {"coordinates": [836160.5810000002, 819526.9069999997], "type": "Point"}, "properties": {"DBH": 255, "LU_HMD": "Kowloon City", "ROAD_NAME": null, "SPECIES_NAME": null, "TREE_ID": "ETR0000025"}, "type": "Feature"}, {"geometry": {"coordinates": [836147.7379999999, 819719.4480000008], "type": "Point"}, "properties": {"DBH": 525, "LU_HMD": "Kowloon City", "ROAD_NAME": null, "SPECIES_NAME": null, "TREE_ID": "ETR0000057"}, "type": "Feature"}, {"geometry": {"coordinates": [835258.1679999996, 821139.4680000003], "type": "Point"}, "properties": {"DBH": 197, "LU_HMD": "Sham Shui Po", "ROAD_NAME": "SAI YEUNG CHOI LANE", "SPECIES_NAME": null, "TREE_ID": "RTR0115029"}, "type": "Feature"}, {"geometry": {"coordinates": [834703.0810000002, 819429.1870000008], "type": "Point"}, "properties": {"DBH": 205, "LU_HMD": "Mong Kok", "ROAD_NAME": "LIN CHEUNG ROAD", "SPECIES_NAME": null, "TREE_ID": "RTR0122269"}, "type": "Feature"}, {"geometry": {"coordinates": [834696.4630000005, 819519.8849999998], "type": "Point"}, "properties": {"DBH": 407, "LU_HMD": "Mong Kok", "ROAD_NAME": "LIN CHEUNG ROAD", "SPECIES_NAME": null, "TREE_ID": "RTR0122228"}, "type": "Feature"}, {"geometry": {"coordinates": [834702.7149999999, 819475.1520000007], "type": "Point"}, "properties": {"DBH": 299, "LU_HMD": "Mong Kok", "ROAD_NAME": "LIN CHEUNG ROAD", "SPECIES_NAME": null, "TREE_ID": "RTR0122392"}, "type": "Feature"}, {"geometry": {"coordinates": [835012.1660000002, 819943.5639999993], "type": "Point"}, "properties": {"DBH": 163, "LU_HMD": "Mong Kok", "ROAD_NAME": " ", "SPECIES_NAME": null, "TREE_ID": "RTR0138965"}, "type": "Feature"}, {"geometry": {"coordinates": [835261.3090000004, 821148.9140000008], "type": "Point"}, "properties": {"DBH": 102, "LU_HMD": "Sham Shui Po", "ROAD_NAME": "SAI YEUNG CHOI LANE", "SPECIES_NAME": null, "TREE_ID": "RTR0115033"}, "type": "Feature"}, {"geometry": {"coordinates": [834732.8859999999, 819507.4839999992], "type": "Point"}, "properties": {"DBH": 182, "LU_HMD": "Mong Kok", "ROAD_NAME": "LAI CHEUNG ROAD", "SPECIES_NAME": null, "TREE_ID": "RTR0121038"}, "type": "Feature"}, {"geometry": {"coordinates": [834735.2290000003, 819491.5869999994], "type": "Point"}, "properties": {"DBH": 121, "LU_HMD": "Mong Kok", "ROAD_NAME": "LAI CHEUNG ROAD", "SPECIES_NAME": null, "TREE_ID": "RTR0121039"}, "type": "Feature"}, {"geometry": {"coordinates": [834736.0700000003, 819493.5749999993], "type": "Point"}, "properties": {"DBH": 99, "LU_HMD": "Mong Kok", "ROAD_NAME": "LAI CHEUNG ROAD", "SPECIES_NAME": null, "TREE_ID": "RTR0121041"}, "type": "Feature"}, {"geometry": {"coordinates": [834733.4639999997, 819504.6679999996], "type": "Point"}, "properties": {"DBH": 143, "LU_HMD": "Mong Kok", "ROAD_NAME": "LAI CHEUNG ROAD", "SPECIES_NAME": null, "TREE_ID": "RTR0121046"}, "type": "Feature"}, {"geometry": {"coordinates": [834751.7019999996, 819448.3800000008], "type": "Point"}, "properties": {"DBH": 105, "LU_HMD": "Mong Kok", "ROAD_NAME": "LAI CHEUNG ROAD", "SPECIES_NAME": null, "TREE_ID": "RTR0121261"}, "type": "Feature"}, {"geometry": {"coordinates": [834743.3339999998, 819477.3330000006], "type": "Point"}, "properties": {"DBH": 140, "LU_HMD": "Mong Kok", "ROAD_NAME": "LAI CHEUNG ROAD", "SPECIES_NAME": null, "TREE_ID": "RTR0121262"}, "type": "Feature"}, {"geometry": {"coordinates": [834742.5070000002, 819480.5720000006], "type": "Point"}, "properties": {"DBH": 137, "LU_HMD": "Mong Kok", "ROAD_NAME": null, "SPECIES_NAME": null, "TREE_ID": "RTR0121263"}, "type": "Feature"}, {"geometry": {"coordinates": [834746.4610000001, 819468.2799999993], "type": "Point"}, "properties": {"DBH": 99, "LU_HMD": "Mong Kok", "ROAD_NAME": "LAI CHEUNG ROAD", "SPECIES_NAME": null, "TREE_ID": "RTR0121265"}, "type": "Feature"}, {"geometry": {"coordinates": [834753.8480000002, 819447.2929999996], "type": "Point"}, "properties": {"DBH": 111, "LU_HMD": "Mong Kok", "ROAD_NAME": "LAI CHEUNG ROAD", "SPECIES_NAME": null, "TREE_ID": "RTR0121267"}, "type": "Feature"}, {"geometry": {"coordinates": [834750.5959999999, 819456.3709999993], "type": "Point"}, "properties": {"DBH": 99, "LU_HMD": "Mong Kok", "ROAD_NAME": "LAI CHEUNG ROAD", "SPECIES_NAME": null, "TREE_ID": "RTR0121270"}, "type": "Feature"}, {"geometry": {"coordinates": [834745.4740000004, 819471.5040000007], "type": "Point"}, "properties": {"DBH": 111, "LU_HMD": "Mong Kok", "ROAD_NAME": "LAI CHEUNG ROAD", "SPECIES_NAME": null, "TREE_ID": "RTR0121275"}, "type": "Feature"}, {"geometry": {"coordinates": [834736.5800000001, 819495.9829999991], "type": "Point"}, "properties": {"DBH": 96, "LU_HMD": "Mong Kok", "ROAD_NAME": "LAI CHEUNG ROAD", "SPECIES_NAME": null, "TREE_ID": "RTR0121455"}, "type": "Feature"}, {"geometry": {"coordinates": [834735.7549999999, 819498.9269999992], "type": "Point"}, "properties": {"DBH": 113, "LU_HMD": "Mong Kok", "ROAD_NAME": "LAI CHEUNG ROAD", "SPECIES_NAME": null, "TREE_ID": "RTR0121462"}, "type": "Feature"}, {"geometry": {"coordinates": [834740.7529999996, 819481.5289999992], "type": "Point"}, "properties": {"DBH": 115, "LU_HMD": "Mong Kok", "ROAD_NAME": null, "SPECIES_NAME": null, "TREE_ID": "RTR0121466"}, "type": "Feature"}, {"geometry": {"coordinates": [834731.2630000003, 819500.7510000002], "type": "Point"}, "properties": {"DBH": 127, "LU_HMD": "Mong Kok", "ROAD_NAME": "LAI CHEUNG ROAD", "SPECIES_NAME": null, "TREE_ID": "RTR0121470"}, "type": "Feature"}, {"geometry": {"coordinates": [834754.4759999998, 819444.7719999999], "type": "Point"}, "properties": {"DBH": 105, "LU_HMD": "Mong Kok", "ROAD_NAME": "LAI CHEUNG ROAD", "SPECIES_NAME": null, "TREE_ID": "RTR0121291"}, "type": "Feature"}, {"geometry": {"coordinates": [834697.9649999999, 819435.2449999992], "type": "Point"}, "properties": {"DBH": 131, "LU_HMD": "Mong Kok", "ROAD_NAME": "LIN CHEUNG ROAD", "SPECIES_NAME": null, "TREE_ID": "RTR0122298"}, "type": "Feature"}, {"geometry": {"coordinates": [834704.6229999997, 819448.8210000005], "type": "Point"}, "properties": {"DBH": 118, "LU_HMD": "Mong Kok", "ROAD_NAME": "LIN CHEUNG ROAD", "SPECIES_NAME": null, "TREE_ID": "RTR0122300"}, "type": "Feature"}, {"geometry": {"coordinates": [834705.716, 819455.5659999996], "type": "Point"}, "properties": {"DBH": 111, "LU_HMD": "Mong Kok", "ROAD_NAME": "LIN CHEUNG ROAD", "SPECIES_NAME": null, "TREE_ID": "RTR0122357"}, "type": "Feature"}, {"geometry": {"coordinates": [834697.824, 819500.9920000006], "type": "Point"}, "properties": {"DBH": 105, "LU_HMD": "Mong Kok", "ROAD_NAME": "LIN CHEUNG ROAD", "SPECIES_NAME": null, "TREE_ID": "RTR0122360"}, "type": "Feature"}, {"geometry": {"coordinates": [834705.5880000005, 819465.8029999994], "type": "Point"}, "properties": {"DBH": 159, "LU_HMD": "Mong Kok", "ROAD_NAME": "LIN CHEUNG ROAD", "SPECIES_NAME": null, "TREE_ID": "RTR0122394"}, "type": "Feature"}, {"geometry": {"coordinates": [834701.375, 819468.8169999998], "type": "Point"}, "properties": {"DBH": 178, "LU_HMD": "Mong Kok", "ROAD_NAME": "LIN CHEUNG ROAD", "SPECIES_NAME": null, "TREE_ID": "RTR0122395"}, "type": "Feature"}, {"geometry": {"coordinates": [834701.6720000003, 819474.1420000009], "type": "Point"}, "properties": {"DBH": 150, "LU_HMD": "Mong Kok", "ROAD_NAME": "LIN CHEUNG ROAD", "SPECIES_NAME": null, "TREE_ID": "RTR0122401"}, "type": "Feature"}, {"geometry": {"coordinates": [834705.4800000004, 819467.3699999992], "type": "Point"}, "properties": {"DBH": 121, "LU_HMD": "Mong Kok", "ROAD_NAME": "LIN CHEUNG ROAD", "SPECIES_NAME": null, "TREE_ID": "RTR0122378"}, "type": "Feature"}, {"geometry": {"coordinates": [834697.1730000004, 819505.4529999997], "type": "Point"}, "properties": {"DBH": 96, "LU_HMD": "Mong Kok", "ROAD_NAME": "LIN CHEUNG ROAD", "SPECIES_NAME": null, "TREE_ID": "RTR0122380"}, "type": "Feature"}, {"geometry": {"coordinates": [834702.017, 819471.125], "type": "Point"}, "properties": {"DBH": 121, "LU_HMD": "Mong Kok", "ROAD_NAME": "LIN CHEUNG ROAD", "SPECIES_NAME": null, "TREE_ID": "RTR0122383"}, "type": "Feature"}, {"geometry": {"coordinates": [834698.2810000004, 819510.2510000002], "type": "Point"}, "properties": {"DBH": 127, "LU_HMD": "Mong Kok", "ROAD_NAME": "LIN CHEUNG ROAD", "SPECIES_NAME": null, "TREE_ID": "RTR0122207"}, "type": "Feature"}, {"geometry": {"coordinates": [834694.0369999995, 819525.5470000003], "type": "Point"}, "properties": {"DBH": 204, "LU_HMD": "Mong Kok", "ROAD_NAME": "LIN CHEUNG ROAD", "SPECIES_NAME": null, "TREE_ID": "RTR0122218"}, "type": "Feature"}, {"geometry": {"coordinates": [835071.8830000004, 819919.8289999999], "type": "Point"}, "properties": {"DBH": 163, "LU_HMD": "Mong Kok", "ROAD_NAME": " ", "SPECIES_NAME": null, "TREE_ID": "RTR0138699"}, "type": "Feature"}, {"geometry": {"coordinates": [835065.2920000004, 819925.1840000004], "type": "Point"}, "properties": {"DBH": 134, "LU_HMD": "Mong Kok", "ROAD_NAME": " ", "SPECIES_NAME": null, "TREE_ID": "RTR0138703"}, "type": "Feature"}, {"geometry": {"coordinates": [835076.4139999999, 819918.2679999992], "type": "Point"}, "properties": {"DBH": 145, "LU_HMD": "Mong Kok", "ROAD_NAME": " ", "SPECIES_NAME": null, "TREE_ID": "RTR0138715"}, "type": "Feature"}, {"geometry": {"coordinates": [834694.551, 819517.0350000001], "type": "Point"}, "properties": {"DBH": 185, "LU_HMD": "Mong Kok", "ROAD_NAME": "LIN CHEUNG ROAD", "SPECIES_NAME": null, "TREE_ID": "RTR0122220"}, "type": "Feature"}, {"geometry": {"coordinates": [834709.7539999997, 819420.6229999997], "type": "Point"}, "properties": {"DBH": 239, "LU_HMD": "Mong Kok", "ROAD_NAME": "LIN CHEUNG ROAD", "SPECIES_NAME": null, "TREE_ID": "RTR0122257"}, "type": "Feature"}, {"geometry": {"coordinates": [834692.835, 819539.159], "type": "Point"}, "properties": {"DBH": 143, "LU_HMD": "Mong Kok", "ROAD_NAME": "LIN CHEUNG ROAD", "SPECIES_NAME": null, "TREE_ID": "RTR0122234"}, "type": "Feature"}, {"geometry": {"coordinates": [834693.4840000002, 819530.2239999995], "type": "Point"}, "properties": {"DBH": 115, "LU_HMD": "Mong Kok", "ROAD_NAME": "LIN CHEUNG ROAD", "SPECIES_NAME": null, "TREE_ID": "RTR0122245"}, "type": "Feature"}, {"geometry": {"coordinates": [834700.2089999998, 819437.0059999991], "type": "Point"}, "properties": {"DBH": 185, "LU_HMD": "Mong Kok", "ROAD_NAME": "LIN CHEUNG ROAD", "SPECIES_NAME": null, "TREE_ID": "RTR0122268"}, "type": "Feature"}, {"geometry": {"coordinates": [834708.5760000004, 819419.6030000001], "type": "Point"}, "properties": {"DBH": 99, "LU_HMD": "Mong Kok", "ROAD_NAME": "LIN CHEUNG ROAD", "SPECIES_NAME": null, "TREE_ID": "RTR0122272"}, "type": "Feature"}, {"geometry": {"coordinates": [834708.5810000002, 819421.2339999992], "type": "Point"}, "properties": {"DBH": 162, "LU_HMD": "Mong Kok", "ROAD_NAME": "LIN CHEUNG ROAD", "SPECIES_NAME": null, "TREE_ID": "RTR0122274"}, "type": "Feature"}, {"geometry": {"coordinates": [834702.7690000003, 819436.7190000005], "type": "Point"}, "properties": {"DBH": 124, "LU_HMD": "Mong Kok", "ROAD_NAME": "LIN CHEUNG ROAD", "SPECIES_NAME": null, "TREE_ID": "RTR0122276"}, "type": "Feature"}, {"geometry": {"coordinates": [835078.3090000004, 819917.227], "type": "Point"}, "properties": {"DBH": 127, "LU_HMD": "Mong Kok", "ROAD_NAME": " ", "SPECIES_NAME": null, "TREE_ID": "RTR0138717"}, "type": "Feature"}, {"geometry": {"coordinates": [835064.2949999999, 819925.4600000009], "type": "Point"}, "properties": {"DBH": 132, "LU_HMD": "Mong Kok", "ROAD_NAME": " ", "SPECIES_NAME": null, "TREE_ID": "RTR0138719"}, "type": "Feature"}, {"geometry": {"coordinates": [835074.0369999995, 819919.0850000009], "type": "Point"}, "properties": {"DBH": 106, "LU_HMD": "Mong Kok", "ROAD_NAME": " ", "SPECIES_NAME": null, "TREE_ID": "RTR0138730"}, "type": "Feature"}, {"geometry": {"coordinates": [835066.7010000004, 819924.8269999996], "type": "Point"}, "properties": {"DBH": 198, "LU_HMD": "Mong Kok", "ROAD_NAME": " ", "SPECIES_NAME": null, "TREE_ID": "RTR0138734"}, "type": "Feature"}, {"geometry": {"coordinates": [835028.1380000003, 819935.375], "type": "Point"}, "properties": {"DBH": 149, "LU_HMD": "Mong Kok", "ROAD_NAME": " ", "SPECIES_NAME": null, "TREE_ID": "RTR0138949"}, "type": "Feature"}, {"geometry": {"coordinates": [835021.9380000001, 819941.125], "type": "Point"}, "properties": {"DBH": 331, "LU_HMD": "Mong Kok", "ROAD_NAME": " ", "SPECIES_NAME": null, "TREE_ID": "RTR0138951"}, "type": "Feature"}, {"geometry": {"coordinates": [835017.4270000001, 819937.091], "type": "Point"}, "properties": {"DBH": 131, "LU_HMD": "Mong Kok", "ROAD_NAME": " ", "SPECIES_NAME": null, "TREE_ID": "RTR0138957"}, "type": "Feature"}, {"geometry": {"coordinates": [835013.119, 819938.0250000004], "type": "Point"}, "properties": {"DBH": 156, "LU_HMD": "Mong Kok", "ROAD_NAME": " ", "SPECIES_NAME": null, "TREE_ID": "RTR0138958"}, "type": "Feature"}, {"geometry": {"coordinates": [835008.9179999996, 819941.4639999997], "type": "Point"}, "properties": {"DBH": 172, "LU_HMD": "Mong Kok", "ROAD_NAME": " ", "SPECIES_NAME": null, "TREE_ID": "RTR0138959"}, "type": "Feature"}, {"geometry": {"coordinates": [834699.7850000001, 819425.1319999993], "type": "Point"}, "properties": {"DBH": 270, "LU_HMD": "Mong Kok", "ROAD_NAME": "LIN CHEUNG ROAD", "SPECIES_NAME": null, "TREE_ID": "RTR0122282"}, "type": "Feature"}, {"geometry": {"coordinates": [834706.8420000002, 819437.7009999994], "type": "Point"}, "properties": {"DBH": 270, "LU_HMD": "Mong Kok", "ROAD_NAME": "LIN CHEUNG ROAD", "SPECIES_NAME": null, "TREE_ID": "RTR0122280"}, "type": "Feature"}, {"geometry": {"coordinates": [834706.2400000002, 819450.1280000005], "type": "Point"}, "properties": {"DBH": 226, "LU_HMD": "Mong Kok", "ROAD_NAME": "LIN CHEUNG ROAD", "SPECIES_NAME": null, "TREE_ID": "RTR0122281"}, "type": "Feature"}, {"geometry": {"coordinates": [834706.7570000002, 819445.0309999995], "type": "Point"}, "properties": {"DBH": 251, "LU_HMD": "Mong Kok", "ROAD_NAME": "LIN CHEUNG ROAD", "SPECIES_NAME": null, "TREE_ID": "RTR0122289"}, "type": "Feature"}, {"geometry": {"coordinates": [834702.0619999999, 819485.7520000003], "type": "Point"}, "properties": {"DBH": 150, "LU_HMD": "Mong Kok", "ROAD_NAME": "LIN CHEUNG ROAD", "SPECIES_NAME": null, "TREE_ID": "RTR0122393"}, "type": "Feature"}, {"geometry": {"coordinates": [834698.1689999998, 819494.9230000004], "type": "Point"}, "properties": {"DBH": 284, "LU_HMD": "Mong Kok", "ROAD_NAME": "LIN CHEUNG ROAD", "SPECIES_NAME": null, "TREE_ID": "RTR0122398"}, "type": "Feature"}, {"geometry": {"coordinates": [834702.8700000001, 819470.6659999993], "type": "Point"}, "properties": {"DBH": 203, "LU_HMD": "Mong Kok", "ROAD_NAME": "LIN CHEUNG ROAD", "SPECIES_NAME": null, "TREE_ID": "RTR0122402"}, "type": "Feature"}, {"geometry": {"coordinates": [834694.8430000003, 819514.0109999999], "type": "Point"}, "properties": {"DBH": 194, "LU_HMD": "Mong Kok", "ROAD_NAME": "LIN CHEUNG ROAD", "SPECIES_NAME": null, "TREE_ID": "RTR0122209"}, "type": "Feature"}, {"geometry": {"coordinates": [835033.4869999997, 819934.4460000005], "type": "Point"}, "properties": {"DBH": 170, "LU_HMD": "Mong Kok", "ROAD_NAME": " ", "SPECIES_NAME": null, "TREE_ID": "RTR0138960"}, "type": "Feature"}, {"geometry": {"coordinates": [835038.5810000002, 819933.3210000005], "type": "Point"}, "properties": {"DBH": 181, "LU_HMD": "Mong Kok", "ROAD_NAME": " ", "SPECIES_NAME": null, "TREE_ID": "RTR0138964"}, "type": "Feature"}, {"geometry": {"coordinates": [835050.2249999996, 819929.8609999996], "type": "Point"}, "properties": {"DBH": 106, "LU_HMD": "Mong Kok", "ROAD_NAME": " ", "SPECIES_NAME": null, "TREE_ID": "RTR0138968"}, "type": "Feature"}, {"geometry": {"coordinates": [835035.8650000002, 819933.2789999992], "type": "Point"}, "properties": {"DBH": 198, "LU_HMD": "Mong Kok", "ROAD_NAME": " ", "SPECIES_NAME": null, "TREE_ID": "RTR0138969"}, "type": "Feature"}, {"geometry": {"coordinates": [835054.3039999995, 819927.5329999998], "type": "Point"}, "properties": {"DBH": 205, "LU_HMD": "Mong Kok", "ROAD_NAME": " ", "SPECIES_NAME": null, "TREE_ID": "RTR0138973"}, "type": "Feature"}, {"geometry": {"coordinates": [835043.3569999998, 819931.3890000004], "type": "Point"}, "properties": {"DBH": 165, "LU_HMD": "Mong Kok", "ROAD_NAME": " ", "SPECIES_NAME": null, "TREE_ID": "RTR0138974"}, "type": "Feature"}, {"geometry": {"coordinates": [835057.2510000002, 819928.1390000004], "type": "Point"}, "properties": {"DBH": 269, "LU_HMD": "Mong Kok", "ROAD_NAME": " ", "SPECIES_NAME": null, "TREE_ID": "RTR0138975"}, "type": "Feature"}, {"geometry": {"coordinates": [835044.9060000004, 819932.1710000001], "type": "Point"}, "properties": {"DBH": 126, "LU_HMD": "Mong Kok", "ROAD_NAME": " ", "SPECIES_NAME": null, "TREE_ID": "RTR0138976"}, "type": "Feature"}, {"geometry": {"coordinates": [835058.3550000004, 819927.4839999992], "type": "Point"}, "properties": {"DBH": 96, "LU_HMD": "Mong Kok", "ROAD_NAME": " ", "SPECIES_NAME": null, "TREE_ID": "RTR0138977"}, "type": "Feature"}, {"geometry": {"coordinates": [834704.6050000004, 819456.5779999997], "type": "Point"}, "properties": {"DBH": 232, "LU_HMD": "Mong Kok", "ROAD_NAME": "LIN CHEUNG ROAD", "SPECIES_NAME": null, "TREE_ID": "RTR0122387"}, "type": "Feature"}, {"geometry": {"coordinates": [834699.9280000003, 819476.6689999998], "type": "Point"}, "properties": {"DBH": 166, "LU_HMD": "Mong Kok", "ROAD_NAME": "LIN CHEUNG ROAD", "SPECIES_NAME": null, "TREE_ID": "RTR0122388"}, "type": "Feature"}, {"geometry": {"coordinates": [834707.5800000001, 819428.0580000002], "type": "Point"}, "properties": {"DBH": 262, "LU_HMD": "Mong Kok", "ROAD_NAME": "LIN CHEUNG ROAD", "SPECIES_NAME": null, "TREE_ID": "RTR0122291"}, "type": "Feature"}, {"geometry": {"coordinates": [834701.2379999999, 819453.5580000002], "type": "Point"}, "properties": {"DBH": 150, "LU_HMD": "Mong Kok", "ROAD_NAME": "LIN CHEUNG ROAD", "SPECIES_NAME": null, "TREE_ID": "RTR0122299"}, "type": "Feature"}, {"geometry": {"coordinates": [834708.3820000002, 819441.2459999993], "type": "Point"}, "properties": {"DBH": 253, "LU_HMD": "Mong Kok", "ROAD_NAME": "LIN CHEUNG ROAD", "SPECIES_NAME": null, "TREE_ID": "RTR0122302"}, "type": "Feature"}, {"geometry": {"coordinates": [834701.5750000002, 819458.5470000003], "type": "Point"}, "properties": {"DBH": 179, "LU_HMD": "Mong Kok", "ROAD_NAME": "LIN CHEUNG ROAD", "SPECIES_NAME": null, "TREE_ID": "RTR0122358"}, "type": "Feature"}, {"geometry": {"coordinates": [834702.4550000001, 819482.6940000001], "type": "Point"}, "properties": {"DBH": 231, "LU_HMD": "Mong Kok", "ROAD_NAME": "LIN CHEUNG ROAD", "SPECIES_NAME": null, "TREE_ID": "RTR0122359"}, "type": "Feature"}, {"geometry": {"coordinates": [834702.9179999996, 819458.9729999993], "type": "Point"}, "properties": {"DBH": 174, "LU_HMD": "Mong Kok", "ROAD_NAME": "LIN CHEUNG ROAD", "SPECIES_NAME": null, "TREE_ID": "RTR0122361"}, "type": "Feature"}, {"geometry": {"coordinates": [835059.5439999998, 819926.9739999995], "type": "Point"}, "properties": {"DBH": 106, "LU_HMD": "Mong Kok", "ROAD_NAME": " ", "SPECIES_NAME": null, "TREE_ID": "RTR0138978"}, "type": "Feature"}, {"geometry": {"coordinates": [835054, 819929.0260000005], "type": "Point"}, "properties": {"DBH": 221, "LU_HMD": "Mong Kok", "ROAD_NAME": " ", "SPECIES_NAME": null, "TREE_ID": "RTR0138979"}, "type": "Feature"}, {"geometry": {"coordinates": [835034.909, 819934.6799999997], "type": "Point"}, "properties": {"DBH": 161, "LU_HMD": "Mong Kok", "ROAD_NAME": " ", "SPECIES_NAME": null, "TREE_ID": "RTR0138981"}, "type": "Feature"}, {"geometry": {"coordinates": [835058.3550000004, 819929.4859999996], "type": "Point"}, "properties": {"DBH": 124, "LU_HMD": "Mong Kok", "ROAD_NAME": " ", "SPECIES_NAME": null, "TREE_ID": "RTR0138983"}, "type": "Feature"}, {"geometry": {"coordinates": [835030.2719999999, 819934.8780000005], "type": "Point"}, "properties": {"DBH": 122, "LU_HMD": "Mong Kok", "ROAD_NAME": " ", "SPECIES_NAME": null, "TREE_ID": "RTR0138984"}, "type": "Feature"}, {"geometry": {"coordinates": [835042.0199999996, 819934.5309999995], "type": "Point"}, "properties": {"DBH": 127, "LU_HMD": "Mong Kok", "ROAD_NAME": " ", "SPECIES_NAME": null, "TREE_ID": "RTR0138986"}, "type": "Feature"}, {"geometry": {"coordinates": [835060.3679999998, 819925.7359999996], "type": "Point"}, "properties": {"DBH": 219, "LU_HMD": "Mong Kok", "ROAD_NAME": " ", "SPECIES_NAME": null, "TREE_ID": "RTR0138988"}, "type": "Feature"}, {"geometry": {"coordinates": [835056.256, 819930.4700000007], "type": "Point"}, "properties": {"DBH": 111, "LU_HMD": "Mong Kok", "ROAD_NAME": " ", "SPECIES_NAME": null, "TREE_ID": "RTR0138991"}, "type": "Feature"}, {"geometry": {"coordinates": [835056.1109999996, 819928.5879999995], "type": "Point"}, "properties": {"DBH": 122, "LU_HMD": "Mong Kok", "ROAD_NAME": " ", "SPECIES_NAME": null, "TREE_ID": "RTR0138992"}, "type": "Feature"}, {"geometry": {"coordinates": [834702.9100000001, 819460.4729999993], "type": "Point"}, "properties": {"DBH": 281, "LU_HMD": "Mong Kok", "ROAD_NAME": "LIN CHEUNG ROAD", "SPECIES_NAME": null, "TREE_ID": "RTR0122363"}, "type": "Feature"}, {"geometry": {"coordinates": [834700.7350000003, 819428.5559999999], "type": "Point"}, "properties": {"DBH": 332, "LU_HMD": "Mong Kok", "ROAD_NAME": "LIN CHEUNG ROAD", "SPECIES_NAME": null, "TREE_ID": "RTR0122264"}, "type": "Feature"}, {"geometry": {"coordinates": [834707.1009999998, 819421.977], "type": "Point"}, "properties": {"DBH": 327, "LU_HMD": "Mong Kok", "ROAD_NAME": "LIN CHEUNG ROAD", "SPECIES_NAME": null, "TREE_ID": "RTR0122266"}, "type": "Feature"}, {"geometry": {"coordinates": [834707.3530000001, 819420.6229999997], "type": "Point"}, "properties": {"DBH": 327, "LU_HMD": "Mong Kok", "ROAD_NAME": "LIN CHEUNG ROAD", "SPECIES_NAME": null, "TREE_ID": "RTR0122277"}, "type": "Feature"}, {"geometry": {"coordinates": [834704.256, 819458.2290000003], "type": "Point"}, "properties": {"DBH": 177, "LU_HMD": "Mong Kok", "ROAD_NAME": "LIN CHEUNG ROAD", "SPECIES_NAME": null, "TREE_ID": "RTR0122381"}, "type": "Feature"}, {"geometry": {"coordinates": [834705.9249999998, 819459.4580000006], "type": "Point"}, "properties": {"DBH": 179, "LU_HMD": "Mong Kok", "ROAD_NAME": "LIN CHEUNG ROAD", "SPECIES_NAME": null, "TREE_ID": "RTR0122366"}, "type": "Feature"}, {"geometry": {"coordinates": [834701.8449999997, 819478.5329999998], "type": "Point"}, "properties": {"DBH": 272, "LU_HMD": "Mong Kok", "ROAD_NAME": "LIN CHEUNG ROAD", "SPECIES_NAME": null, "TREE_ID": "RTR0122354"}, "type": "Feature"}, {"geometry": {"coordinates": [835050.3219999997, 819928.7569999993], "type": "Point"}, "properties": {"DBH": 166, "LU_HMD": "Mong Kok", "ROAD_NAME": " ", "SPECIES_NAME": null, "TREE_ID": "RTR0138993"}, "type": "Feature"}, {"geometry": {"coordinates": [835043.6969999997, 819932.4719999991], "type": "Point"}, "properties": {"DBH": 155, "LU_HMD": "Mong Kok", "ROAD_NAME": " ", "SPECIES_NAME": null, "TREE_ID": "RTR0138994"}, "type": "Feature"}, {"geometry": {"coordinates": [834730.4790000003, 819411.4360000007], "type": "Point"}, "properties": {"DBH": 212, "LU_HMD": "Mong Kok", "ROAD_NAME": "LIN CHEUNG ROAD", "SPECIES_NAME": null, "TREE_ID": "RTR0121269"}, "type": "Feature"}, {"geometry": {"coordinates": [834695.9349999996, 819460.1490000002], "type": "Point"}, "properties": {"DBH": 108, "LU_HMD": "Mong Kok", "ROAD_NAME": "LIN CHEUNG ROAD", "SPECIES_NAME": null, "TREE_ID": "RTR0122353"}, "type": "Feature"}, {"geometry": {"coordinates": [834689.7640000004, 819469.682], "type": "Point"}, "properties": {"DBH": 144, "LU_HMD": "Mong Kok", "ROAD_NAME": "LIN CHEUNG ROAD", "SPECIES_NAME": null, "TREE_ID": "RTR0122384"}, "type": "Feature"}, {"geometry": {"coordinates": [834688.8439999996, 819471.7090000007], "type": "Point"}, "properties": {"DBH": 106, "LU_HMD": "Mong Kok", "ROAD_NAME": "LIN CHEUNG ROAD", "SPECIES_NAME": null, "TREE_ID": "RTR0122397"}, "type": "Feature"}, {"geometry": {"coordinates": [834695.4649999999, 819461.7949999999], "type": "Point"}, "properties": {"DBH": 111, "LU_HMD": "Mong Kok", "ROAD_NAME": "LIN CHEUNG ROAD", "SPECIES_NAME": null, "TREE_ID": "RTR0122283"}, "type": "Feature"}, {"geometry": {"coordinates": [834678.4069999997, 819505.6500000004], "type": "Point"}, "properties": {"DBH": 118, "LU_HMD": "Mong Kok", "ROAD_NAME": "LIN CHEUNG ROAD", "SPECIES_NAME": null, "TREE_ID": "RTR0128137"}, "type": "Feature"}, {"geometry": {"coordinates": [834664.131, 819528.7379999999], "type": "Point"}, "properties": {"DBH": 99, "LU_HMD": "Mong Kok", "ROAD_NAME": "LIN CHEUNG ROAD", "SPECIES_NAME": null, "TREE_ID": "RTR0131561"}, "type": "Feature"}, {"geometry": {"coordinates": [834676.0099999998, 819502.6060000006], "type": "Point"}, "properties": {"DBH": 148, "LU_HMD": "Mong Kok", "ROAD_NAME": "LIN CHEUNG ROAD", "SPECIES_NAME": null, "TREE_ID": "RTR0131576"}, "type": "Feature"}, {"geometry": {"coordinates": [834662.2640000004, 819533.9360000007], "type": "Point"}, "properties": {"DBH": 102, "LU_HMD": "Mong Kok", "ROAD_NAME": "LIN CHEUNG ROAD", "SPECIES_NAME": null, "TREE_ID": "RTR0131577"}, "type": "Feature"}, {"geometry": {"coordinates": [834666.5429999996, 819523.6699999999], "type": "Point"}, "properties": {"DBH": 149, "LU_HMD": "Mong Kok", "ROAD_NAME": "LIN CHEUNG ROAD", "SPECIES_NAME": null, "TREE_ID": "RTR0131595"}, "type": "Feature"}, {"geometry": {"coordinates": [834665.3030000003, 819526.1420000009], "type": "Point"}, "properties": {"DBH": 105, "LU_HMD": "Mong Kok", "ROAD_NAME": "LIN CHEUNG ROAD", "SPECIES_NAME": null, "TREE_ID": "RTR0131573"}, "type": "Feature"}, {"geometry": {"coordinates": [835007.4910000004, 819924.4829999991], "type": "Point"}, "properties": {"DBH": 229, "LU_HMD": "Mong Kok", "ROAD_NAME": "WEST KOWLOON CORRIDOR WEST", "SPECIES_NAME": null, "TREE_ID": "RTR0138477"}, "type": "Feature"}, {"geometry": {"coordinates": [835034.983, 819918.9199999999], "type": "Point"}, "properties": {"DBH": 162, "LU_HMD": "Mong Kok", "ROAD_NAME": "WEST KOWLOON CORRIDOR WEST", "SPECIES_NAME": null, "TREE_ID": "RTR0138478"}, "type": "Feature"}, {"geometry": {"coordinates": [835011.9270000001, 819926.2290000003], "type": "Point"}, "properties": {"DBH": 166, "LU_HMD": "Mong Kok", "ROAD_NAME": "WEST KOWLOON CORRIDOR WEST", "SPECIES_NAME": null, "TREE_ID": "RTR0138449"}, "type": "Feature"}, {"geometry": {"coordinates": [835029.0659999996, 819920.1390000004], "type": "Point"}, "properties": {"DBH": 188, "LU_HMD": "Mong Kok", "ROAD_NAME": "WEST KOWLOON CORRIDOR WEST", "SPECIES_NAME": null, "TREE_ID": "RTR0138450"}, "type": "Feature"}, {"geometry": {"coordinates": [835020.6399999997, 819924.6160000004], "type": "Point"}, "properties": {"DBH": 159, "LU_HMD": "Mong Kok", "ROAD_NAME": "WEST KOWLOON CORRIDOR WEST", "SPECIES_NAME": null, "TREE_ID": "RTR0138485"}, "type": "Feature"}, {"geometry": {"coordinates": [835458.9000000004, 821361.1119999997], "type": "Point"}, "properties": {"DBH": 111, "LU_HMD": "Sham Shui Po", "ROAD_NAME": "WOH CHAI STREET", "SPECIES_NAME": null, "TREE_ID": "RTR0145468"}, "type": "Feature"}, {"geometry": {"coordinates": [835020.6399999997, 819921.0519999992], "type": "Point"}, "properties": {"DBH": 229, "LU_HMD": "Mong Kok", "ROAD_NAME": "WEST KOWLOON CORRIDOR WEST", "SPECIES_NAME": null, "TREE_ID": "RTR0138490"}, "type": "Feature"}, {"geometry": {"coordinates": [835023.665, 819921.0519999992], "type": "Point"}, "properties": {"DBH": 178, "LU_HMD": "Mong Kok", "ROAD_NAME": "WEST KOWLOON CORRIDOR WEST", "SPECIES_NAME": null, "TREE_ID": "RTR0138496"}, "type": "Feature"}, {"geometry": {"coordinates": [835027.1639999999, 819922.5490000006], "type": "Point"}, "properties": {"DBH": 191, "LU_HMD": "Mong Kok", "ROAD_NAME": "WEST KOWLOON CORRIDOR WEST", "SPECIES_NAME": null, "TREE_ID": "RTR0138448"}, "type": "Feature"}, {"geometry": {"coordinates": [835055.0760000004, 819913.7540000007], "type": "Point"}, "properties": {"DBH": 159, "LU_HMD": "Mong Kok", "ROAD_NAME": "WEST KOWLOON CORRIDOR WEST", "SPECIES_NAME": null, "TREE_ID": "RTR0138950"}, "type": "Feature"}, {"geometry": {"coordinates": [835457.165, 821362.4030000009], "type": "Point"}, "properties": {"DBH": 140, "LU_HMD": "Sham Shui Po", "ROAD_NAME": "WOH CHAI STREET", "SPECIES_NAME": null, "TREE_ID": "RTR0145490"}, "type": "Feature"}, {"geometry": {"coordinates": [835411.7259999998, 821379.7100000009], "type": "Point"}, "properties": {"DBH": 150, "LU_HMD": "Sham Shui Po", "ROAD_NAME": "WOH CHAI STREET", "SPECIES_NAME": null, "TREE_ID": "RTR0115478"}, "type": "Feature"}, {"geometry": {"coordinates": [835409.7949999999, 821379.5869999994], "type": "Point"}, "properties": {"DBH": 161, "LU_HMD": "Sham Shui Po", "ROAD_NAME": "WOH CHAI STREET", "SPECIES_NAME": null, "TREE_ID": "RTR0115495"}, "type": "Feature"}, {"geometry": {"coordinates": [834428.9040000001, 819975.7449999992], "type": "Point"}, "properties": {"DBH": 118, "LU_HMD": "Mong Kok", "ROAD_NAME": " ", "SPECIES_NAME": null, "TREE_ID": "RTR0138557"}, "type": "Feature"}, {"geometry": {"coordinates": [834424.2089999998, 819985.3369999994], "type": "Point"}, "properties": {"DBH": 127, "LU_HMD": "Mong Kok", "ROAD_NAME": " ", "SPECIES_NAME": null, "TREE_ID": "RTR0138077"}, "type": "Feature"}, {"geometry": {"coordinates": [834428.4680000003, 819976.6620000005], "type": "Point"}, "properties": {"DBH": 111, "LU_HMD": "Mong Kok", "ROAD_NAME": " ", "SPECIES_NAME": null, "TREE_ID": "RTR0138092"}, "type": "Feature"}, {"geometry": {"coordinates": [834427.693, 819978.4220000003], "type": "Point"}, "properties": {"DBH": 96, "LU_HMD": "Mong Kok", "ROAD_NAME": " ", "SPECIES_NAME": null, "TREE_ID": "RTR0138093"}, "type": "Feature"}, {"geometry": {"coordinates": [835996.409, 819704.3760000002], "type": "Point"}, "properties": {"DBH": 108, "LU_HMD": "Yau Ma Tei", "ROAD_NAME": "WYLIE ROAD", "SPECIES_NAME": null, "TREE_ID": "RTR0114834"}, "type": "Feature"}, {"geometry": {"coordinates": [836011.6730000004, 819677.8709999993], "type": "Point"}, "properties": {"DBH": 1081, "LU_HMD": "Yau Ma Tei", "ROAD_NAME": "WYLIE ROAD", "SPECIES_NAME": null, "TREE_ID": "RTR0114843"}, "type": "Feature"}, {"geometry": {"coordinates": [836006.3430000003, 819690.7970000003], "type": "Point"}, "properties": {"DBH": 201, "LU_HMD": "Yau Ma Tei", "ROAD_NAME": "WYLIE ROAD", "SPECIES_NAME": null, "TREE_ID": "RTR0114809"}, "type": "Feature"}, {"geometry": {"coordinates": [836009.2939999998, 819683.5170000009], "type": "Point"}, "properties": {"DBH": 346, "LU_HMD": "Yau Ma Tei", "ROAD_NAME": "WYLIE ROAD", "SPECIES_NAME": null, "TREE_ID": "RTR0114813"}, "type": "Feature"}, {"geometry": {"coordinates": [835998.2460000003, 819702.2530000005], "type": "Point"}, "properties": {"DBH": 274, "LU_HMD": "Yau Ma Tei", "ROAD_NAME": "WYLIE ROAD", "SPECIES_NAME": null, "TREE_ID": "RTR0114830"}, "type": "Feature"}, {"geometry": {"coordinates": [835397.682, 821347.4220000003], "type": "Point"}, "properties": {"DBH": 102, "LU_HMD": "Sham Shui Po", "ROAD_NAME": "WOH CHAI STREET", "SPECIES_NAME": null, "TREE_ID": "RTR0116046"}, "type": "Feature"}, {"geometry": {"coordinates": [835396.5219999999, 821362.9409999996], "type": "Point"}, "properties": {"DBH": 105, "LU_HMD": "Sham Shui Po", "ROAD_NAME": "WOH CHAI STREET", "SPECIES_NAME": null, "TREE_ID": "RTR0116049"}, "type": "Feature"}, {"geometry": {"coordinates": [835403.6560000004, 821347.2660000008], "type": "Point"}, "properties": {"DBH": 137, "LU_HMD": "Sham Shui Po", "ROAD_NAME": "WOH CHAI STREET", "SPECIES_NAME": null, "TREE_ID": "RTR0116050"}, "type": "Feature"}, {"geometry": {"coordinates": [835416.8720000004, 821353.2650000006], "type": "Point"}, "properties": {"DBH": 96, "LU_HMD": "Sham Shui Po", "ROAD_NAME": "WOH CHAI STREET", "SPECIES_NAME": null, "TREE_ID": "RTR0116054"}, "type": "Feature"}, {"geometry": {"coordinates": [835421.7240000004, 821353.4199999999], "type": "Point"}, "properties": {"DBH": 350, "LU_HMD": "Sham Shui Po", "ROAD_NAME": "WOH CHAI STREET", "SPECIES_NAME": null, "TREE_ID": "RTR0116055"}, "type": "Feature"}, {"geometry": {"coordinates": [835473.7079999996, 821361.6669999994], "type": "Point"}, "properties": {"DBH": 153, "LU_HMD": "Sham Shui Po", "ROAD_NAME": "WOH CHAI STREET", "SPECIES_NAME": null, "TREE_ID": "RTR0116057"}, "type": "Feature"}, {"geometry": {"coordinates": [835417.6090000002, 821341.7239999995], "type": "Point"}, "properties": {"DBH": 182, "LU_HMD": "Sham Shui Po", "ROAD_NAME": "WOH CHAI STREET", "SPECIES_NAME": null, "TREE_ID": "RTR0116059"}, "type": "Feature"}, {"geometry": {"coordinates": [835475.2350000003, 821360.5130000003], "type": "Point"}, "properties": {"DBH": 136, "LU_HMD": "Sham Shui Po", "ROAD_NAME": "WOH CHAI STREET", "SPECIES_NAME": null, "TREE_ID": "RTR0116060"}, "type": "Feature"}, {"geometry": {"coordinates": [835478.3119999999, 821364.818], "type": "Point"}, "properties": {"DBH": 115, "LU_HMD": "Sham Shui Po", "ROAD_NAME": "WOH CHAI STREET", "SPECIES_NAME": null, "TREE_ID": "RTR0116061"}, "type": "Feature"}, {"geometry": {"coordinates": [835481.9519999996, 821342.0460000001], "type": "Point"}, "properties": {"DBH": 124, "LU_HMD": "Sham Shui Po", "ROAD_NAME": "WOH CHAI STREET", "SPECIES_NAME": null, "TREE_ID": "RTR0116063"}, "type": "Feature"}, {"geometry": {"coordinates": [835497.5779999997, 821344.9059999995], "type": "Point"}, "properties": {"DBH": 828, "LU_HMD": "Sham Shui Po", "ROAD_NAME": "WOH CHAI STREET", "SPECIES_NAME": null, "TREE_ID": "RTR0116064"}, "type": "Feature"}, {"geometry": {"coordinates": [835470.4800000004, 821360.0490000006], "type": "Point"}, "properties": {"DBH": 96, "LU_HMD": "Sham Shui Po", "ROAD_NAME": "WOH CHAI STREET", "SPECIES_NAME": null, "TREE_ID": "RTR0116065"}, "type": "Feature"}, {"geometry": {"coordinates": [835472.6950000003, 821360.227], "type": "Point"}, "properties": {"DBH": 164, "LU_HMD": "Sham Shui Po", "ROAD_NAME": "WOH CHAI STREET", "SPECIES_NAME": null, "TREE_ID": "RTR0116077"}, "type": "Feature"}, {"geometry": {"coordinates": [835469.0369999995, 821361.1850000005], "type": "Point"}, "properties": {"DBH": 283, "LU_HMD": "Sham Shui Po", "ROAD_NAME": "WOH CHAI STREET", "SPECIES_NAME": null, "TREE_ID": "RTR0116082"}, "type": "Feature"}, {"geometry": {"coordinates": [835413.4009999996, 821341.6960000005], "type": "Point"}, "properties": {"DBH": 96, "LU_HMD": "Sham Shui Po", "ROAD_NAME": "WOH CHAI STREET", "SPECIES_NAME": null, "TREE_ID": "RTR0116085"}, "type": "Feature"}, {"geometry": {"coordinates": [835401.6449999996, 821340.9539999999], "type": "Point"}, "properties": {"DBH": 96, "LU_HMD": "Sham Shui Po", "ROAD_NAME": "WOH CHAI STREET", "SPECIES_NAME": null, "TREE_ID": "RTR0116088"}, "type": "Feature"}, {"geometry": {"coordinates": [835470.2659999998, 821369.9539999999], "type": "Point"}, "properties": {"DBH": 234, "LU_HMD": "Sham Shui Po", "ROAD_NAME": "WOH CHAI STREET", "SPECIES_NAME": null, "TREE_ID": "RTR0116089"}, "type": "Feature"}, {"geometry": {"coordinates": [835424.3839999996, 821341.4330000002], "type": "Point"}, "properties": {"DBH": 185, "LU_HMD": "Sham Shui Po", "ROAD_NAME": "WOH CHAI STREET", "SPECIES_NAME": null, "TREE_ID": "RTR0116091"}, "type": "Feature"}, {"geometry": {"coordinates": [835407.3470000001, 821340.6980000008], "type": "Point"}, "properties": {"DBH": 359, "LU_HMD": "Sham Shui Po", "ROAD_NAME": "WOH CHAI STREET", "SPECIES_NAME": null, "TREE_ID": "RTR0116093"}, "type": "Feature"}, {"geometry": {"coordinates": [835481.4720000001, 821341.3420000002], "type": "Point"}, "properties": {"DBH": 268, "LU_HMD": "Sham Shui Po", "ROAD_NAME": "WOH CHAI STREET", "SPECIES_NAME": null, "TREE_ID": "RTR0116096"}, "type": "Feature"}, {"geometry": {"coordinates": [835473.8789999997, 821361.7589999996], "type": "Point"}, "properties": {"DBH": 134, "LU_HMD": "Sham Shui Po", "ROAD_NAME": "WOH CHAI STREET", "SPECIES_NAME": null, "TREE_ID": "RTR0116097"}, "type": "Feature"}, {"geometry": {"coordinates": [835474.8279999997, 821367.6720000003], "type": "Point"}, "properties": {"DBH": 118, "LU_HMD": "Sham Shui Po", "ROAD_NAME": "WOH CHAI STREET", "SPECIES_NAME": null, "TREE_ID": "RTR0116098"}, "type": "Feature"}, {"geometry": {"coordinates": [835468.6890000002, 821360.6769999992], "type": "Point"}, "properties": {"DBH": 127, "LU_HMD": "Sham Shui Po", "ROAD_NAME": "WOH CHAI STREET", "SPECIES_NAME": null, "TREE_ID": "RTR0116101"}, "type": "Feature"}, {"geometry": {"coordinates": [835457.398, 821358.7469999995], "type": "Point"}, "properties": {"DBH": 222, "LU_HMD": "Sham Shui Po", "ROAD_NAME": "WOH CHAI STREET", "SPECIES_NAME": null, "TREE_ID": "RTR0116105"}, "type": "Feature"}, {"geometry": {"coordinates": [835376.727, 821379.398], "type": "Point"}, "properties": {"DBH": 239, "LU_HMD": "Sham Shui Po", "ROAD_NAME": "WOH CHAI STREET", "SPECIES_NAME": null, "TREE_ID": "RTR0116356"}, "type": "Feature"}, {"geometry": {"coordinates": [835387.6239999998, 821370.1060000006], "type": "Point"}, "properties": {"DBH": 146, "LU_HMD": "Sham Shui Po", "ROAD_NAME": "WOH CHAI STREET", "SPECIES_NAME": null, "TREE_ID": "RTR0116362"}, "type": "Feature"}, {"geometry": {"coordinates": [835384.8020000001, 821361.4829999991], "type": "Point"}, "properties": {"DBH": 420, "LU_HMD": "Sham Shui Po", "ROAD_NAME": "WOH CHAI STREET", "SPECIES_NAME": null, "TREE_ID": "RTR0116364"}, "type": "Feature"}, {"geometry": {"coordinates": [835395.4720000001, 821351.4790000003], "type": "Point"}, "properties": {"DBH": 121, "LU_HMD": "Sham Shui Po", "ROAD_NAME": "WOH CHAI STREET", "SPECIES_NAME": null, "TREE_ID": "RTR0116370"}, "type": "Feature"}, {"geometry": {"coordinates": [835379.8080000002, 821373.9330000002], "type": "Point"}, "properties": {"DBH": 699, "LU_HMD": "Sham Shui Po", "ROAD_NAME": "WOH CHAI STREET", "SPECIES_NAME": null, "TREE_ID": "RTR0116372"}, "type": "Feature"}, {"geometry": {"coordinates": [835375.3470000001, 821373.3780000005], "type": "Point"}, "properties": {"DBH": 459, "LU_HMD": "Sham Shui Po", "ROAD_NAME": "WOH CHAI STREET", "SPECIES_NAME": null, "TREE_ID": "RTR0116373"}, "type": "Feature"}, {"geometry": {"coordinates": [835381.3370000003, 821360.6439999994], "type": "Point"}, "properties": {"DBH": 235, "LU_HMD": "Sham Shui Po", "ROAD_NAME": "WOH CHAI STREET", "SPECIES_NAME": null, "TREE_ID": "RTR0116378"}, "type": "Feature"}, {"geometry": {"coordinates": [835380.0449999999, 821372.3249999993], "type": "Point"}, "properties": {"DBH": 167, "LU_HMD": "Sham Shui Po", "ROAD_NAME": "WOH CHAI STREET", "SPECIES_NAME": null, "TREE_ID": "RTR0116380"}, "type": "Feature"}, {"geometry": {"coordinates": [835398, 821353.9230000004], "type": "Point"}, "properties": {"DBH": 96, "LU_HMD": "Sham Shui Po", "ROAD_NAME": "WOH CHAI STREET", "SPECIES_NAME": null, "TREE_ID": "RTR0116384"}, "type": "Feature"}, {"geometry": {"coordinates": [835402.2690000003, 821351.4169999994], "type": "Point"}, "properties": {"DBH": 96, "LU_HMD": "Sham Shui Po", "ROAD_NAME": "WOH CHAI STREET", "SPECIES_NAME": null, "TREE_ID": "RTR0116386"}, "type": "Feature"}, {"geometry": {"coordinates": [835385.2699999996, 821357.3420000002], "type": "Point"}, "properties": {"DBH": 96, "LU_HMD": "Sham Shui Po", "ROAD_NAME": "WOH CHAI STREET", "SPECIES_NAME": null, "TREE_ID": "RTR0116388"}, "type": "Feature"}, {"geometry": {"coordinates": [835408.2869999995, 821351.3110000007], "type": "Point"}, "properties": {"DBH": 188, "LU_HMD": "Sham Shui Po", "ROAD_NAME": "WOH CHAI STREET", "SPECIES_NAME": null, "TREE_ID": "RTR0116006"}, "type": "Feature"}, {"geometry": {"coordinates": [835401.4079999998, 821350.5600000005], "type": "Point"}, "properties": {"DBH": 102, "LU_HMD": "Sham Shui Po", "ROAD_NAME": "WOH CHAI STREET", "SPECIES_NAME": null, "TREE_ID": "RTR0116392"}, "type": "Feature"}, {"geometry": {"coordinates": [835388.398, 821366.7349999994], "type": "Point"}, "properties": {"DBH": 178, "LU_HMD": "Sham Shui Po", "ROAD_NAME": "WOH CHAI STREET", "SPECIES_NAME": null, "TREE_ID": "RTR0116395"}, "type": "Feature"}, {"geometry": {"coordinates": [835379.6109999996, 821368.6950000003], "type": "Point"}, "properties": {"DBH": 342, "LU_HMD": "Sham Shui Po", "ROAD_NAME": "WOH CHAI STREET", "SPECIES_NAME": null, "TREE_ID": "RTR0116404"}, "type": "Feature"}, {"geometry": {"coordinates": [835400.4469999997, 821345.4199999999], "type": "Point"}, "properties": {"DBH": 302, "LU_HMD": "Sham Shui Po", "ROAD_NAME": "WOH CHAI STREET", "SPECIES_NAME": null, "TREE_ID": "RTR0116007"}, "type": "Feature"}, {"geometry": {"coordinates": [835404.2850000001, 821352.7679999992], "type": "Point"}, "properties": {"DBH": 159, "LU_HMD": "Sham Shui Po", "ROAD_NAME": "WOH CHAI STREET", "SPECIES_NAME": null, "TREE_ID": "RTR0116008"}, "type": "Feature"}, {"geometry": {"coordinates": [835400.1129999999, 821359.5360000003], "type": "Point"}, "properties": {"DBH": 150, "LU_HMD": "Sham Shui Po", "ROAD_NAME": "WOH CHAI STREET", "SPECIES_NAME": null, "TREE_ID": "RTR0116009"}, "type": "Feature"}, {"geometry": {"coordinates": [835413.5480000004, 821355.9859999996], "type": "Point"}, "properties": {"DBH": 217, "LU_HMD": "Sham Shui Po", "ROAD_NAME": "WOH CHAI STREET", "SPECIES_NAME": null, "TREE_ID": "RTR0116010"}, "type": "Feature"}, {"geometry": {"coordinates": [835397.852, 821344.443], "type": "Point"}, "properties": {"DBH": 180, "LU_HMD": "Sham Shui Po", "ROAD_NAME": "WOH CHAI STREET", "SPECIES_NAME": null, "TREE_ID": "RTR0116011"}, "type": "Feature"}, {"geometry": {"coordinates": [835404.0290000001, 821357.3269999996], "type": "Point"}, "properties": {"DBH": 223, "LU_HMD": "Sham Shui Po", "ROAD_NAME": "WOH CHAI STREET", "SPECIES_NAME": null, "TREE_ID": "RTR0116012"}, "type": "Feature"}, {"geometry": {"coordinates": [835414.1140000001, 821361.0099999998], "type": "Point"}, "properties": {"DBH": 96, "LU_HMD": "Sham Shui Po", "ROAD_NAME": "WOH CHAI STREET", "SPECIES_NAME": null, "TREE_ID": "RTR0116022"}, "type": "Feature"}, {"geometry": {"coordinates": [835422.7649999997, 821355.5170000009], "type": "Point"}, "properties": {"DBH": 312, "LU_HMD": "Sham Shui Po", "ROAD_NAME": "WOH CHAI STREET", "SPECIES_NAME": null, "TREE_ID": "RTR0116023"}, "type": "Feature"}, {"geometry": {"coordinates": [835424.3679999998, 821349.5109999999], "type": "Point"}, "properties": {"DBH": 131, "LU_HMD": "Sham Shui Po", "ROAD_NAME": "WOH CHAI STREET", "SPECIES_NAME": null, "TREE_ID": "RTR0116025"}, "type": "Feature"}, {"geometry": {"coordinates": [835413.9989999998, 821350.4959999993], "type": "Point"}, "properties": {"DBH": 334, "LU_HMD": "Sham Shui Po", "ROAD_NAME": "WOH CHAI STREET", "SPECIES_NAME": null, "TREE_ID": "RTR0116026"}, "type": "Feature"}, {"geometry": {"coordinates": [835414.2400000002, 821357.4600000009], "type": "Point"}, "properties": {"DBH": 124, "LU_HMD": "Sham Shui Po", "ROAD_NAME": "WOH CHAI STREET", "SPECIES_NAME": null, "TREE_ID": "RTR0116027"}, "type": "Feature"}, {"geometry": {"coordinates": [835413.4859999996, 821354.0500000007], "type": "Point"}, "properties": {"DBH": 191, "LU_HMD": "Sham Shui Po", "ROAD_NAME": "WOH CHAI STREET", "SPECIES_NAME": null, "TREE_ID": "RTR0116028"}, "type": "Feature"}, {"geometry": {"coordinates": [835414.0810000002, 821360.5270000007], "type": "Point"}, "properties": {"DBH": 115, "LU_HMD": "Sham Shui Po", "ROAD_NAME": "WOH CHAI STREET", "SPECIES_NAME": null, "TREE_ID": "RTR0116035"}, "type": "Feature"}, {"geometry": {"coordinates": [835431.0329999998, 821355.0559999999], "type": "Point"}, "properties": {"DBH": 185, "LU_HMD": "Sham Shui Po", "ROAD_NAME": "WOH CHAI STREET", "SPECIES_NAME": null, "TREE_ID": "RTR0116037"}, "type": "Feature"}, {"geometry": {"coordinates": [835488.4620000003, 821361.2650000006], "type": "Point"}, "properties": {"DBH": 344, "LU_HMD": "Sham Shui Po", "ROAD_NAME": "WOH CHAI STREET", "SPECIES_NAME": null, "TREE_ID": "RTR0115460"}, "type": "Feature"}, {"geometry": {"coordinates": [835481.0760000004, 821364.125], "type": "Point"}, "properties": {"DBH": 140, "LU_HMD": "Sham Shui Po", "ROAD_NAME": "WOH CHAI STREET", "SPECIES_NAME": null, "TREE_ID": "RTR0115462"}, "type": "Feature"}, {"geometry": {"coordinates": [835412.4510000004, 821377.3479999993], "type": "Point"}, "properties": {"DBH": 127, "LU_HMD": "Sham Shui Po", "ROAD_NAME": "WOH CHAI STREET", "SPECIES_NAME": null, "TREE_ID": "RTR0115466"}, "type": "Feature"}, {"geometry": {"coordinates": [835457.71, 821378.4230000004], "type": "Point"}, "properties": {"DBH": 179, "LU_HMD": "Sham Shui Po", "ROAD_NAME": "WOH CHAI STREET", "SPECIES_NAME": null, "TREE_ID": "RTR0115469"}, "type": "Feature"}, {"geometry": {"coordinates": [835393.4189999998, 821375.8210000005], "type": "Point"}, "properties": {"DBH": 239, "LU_HMD": "Sham Shui Po", "ROAD_NAME": "WOH CHAI STREET", "SPECIES_NAME": null, "TREE_ID": "RTR0115482"}, "type": "Feature"}, {"geometry": {"coordinates": [835425.1550000003, 821368.4440000001], "type": "Point"}, "properties": {"DBH": 184, "LU_HMD": "Sham Shui Po", "ROAD_NAME": "WOH CHAI STREET", "SPECIES_NAME": null, "TREE_ID": "RTR0115488"}, "type": "Feature"}, {"geometry": {"coordinates": [835483.3229999999, 821369.1449999996], "type": "Point"}, "properties": {"DBH": 99, "LU_HMD": "Sham Shui Po", "ROAD_NAME": "WOH CHAI STREET", "SPECIES_NAME": null, "TREE_ID": "RTR0115491"}, "type": "Feature"}, {"geometry": {"coordinates": [835482.7199999997, 821374.1060000006], "type": "Point"}, "properties": {"DBH": 96, "LU_HMD": "Sham Shui Po", "ROAD_NAME": "WOH CHAI STREET", "SPECIES_NAME": null, "TREE_ID": "RTR0115492"}, "type": "Feature"}, {"geometry": {"coordinates": [835483.2989999996, 821369.6469999999], "type": "Point"}, "properties": {"DBH": 126, "LU_HMD": "Sham Shui Po", "ROAD_NAME": "WOH CHAI STREET", "SPECIES_NAME": null, "TREE_ID": "RTR0115493"}, "type": "Feature"}, {"geometry": {"coordinates": [835429.4179999996, 821358.7329999991], "type": "Point"}, "properties": {"DBH": 178, "LU_HMD": "Sham Shui Po", "ROAD_NAME": "WOH CHAI STREET", "SPECIES_NAME": null, "TREE_ID": "RTR0115500"}, "type": "Feature"}, {"geometry": {"coordinates": [835407.6679999996, 821360.8080000002], "type": "Point"}, "properties": {"DBH": 166, "LU_HMD": "Sham Shui Po", "ROAD_NAME": "WOH CHAI STREET", "SPECIES_NAME": null, "TREE_ID": "RTR0115501"}, "type": "Feature"}, {"geometry": {"coordinates": [835460.8609999996, 821378.1349999998], "type": "Point"}, "properties": {"DBH": 215, "LU_HMD": "Sham Shui Po", "ROAD_NAME": "WOH CHAI STREET", "SPECIES_NAME": null, "TREE_ID": "RTR0115502"}, "type": "Feature"}, {"geometry": {"coordinates": [835482.3279999997, 821374.0840000007], "type": "Point"}, "properties": {"DBH": 115, "LU_HMD": "Sham Shui Po", "ROAD_NAME": "WOH CHAI STREET", "SPECIES_NAME": null, "TREE_ID": "RTR0115459"}, "type": "Feature"}, {"geometry": {"coordinates": [835380.0949999997, 821362.1799999997], "type": "Point"}, "properties": {"DBH": 99, "LU_HMD": "Sham Shui Po", "ROAD_NAME": "WOH CHAI STREET", "SPECIES_NAME": null, "TREE_ID": "RTR0116398"}, "type": "Feature"}, {"geometry": {"coordinates": [835375.04, 821373.5559999999], "type": "Point"}, "properties": {"DBH": 108, "LU_HMD": "Sham Shui Po", "ROAD_NAME": "WOH CHAI STREET", "SPECIES_NAME": null, "TREE_ID": "RTR0116402"}, "type": "Feature"}, {"geometry": {"coordinates": [835407.7000000002, 821347.9010000005], "type": "Point"}, "properties": {"DBH": 159, "LU_HMD": "Sham Shui Po", "ROAD_NAME": "WOH CHAI STREET", "SPECIES_NAME": null, "TREE_ID": "RTR0116013"}, "type": "Feature"}, {"geometry": {"coordinates": [835423.568, 821349.6290000007], "type": "Point"}, "properties": {"DBH": 290, "LU_HMD": "Sham Shui Po", "ROAD_NAME": "WOH CHAI STREET", "SPECIES_NAME": null, "TREE_ID": "RTR0116014"}, "type": "Feature"}, {"geometry": {"coordinates": [835408.7910000002, 821353.0289999992], "type": "Point"}, "properties": {"DBH": 255, "LU_HMD": "Sham Shui Po", "ROAD_NAME": "WOH CHAI STREET", "SPECIES_NAME": null, "TREE_ID": "RTR0116017"}, "type": "Feature"}, {"geometry": {"coordinates": [835422.3320000004, 821351.6809999999], "type": "Point"}, "properties": {"DBH": 140, "LU_HMD": "Sham Shui Po", "ROAD_NAME": "WOH CHAI STREET", "SPECIES_NAME": null, "TREE_ID": "RTR0116020"}, "type": "Feature"}, {"geometry": {"coordinates": [835396.6210000003, 821362.8660000004], "type": "Point"}, "properties": {"DBH": 113, "LU_HMD": "Sham Shui Po", "ROAD_NAME": "WOH CHAI STREET", "SPECIES_NAME": null, "TREE_ID": "RTR0116032"}, "type": "Feature"}, {"geometry": {"coordinates": [835396.6440000003, 821345.8900000006], "type": "Point"}, "properties": {"DBH": 188, "LU_HMD": "Sham Shui Po", "ROAD_NAME": "WOH CHAI STREET", "SPECIES_NAME": null, "TREE_ID": "RTR0116033"}, "type": "Feature"}, {"geometry": {"coordinates": [835418.2640000004, 821356.1539999992], "type": "Point"}, "properties": {"DBH": 217, "LU_HMD": "Sham Shui Po", "ROAD_NAME": "WOH CHAI STREET", "SPECIES_NAME": null, "TREE_ID": "RTR0116034"}, "type": "Feature"}, {"geometry": {"coordinates": [835398.5760000004, 821360.5099999998], "type": "Point"}, "properties": {"DBH": 134, "LU_HMD": "Sham Shui Po", "ROAD_NAME": "WOH CHAI STREET", "SPECIES_NAME": null, "TREE_ID": "RTR0116040"}, "type": "Feature"}, {"geometry": {"coordinates": [835409.682, 821350.7029999997], "type": "Point"}, "properties": {"DBH": 96, "LU_HMD": "Sham Shui Po", "ROAD_NAME": "WOH CHAI STREET", "SPECIES_NAME": null, "TREE_ID": "RTR0116041"}, "type": "Feature"}, {"geometry": {"coordinates": [835411.9369999999, 821350.7369999997], "type": "Point"}, "properties": {"DBH": 370, "LU_HMD": "Sham Shui Po", "ROAD_NAME": "WOH CHAI STREET", "SPECIES_NAME": null, "TREE_ID": "RTR0116043"}, "type": "Feature"}, {"geometry": {"coordinates": [835482.3949999996, 821366.1940000001], "type": "Point"}, "properties": {"DBH": 179, "LU_HMD": "Sham Shui Po", "ROAD_NAME": "WOH CHAI STREET", "SPECIES_NAME": null, "TREE_ID": "RTR0115461"}, "type": "Feature"}, {"geometry": {"coordinates": [835484.6540000001, 821372.7520000003], "type": "Point"}, "properties": {"DBH": 221, "LU_HMD": "Sham Shui Po", "ROAD_NAME": "WOH CHAI STREET", "SPECIES_NAME": null, "TREE_ID": "RTR0115467"}, "type": "Feature"}, {"geometry": {"coordinates": [835483.0410000002, 821374.3499999996], "type": "Point"}, "properties": {"DBH": 115, "LU_HMD": "Sham Shui Po", "ROAD_NAME": "WOH CHAI STREET", "SPECIES_NAME": null, "TREE_ID": "RTR0115477"}, "type": "Feature"}, {"geometry": {"coordinates": [835481.6030000001, 821362.2229999993], "type": "Point"}, "properties": {"DBH": 178, "LU_HMD": "Sham Shui Po", "ROAD_NAME": "WOH CHAI STREET", "SPECIES_NAME": null, "TREE_ID": "RTR0115479"}, "type": "Feature"}, {"geometry": {"coordinates": [835488.9519999996, 821369.6909999996], "type": "Point"}, "properties": {"DBH": 102, "LU_HMD": "Sham Shui Po", "ROAD_NAME": "WOH CHAI STREET", "SPECIES_NAME": null, "TREE_ID": "RTR0115486"}, "type": "Feature"}, {"geometry": {"coordinates": [835483.9879999999, 821366.9489999991], "type": "Point"}, "properties": {"DBH": 161, "LU_HMD": "Sham Shui Po", "ROAD_NAME": "WOH CHAI STREET", "SPECIES_NAME": null, "TREE_ID": "RTR0115487"}, "type": "Feature"}, {"geometry": {"coordinates": [835407.2410000004, 821377.6630000006], "type": "Point"}, "properties": {"DBH": 203, "LU_HMD": "Sham Shui Po", "ROAD_NAME": "WOH CHAI STREET", "SPECIES_NAME": null, "TREE_ID": "RTR0115494"}, "type": "Feature"}, {"geometry": {"coordinates": [835411.2620000001, 821375.1980000008], "type": "Point"}, "properties": {"DBH": 378, "LU_HMD": "Sham Shui Po", "ROAD_NAME": "WOH CHAI STREET", "SPECIES_NAME": null, "TREE_ID": "RTR0115503"}, "type": "Feature"}, {"geometry": {"coordinates": [835484.3499999996, 821370.4350000005], "type": "Point"}, "properties": {"DBH": 196, "LU_HMD": "Sham Shui Po", "ROAD_NAME": "WOH CHAI STREET", "SPECIES_NAME": null, "TREE_ID": "RTR0115504"}, "type": "Feature"}, {"geometry": {"coordinates": [835481.9100000001, 821375.898], "type": "Point"}, "properties": {"DBH": 96, "LU_HMD": "Sham Shui Po", "ROAD_NAME": "WOH CHAI STREET", "SPECIES_NAME": null, "TREE_ID": "RTR0115458"}, "type": "Feature"}, {"geometry": {"coordinates": [836002.784, 819697.1219999995], "type": "Point"}, "properties": {"DBH": 1300, "LU_HMD": "Yau Ma Tei", "ROAD_NAME": "WYLIE ROAD", "SPECIES_NAME": null, "TREE_ID": "RTR0114853"}, "type": "Feature"}, {"geometry": {"coordinates": [836001.6739999996, 819697.8829999994], "type": "Point"}, "properties": {"DBH": 153, "LU_HMD": "Yau Ma Tei", "ROAD_NAME": "WYLIE ROAD", "SPECIES_NAME": null, "TREE_ID": "RTR0114832"}, "type": "Feature"}, {"geometry": {"coordinates": [835399.5180000002, 821362.0720000006], "type": "Point"}, "properties": {"DBH": 102, "LU_HMD": "Sham Shui Po", "ROAD_NAME": "WOH CHAI STREET", "SPECIES_NAME": null, "TREE_ID": "RTR0116047"}, "type": "Feature"}, {"geometry": {"coordinates": [835420.4340000004, 821352.2939999998], "type": "Point"}, "properties": {"DBH": 196, "LU_HMD": "Sham Shui Po", "ROAD_NAME": "WOH CHAI STREET", "SPECIES_NAME": null, "TREE_ID": "RTR0116048"}, "type": "Feature"}, {"geometry": {"coordinates": [835407.0999999996, 821356.6339999996], "type": "Point"}, "properties": {"DBH": 96, "LU_HMD": "Sham Shui Po", "ROAD_NAME": "WOH CHAI STREET", "SPECIES_NAME": null, "TREE_ID": "RTR0116051"}, "type": "Feature"}, {"geometry": {"coordinates": [835396.534, 821346.2430000007], "type": "Point"}, "properties": {"DBH": 96, "LU_HMD": "Sham Shui Po", "ROAD_NAME": "WOH CHAI STREET", "SPECIES_NAME": null, "TREE_ID": "RTR0116052"}, "type": "Feature"}, {"geometry": {"coordinates": [835501.5389999999, 821351.2850000001], "type": "Point"}, "properties": {"DBH": 239, "LU_HMD": "Sham Shui Po", "ROAD_NAME": "WOH CHAI STREET", "SPECIES_NAME": null, "TREE_ID": "RTR0116067"}, "type": "Feature"}, {"geometry": {"coordinates": [835493.5779999997, 821341.1669999994], "type": "Point"}, "properties": {"DBH": 283, "LU_HMD": "Sham Shui Po", "ROAD_NAME": "WOH CHAI STREET", "SPECIES_NAME": null, "TREE_ID": "RTR0116068"}, "type": "Feature"}, {"geometry": {"coordinates": [835477.4500000002, 821367.0879999995], "type": "Point"}, "properties": {"DBH": 96, "LU_HMD": "Sham Shui Po", "ROAD_NAME": "WOH CHAI STREET", "SPECIES_NAME": null, "TREE_ID": "RTR0116071"}, "type": "Feature"}, {"geometry": {"coordinates": [835470.1449999996, 821363.8420000002], "type": "Point"}, "properties": {"DBH": 137, "LU_HMD": "Sham Shui Po", "ROAD_NAME": "WOH CHAI STREET", "SPECIES_NAME": null, "TREE_ID": "RTR0116075"}, "type": "Feature"}, {"geometry": {"coordinates": [835413.1689999998, 821337.6760000009], "type": "Point"}, "properties": {"DBH": 96, "LU_HMD": "Sham Shui Po", "ROAD_NAME": "WOH CHAI STREET", "SPECIES_NAME": null, "TREE_ID": "RTR0116080"}, "type": "Feature"}, {"geometry": {"coordinates": [835499.0839999998, 821350.8389999997], "type": "Point"}, "properties": {"DBH": 178, "LU_HMD": "Sham Shui Po", "ROAD_NAME": "WOH CHAI STREET", "SPECIES_NAME": null, "TREE_ID": "RTR0116092"}, "type": "Feature"}, {"geometry": {"coordinates": [835468.8130000001, 821366.9710000008], "type": "Point"}, "properties": {"DBH": 108, "LU_HMD": "Sham Shui Po", "ROAD_NAME": "WOH CHAI STREET", "SPECIES_NAME": null, "TREE_ID": "RTR0116094"}, "type": "Feature"}, {"geometry": {"coordinates": [835476.443, 821361.1980000008], "type": "Point"}, "properties": {"DBH": 99, "LU_HMD": "Sham Shui Po", "ROAD_NAME": "WOH CHAI STREET", "SPECIES_NAME": null, "TREE_ID": "RTR0116095"}, "type": "Feature"}, {"geometry": {"coordinates": [835385.4199999999, 821365.5470000003], "type": "Point"}, "properties": {"DBH": 449, "LU_HMD": "Sham Shui Po", "ROAD_NAME": "WOH CHAI STREET", "SPECIES_NAME": null, "TREE_ID": "RTR0116357"}, "type": "Feature"}, {"geometry": {"coordinates": [835372.4400000004, 821379.7770000007], "type": "Point"}, "properties": {"DBH": 509, "LU_HMD": "Sham Shui Po", "ROAD_NAME": "WOH CHAI STREET", "SPECIES_NAME": null, "TREE_ID": "RTR0116358"}, "type": "Feature"}, {"geometry": {"coordinates": [835385.6679999996, 821367.5549999997], "type": "Point"}, "properties": {"DBH": 115, "LU_HMD": "Sham Shui Po", "ROAD_NAME": "WOH CHAI STREET", "SPECIES_NAME": null, "TREE_ID": "RTR0116359"}, "type": "Feature"}, {"geometry": {"coordinates": [835376.3870000001, 821364.3920000009], "type": "Point"}, "properties": {"DBH": 156, "LU_HMD": "Sham Shui Po", "ROAD_NAME": "WOH CHAI STREET", "SPECIES_NAME": null, "TREE_ID": "RTR0116360"}, "type": "Feature"}, {"geometry": {"coordinates": [835403.6260000002, 821349.6889999993], "type": "Point"}, "properties": {"DBH": 121, "LU_HMD": "Sham Shui Po", "ROAD_NAME": "WOH CHAI STREET", "SPECIES_NAME": null, "TREE_ID": "RTR0116361"}, "type": "Feature"}, {"geometry": {"coordinates": [835370.2740000002, 821380.1129999999], "type": "Point"}, "properties": {"DBH": 96, "LU_HMD": "Sham Shui Po", "ROAD_NAME": "WOH CHAI STREET", "SPECIES_NAME": null, "TREE_ID": "RTR0116371"}, "type": "Feature"}, {"geometry": {"coordinates": [835398.7130000005, 821351.2119999994], "type": "Point"}, "properties": {"DBH": 166, "LU_HMD": "Sham Shui Po", "ROAD_NAME": "WOH CHAI STREET", "SPECIES_NAME": null, "TREE_ID": "RTR0116385"}, "type": "Feature"}, {"geometry": {"coordinates": [835402.9469999997, 821352.2050000001], "type": "Point"}, "properties": {"DBH": 102, "LU_HMD": "Sham Shui Po", "ROAD_NAME": "WOH CHAI STREET", "SPECIES_NAME": null, "TREE_ID": "RTR0116389"}, "type": "Feature"}, {"geometry": {"coordinates": [835379.0609999998, 821362.4529999997], "type": "Point"}, "properties": {"DBH": 124, "LU_HMD": "Sham Shui Po", "ROAD_NAME": "WOH CHAI STREET", "SPECIES_NAME": null, "TREE_ID": "RTR0116393"}, "type": "Feature"}, {"geometry": {"coordinates": [835398.3329999996, 821348.9890000001], "type": "Point"}, "properties": {"DBH": 393, "LU_HMD": "Sham Shui Po", "ROAD_NAME": "WOH CHAI STREET", "SPECIES_NAME": null, "TREE_ID": "RTR0116396"}, "type": "Feature"}, {"geometry": {"coordinates": [834729.5420000004, 819506.7219999991], "type": "Point"}, "properties": {"DBH": 134, "LU_HMD": "Mong Kok", "ROAD_NAME": "LAI CHEUNG ROAD", "SPECIES_NAME": null, "TREE_ID": "RTR0121044"}, "type": "Feature"}, {"geometry": {"coordinates": [834734.0259999996, 819494.7219999991], "type": "Point"}, "properties": {"DBH": 99, "LU_HMD": "Mong Kok", "ROAD_NAME": "LAI CHEUNG ROAD", "SPECIES_NAME": null, "TREE_ID": "RTR0121051"}, "type": "Feature"}, {"geometry": {"coordinates": [834742.5070000002, 819480.5720000006], "type": "Point"}, "properties": {"DBH": 137, "LU_HMD": "Mong Kok", "ROAD_NAME": null, "SPECIES_NAME": null, "TREE_ID": "RTR0121263"}, "type": "Feature"}, {"geometry": {"coordinates": [834752.4510000004, 819450.4230000004], "type": "Point"}, "properties": {"DBH": 99, "LU_HMD": "Mong Kok", "ROAD_NAME": "LAI CHEUNG ROAD", "SPECIES_NAME": null, "TREE_ID": "RTR0121266"}, "type": "Feature"}, {"geometry": {"coordinates": [834744.46, 819474.2449999992], "type": "Point"}, "properties": {"DBH": 111, "LU_HMD": "Mong Kok", "ROAD_NAME": "LAI CHEUNG ROAD", "SPECIES_NAME": null, "TREE_ID": "RTR0121286"}, "type": "Feature"}, {"geometry": {"coordinates": [834740.7529999996, 819481.5289999992], "type": "Point"}, "properties": {"DBH": 115, "LU_HMD": "Mong Kok", "ROAD_NAME": null, "SPECIES_NAME": null, "TREE_ID": "RTR0121466"}, "type": "Feature"}, {"geometry": {"coordinates": [834751.7050000001, 819453.6280000005], "type": "Point"}, "properties": {"DBH": 111, "LU_HMD": "Mong Kok", "ROAD_NAME": "LAI CHEUNG ROAD", "SPECIES_NAME": null, "TREE_ID": "RTR0121292"}, "type": "Feature"}, {"geometry": {"coordinates": [834729.9239999996, 819508.4619999994], "type": "Point"}, "properties": {"DBH": 172, "LU_HMD": "Mong Kok", "ROAD_NAME": "LAI CHEUNG ROAD", "SPECIES_NAME": null, "TREE_ID": "RTR0121006"}, "type": "Feature"}, {"geometry": {"coordinates": [834700.9230000004, 819499.034], "type": "Point"}, "properties": {"DBH": 270, "LU_HMD": "Mong Kok", "ROAD_NAME": "LIN CHEUNG ROAD", "SPECIES_NAME": null, "TREE_ID": "RTR0122365"}, "type": "Feature"}, {"geometry": {"coordinates": [834703.5080000004, 819444.1980000008], "type": "Point"}, "properties": {"DBH": 121, "LU_HMD": "Mong Kok", "ROAD_NAME": "LIN CHEUNG ROAD", "SPECIES_NAME": null, "TREE_ID": "RTR0122286"}, "type": "Feature"}, {"geometry": {"coordinates": [834707.2580000004, 819441.7060000002], "type": "Point"}, "properties": {"DBH": 118, "LU_HMD": "Mong Kok", "ROAD_NAME": "LIN CHEUNG ROAD", "SPECIES_NAME": null, "TREE_ID": "RTR0122296"}, "type": "Feature"}, {"geometry": {"coordinates": [834702.9529999997, 819452.5350000001], "type": "Point"}, "properties": {"DBH": 134, "LU_HMD": "Mong Kok", "ROAD_NAME": "LIN CHEUNG ROAD", "SPECIES_NAME": null, "TREE_ID": "RTR0122297"}, "type": "Feature"}, {"geometry": {"coordinates": [834701.6129999999, 819455.4419999998], "type": "Point"}, "properties": {"DBH": 111, "LU_HMD": "Mong Kok", "ROAD_NAME": "LIN CHEUNG ROAD", "SPECIES_NAME": null, "TREE_ID": "RTR0122362"}, "type": "Feature"}, {"geometry": {"coordinates": [834694.9610000001, 819528.0600000005], "type": "Point"}, "properties": {"DBH": 175, "LU_HMD": "Mong Kok", "ROAD_NAME": "LIN CHEUNG ROAD", "SPECIES_NAME": null, "TREE_ID": "RTR0122219"}, "type": "Feature"}, {"geometry": {"coordinates": [834698.9529999997, 819436.2660000008], "type": "Point"}, "properties": {"DBH": 102, "LU_HMD": "Mong Kok", "ROAD_NAME": "LIN CHEUNG ROAD", "SPECIES_NAME": null, "TREE_ID": "RTR0122256"}, "type": "Feature"}, {"geometry": {"coordinates": [834710.1210000003, 819419.0720000006], "type": "Point"}, "properties": {"DBH": 201, "LU_HMD": "Mong Kok", "ROAD_NAME": "LIN CHEUNG ROAD", "SPECIES_NAME": null, "TREE_ID": "RTR0122260"}, "type": "Feature"}, {"geometry": {"coordinates": [835037.9529999997, 819918.9199999999], "type": "Point"}, "properties": {"DBH": 146, "LU_HMD": "Mong Kok", "ROAD_NAME": "WEST KOWLOON CORRIDOR WEST", "SPECIES_NAME": null, "TREE_ID": "RTR0138471"}, "type": "Feature"}, {"geometry": {"coordinates": [835047.4620000003, 819915.7609999999], "type": "Point"}, "properties": {"DBH": 153, "LU_HMD": "Mong Kok", "ROAD_NAME": "WEST KOWLOON CORRIDOR WEST", "SPECIES_NAME": null, "TREE_ID": "RTR0138472"}, "type": "Feature"}, {"geometry": {"coordinates": [835018.602, 819921.4729999993], "type": "Point"}, "properties": {"DBH": 169, "LU_HMD": "Mong Kok", "ROAD_NAME": "WEST KOWLOON CORRIDOR WEST", "SPECIES_NAME": null, "TREE_ID": "RTR0138473"}, "type": "Feature"}, {"geometry": {"coordinates": [835040.0329999998, 819917.7679999992], "type": "Point"}, "properties": {"DBH": 159, "LU_HMD": "Mong Kok", "ROAD_NAME": "WEST KOWLOON CORRIDOR WEST", "SPECIES_NAME": null, "TREE_ID": "RTR0138476"}, "type": "Feature"}, {"geometry": {"coordinates": [835044.4160000002, 819916.6530000009], "type": "Point"}, "properties": {"DBH": 175, "LU_HMD": "Mong Kok", "ROAD_NAME": "WEST KOWLOON CORRIDOR WEST", "SPECIES_NAME": null, "TREE_ID": "RTR0138452"}, "type": "Feature"}, {"geometry": {"coordinates": [835051.733, 819914.8690000009], "type": "Point"}, "properties": {"DBH": 166, "LU_HMD": "Mong Kok", "ROAD_NAME": "WEST KOWLOON CORRIDOR WEST", "SPECIES_NAME": null, "TREE_ID": "RTR0138460"}, "type": "Feature"}, {"geometry": {"coordinates": [835012.7120000003, 819921.7489999998], "type": "Point"}, "properties": {"DBH": 188, "LU_HMD": "Mong Kok", "ROAD_NAME": "WEST KOWLOON CORRIDOR WEST", "SPECIES_NAME": null, "TREE_ID": "RTR0138462"}, "type": "Feature"}, {"geometry": {"coordinates": [835016.5120000001, 819924.3650000002], "type": "Point"}, "properties": {"DBH": 223, "LU_HMD": "Mong Kok", "ROAD_NAME": "WEST KOWLOON CORRIDOR WEST", "SPECIES_NAME": null, "TREE_ID": "RTR0138481"}, "type": "Feature"}, {"geometry": {"coordinates": [834695.716, 819513.7050000001], "type": "Point"}, "properties": {"DBH": 105, "LU_HMD": "Mong Kok", "ROAD_NAME": "LIN CHEUNG ROAD", "SPECIES_NAME": null, "TREE_ID": "RTR0122238"}, "type": "Feature"}, {"geometry": {"coordinates": [834694.6909999996, 819515.5960000008], "type": "Point"}, "properties": {"DBH": 132, "LU_HMD": "Mong Kok", "ROAD_NAME": "LIN CHEUNG ROAD", "SPECIES_NAME": null, "TREE_ID": "RTR0122242"}, "type": "Feature"}, {"geometry": {"coordinates": [834694.5480000004, 819523.5160000008], "type": "Point"}, "properties": {"DBH": 273, "LU_HMD": "Mong Kok", "ROAD_NAME": "LIN CHEUNG ROAD", "SPECIES_NAME": null, "TREE_ID": "RTR0122243"}, "type": "Feature"}, {"geometry": {"coordinates": [834694.6880000001, 819521.8340000007], "type": "Point"}, "properties": {"DBH": 297, "LU_HMD": "Mong Kok", "ROAD_NAME": "LIN CHEUNG ROAD", "SPECIES_NAME": null, "TREE_ID": "RTR0122246"}, "type": "Feature"}, {"geometry": {"coordinates": [834708.2120000003, 819423.1720000003], "type": "Point"}, "properties": {"DBH": 185, "LU_HMD": "Mong Kok", "ROAD_NAME": "LIN CHEUNG ROAD", "SPECIES_NAME": null, "TREE_ID": "RTR0122262"}, "type": "Feature"}, {"geometry": {"coordinates": [834709.7379999999, 819422.2300000004], "type": "Point"}, "properties": {"DBH": 331, "LU_HMD": "Mong Kok", "ROAD_NAME": "LIN CHEUNG ROAD", "SPECIES_NAME": null, "TREE_ID": "RTR0122265"}, "type": "Feature"}, {"geometry": {"coordinates": [834699.4129999997, 819432.9260000009], "type": "Point"}, "properties": {"DBH": 143, "LU_HMD": "Mong Kok", "ROAD_NAME": "LIN CHEUNG ROAD", "SPECIES_NAME": null, "TREE_ID": "RTR0122270"}, "type": "Feature"}, {"geometry": {"coordinates": [834695.2539999997, 819510.4039999992], "type": "Point"}, "properties": {"DBH": 168, "LU_HMD": "Mong Kok", "ROAD_NAME": "LIN CHEUNG ROAD", "SPECIES_NAME": null, "TREE_ID": "RTR0122226"}, "type": "Feature"}, {"geometry": {"coordinates": [834698.2869999995, 819428.3550000004], "type": "Point"}, "properties": {"DBH": 188, "LU_HMD": "Mong Kok", "ROAD_NAME": "LIN CHEUNG ROAD", "SPECIES_NAME": null, "TREE_ID": "RTR0122278"}, "type": "Feature"}, {"geometry": {"coordinates": [834695.0120000001, 819512.4649999999], "type": "Point"}, "properties": {"DBH": 158, "LU_HMD": "Mong Kok", "ROAD_NAME": "LIN CHEUNG ROAD", "SPECIES_NAME": null, "TREE_ID": "RTR0122206"}, "type": "Feature"}, {"geometry": {"coordinates": [834698.1330000004, 819511.7219999991], "type": "Point"}, "properties": {"DBH": 214, "LU_HMD": "Mong Kok", "ROAD_NAME": "LIN CHEUNG ROAD", "SPECIES_NAME": null, "TREE_ID": "RTR0122208"}, "type": "Feature"}, {"geometry": {"coordinates": [834698.2690000003, 819489.6999999993], "type": "Point"}, "properties": {"DBH": 406, "LU_HMD": "Mong Kok", "ROAD_NAME": "LIN CHEUNG ROAD", "SPECIES_NAME": null, "TREE_ID": "RTR0122390"}, "type": "Feature"}, {"geometry": {"coordinates": [834695.8480000002, 819506.5940000005], "type": "Point"}, "properties": {"DBH": 178, "LU_HMD": "Mong Kok", "ROAD_NAME": "LIN CHEUNG ROAD", "SPECIES_NAME": null, "TREE_ID": "RTR0122391"}, "type": "Feature"}, {"geometry": {"coordinates": [834697.1370000001, 819440.2009999994], "type": "Point"}, "properties": {"DBH": 211, "LU_HMD": "Mong Kok", "ROAD_NAME": "LIN CHEUNG ROAD", "SPECIES_NAME": null, "TREE_ID": "RTR0122290"}, "type": "Feature"}, {"geometry": {"coordinates": [834709.2240000004, 819430.2809999995], "type": "Point"}, "properties": {"DBH": 315, "LU_HMD": "Mong Kok", "ROAD_NAME": "LIN CHEUNG ROAD", "SPECIES_NAME": null, "TREE_ID": "RTR0122292"}, "type": "Feature"}, {"geometry": {"coordinates": [834700.7580000004, 819435.3939999994], "type": "Point"}, "properties": {"DBH": 182, "LU_HMD": "Mong Kok", "ROAD_NAME": "LIN CHEUNG ROAD", "SPECIES_NAME": null, "TREE_ID": "RTR0122293"}, "type": "Feature"}, {"geometry": {"coordinates": [834700.7779999999, 819430.3110000007], "type": "Point"}, "properties": {"DBH": 163, "LU_HMD": "Mong Kok", "ROAD_NAME": "LIN CHEUNG ROAD", "SPECIES_NAME": null, "TREE_ID": "RTR0122295"}, "type": "Feature"}, {"geometry": {"coordinates": [834701.8739999998, 819447.3900000006], "type": "Point"}, "properties": {"DBH": 205, "LU_HMD": "Mong Kok", "ROAD_NAME": "LIN CHEUNG ROAD", "SPECIES_NAME": null, "TREE_ID": "RTR0122255"}, "type": "Feature"}, {"geometry": {"coordinates": [834698.307, 819439.9649999999], "type": "Point"}, "properties": {"DBH": 161, "LU_HMD": "Mong Kok", "ROAD_NAME": "LIN CHEUNG ROAD", "SPECIES_NAME": null, "TREE_ID": "RTR0122271"}, "type": "Feature"}, {"geometry": {"coordinates": [834706.1069999998, 819444.2149999999], "type": "Point"}, "properties": {"DBH": 315, "LU_HMD": "Mong Kok", "ROAD_NAME": "LIN CHEUNG ROAD", "SPECIES_NAME": null, "TREE_ID": "RTR0122273"}, "type": "Feature"}, {"geometry": {"coordinates": [834702.608, 819455.0580000002], "type": "Point"}, "properties": {"DBH": 206, "LU_HMD": "Mong Kok", "ROAD_NAME": "LIN CHEUNG ROAD", "SPECIES_NAME": null, "TREE_ID": "RTR0122373"}, "type": "Feature"}, {"geometry": {"coordinates": [834698.1619999995, 819496.6490000002], "type": "Point"}, "properties": {"DBH": 204, "LU_HMD": "Mong Kok", "ROAD_NAME": "LIN CHEUNG ROAD", "SPECIES_NAME": null, "TREE_ID": "RTR0122374"}, "type": "Feature"}, {"geometry": {"coordinates": [834698.3320000004, 819498.1089999992], "type": "Point"}, "properties": {"DBH": 239, "LU_HMD": "Mong Kok", "ROAD_NAME": "LIN CHEUNG ROAD", "SPECIES_NAME": null, "TREE_ID": "RTR0122377"}, "type": "Feature"}, {"geometry": {"coordinates": [834424.4460000005, 819984.0889999997], "type": "Point"}, "properties": {"DBH": 116, "LU_HMD": "Mong Kok", "ROAD_NAME": " ", "SPECIES_NAME": null, "TREE_ID": "RTR0138055"}, "type": "Feature"}, {"geometry": {"coordinates": [836016.4800000004, 819666.6659999993], "type": "Point"}, "properties": {"DBH": 576, "LU_HMD": "Yau Ma Tei", "ROAD_NAME": "WYLIE ROAD", "SPECIES_NAME": null, "TREE_ID": "RTR0114823"}, "type": "Feature"}, {"geometry": {"coordinates": [834729.267, 819412.7990000006], "type": "Point"}, "properties": {"DBH": 158, "LU_HMD": "Mong Kok", "ROAD_NAME": "LIN CHEUNG ROAD", "SPECIES_NAME": null, "TREE_ID": "RTR0121280"}, "type": "Feature"}, {"geometry": {"coordinates": [834428.5319999997, 819976.5549999997], "type": "Point"}, "properties": {"DBH": 267, "LU_HMD": "Mong Kok", "ROAD_NAME": " ", "SPECIES_NAME": null, "TREE_ID": "RTR0138552"}, "type": "Feature"}, {"geometry": {"coordinates": [834426.8039999995, 819980.6940000001], "type": "Point"}, "properties": {"DBH": 164, "LU_HMD": "Mong Kok", "ROAD_NAME": " ", "SPECIES_NAME": null, "TREE_ID": "RTR0138068"}, "type": "Feature"}, {"geometry": {"coordinates": [834694.1430000002, 819465.932], "type": "Point"}, "properties": {"DBH": 121, "LU_HMD": "Mong Kok", "ROAD_NAME": "LIN CHEUNG ROAD", "SPECIES_NAME": null, "TREE_ID": "RTR0122367"}, "type": "Feature"}, {"geometry": {"coordinates": [834694.824, 819463.9039999992], "type": "Point"}, "properties": {"DBH": 134, "LU_HMD": "Mong Kok", "ROAD_NAME": "LIN CHEUNG ROAD", "SPECIES_NAME": null, "TREE_ID": "RTR0122288"}, "type": "Feature"}, {"geometry": {"coordinates": [834693.5779999997, 819468.1500000004], "type": "Point"}, "properties": {"DBH": 172, "LU_HMD": "Mong Kok", "ROAD_NAME": "LIN CHEUNG ROAD", "SPECIES_NAME": null, "TREE_ID": "RTR0122355"}, "type": "Feature"}, {"geometry": {"coordinates": [834683.6279999996, 819483.9100000001], "type": "Point"}, "properties": {"DBH": 111, "LU_HMD": "Mong Kok", "ROAD_NAME": "LIN CHEUNG ROAD", "SPECIES_NAME": null, "TREE_ID": "RTR0122364"}, "type": "Feature"}, {"geometry": {"coordinates": [834687.0369999995, 819472.8959999997], "type": "Point"}, "properties": {"DBH": 111, "LU_HMD": "Mong Kok", "ROAD_NAME": "LIN CHEUNG ROAD", "SPECIES_NAME": null, "TREE_ID": "RTR0122385"}, "type": "Feature"}, {"geometry": {"coordinates": [834697.0269999998, 819456.3330000006], "type": "Point"}, "properties": {"DBH": 121, "LU_HMD": "Mong Kok", "ROAD_NAME": "LIN CHEUNG ROAD", "SPECIES_NAME": null, "TREE_ID": "RTR0122267"}, "type": "Feature"}, {"geometry": {"coordinates": [834670.6639999999, 819512.3780000005], "type": "Point"}, "properties": {"DBH": 114, "LU_HMD": "Mong Kok", "ROAD_NAME": "LIN CHEUNG ROAD", "SPECIES_NAME": null, "TREE_ID": "RTR0128125"}, "type": "Feature"}, {"geometry": {"coordinates": [834679.6509999996, 819495.3399999999], "type": "Point"}, "properties": {"DBH": 162, "LU_HMD": "Mong Kok", "ROAD_NAME": "LIN CHEUNG ROAD", "SPECIES_NAME": null, "TREE_ID": "RTR0131592"}, "type": "Feature"}, {"geometry": {"coordinates": [834673.4960000003, 819512.1679999996], "type": "Point"}, "properties": {"DBH": 99, "LU_HMD": "Mong Kok", "ROAD_NAME": "LIN CHEUNG ROAD", "SPECIES_NAME": null, "TREE_ID": "RTR0131567"}, "type": "Feature"}, {"geometry": {"coordinates": [834670.9790000003, 819517.4059999995], "type": "Point"}, "properties": {"DBH": 96, "LU_HMD": "Mong Kok", "ROAD_NAME": "LIN CHEUNG ROAD", "SPECIES_NAME": null, "TREE_ID": "RTR0131571"}, "type": "Feature"}, {"geometry": {"coordinates": [834705.0549999997, 819470.8650000002], "type": "Point"}, "properties": {"DBH": 223, "LU_HMD": "Mong kok", "ROAD_NAME": null, "SPECIES_NAME": null, "TREE_ID": "RTR0122400"}, "type": "Feature"}, {"geometry": {"coordinates": [836019.392, 819660.1040000003], "type": "Point"}, "properties": {"DBH": 488, "LU_HMD": "Yau Ma Tei", "ROAD_NAME": "WYLIE ROAD", "SPECIES_NAME": null, "TREE_ID": "RTR0114855"}, "type": "Feature"}, {"geometry": {"coordinates": [835420.3940000003, 821374.0749999993], "type": "Point"}, "properties": {"DBH": 135, "LU_HMD": "Sham Shui Po", "ROAD_NAME": "WOH CHAI STREET", "SPECIES_NAME": null, "TREE_ID": "RTR0145484"}, "type": "Feature"}, {"geometry": {"coordinates": [835413.341, 821378.5850000009], "type": "Point"}, "properties": {"DBH": 200, "LU_HMD": "Sham Shui Po", "ROAD_NAME": "WOH CHAI STREET", "SPECIES_NAME": null, "TREE_ID": "RTR0115496"}, "type": "Feature"}, {"geometry": {"coordinates": [835069.7659999998, 819923.1359999999], "type": "Point"}, "properties": {"DBH": 114, "LU_HMD": "Mong Kok", "ROAD_NAME": " ", "SPECIES_NAME": null, "TREE_ID": "RTR0138697"}, "type": "Feature"}, {"geometry": {"coordinates": [835065.2920000004, 819924.2709999997], "type": "Point"}, "properties": {"DBH": 177, "LU_HMD": "Mong Kok", "ROAD_NAME": " ", "SPECIES_NAME": null, "TREE_ID": "RTR0138705"}, "type": "Feature"}, {"geometry": {"coordinates": [835062.6179999998, 819924.7379999999], "type": "Point"}, "properties": {"DBH": 189, "LU_HMD": "Mong Kok", "ROAD_NAME": " ", "SPECIES_NAME": null, "TREE_ID": "RTR0138718"}, "type": "Feature"}, {"geometry": {"coordinates": [835093.3890000004, 819908.6439999994], "type": "Point"}, "properties": {"DBH": 133, "LU_HMD": "Mong Kok", "ROAD_NAME": " ", "SPECIES_NAME": null, "TREE_ID": "RTR0138722"}, "type": "Feature"}, {"geometry": {"coordinates": [835016.0930000003, 819942.2579999994], "type": "Point"}, "properties": {"DBH": 162, "LU_HMD": "Mong Kok", "ROAD_NAME": " ", "SPECIES_NAME": null, "TREE_ID": "RTR0138955"}, "type": "Feature"}, {"geometry": {"coordinates": [835098.1809999999, 819904.5559999999], "type": "Point"}, "properties": {"DBH": 101, "LU_HMD": "Mong Kok", "ROAD_NAME": " ", "SPECIES_NAME": null, "TREE_ID": "RTR0138726"}, "type": "Feature"}, {"geometry": {"coordinates": [835089.4519999996, 819909.3870000001], "type": "Point"}, "properties": {"DBH": 560, "LU_HMD": "Mong Kok", "ROAD_NAME": " ", "SPECIES_NAME": null, "TREE_ID": "RTR0138738"}, "type": "Feature"}, {"geometry": {"coordinates": [835032.0860000001, 819934.1070000008], "type": "Point"}, "properties": {"DBH": 170, "LU_HMD": "Mong Kok", "ROAD_NAME": " ", "SPECIES_NAME": null, "TREE_ID": "RTR0138946"}, "type": "Feature"}, {"geometry": {"coordinates": [835023.1900000004, 819941.5710000005], "type": "Point"}, "properties": {"DBH": 108, "LU_HMD": "Mong Kok", "ROAD_NAME": " ", "SPECIES_NAME": null, "TREE_ID": "RTR0138947"}, "type": "Feature"}, {"geometry": {"coordinates": [835026.9610000001, 819936.3460000008], "type": "Point"}, "properties": {"DBH": 157, "LU_HMD": "Mong Kok", "ROAD_NAME": " ", "SPECIES_NAME": null, "TREE_ID": "RTR0138948"}, "type": "Feature"}, {"geometry": {"coordinates": [835031.1090000002, 819935.6789999995], "type": "Point"}, "properties": {"DBH": 166, "LU_HMD": "Mong Kok", "ROAD_NAME": " ", "SPECIES_NAME": null, "TREE_ID": "RTR0138952"}, "type": "Feature"}, {"geometry": {"coordinates": [835010.5070000002, 819938.8550000004], "type": "Point"}, "properties": {"DBH": 149, "LU_HMD": "Mong Kok", "ROAD_NAME": " ", "SPECIES_NAME": null, "TREE_ID": "RTR0138953"}, "type": "Feature"}, {"geometry": {"coordinates": [835037.7960000001, 819936.5490000006], "type": "Point"}, "properties": {"DBH": 290, "LU_HMD": "Mong Kok", "ROAD_NAME": " ", "SPECIES_NAME": null, "TREE_ID": "RTR0138956"}, "type": "Feature"}, {"geometry": {"coordinates": [835046.4139999999, 819931.5769999996], "type": "Point"}, "properties": {"DBH": 199, "LU_HMD": "Mong Kok", "ROAD_NAME": " ", "SPECIES_NAME": null, "TREE_ID": "RTR0138961"}, "type": "Feature"}, {"geometry": {"coordinates": [835048.4620000003, 819930.5940000005], "type": "Point"}, "properties": {"DBH": 132, "LU_HMD": "Mong Kok", "ROAD_NAME": " ", "SPECIES_NAME": null, "TREE_ID": "RTR0138963"}, "type": "Feature"}, {"geometry": {"coordinates": [835029.8720000004, 819935.9210000001], "type": "Point"}, "properties": {"DBH": 107, "LU_HMD": "Mong Kok", "ROAD_NAME": " ", "SPECIES_NAME": null, "TREE_ID": "RTR0138966"}, "type": "Feature"}, {"geometry": {"coordinates": [835046.8020000001, 819930.2109999992], "type": "Point"}, "properties": {"DBH": 156, "LU_HMD": "Mong Kok", "ROAD_NAME": " ", "SPECIES_NAME": null, "TREE_ID": "RTR0138967"}, "type": "Feature"}, {"geometry": {"coordinates": [835041.1279999996, 819932.5140000004], "type": "Point"}, "properties": {"DBH": 174, "LU_HMD": "Mong Kok", "ROAD_NAME": " ", "SPECIES_NAME": null, "TREE_ID": "RTR0138970"}, "type": "Feature"}, {"geometry": {"coordinates": [835011.7800000003, 819941.2210000008], "type": "Point"}, "properties": {"DBH": 550, "LU_HMD": "Mong Kok", "ROAD_NAME": " ", "SPECIES_NAME": null, "TREE_ID": "RTR0138972"}, "type": "Feature"}, {"geometry": {"coordinates": [835051.2800000003, 819928.5350000001], "type": "Point"}, "properties": {"DBH": 129, "LU_HMD": "Mong Kok", "ROAD_NAME": " ", "SPECIES_NAME": null, "TREE_ID": "RTR0138980"}, "type": "Feature"}, {"geometry": {"coordinates": [835056.4019999998, 819926.7200000007], "type": "Point"}, "properties": {"DBH": 96, "LU_HMD": "Mong Kok", "ROAD_NAME": " ", "SPECIES_NAME": null, "TREE_ID": "RTR0138982"}, "type": "Feature"}, {"geometry": {"coordinates": [835048.4620000003, 819929.5739999991], "type": "Point"}, "properties": {"DBH": 105, "LU_HMD": "Mong Kok", "ROAD_NAME": " ", "SPECIES_NAME": null, "TREE_ID": "RTR0138985"}, "type": "Feature"}, {"geometry": {"coordinates": [835061.2379999999, 819927.3709999993], "type": "Point"}, "properties": {"DBH": 129, "LU_HMD": "Mong Kok", "ROAD_NAME": " ", "SPECIES_NAME": null, "TREE_ID": "RTR0138987"}, "type": "Feature"}, {"geometry": {"coordinates": [835024.9359999998, 819936.3460000008], "type": "Point"}, "properties": {"DBH": 208, "LU_HMD": "Mong Kok", "ROAD_NAME": " ", "SPECIES_NAME": null, "TREE_ID": "RTR0138989"}, "type": "Feature"}, {"geometry": {"coordinates": [835053.0410000002, 819929.2080000006], "type": "Point"}, "properties": {"DBH": 166, "LU_HMD": "Mong Kok", "ROAD_NAME": " ", "SPECIES_NAME": null, "TREE_ID": "RTR0138990"}, "type": "Feature"}, {"geometry": {"coordinates": [835051.4380000001, 819929.8609999996], "type": "Point"}, "properties": {"DBH": 147, "LU_HMD": "Mong Kok", "ROAD_NAME": " ", "SPECIES_NAME": null, "TREE_ID": "RTR0138995"}, "type": "Feature"}, {"geometry": {"coordinates": [836132.0190000003, 819743.3660000004], "type": "Point"}, "properties": {"DBH": 122, "LU_HMD": "Kowloon City", "ROAD_NAME": "HO MAN TIN HILL ROAD", "SPECIES_NAME": null, "TREE_ID": "RTR0129417"}, "type": "Feature"}, {"geometry": {"coordinates": [836178.5870000003, 819557.1760000009], "type": "Point"}, "properties": {"DBH": 621, "LU_HMD": "Kowloon City", "ROAD_NAME": "HO MAN TIN HILL ROAD", "SPECIES_NAME": null, "TREE_ID": "RTR0115446"}, "type": "Feature"}, {"geometry": {"coordinates": [836277.3509999998, 819614.4609999992], "type": "Point"}, "properties": {"DBH": 188, "LU_HMD": "Kowloon City", "ROAD_NAME": "HO MAN TIN HILL ROAD", "SPECIES_NAME": null, "TREE_ID": "RTR0118108"}, "type": "Feature"}, {"geometry": {"coordinates": [836178.3499999996, 819618.7520000003], "type": "Point"}, "properties": {"DBH": 248, "LU_HMD": "Kowloon City", "ROAD_NAME": "HO MAN TIN HILL ROAD", "SPECIES_NAME": null, "TREE_ID": "RTR0117702"}, "type": "Feature"}, {"geometry": {"coordinates": [836185.233, 819525.2339999992], "type": "Point"}, "properties": {"DBH": 201, "LU_HMD": "Kowloon City", "ROAD_NAME": "HO MAN TIN HILL ROAD", "SPECIES_NAME": null, "TREE_ID": "RTR0115440"}, "type": "Feature"}, {"geometry": {"coordinates": [836126.9160000002, 819515.7219999991], "type": "Point"}, "properties": {"DBH": 96, "LU_HMD": "Kowloon City", "ROAD_NAME": "HO MAN TIN HILL ROAD", "SPECIES_NAME": null, "TREE_ID": "RTR0117352"}, "type": "Feature"}, {"geometry": {"coordinates": [836180.9309999999, 819582.9869999997], "type": "Point"}, "properties": {"DBH": 127, "LU_HMD": "Kowloon City", "ROAD_NAME": "HO MAN TIN HILL ROAD", "SPECIES_NAME": null, "TREE_ID": "RTR0117050"}, "type": "Feature"}, {"geometry": {"coordinates": [836195.1320000002, 819576.3010000009], "type": "Point"}, "properties": {"DBH": 185, "LU_HMD": "Kowloon City", "ROAD_NAME": "HO MAN TIN HILL ROAD", "SPECIES_NAME": null, "TREE_ID": "RTR0117308"}, "type": "Feature"}, {"geometry": {"coordinates": [836127.7850000001, 819521.9600000009], "type": "Point"}, "properties": {"DBH": 96, "LU_HMD": "Kowloon City", "ROAD_NAME": "HO MAN TIN HILL ROAD", "SPECIES_NAME": null, "TREE_ID": "RTR0117315"}, "type": "Feature"}, {"geometry": {"coordinates": [836196.1529999999, 819597.1689999998], "type": "Point"}, "properties": {"DBH": 244, "LU_HMD": "Kowloon City", "ROAD_NAME": "HO MAN TIN HILL ROAD", "SPECIES_NAME": null, "TREE_ID": "RTR0117135"}, "type": "Feature"}, {"geometry": {"coordinates": [836189.3679999998, 819601.2440000009], "type": "Point"}, "properties": {"DBH": 99, "LU_HMD": "Kowloon City", "ROAD_NAME": "HO MAN TIN HILL ROAD", "SPECIES_NAME": null, "TREE_ID": "RTR0117145"}, "type": "Feature"}, {"geometry": {"coordinates": [836151.523, 819711.5940000005], "type": "Point"}, "properties": {"DBH": 115, "LU_HMD": "Kowloon City", "ROAD_NAME": "HO MAN TIN HILL ROAD", "SPECIES_NAME": null, "TREE_ID": "RTR0128192"}, "type": "Feature"}, {"geometry": {"coordinates": [836268.4570000004, 819608.6750000007], "type": "Point"}, "properties": {"DBH": 246, "LU_HMD": "Kowloon City", "ROAD_NAME": "HO MAN TIN HILL ROAD", "SPECIES_NAME": null, "TREE_ID": "RTR0117724"}, "type": "Feature"}, {"geometry": {"coordinates": [835037.9529999997, 819918.9199999999], "type": "Point"}, "properties": {"DBH": 140, "LU_HMD": "Mong Kok", "ROAD_NAME": "WEST KOWLOON CORRIDOR WEST", "SPECIES_NAME": null, "TREE_ID": "RTR0138471"}, "type": "Feature"}, {"geometry": {"coordinates": [835027.1639999999, 819922.5490000006], "type": "Point"}, "properties": {"DBH": 120, "LU_HMD": "Mong Kok", "ROAD_NAME": "WEST KOWLOON CORRIDOR WEST", "SPECIES_NAME": null, "TREE_ID": "RTR0138448"}, "type": "Feature"}, {"geometry": {"coordinates": [835020.6399999997, 819921.0519999992], "type": "Point"}, "properties": {"DBH": 140, "LU_HMD": "Mong Kok", "ROAD_NAME": "WEST KOWLOON CORRIDOR WEST", "SPECIES_NAME": null, "TREE_ID": "RTR0138490"}, "type": "Feature"}, {"geometry": {"coordinates": [835047.4620000003, 819915.7609999999], "type": "Point"}, "properties": {"DBH": 140, "LU_HMD": "Mong Kok", "ROAD_NAME": " ", "SPECIES_NAME": null, "TREE_ID": "RTR0138472"}, "type": "Feature"}, {"geometry": {"coordinates": [835020.6399999997, 819921.0519999992], "type": "Point"}, "properties": {"DBH": 140, "LU_HMD": "Mong Kok", "ROAD_NAME": " ", "SPECIES_NAME": null, "TREE_ID": "RTR0138490"}, "type": "Feature"}, {"geometry": {"coordinates": [835007.4910000004, 819924.4829999991], "type": "Point"}, "properties": {"DBH": 120, "LU_HMD": "Mong Kok", "ROAD_NAME": "WEST KOWLOON CORRIDOR WEST", "SPECIES_NAME": null, "TREE_ID": "RTR0138477"}, "type": "Feature"}, {"geometry": {"coordinates": [835055.0760000004, 819913.7540000007], "type": "Point"}, "properties": {"DBH": 140, "LU_HMD": "Mong Kok", "ROAD_NAME": "WEST KOWLOON CORRIDOR WEST", "SPECIES_NAME": null, "TREE_ID": "RTR0138950"}, "type": "Feature"}, {"geometry": {"coordinates": [835027.1639999999, 819922.5490000006], "type": "Point"}, "properties": {"DBH": 120, "LU_HMD": "Mong Kok", "ROAD_NAME": " ", "SPECIES_NAME": null, "TREE_ID": "RTR0138448"}, "type": "Feature"}, {"geometry": {"coordinates": [835018.602, 819921.4729999993], "type": "Point"}, "properties": {"DBH": 130, "LU_HMD": "Mong Kok", "ROAD_NAME": " ", "SPECIES_NAME": null, "TREE_ID": "RTR0138473"}, "type": "Feature"}, {"geometry": {"coordinates": [835020.6399999997, 819924.6160000004], "type": "Point"}, "properties": {"DBH": 130, "LU_HMD": "Mong Kok", "ROAD_NAME": " ", "SPECIES_NAME": null, "TREE_ID": "RTR0138485"}, "type": "Feature"}, {"geometry": {"coordinates": [835016.5120000001, 819924.3650000002], "type": "Point"}, "properties": {"DBH": 130, "LU_HMD": "Mong Kok", "ROAD_NAME": "WEST KOWLOON CORRIDOR WEST", "SPECIES_NAME": null, "TREE_ID": "RTR0138481"}, "type": "Feature"}, {"geometry": {"coordinates": [835030.0669999998, 819922.8990000002], "type": "Point"}, "properties": {"DBH": 313, "LU_HMD": "Mong Kok", "ROAD_NAME": " ", "SPECIES_NAME": null, "TREE_ID": "ETR0200080"}, "type": "Feature"}, {"geometry": {"coordinates": [835037.9529999997, 819918.9199999999], "type": "Point"}, "properties": {"DBH": 140, "LU_HMD": "Mong Kok", "ROAD_NAME": " ", "SPECIES_NAME": null, "TREE_ID": "RTR0138471"}, "type": "Feature"}, {"geometry": {"coordinates": [835055.0760000004, 819913.7540000007], "type": "Point"}, "properties": {"DBH": 140, "LU_HMD": "Mong Kok", "ROAD_NAME": " ", "SPECIES_NAME": null, "TREE_ID": "RTR0138950"}, "type": "Feature"}, {"geometry": {"coordinates": [835032.2450000001, 819921.0360000003], "type": "Point"}, "properties": {"DBH": 140, "LU_HMD": "Mong Kok", "ROAD_NAME": "WEST KOWLOON CORRIDOR WEST", "SPECIES_NAME": null, "TREE_ID": "RTR0138475"}, "type": "Feature"}, {"geometry": {"coordinates": [835023.665, 819921.0519999992], "type": "Point"}, "properties": {"DBH": 140, "LU_HMD": "Mong Kok", "ROAD_NAME": "WEST KOWLOON CORRIDOR WEST", "SPECIES_NAME": null, "TREE_ID": "RTR0138496"}, "type": "Feature"}, {"geometry": {"coordinates": [835051.733, 819914.8690000009], "type": "Point"}, "properties": {"DBH": 140, "LU_HMD": "Mong Kok", "ROAD_NAME": " ", "SPECIES_NAME": null, "TREE_ID": "RTR0138460"}, "type": "Feature"}, {"geometry": {"coordinates": [835040.0329999998, 819917.7679999992], "type": "Point"}, "properties": {"DBH": 140, "LU_HMD": "Mong Kok", "ROAD_NAME": " ", "SPECIES_NAME": null, "TREE_ID": "RTR0138476"}, "type": "Feature"}, {"geometry": {"coordinates": [835029.0659999996, 819920.1390000004], "type": "Point"}, "properties": {"DBH": 130, "LU_HMD": "Mong Kok", "ROAD_NAME": "WEST KOWLOON CORRIDOR WEST", "SPECIES_NAME": null, "TREE_ID": "RTR0138450"}, "type": "Feature"}, {"geometry": {"coordinates": [835044.4160000002, 819916.6530000009], "type": "Point"}, "properties": {"DBH": 150, "LU_HMD": "Mong Kok", "ROAD_NAME": "WEST KOWLOON CORRIDOR WEST", "SPECIES_NAME": null, "TREE_ID": "RTR0138452"}, "type": "Feature"}, {"geometry": {"coordinates": [835040.0329999998, 819917.7679999992], "type": "Point"}, "properties": {"DBH": 140, "LU_HMD": "Mong Kok", "ROAD_NAME": "WEST KOWLOON CORRIDOR WEST", "SPECIES_NAME": null, "TREE_ID": "RTR0138476"}, "type": "Feature"}, {"geometry": {"coordinates": [835029.0659999996, 819920.1390000004], "type": "Point"}, "properties": {"DBH": 130, "LU_HMD": "Mong Kok", "ROAD_NAME": " ", "SPECIES_NAME": null, "TREE_ID": "RTR0138450"}, "type": "Feature"}, {"geometry": {"coordinates": [835034.983, 819918.9199999999], "type": "Point"}, "properties": {"DBH": 120, "LU_HMD": "Mong Kok", "ROAD_NAME": " ", "SPECIES_NAME": null, "TREE_ID": "RTR0138478"}, "type": "Feature"}, {"geometry": {"coordinates": [835023.665, 819921.0519999992], "type": "Point"}, "properties": {"DBH": 140, "LU_HMD": "Mong Kok", "ROAD_NAME": " ", "SPECIES_NAME": null, "TREE_ID": "RTR0138496"}, "type": "Feature"}, {"geometry": {"coordinates": [835051.733, 819914.8690000009], "type": "Point"}, "properties": {"DBH": 140, "LU_HMD": "Mong Kok", "ROAD_NAME": "WEST KOWLOON CORRIDOR WEST", "SPECIES_NAME": null, "TREE_ID": "RTR0138460"}, "type": "Feature"}, {"geometry": {"coordinates": [835012.7120000003, 819921.7489999998], "type": "Point"}, "properties": {"DBH": 130, "LU_HMD": "Mong Kok", "ROAD_NAME": "WEST KOWLOON CORRIDOR WEST", "SPECIES_NAME": null, "TREE_ID": "RTR0138462"}, "type": "Feature"}, {"geometry": {"coordinates": [835034.983, 819918.9199999999], "type": "Point"}, "properties": {"DBH": 120, "LU_HMD": "Mong Kok", "ROAD_NAME": "WEST KOWLOON CORRIDOR WEST", "SPECIES_NAME": null, "TREE_ID": "RTR0138478"}, "type": "Feature"}, {"geometry": {"coordinates": [835011.9270000001, 819926.2290000003], "type": "Point"}, "properties": {"DBH": 130, "LU_HMD": "Mong Kok", "ROAD_NAME": "WEST KOWLOON CORRIDOR WEST", "SPECIES_NAME": null, "TREE_ID": "RTR0138449"}, "type": "Feature"}, {"geometry": {"coordinates": [835018.602, 819921.4729999993], "type": "Point"}, "properties": {"DBH": 130, "LU_HMD": "Mong Kok", "ROAD_NAME": "WEST KOWLOON CORRIDOR WEST", "SPECIES_NAME": null, "TREE_ID": "RTR0138473"}, "type": "Feature"}, {"geometry": {"coordinates": [835032.2450000001, 819921.0360000003], "type": "Point"}, "properties": {"DBH": 140, "LU_HMD": "Mong Kok", "ROAD_NAME": " ", "SPECIES_NAME": null, "TREE_ID": "RTR0138475"}, "type": "Feature"}, {"geometry": {"coordinates": [835012.7120000003, 819921.7489999998], "type": "Point"}, "properties": {"DBH": 130, "LU_HMD": "Mong Kok", "ROAD_NAME": " ", "SPECIES_NAME": null, "TREE_ID": "RTR0138462"}, "type": "Feature"}, {"geometry": {"coordinates": [835007.4910000004, 819924.4829999991], "type": "Point"}, "properties": {"DBH": 120, "LU_HMD": "Mong Kok", "ROAD_NAME": " ", "SPECIES_NAME": null, "TREE_ID": "RTR0138477"}, "type": "Feature"}, {"geometry": {"coordinates": [835016.5120000001, 819924.3650000002], "type": "Point"}, "properties": {"DBH": 130, "LU_HMD": "Mong Kok", "ROAD_NAME": " ", "SPECIES_NAME": null, "TREE_ID": "RTR0138481"}, "type": "Feature"}, {"geometry": {"coordinates": [835011.9270000001, 819926.2290000003], "type": "Point"}, "properties": {"DBH": 130, "LU_HMD": "Mong Kok", "ROAD_NAME": " ", "SPECIES_NAME": null, "TREE_ID": "RTR0138449"}, "type": "Feature"}, {"geometry": {"coordinates": [835044.4160000002, 819916.6530000009], "type": "Point"}, "properties": {"DBH": 150, "LU_HMD": "Mong Kok", "ROAD_NAME": " ", "SPECIES_NAME": null, "TREE_ID": "RTR0138452"}, "type": "Feature"}, {"geometry": {"coordinates": [835397.6349999998, 821349.6239999998], "type": "Point"}, "properties": {"DBH": 111, "LU_HMD": "Sham Shui Po", "ROAD_NAME": "WOH CHAI STREET", "SPECIES_NAME": null, "TREE_ID": "RTR0116369"}, "type": "Feature"}, {"geometry": {"coordinates": [836293.2350000003, 819670.2970000003], "type": "Point"}, "properties": {"DBH": 775, "LU_HMD": "Kowloon City", "ROAD_NAME": null, "SPECIES_NAME": null, "TREE_ID": "ETR0000048"}, "type": "Feature"}, {"geometry": {"coordinates": [835896.2570000002, 820717.625], "type": "Point"}, "properties": {"DBH": 567, "LU_HMD": "Mong Kok", "ROAD_NAME": "FLOWER MARKET ROAD", "SPECIES_NAME": null, "TREE_ID": "RTR0115051"}, "type": "Feature"}, {"geometry": {"coordinates": [834739.5990000004, 819479.4169999994], "type": "Point"}, "properties": {"DBH": 131, "LU_HMD": "Mong Kok", "ROAD_NAME": "LAI CHEUNG ROAD", "SPECIES_NAME": null, "TREE_ID": "RTR0121276"}, "type": "Feature"}, {"geometry": {"coordinates": [834697.8439999996, 819512.0690000001], "type": "Point"}, "properties": {"DBH": 274, "LU_HMD": "Mong Kok", "ROAD_NAME": "LIN CHEUNG ROAD", "SPECIES_NAME": null, "TREE_ID": "RTR0122236"}, "type": "Feature"}, {"geometry": {"coordinates": [834694.7060000002, 819529.6970000006], "type": "Point"}, "properties": {"DBH": 115, "LU_HMD": "Mong Kok", "ROAD_NAME": "LIN CHEUNG ROAD", "SPECIES_NAME": null, "TREE_ID": "RTR0122250"}, "type": "Feature"}, {"geometry": {"coordinates": [835028.6469999999, 819936.7219999991], "type": "Point"}, "properties": {"DBH": 152, "LU_HMD": "Mong Kok", "ROAD_NAME": " ", "SPECIES_NAME": null, "TREE_ID": "RTR0138954"}, "type": "Feature"}, {"geometry": {"coordinates": [834708.5460000001, 819437.7379999999], "type": "Point"}, "properties": {"DBH": 184, "LU_HMD": "Mong Kok", "ROAD_NAME": "LIN CHEUNG ROAD", "SPECIES_NAME": null, "TREE_ID": "RTR0122279"}, "type": "Feature"}, {"geometry": {"coordinates": [836158.5089999996, 819551.2640000004], "type": "Point"}, "properties": {"DBH": 503, "LU_HMD": "Kowloon City", "ROAD_NAME": "HO MAN TIN HILL ROAD", "SPECIES_NAME": null, "TREE_ID": "RTR0116062"}, "type": "Feature"}, {"geometry": {"coordinates": [836194.5149999997, 819597.7149999999], "type": "Point"}, "properties": {"DBH": 197, "LU_HMD": "Kowloon City", "ROAD_NAME": "HO MAN TIN HILL ROAD", "SPECIES_NAME": null, "TREE_ID": "RTR0117123"}, "type": "Feature"}, {"geometry": {"coordinates": [836192.8899999997, 819556.1140000001], "type": "Point"}, "properties": {"DBH": 175, "LU_HMD": "Kowloon City", "ROAD_NAME": "HO MAN TIN HILL ROAD", "SPECIES_NAME": null, "TREE_ID": "RTR0115909"}, "type": "Feature"}, {"geometry": {"coordinates": [836159.8839999996, 819555.2530000005], "type": "Point"}, "properties": {"DBH": 108, "LU_HMD": "Kowloon City", "ROAD_NAME": "HO MAN TIN HILL ROAD", "SPECIES_NAME": null, "TREE_ID": "RTR0116083"}, "type": "Feature"}, {"geometry": {"coordinates": [836191.9749999996, 819554.6280000005], "type": "Point"}, "properties": {"DBH": 96, "LU_HMD": "Kowloon City", "ROAD_NAME": "HO MAN TIN HILL ROAD", "SPECIES_NAME": null, "TREE_ID": "RTR0115940"}, "type": "Feature"}, {"geometry": {"coordinates": [836161.5250000004, 819515.8469999991], "type": "Point"}, "properties": {"DBH": 271, "LU_HMD": "Kowloon City", "ROAD_NAME": "HO MAN TIN HILL ROAD", "SPECIES_NAME": null, "TREE_ID": "RTR0117395"}, "type": "Feature"}, {"geometry": {"coordinates": [836156.2699999996, 819525.5189999994], "type": "Point"}, "properties": {"DBH": 143, "LU_HMD": "Kowloon City", "ROAD_NAME": "HO MAN TIN HILL ROAD", "SPECIES_NAME": null, "TREE_ID": "RTR0117401"}, "type": "Feature"}, {"geometry": {"coordinates": [836190.7139999997, 819536.7860000003], "type": "Point"}, "properties": {"DBH": 309, "LU_HMD": "Kowloon City", "ROAD_NAME": "HO MAN TIN HILL ROAD", "SPECIES_NAME": null, "TREE_ID": "RTR0115450"}, "type": "Feature"}, {"geometry": {"coordinates": [836145.0990000004, 819542.7770000007], "type": "Point"}, "properties": {"DBH": 111, "LU_HMD": "Kowloon City", "ROAD_NAME": "HO MAN TIN HILL ROAD", "SPECIES_NAME": null, "TREE_ID": "RTR0117365"}, "type": "Feature"}, {"geometry": {"coordinates": [836160.0379999997, 819528.9539999999], "type": "Point"}, "properties": {"DBH": 217, "LU_HMD": "Kowloon City", "ROAD_NAME": "HO MAN TIN HILL ROAD", "SPECIES_NAME": null, "TREE_ID": "RTR0117375"}, "type": "Feature"}, {"geometry": {"coordinates": [835032.2450000001, 819921.0360000003], "type": "Point"}, "properties": {"DBH": 162, "LU_HMD": "Mong Kok", "ROAD_NAME": "WEST KOWLOON CORRIDOR WEST", "SPECIES_NAME": null, "TREE_ID": "RTR0138475"}, "type": "Feature"}, {"geometry": {"coordinates": [836190.1469999999, 819609.2890000008], "type": "Point"}, "properties": {"DBH": 108, "LU_HMD": "Kowloon City", "ROAD_NAME": "HO MAN TIN HILL ROAD", "SPECIES_NAME": null, "TREE_ID": "RTR0117150"}, "type": "Feature"}, {"geometry": {"coordinates": [836170.0729999999, 819516.2430000007], "type": "Point"}, "properties": {"DBH": 182, "LU_HMD": "Kowloon City", "ROAD_NAME": "HO MAN TIN HILL ROAD", "SPECIES_NAME": null, "TREE_ID": "RTR0117380"}, "type": "Feature"}, {"geometry": {"coordinates": [836135.7920000004, 819534.568], "type": "Point"}, "properties": {"DBH": 124, "LU_HMD": "Kowloon City", "ROAD_NAME": "HO MAN TIN HILL ROAD", "SPECIES_NAME": null, "TREE_ID": "RTR0117386"}, "type": "Feature"}, {"geometry": {"coordinates": [836149.5609999998, 819535.6290000007], "type": "Point"}, "properties": {"DBH": 522, "LU_HMD": "Kowloon City", "ROAD_NAME": "HO MAN TIN HILL ROAD", "SPECIES_NAME": null, "TREE_ID": "RTR0116030"}, "type": "Feature"}, {"geometry": {"coordinates": [836177.6239999998, 819548.0050000008], "type": "Point"}, "properties": {"DBH": 111, "LU_HMD": "Kowloon City", "ROAD_NAME": "HO MAN TIN HILL ROAD", "SPECIES_NAME": null, "TREE_ID": "RTR0115405"}, "type": "Feature"}, {"geometry": {"coordinates": [836193.3449999997, 819541.0089999996], "type": "Point"}, "properties": {"DBH": 439, "LU_HMD": "Kowloon City", "ROAD_NAME": "HO MAN TIN HILL ROAD", "SPECIES_NAME": null, "TREE_ID": "RTR0115410"}, "type": "Feature"}, {"geometry": {"coordinates": [836190.6529999999, 819563.0500000007], "type": "Point"}, "properties": {"DBH": 127, "LU_HMD": "Kowloon City", "ROAD_NAME": "HO MAN TIN HILL ROAD", "SPECIES_NAME": null, "TREE_ID": "RTR0115955"}, "type": "Feature"}, {"geometry": {"coordinates": [836187.7740000002, 819529.0649999995], "type": "Point"}, "properties": {"DBH": 188, "LU_HMD": "Kowloon City", "ROAD_NAME": "HO MAN TIN HILL ROAD", "SPECIES_NAME": null, "TREE_ID": "RTR0115438"}, "type": "Feature"}, {"geometry": {"coordinates": [836186.1619999995, 819564.8310000002], "type": "Point"}, "properties": {"DBH": 96, "LU_HMD": "Kowloon City", "ROAD_NAME": "HO MAN TIN HILL ROAD", "SPECIES_NAME": null, "TREE_ID": "RTR0115948"}, "type": "Feature"}, {"geometry": {"coordinates": [836182.4950000001, 819545.943], "type": "Point"}, "properties": {"DBH": 127, "LU_HMD": "Kowloon City", "ROAD_NAME": "HO MAN TIN HILL ROAD", "SPECIES_NAME": null, "TREE_ID": "RTR0115430"}, "type": "Feature"}, {"geometry": {"coordinates": [836187.0180000002, 819592.2740000002], "type": "Point"}, "properties": {"DBH": 96, "LU_HMD": "Kowloon City", "ROAD_NAME": "HO MAN TIN HILL ROAD", "SPECIES_NAME": null, "TREE_ID": "RTR0117035"}, "type": "Feature"}, {"geometry": {"coordinates": [836181.5420000004, 819568.7540000007], "type": "Point"}, "properties": {"DBH": 331, "LU_HMD": "Kowloon City", "ROAD_NAME": "HO MAN TIN HILL ROAD", "SPECIES_NAME": null, "TREE_ID": "RTR0117043"}, "type": "Feature"}, {"geometry": {"coordinates": [836172.8679999998, 819526.2149999999], "type": "Point"}, "properties": {"DBH": 96, "LU_HMD": "Kowloon City", "ROAD_NAME": "HO MAN TIN HILL ROAD", "SPECIES_NAME": null, "TREE_ID": "RTR0117356"}, "type": "Feature"}, {"geometry": {"coordinates": [834704.4179999996, 819466.8350000009], "type": "Point"}, "properties": {"DBH": 203, "LU_HMD": "Mong Kok", "ROAD_NAME": "LIN CHEUNG ROAD", "SPECIES_NAME": null, "TREE_ID": "RTR0122368"}, "type": "Feature"}, {"geometry": {"coordinates": [836159.5499999998, 819522.5710000005], "type": "Point"}, "properties": {"DBH": 659, "LU_HMD": "Kowloon City", "ROAD_NAME": "HO MAN TIN HILL ROAD", "SPECIES_NAME": null, "TREE_ID": "RTR0117360"}, "type": "Feature"}, {"geometry": {"coordinates": [836181.5329999998, 819589.1420000009], "type": "Point"}, "properties": {"DBH": 185, "LU_HMD": "Kowloon City", "ROAD_NAME": "HO MAN TIN HILL ROAD", "SPECIES_NAME": null, "TREE_ID": "RTR0117004"}, "type": "Feature"}, {"geometry": {"coordinates": [836184.8609999996, 819618.9949999992], "type": "Point"}, "properties": {"DBH": 162, "LU_HMD": "Kowloon City", "ROAD_NAME": "HO MAN TIN HILL ROAD", "SPECIES_NAME": null, "TREE_ID": "RTR0117139"}, "type": "Feature"}, {"geometry": {"coordinates": [836182.9100000001, 819603.9859999996], "type": "Point"}, "properties": {"DBH": 111, "LU_HMD": "Kowloon City", "ROAD_NAME": "HO MAN TIN HILL ROAD", "SPECIES_NAME": null, "TREE_ID": "RTR0117049"}, "type": "Feature"}, {"geometry": {"coordinates": [836183.2869999995, 819604.3300000001], "type": "Point"}, "properties": {"DBH": 105, "LU_HMD": "Kowloon City", "ROAD_NAME": "HO MAN TIN HILL ROAD", "SPECIES_NAME": null, "TREE_ID": "RTR0117130"}, "type": "Feature"}, {"geometry": {"coordinates": [836182.5159999998, 819578.4639999997], "type": "Point"}, "properties": {"DBH": 118, "LU_HMD": "Kowloon City", "ROAD_NAME": "HO MAN TIN HILL ROAD", "SPECIES_NAME": null, "TREE_ID": "RTR0117006"}, "type": "Feature"}, {"geometry": {"coordinates": [836186.2290000003, 819575.1300000008], "type": "Point"}, "properties": {"DBH": 134, "LU_HMD": "Kowloon City", "ROAD_NAME": "HO MAN TIN HILL ROAD", "SPECIES_NAME": null, "TREE_ID": "RTR0117010"}, "type": "Feature"}, {"geometry": {"coordinates": [836190.9780000001, 819585.4010000005], "type": "Point"}, "properties": {"DBH": 175, "LU_HMD": "Kowloon City", "ROAD_NAME": "HO MAN TIN HILL ROAD", "SPECIES_NAME": null, "TREE_ID": "RTR0117017"}, "type": "Feature"}, {"geometry": {"coordinates": [836128.7300000004, 819544.7929999996], "type": "Point"}, "properties": {"DBH": 230, "LU_HMD": "Kowloon City", "ROAD_NAME": "HO MAN TIN HILL ROAD", "SPECIES_NAME": null, "TREE_ID": "RTR0129134"}, "type": "Feature"}, {"geometry": {"coordinates": [836187.6950000003, 819599.9059999995], "type": "Point"}, "properties": {"DBH": 121, "LU_HMD": "Kowloon City", "ROAD_NAME": "HO MAN TIN HILL ROAD", "SPECIES_NAME": null, "TREE_ID": "RTR0117104"}, "type": "Feature"}, {"geometry": {"coordinates": [836146.9450000003, 819520.6410000008], "type": "Point"}, "properties": {"DBH": 96, "LU_HMD": "Kowloon City", "ROAD_NAME": "HO MAN TIN HILL ROAD", "SPECIES_NAME": null, "TREE_ID": "RTR0117311"}, "type": "Feature"}, {"geometry": {"coordinates": [836182.8279999997, 819571.1390000004], "type": "Point"}, "properties": {"DBH": 146, "LU_HMD": "Kowloon City", "ROAD_NAME": "HO MAN TIN HILL ROAD", "SPECIES_NAME": null, "TREE_ID": "RTR0117022"}, "type": "Feature"}, {"geometry": {"coordinates": [836195.0279999999, 819611.0370000005], "type": "Point"}, "properties": {"DBH": 159, "LU_HMD": "Kowloon City", "ROAD_NAME": "HO MAN TIN HILL ROAD", "SPECIES_NAME": null, "TREE_ID": "RTR0117112"}, "type": "Feature"}, {"geometry": {"coordinates": [836180.9349999996, 819582.6909999996], "type": "Point"}, "properties": {"DBH": 204, "LU_HMD": "Kowloon City", "ROAD_NAME": "HO MAN TIN HILL ROAD", "SPECIES_NAME": null, "TREE_ID": "RTR0117031"}, "type": "Feature"}, {"geometry": {"coordinates": [836195.1359999999, 819588.2719999999], "type": "Point"}, "properties": {"DBH": 178, "LU_HMD": "Kowloon City", "ROAD_NAME": "HO MAN TIN HILL ROAD", "SPECIES_NAME": null, "TREE_ID": "RTR0117122"}, "type": "Feature"}, {"geometry": {"coordinates": [836134.9040000001, 819517.9959999993], "type": "Point"}, "properties": {"DBH": 264, "LU_HMD": "Kowloon City", "ROAD_NAME": "HO MAN TIN HILL ROAD", "SPECIES_NAME": null, "TREE_ID": "RTR0117330"}, "type": "Feature"}, {"geometry": {"coordinates": [836128.6789999995, 819513.0500000007], "type": "Point"}, "properties": {"DBH": 127, "LU_HMD": "Kowloon City", "ROAD_NAME": "HO MAN TIN HILL ROAD", "SPECIES_NAME": null, "TREE_ID": "RTR0117336"}, "type": "Feature"}, {"geometry": {"coordinates": [836118.3039999995, 819533.1070000008], "type": "Point"}, "properties": {"DBH": 126, "LU_HMD": "Kowloon City", "ROAD_NAME": "HO MAN TIN HILL ROAD", "SPECIES_NAME": null, "TREE_ID": "RTR0129119"}, "type": "Feature"}, {"geometry": {"coordinates": [836170.6200000001, 819563.273], "type": "Point"}, "properties": {"DBH": 254, "LU_HMD": "Kowloon City", "ROAD_NAME": "HO MAN TIN HILL ROAD", "SPECIES_NAME": null, "TREE_ID": "RTR0115416"}, "type": "Feature"}, {"geometry": {"coordinates": [836149.3099999996, 819544.8460000008], "type": "Point"}, "properties": {"DBH": 201, "LU_HMD": "Kowloon City", "ROAD_NAME": "HO MAN TIN HILL ROAD", "SPECIES_NAME": null, "TREE_ID": "RTR0096813"}, "type": "Feature"}, {"geometry": {"coordinates": [836192.5, 819556.5350000001], "type": "Point"}, "properties": {"DBH": 230, "LU_HMD": "Kowloon City", "ROAD_NAME": "HO MAN TIN HILL ROAD", "SPECIES_NAME": null, "TREE_ID": "RTR0115915"}, "type": "Feature"}, {"geometry": {"coordinates": [836189.3720000004, 819549.3570000008], "type": "Point"}, "properties": {"DBH": 207, "LU_HMD": "Kowloon City", "ROAD_NAME": "HO MAN TIN HILL ROAD", "SPECIES_NAME": null, "TREE_ID": "RTR0115920"}, "type": "Feature"}, {"geometry": {"coordinates": [835406.7929999996, 821378.2210000008], "type": "Point"}, "properties": {"DBH": 201, "LU_HMD": "Sham Shui Po", "ROAD_NAME": "WOH CHAI STREET", "SPECIES_NAME": null, "TREE_ID": "RTR0115498"}, "type": "Feature"}, {"geometry": {"coordinates": [836177.0769999996, 819593.318], "type": "Point"}, "properties": {"DBH": 364, "LU_HMD": "Kowloon City", "ROAD_NAME": "HO MAN TIN HILL ROAD", "SPECIES_NAME": null, "TREE_ID": "RTR0117684"}, "type": "Feature"}, {"geometry": {"coordinates": [836183.2829999998, 819559.1339999996], "type": "Point"}, "properties": {"DBH": 172, "LU_HMD": "Kowloon City", "ROAD_NAME": "HO MAN TIN HILL ROAD", "SPECIES_NAME": null, "TREE_ID": "RTR0115925"}, "type": "Feature"}, {"geometry": {"coordinates": [836276.1109999996, 819618.7819999997], "type": "Point"}, "properties": {"DBH": 167, "LU_HMD": "Kowloon City", "ROAD_NAME": "HO MAN TIN HILL ROAD", "SPECIES_NAME": null, "TREE_ID": "RTR0118114"}, "type": "Feature"}, {"geometry": {"coordinates": [836181.6739999996, 819548.0050000008], "type": "Point"}, "properties": {"DBH": 124, "LU_HMD": "Kowloon City", "ROAD_NAME": "HO MAN TIN HILL ROAD", "SPECIES_NAME": null, "TREE_ID": "RTR0115424"}, "type": "Feature"}, {"geometry": {"coordinates": [836155.2999999998, 819612.5], "type": "Point"}, "properties": {"DBH": 320, "LU_HMD": "Kowloon City", "ROAD_NAME": " ", "SPECIES_NAME": null, "TREE_ID": "ITR0700001"}, "type": "Feature"}, {"geometry": {"coordinates": [836148.7529999996, 819680.6180000007], "type": "Point"}, "properties": {"DBH": 102, "LU_HMD": "Kowloon City", "ROAD_NAME": "HO MAN TIN HILL ROAD", "SPECIES_NAME": null, "TREE_ID": "RTR0117713"}, "type": "Feature"}, {"geometry": {"coordinates": [836280.0650000004, 819643.8479999993], "type": "Point"}, "properties": {"DBH": 121, "LU_HMD": "Kowloon City", "ROAD_NAME": "HO MAN TIN HILL ROAD", "SPECIES_NAME": null, "TREE_ID": "RTR0118130"}, "type": "Feature"}, {"geometry": {"coordinates": [835383.7980000004, 821377.9519999996], "type": "Point"}, "properties": {"DBH": 105, "LU_HMD": "Sham Shui Po", "ROAD_NAME": "WOH CHAI STREET", "SPECIES_NAME": null, "TREE_ID": "RTR0116390"}, "type": "Feature"}, {"geometry": {"coordinates": [836173.1140000001, 819603.4719999991], "type": "Point"}, "properties": {"DBH": 237, "LU_HMD": "Kowloon City", "ROAD_NAME": "HO MAN TIN HILL ROAD", "SPECIES_NAME": null, "TREE_ID": "RTR0117671"}, "type": "Feature"}, {"geometry": {"coordinates": [835406.0190000003, 821352.9910000004], "type": "Point"}, "properties": {"DBH": 124, "LU_HMD": "Sham Shui Po", "ROAD_NAME": "WOH CHAI STREET", "SPECIES_NAME": null, "TREE_ID": "RTR0116045"}, "type": "Feature"}, {"geometry": {"coordinates": [836177.0389999999, 819549.5510000009], "type": "Point"}, "properties": {"DBH": 299, "LU_HMD": "Kowloon City", "ROAD_NAME": null, "SPECIES_NAME": null, "TREE_ID": "ETR0000024"}, "type": "Feature"}, {"geometry": {"coordinates": [835475.2740000002, 821367.5250000004], "type": "Point"}, "properties": {"DBH": 156, "LU_HMD": "Sham Shui Po", "ROAD_NAME": "WOH CHAI STREET", "SPECIES_NAME": null, "TREE_ID": "RTR0116104"}, "type": "Feature"}, {"geometry": {"coordinates": [836137.2829999998, 819549.4509999994], "type": "Point"}, "properties": {"DBH": 96, "LU_HMD": "Kowloon City", "ROAD_NAME": "HO MAN TIN HILL ROAD", "SPECIES_NAME": null, "TREE_ID": "RTR0115907"}, "type": "Feature"}, {"geometry": {"coordinates": [836114.6150000002, 819534.0810000002], "type": "Point"}, "properties": {"DBH": 185, "LU_HMD": "Kowloon City", "ROAD_NAME": "HO MAN TIN HILL ROAD", "SPECIES_NAME": null, "TREE_ID": "RTR0129121"}, "type": "Feature"}, {"geometry": {"coordinates": [836178.0980000002, 819564.1649999991], "type": "Point"}, "properties": {"DBH": 277, "LU_HMD": "Kowloon City", "ROAD_NAME": "HO MAN TIN HILL ROAD", "SPECIES_NAME": null, "TREE_ID": "RTR0115407"}, "type": "Feature"}, {"geometry": {"coordinates": [836148.2070000004, 819522.2070000004], "type": "Point"}, "properties": {"DBH": 181, "LU_HMD": "Kowloon City", "ROAD_NAME": "HO MAN TIN HILL ROAD", "SPECIES_NAME": null, "TREE_ID": "RTR0117328"}, "type": "Feature"}, {"geometry": {"coordinates": [836143.716, 819541.0439999998], "type": "Point"}, "properties": {"DBH": 118, "LU_HMD": "Kowloon City", "ROAD_NAME": "HO MAN TIN HILL ROAD", "SPECIES_NAME": null, "TREE_ID": "RTR0117391"}, "type": "Feature"}, {"geometry": {"coordinates": [836128.9419999998, 819516.5879999995], "type": "Point"}, "properties": {"DBH": 134, "LU_HMD": "Kowloon City", "ROAD_NAME": "HO MAN TIN HILL ROAD", "SPECIES_NAME": null, "TREE_ID": "RTR0117319"}, "type": "Feature"}, {"geometry": {"coordinates": [836133.0199999996, 819524.1420000009], "type": "Point"}, "properties": {"DBH": 274, "LU_HMD": "Kowloon City", "ROAD_NAME": "HO MAN TIN HILL ROAD", "SPECIES_NAME": null, "TREE_ID": "RTR0117310"}, "type": "Feature"}, {"geometry": {"coordinates": [836188.0369999995, 819564.2489999998], "type": "Point"}, "properties": {"DBH": 143, "LU_HMD": "Kowloon City", "ROAD_NAME": "HO MAN TIN HILL ROAD", "SPECIES_NAME": null, "TREE_ID": "RTR0115945"}, "type": "Feature"}, {"geometry": {"coordinates": [834679.7039999999, 819494.568], "type": "Point"}, "properties": {"DBH": 96, "LU_HMD": "Mong Kok", "ROAD_NAME": "LIN CHEUNG ROAD", "SPECIES_NAME": null, "TREE_ID": "RTR0131575"}, "type": "Feature"}, {"geometry": {"coordinates": [835381.6739999996, 821361.182], "type": "Point"}, "properties": {"DBH": 635, "LU_HMD": "Sham Shui Po", "ROAD_NAME": "WOH CHAI STREET", "SPECIES_NAME": null, "TREE_ID": "RTR0116365"}, "type": "Feature"}, {"geometry": {"coordinates": [836124.6540000001, 819519.6559999995], "type": "Point"}, "properties": {"DBH": 127, "LU_HMD": "Kowloon City", "ROAD_NAME": "HO MAN TIN HILL ROAD", "SPECIES_NAME": null, "TREE_ID": "RTR0117349"}, "type": "Feature"}, {"geometry": {"coordinates": [836191.5769999996, 819615.7770000007], "type": "Point"}, "properties": {"DBH": 443, "LU_HMD": "Kowloon City", "ROAD_NAME": "HO MAN TIN HILL ROAD", "SPECIES_NAME": null, "TREE_ID": "RTR0117134"}, "type": "Feature"}, {"geometry": {"coordinates": [836184.0889999997, 819573.1429999992], "type": "Point"}, "properties": {"DBH": 169, "LU_HMD": "Kowloon City", "ROAD_NAME": "HO MAN TIN HILL ROAD", "SPECIES_NAME": null, "TREE_ID": "RTR0117046"}, "type": "Feature"}, {"geometry": {"coordinates": [836194.0949999997, 819619.2960000001], "type": "Point"}, "properties": {"DBH": 96, "LU_HMD": "Kowloon City", "ROAD_NAME": "HO MAN TIN HILL ROAD", "SPECIES_NAME": null, "TREE_ID": "RTR0117131"}, "type": "Feature"}, {"geometry": {"coordinates": [836185.5939999996, 819595.4580000006], "type": "Point"}, "properties": {"DBH": 186, "LU_HMD": "Kowloon City", "ROAD_NAME": "HO MAN TIN HILL ROAD", "SPECIES_NAME": null, "TREE_ID": "RTR0117013"}, "type": "Feature"}, {"geometry": {"coordinates": [836192.1960000005, 819574], "type": "Point"}, "properties": {"DBH": 99, "LU_HMD": "Kowloon City", "ROAD_NAME": "HO MAN TIN HILL ROAD", "SPECIES_NAME": null, "TREE_ID": "RTR0117307"}, "type": "Feature"}, {"geometry": {"coordinates": [836136.369, 819516.4279999994], "type": "Point"}, "properties": {"DBH": 158, "LU_HMD": "Kowloon City", "ROAD_NAME": "HO MAN TIN HILL ROAD", "SPECIES_NAME": null, "TREE_ID": "RTR0117316"}, "type": "Feature"}, {"geometry": {"coordinates": [836184.9879999999, 819569.8509999998], "type": "Point"}, "properties": {"DBH": 164, "LU_HMD": "Kowloon City", "ROAD_NAME": "HO MAN TIN HILL ROAD", "SPECIES_NAME": null, "TREE_ID": "RTR0117019"}, "type": "Feature"}, {"geometry": {"coordinates": [836192.9749999996, 819601.9580000006], "type": "Point"}, "properties": {"DBH": 312, "LU_HMD": "Kowloon City", "ROAD_NAME": "HO MAN TIN HILL ROAD", "SPECIES_NAME": null, "TREE_ID": "RTR0117109"}, "type": "Feature"}, {"geometry": {"coordinates": [836127.057, 819515.4069999997], "type": "Point"}, "properties": {"DBH": 172, "LU_HMD": "Kowloon City", "ROAD_NAME": "HO MAN TIN HILL ROAD", "SPECIES_NAME": null, "TREE_ID": "RTR0117321"}, "type": "Feature"}, {"geometry": {"coordinates": [836181.9529999997, 819612.4189999998], "type": "Point"}, "properties": {"DBH": 189, "LU_HMD": "Kowloon City", "ROAD_NAME": "HO MAN TIN HILL ROAD", "SPECIES_NAME": null, "TREE_ID": "RTR0117026"}, "type": "Feature"}, {"geometry": {"coordinates": [836186.0889999997, 819621.1940000001], "type": "Point"}, "properties": {"DBH": 96, "LU_HMD": "Kowloon City", "ROAD_NAME": "HO MAN TIN HILL ROAD", "SPECIES_NAME": null, "TREE_ID": "RTR0117118"}, "type": "Feature"}, {"geometry": {"coordinates": [836191.1830000002, 819605.1219999995], "type": "Point"}, "properties": {"DBH": 191, "LU_HMD": "Kowloon City", "ROAD_NAME": "HO MAN TIN HILL ROAD", "SPECIES_NAME": null, "TREE_ID": "RTR0117125"}, "type": "Feature"}, {"geometry": {"coordinates": [836190.6969999997, 819591.9969999995], "type": "Point"}, "properties": {"DBH": 201, "LU_HMD": "Kowloon City", "ROAD_NAME": "HO MAN TIN HILL ROAD", "SPECIES_NAME": null, "TREE_ID": "RTR0117327"}, "type": "Feature"}, {"geometry": {"coordinates": [836135.4079999998, 819523.8379999995], "type": "Point"}, "properties": {"DBH": 197, "LU_HMD": "Kowloon City", "ROAD_NAME": "HO MAN TIN HILL ROAD", "SPECIES_NAME": null, "TREE_ID": "RTR0117335"}, "type": "Feature"}, {"geometry": {"coordinates": [836158.6370000001, 819718.6750000007], "type": "Point"}, "properties": {"DBH": 99, "LU_HMD": "Kowloon City", "ROAD_NAME": "HO MAN TIN HILL ROAD", "SPECIES_NAME": null, "TREE_ID": "RTR0128173"}, "type": "Feature"}, {"geometry": {"coordinates": [836142.4160000002, 819725.7890000008], "type": "Point"}, "properties": {"DBH": 213, "LU_HMD": "Kowloon City", "ROAD_NAME": "HO MAN TIN HILL ROAD", "SPECIES_NAME": null, "TREE_ID": "RTR0129412"}, "type": "Feature"}, {"geometry": {"coordinates": [836113.6390000004, 819531.8560000006], "type": "Point"}, "properties": {"DBH": 191, "LU_HMD": "Kowloon City", "ROAD_NAME": "HO MAN TIN HILL ROAD", "SPECIES_NAME": null, "TREE_ID": "RTR0129117"}, "type": "Feature"}, {"geometry": {"coordinates": [836135.1299999999, 819747.227], "type": "Point"}, "properties": {"DBH": 669, "LU_HMD": "Kowloon City", "ROAD_NAME": "HO MAN TIN HILL ROAD", "SPECIES_NAME": null, "TREE_ID": "RTR0129431"}, "type": "Feature"}, {"geometry": {"coordinates": [836120.7510000002, 819761.5840000007], "type": "Point"}, "properties": {"DBH": 131, "LU_HMD": "Kowloon City", "ROAD_NAME": "HO MAN TIN HILL ROAD", "SPECIES_NAME": null, "TREE_ID": "RTR0129433"}, "type": "Feature"}, {"geometry": {"coordinates": [836117.9309999999, 819532.3969999999], "type": "Point"}, "properties": {"DBH": 137, "LU_HMD": "Kowloon City", "ROAD_NAME": "HO MAN TIN HILL ROAD", "SPECIES_NAME": null, "TREE_ID": "RTR0129133"}, "type": "Feature"}, {"geometry": {"coordinates": [836150.4060000004, 819538.5739999991], "type": "Point"}, "properties": {"DBH": 105, "LU_HMD": "Kowloon City", "ROAD_NAME": "HO MAN TIN HILL ROAD", "SPECIES_NAME": null, "TREE_ID": "RTR0115916"}, "type": "Feature"}, {"geometry": {"coordinates": [836151.5420000004, 819553.1030000001], "type": "Point"}, "properties": {"DBH": 225, "LU_HMD": "Kowloon City", "ROAD_NAME": "HO MAN TIN HILL ROAD", "SPECIES_NAME": null, "TREE_ID": "RTR0116102"}, "type": "Feature"}, {"geometry": {"coordinates": [836147.4879999999, 819549.5800000001], "type": "Point"}, "properties": {"DBH": 255, "LU_HMD": "Kowloon City", "ROAD_NAME": "HO MAN TIN HILL ROAD", "SPECIES_NAME": null, "TREE_ID": "RTR0115937"}, "type": "Feature"}, {"geometry": {"coordinates": [836191.9440000001, 819554.1339999996], "type": "Point"}, "properties": {"DBH": 204, "LU_HMD": "Kowloon City", "ROAD_NAME": "HO MAN TIN HILL ROAD", "SPECIES_NAME": null, "TREE_ID": "RTR0115918"}, "type": "Feature"}, {"geometry": {"coordinates": [836186.5609999998, 819560.5869999994], "type": "Point"}, "properties": {"DBH": 151, "LU_HMD": "Kowloon City", "ROAD_NAME": "HO MAN TIN HILL ROAD", "SPECIES_NAME": null, "TREE_ID": "RTR0115933"}, "type": "Feature"}, {"geometry": {"coordinates": [836190.8909999998, 819563.1109999996], "type": "Point"}, "properties": {"DBH": 96, "LU_HMD": "Kowloon City", "ROAD_NAME": "HO MAN TIN HILL ROAD", "SPECIES_NAME": null, "TREE_ID": "RTR0115908"}, "type": "Feature"}, {"geometry": {"coordinates": [836152.3820000002, 819544.9509999994], "type": "Point"}, "properties": {"DBH": 172, "LU_HMD": "Kowloon City", "ROAD_NAME": "HO MAN TIN HILL ROAD", "SPECIES_NAME": null, "TREE_ID": "RTR0115941"}, "type": "Feature"}, {"geometry": {"coordinates": [836142.04, 819534.1309999991], "type": "Point"}, "properties": {"DBH": 366, "LU_HMD": "Kowloon City", "ROAD_NAME": "HO MAN TIN HILL ROAD", "SPECIES_NAME": null, "TREE_ID": "RTR0117390"}, "type": "Feature"}, {"geometry": {"coordinates": [836163.3669999996, 819522.5240000002], "type": "Point"}, "properties": {"DBH": 108, "LU_HMD": "Kowloon City", "ROAD_NAME": "HO MAN TIN HILL ROAD", "SPECIES_NAME": null, "TREE_ID": "RTR0117394"}, "type": "Feature"}, {"geometry": {"coordinates": [836155.6830000002, 819526.9879999999], "type": "Point"}, "properties": {"DBH": 138, "LU_HMD": "Kowloon City", "ROAD_NAME": "HO MAN TIN HILL ROAD", "SPECIES_NAME": null, "TREE_ID": "RTR0117400"}, "type": "Feature"}, {"geometry": {"coordinates": [836174.8669999996, 819573.1280000005], "type": "Point"}, "properties": {"DBH": 223, "LU_HMD": "Kowloon City", "ROAD_NAME": "HO MAN TIN HILL ROAD", "SPECIES_NAME": null, "TREE_ID": "RTR0117679"}, "type": "Feature"}, {"geometry": {"coordinates": [836179.5470000003, 819541.2620000001], "type": "Point"}, "properties": {"DBH": 376, "LU_HMD": "Kowloon City", "ROAD_NAME": "HO MAN TIN HILL ROAD", "SPECIES_NAME": null, "TREE_ID": "RTR0115447"}, "type": "Feature"}, {"geometry": {"coordinates": [836179.8669999996, 819530.2149999999], "type": "Point"}, "properties": {"DBH": 188, "LU_HMD": "Kowloon City", "ROAD_NAME": "HO MAN TIN HILL ROAD", "SPECIES_NAME": null, "TREE_ID": "RTR0115453"}, "type": "Feature"}, {"geometry": {"coordinates": [836277.483, 819602.7799999993], "type": "Point"}, "properties": {"DBH": 96, "LU_HMD": "Kowloon City", "ROAD_NAME": "HO MAN TIN HILL ROAD", "SPECIES_NAME": null, "TREE_ID": "RTR0118142"}, "type": "Feature"}, {"geometry": {"coordinates": [836152.1849999996, 819524.0629999992], "type": "Point"}, "properties": {"DBH": 96, "LU_HMD": "Kowloon City", "ROAD_NAME": "HO MAN TIN HILL ROAD", "SPECIES_NAME": null, "TREE_ID": "RTR0117402"}, "type": "Feature"}, {"geometry": {"coordinates": [836157.7539999997, 819522.0580000002], "type": "Point"}, "properties": {"DBH": 96, "LU_HMD": "Kowloon City", "ROAD_NAME": "HO MAN TIN HILL ROAD", "SPECIES_NAME": null, "TREE_ID": "RTR0117364"}, "type": "Feature"}, {"geometry": {"coordinates": [836271.2039999999, 819578.1429999992], "type": "Point"}, "properties": {"DBH": 96, "LU_HMD": "Kowloon City", "ROAD_NAME": "HO MAN TIN HILL ROAD", "SPECIES_NAME": null, "TREE_ID": "RTR0117732"}, "type": "Feature"}, {"geometry": {"coordinates": [836142.29, 819535.6980000008], "type": "Point"}, "properties": {"DBH": 131, "LU_HMD": "Kowloon City", "ROAD_NAME": "HO MAN TIN HILL ROAD", "SPECIES_NAME": null, "TREE_ID": "RTR0117371"}, "type": "Feature"}, {"geometry": {"coordinates": [836195.9809999997, 819602.2129999995], "type": "Point"}, "properties": {"DBH": 242, "LU_HMD": "Kowloon City", "ROAD_NAME": "HO MAN TIN HILL ROAD", "SPECIES_NAME": null, "TREE_ID": "RTR0117147"}, "type": "Feature"}, {"geometry": {"coordinates": [836286.7230000002, 819626.4260000009], "type": "Point"}, "properties": {"DBH": 159, "LU_HMD": "Kowloon City", "ROAD_NAME": "HO MAN TIN HILL ROAD", "SPECIES_NAME": null, "TREE_ID": "RTR0118152"}, "type": "Feature"}, {"geometry": {"coordinates": [836164.506, 819524.1319999993], "type": "Point"}, "properties": {"DBH": 102, "LU_HMD": "Kowloon City", "ROAD_NAME": "HO MAN TIN HILL ROAD", "SPECIES_NAME": null, "TREE_ID": "RTR0117378"}, "type": "Feature"}, {"geometry": {"coordinates": [836161.7620000001, 819524.7689999994], "type": "Point"}, "properties": {"DBH": 172, "LU_HMD": "Kowloon City", "ROAD_NAME": "HO MAN TIN HILL ROAD", "SPECIES_NAME": null, "TREE_ID": "RTR0117384"}, "type": "Feature"}, {"geometry": {"coordinates": [836149.0350000001, 819531.9600000009], "type": "Point"}, "properties": {"DBH": 131, "LU_HMD": "Kowloon City", "ROAD_NAME": "HO MAN TIN HILL ROAD", "SPECIES_NAME": null, "TREE_ID": "RTR0116018"}, "type": "Feature"}, {"geometry": {"coordinates": [836151.7520000003, 819534.2909999993], "type": "Point"}, "properties": {"DBH": 169, "LU_HMD": "Kowloon City", "ROAD_NAME": "HO MAN TIN HILL ROAD", "SPECIES_NAME": null, "TREE_ID": "RTR0116042"}, "type": "Feature"}, {"geometry": {"coordinates": [836178.773, 819549.5690000001], "type": "Point"}, "properties": {"DBH": 557, "LU_HMD": "Kowloon City", "ROAD_NAME": "HO MAN TIN HILL ROAD", "SPECIES_NAME": null, "TREE_ID": "RTR0115412"}, "type": "Feature"}, {"geometry": {"coordinates": [836190.0329999998, 819542.5050000008], "type": "Point"}, "properties": {"DBH": 162, "LU_HMD": "Kowloon City", "ROAD_NAME": "HO MAN TIN HILL ROAD", "SPECIES_NAME": null, "TREE_ID": "RTR0115419"}, "type": "Feature"}, {"geometry": {"coordinates": [836335.0779999997, 819858.0559999999], "type": "Point"}, "properties": {"DBH": 131, "LU_HMD": "Kowloon City", "ROAD_NAME": "PUI CHING ROAD", "SPECIES_NAME": null, "TREE_ID": "RTR0116420"}, "type": "Feature"}, {"geometry": {"coordinates": [836170.5970000001, 819532.7170000002], "type": "Point"}, "properties": {"DBH": 248, "LU_HMD": "Kowloon City", "ROAD_NAME": "HO MAN TIN HILL ROAD", "SPECIES_NAME": null, "TREE_ID": "RTR0115954"}, "type": "Feature"}, {"geometry": {"coordinates": [836183.7790000001, 819534.7809999995], "type": "Point"}, "properties": {"DBH": 96, "LU_HMD": "Kowloon City", "ROAD_NAME": "HO MAN TIN HILL ROAD", "SPECIES_NAME": null, "TREE_ID": "RTR0115436"}, "type": "Feature"}, {"geometry": {"coordinates": [836192.8310000002, 819561.9749999996], "type": "Point"}, "properties": {"DBH": 366, "LU_HMD": "Kowloon City", "ROAD_NAME": "HO MAN TIN HILL ROAD", "SPECIES_NAME": null, "TREE_ID": "RTR0115946"}, "type": "Feature"}, {"geometry": {"coordinates": [836193.2259999998, 819539.2420000006], "type": "Point"}, "properties": {"DBH": 338, "LU_HMD": "Kowloon City", "ROAD_NAME": "HO MAN TIN HILL ROAD", "SPECIES_NAME": null, "TREE_ID": "RTR0115423"}, "type": "Feature"}, {"geometry": {"coordinates": [836186.21, 819533.2180000003], "type": "Point"}, "properties": {"DBH": 160, "LU_HMD": "Kowloon City", "ROAD_NAME": "HO MAN TIN HILL ROAD", "SPECIES_NAME": null, "TREE_ID": "RTR0115429"}, "type": "Feature"}, {"geometry": {"coordinates": [836169.3059999999, 819561.0170000009], "type": "Point"}, "properties": {"DBH": 147, "LU_HMD": "Kowloon City", "ROAD_NAME": "HO MAN TIN HILL ROAD", "SPECIES_NAME": null, "TREE_ID": "RTR0115445"}, "type": "Feature"}, {"geometry": {"coordinates": [836180.6220000004, 819571.3029999994], "type": "Point"}, "properties": {"DBH": 191, "LU_HMD": "Kowloon City", "ROAD_NAME": "HO MAN TIN HILL ROAD", "SPECIES_NAME": null, "TREE_ID": "RTR0117032"}, "type": "Feature"}, {"geometry": {"coordinates": [836181.7300000004, 819579.7579999994], "type": "Point"}, "properties": {"DBH": 115, "LU_HMD": "Kowloon City", "ROAD_NAME": "HO MAN TIN HILL ROAD", "SPECIES_NAME": null, "TREE_ID": "RTR0117041"}, "type": "Feature"}, {"geometry": {"coordinates": [836144.5549999997, 819515.2029999997], "type": "Point"}, "properties": {"DBH": 268, "LU_HMD": "Kowloon City", "ROAD_NAME": "HO MAN TIN HILL ROAD", "SPECIES_NAME": null, "TREE_ID": "RTR0117353"}, "type": "Feature"}, {"geometry": {"coordinates": [836190.227, 819574.1129999999], "type": "Point"}, "properties": {"DBH": 347, "LU_HMD": "Kowloon City", "ROAD_NAME": "HO MAN TIN HILL ROAD", "SPECIES_NAME": null, "TREE_ID": "RTR0117338"}, "type": "Feature"}, {"geometry": {"coordinates": [836196.6670000004, 819581.4700000007], "type": "Point"}, "properties": {"DBH": 441, "LU_HMD": "Kowloon City", "ROAD_NAME": "HO MAN TIN HILL ROAD", "SPECIES_NAME": null, "TREE_ID": "RTR0117344"}, "type": "Feature"}, {"geometry": {"coordinates": [836157.7549999999, 819705.9370000008], "type": "Point"}, "properties": {"DBH": 191, "LU_HMD": "Kowloon City", "ROAD_NAME": "HO MAN TIN HILL ROAD", "SPECIES_NAME": null, "TREE_ID": "RTR0117723"}, "type": "Feature"}, {"geometry": {"coordinates": [836135.0190000003, 819531.2440000009], "type": "Point"}, "properties": {"DBH": 176, "LU_HMD": "Kowloon City", "ROAD_NAME": "HO MAN TIN HILL ROAD", "SPECIES_NAME": null, "TREE_ID": "RTR0117341"}, "type": "Feature"}, {"geometry": {"coordinates": [835490.4960000003, 821361.3829999994], "type": "Point"}, "properties": {"DBH": 185, "LU_HMD": "Sham Shui Po", "ROAD_NAME": "WOH CHAI STREET", "SPECIES_NAME": null, "TREE_ID": "RTR0115480"}, "type": "Feature"}, {"geometry": {"coordinates": [836126.7249999996, 819759.8839999996], "type": "Point"}, "properties": {"DBH": 140, "LU_HMD": "Kowloon City", "ROAD_NAME": "HO MAN TIN HILL ROAD", "SPECIES_NAME": null, "TREE_ID": "RTR0129443"}, "type": "Feature"}, {"geometry": {"coordinates": [836143.0429999996, 819730.2699999996], "type": "Point"}, "properties": {"DBH": 96, "LU_HMD": "Kowloon City", "ROAD_NAME": "HO MAN TIN HILL ROAD", "SPECIES_NAME": null, "TREE_ID": "RTR0129454"}, "type": "Feature"}, {"geometry": {"coordinates": [836127.8380000005, 819752.7280000001], "type": "Point"}, "properties": {"DBH": 137, "LU_HMD": "Kowloon City", "ROAD_NAME": "HO MAN TIN HILL ROAD", "SPECIES_NAME": null, "TREE_ID": "RTR0129423"}, "type": "Feature"}, {"geometry": {"coordinates": [836391.8640000001, 819740.4000000004], "type": "Point"}, "properties": {"DBH": 108, "LU_HMD": "Kowloon City", "ROAD_NAME": "PRINCESS MARGARET ROAD", "SPECIES_NAME": null, "TREE_ID": "RTR0114846"}, "type": "Feature"}, {"geometry": {"coordinates": [836130.4189999998, 819741.6539999992], "type": "Point"}, "properties": {"DBH": 111, "LU_HMD": "Kowloon City", "ROAD_NAME": "HO MAN TIN HILL ROAD", "SPECIES_NAME": null, "TREE_ID": "RTR0129418"}, "type": "Feature"}, {"geometry": {"coordinates": [834705.6629999997, 819427.3169999998], "type": "Point"}, "properties": {"DBH": 190, "LU_HMD": "Mong Kok", "ROAD_NAME": "LIN CHEUNG ROAD", "SPECIES_NAME": null, "TREE_ID": "RTR0122294"}, "type": "Feature"}, {"geometry": {"coordinates": [835099.1840000004, 819903.2929999996], "type": "Point"}, "properties": {"DBH": 99, "LU_HMD": "Mong Kok", "ROAD_NAME": " ", "SPECIES_NAME": null, "TREE_ID": "RTR0138698"}, "type": "Feature"}, {"geometry": {"coordinates": [835478.2630000003, 821350.3800000008], "type": "Point"}, "properties": {"DBH": 326, "LU_HMD": "Sham Shui Po", "ROAD_NAME": "WOH CHAI STREET", "SPECIES_NAME": null, "TREE_ID": "RTR0116069"}, "type": "Feature"}, {"geometry": {"coordinates": [835475.6349999998, 821366.7060000002], "type": "Point"}, "properties": {"DBH": 156, "LU_HMD": "Sham Shui Po", "ROAD_NAME": "WOH CHAI STREET", "SPECIES_NAME": null, "TREE_ID": "RTR0116081"}, "type": "Feature"}, {"geometry": {"coordinates": [835401.5010000002, 821352.341], "type": "Point"}, "properties": {"DBH": 335, "LU_HMD": "Sham Shui Po", "ROAD_NAME": "WOH CHAI STREET", "SPECIES_NAME": null, "TREE_ID": "RTR0116376"}, "type": "Feature"}, {"geometry": {"coordinates": [835457.7929999996, 821360.5040000007], "type": "Point"}, "properties": {"DBH": 250, "LU_HMD": "Sham Shui Po", "ROAD_NAME": "WOH CHAI STREET", "SPECIES_NAME": null, "TREE_ID": "RTR0145478"}, "type": "Feature"}, {"geometry": {"coordinates": [835401.2609999999, 821363.3560000006], "type": "Point"}, "properties": {"DBH": 201, "LU_HMD": "Sham Shui Po", "ROAD_NAME": "WOH CHAI STREET", "SPECIES_NAME": null, "TREE_ID": "RTR0116053"}, "type": "Feature"}, {"geometry": {"coordinates": [835489.193, 821339.2459999993], "type": "Point"}, "properties": {"DBH": 1576, "LU_HMD": "Sham Shui Po", "ROAD_NAME": "WOH CHAI STREET", "SPECIES_NAME": null, "TREE_ID": "RTR0116056"}, "type": "Feature"}, {"geometry": {"coordinates": [835412.0779999997, 821341.0409999993], "type": "Point"}, "properties": {"DBH": 223, "LU_HMD": "Sham Shui Po", "ROAD_NAME": "WOH CHAI STREET", "SPECIES_NAME": null, "TREE_ID": "RTR0116079"}, "type": "Feature"}, {"geometry": {"coordinates": [835375.1179999998, 821379.6860000007], "type": "Point"}, "properties": {"DBH": 283, "LU_HMD": "Sham Shui Po", "ROAD_NAME": "WOH CHAI STREET", "SPECIES_NAME": null, "TREE_ID": "RTR0116374"}, "type": "Feature"}, {"geometry": {"coordinates": [835386.6090000002, 821357.5], "type": "Point"}, "properties": {"DBH": 153, "LU_HMD": "Sham Shui Po", "ROAD_NAME": "WOH CHAI STREET", "SPECIES_NAME": null, "TREE_ID": "RTR0116394"}, "type": "Feature"}, {"geometry": {"coordinates": [835404.6639999999, 821352.9859999996], "type": "Point"}, "properties": {"DBH": 99, "LU_HMD": "Sham Shui Po", "ROAD_NAME": "WOH CHAI STREET", "SPECIES_NAME": null, "TREE_ID": "RTR0116021"}, "type": "Feature"}, {"geometry": {"coordinates": [835385.3849999998, 821375.8230000008], "type": "Point"}, "properties": {"DBH": 108, "LU_HMD": "Sham Shui Po", "ROAD_NAME": "WOH CHAI STREET", "SPECIES_NAME": null, "TREE_ID": "RTR0116355"}, "type": "Feature"}, {"geometry": {"coordinates": [835404.8159999996, 821357.1410000008], "type": "Point"}, "properties": {"DBH": 96, "LU_HMD": "Sham Shui Po", "ROAD_NAME": "WOH CHAI STREET", "SPECIES_NAME": null, "TREE_ID": "RTR0116031"}, "type": "Feature"}, {"geometry": {"coordinates": [835397.193, 821359.352], "type": "Point"}, "properties": {"DBH": 120, "LU_HMD": "Sham Shui Po", "ROAD_NAME": "WOH CHAI STREET", "SPECIES_NAME": null, "TREE_ID": "RTR0116044"}, "type": "Feature"}, {"geometry": {"coordinates": [835419.4330000002, 821359.0889999997], "type": "Point"}, "properties": {"DBH": 1433, "LU_HMD": "Sham Shui Po", "ROAD_NAME": "WOH CHAI STREET", "SPECIES_NAME": null, "TREE_ID": "RTR0115485"}, "type": "Feature"}, {"geometry": {"coordinates": [836276.3380000005, 819612.1180000007], "type": "Point"}, "properties": {"DBH": 236, "LU_HMD": "Kowloon City", "ROAD_NAME": "HO MAN TIN HILL ROAD", "SPECIES_NAME": null, "TREE_ID": "RTR0117712"}, "type": "Feature"}, {"geometry": {"coordinates": [836159.858, 819706.4839999992], "type": "Point"}, "properties": {"DBH": 185, "LU_HMD": "Kowloon City", "ROAD_NAME": "HO MAN TIN HILL ROAD", "SPECIES_NAME": null, "TREE_ID": "RTR0117721"}, "type": "Feature"}, {"geometry": {"coordinates": [836189.04, 819540.3300000001], "type": "Point"}, "properties": {"DBH": 331, "LU_HMD": "Kowloon City", "ROAD_NAME": "HO MAN TIN HILL ROAD", "SPECIES_NAME": null, "TREE_ID": "RTR0115418"}, "type": "Feature"}, {"geometry": {"coordinates": [836181.5, 819519.8849999998], "type": "Point"}, "properties": {"DBH": 217, "LU_HMD": "Kowloon City", "ROAD_NAME": "HO MAN TIN HILL ROAD", "SPECIES_NAME": null, "TREE_ID": "RTR0115421"}, "type": "Feature"}, {"geometry": {"coordinates": [836278.5420000004, 819636.5329999998], "type": "Point"}, "properties": {"DBH": 96, "LU_HMD": "Kowloon City", "ROAD_NAME": "HO MAN TIN HILL ROAD", "SPECIES_NAME": null, "TREE_ID": "RTR0118119"}, "type": "Feature"}, {"geometry": {"coordinates": [836173.1710000001, 819615.7430000007], "type": "Point"}, "properties": {"DBH": 229, "LU_HMD": "Kowloon City", "ROAD_NAME": "HO MAN TIN HILL ROAD", "SPECIES_NAME": null, "TREE_ID": "RTR0117663"}, "type": "Feature"}, {"geometry": {"coordinates": [836177.659, 819603.352], "type": "Point"}, "properties": {"DBH": 555, "LU_HMD": "Kowloon City", "ROAD_NAME": "HO MAN TIN HILL ROAD", "SPECIES_NAME": null, "TREE_ID": "RTR0117693"}, "type": "Feature"}, {"geometry": {"coordinates": [836196.7319999998, 819606.1870000008], "type": "Point"}, "properties": {"DBH": 166, "LU_HMD": "Kowloon City", "ROAD_NAME": "HO MAN TIN HILL ROAD", "SPECIES_NAME": null, "TREE_ID": "RTR0117009"}, "type": "Feature"}, {"geometry": {"coordinates": [836196.5410000002, 819613.3340000007], "type": "Point"}, "properties": {"DBH": 224, "LU_HMD": "Kowloon City", "ROAD_NAME": "HO MAN TIN HILL ROAD", "SPECIES_NAME": null, "TREE_ID": "RTR0117106"}, "type": "Feature"}, {"geometry": {"coordinates": [836194.3310000002, 819597.7789999992], "type": "Point"}, "properties": {"DBH": 121, "LU_HMD": "Kowloon City", "ROAD_NAME": "HO MAN TIN HILL ROAD", "SPECIES_NAME": null, "TREE_ID": "RTR0117146"}, "type": "Feature"}, {"geometry": {"coordinates": [834700.3990000002, 819482.5109999999], "type": "Point"}, "properties": {"DBH": 169, "LU_HMD": "Mong Kok", "ROAD_NAME": "LIN CHEUNG ROAD", "SPECIES_NAME": null, "TREE_ID": "RTR0122396"}, "type": "Feature"}, {"geometry": {"coordinates": [835401.3720000004, 821364.0360000003], "type": "Point"}, "properties": {"DBH": 185, "LU_HMD": "Sham Shui Po", "ROAD_NAME": "WOH CHAI STREET", "SPECIES_NAME": null, "TREE_ID": "RTR0116019"}, "type": "Feature"}, {"geometry": {"coordinates": [834698.9179999996, 819508.0620000008], "type": "Point"}, "properties": {"DBH": 350, "LU_HMD": "Mong Kok", "ROAD_NAME": "LIN CHEUNG ROAD", "SPECIES_NAME": null, "TREE_ID": "RTR0122386"}, "type": "Feature"}, {"geometry": {"coordinates": [835047.4620000003, 819915.7609999999], "type": "Point"}, "properties": {"DBH": 140, "LU_HMD": "Mong Kok", "ROAD_NAME": "WEST KOWLOON CORRIDOR WEST", "SPECIES_NAME": null, "TREE_ID": "RTR0138472"}, "type": "Feature"}, {"geometry": {"coordinates": [835255.8150000004, 821144.6030000001], "type": "Point"}, "properties": {"DBH": 204, "LU_HMD": "Sham Shui Po", "ROAD_NAME": "SAI YEUNG CHOI LANE", "SPECIES_NAME": null, "TREE_ID": "RTR0115031"}, "type": "Feature"}, {"geometry": {"coordinates": [836185.9720000001, 819527.9690000005], "type": "Point"}, "properties": {"DBH": 118, "LU_HMD": "Kowloon City", "ROAD_NAME": "HO MAN TIN HILL ROAD", "SPECIES_NAME": null, "TREE_ID": "RTR0115437"}, "type": "Feature"}, {"geometry": {"coordinates": [834706.642, 819423.3859999999], "type": "Point"}, "properties": {"DBH": 200, "LU_HMD": "Mong Kok", "ROAD_NAME": "LIN CHEUNG ROAD", "SPECIES_NAME": null, "TREE_ID": "RTR0122254"}, "type": "Feature"}, {"geometry": {"coordinates": [835081.2429999998, 819914.9240000006], "type": "Point"}, "properties": {"DBH": 96, "LU_HMD": "Mong Kok", "ROAD_NAME": " ", "SPECIES_NAME": null, "TREE_ID": "RTR0138706"}, "type": "Feature"}, {"geometry": {"coordinates": [834752.8470000001, 819445.3790000007], "type": "Point"}, "properties": {"DBH": 111, "LU_HMD": "Mong Kok", "ROAD_NAME": "LAI CHEUNG ROAD", "SPECIES_NAME": null, "TREE_ID": "RTR0121273"}, "type": "Feature"}, {"geometry": {"coordinates": [834697.8859999999, 819512.9440000001], "type": "Point"}, "properties": {"DBH": 131, "LU_HMD": "Mong Kok", "ROAD_NAME": "LIN CHEUNG ROAD", "SPECIES_NAME": null, "TREE_ID": "RTR0122222"}, "type": "Feature"}, {"geometry": {"coordinates": [835020.6399999997, 819924.6160000004], "type": "Point"}, "properties": {"DBH": 130, "LU_HMD": "Mong Kok", "ROAD_NAME": "WEST KOWLOON CORRIDOR WEST", "SPECIES_NAME": null, "TREE_ID": "RTR0138485"}, "type": "Feature"}, {"geometry": {"coordinates": [836178.3839999996, 819545.375], "type": "Point"}, "properties": {"DBH": 188, "LU_HMD": "Kowloon City", "ROAD_NAME": "HO MAN TIN HILL ROAD", "SPECIES_NAME": null, "TREE_ID": "RTR0115441"}, "type": "Feature"}, {"geometry": {"coordinates": [836178.8119999999, 819608.4790000003], "type": "Point"}, "properties": {"DBH": 162, "LU_HMD": "Kowloon City", "ROAD_NAME": "HO MAN TIN HILL ROAD", "SPECIES_NAME": null, "TREE_ID": "RTR0117685"}, "type": "Feature"}, {"geometry": {"coordinates": [836153.5609999998, 819709.9800000004], "type": "Point"}, "properties": {"DBH": 96, "LU_HMD": "Kowloon City", "ROAD_NAME": "HO MAN TIN HILL ROAD", "SPECIES_NAME": null, "TREE_ID": "RTR0128189"}, "type": "Feature"}, {"geometry": {"coordinates": [836149.4100000001, 819709.9399999995], "type": "Point"}, "properties": {"DBH": 96, "LU_HMD": "Kowloon City", "ROAD_NAME": "HO MAN TIN HILL ROAD", "SPECIES_NAME": null, "TREE_ID": "RTR0128157"}, "type": "Feature"}, {"geometry": {"coordinates": [836129.8269999996, 819759.0160000008], "type": "Point"}, "properties": {"DBH": 105, "LU_HMD": "Kowloon City", "ROAD_NAME": "HO MAN TIN HILL ROAD", "SPECIES_NAME": null, "TREE_ID": "RTR0129428"}, "type": "Feature"}, {"geometry": {"coordinates": [836122.8389999997, 819762.8049999997], "type": "Point"}, "properties": {"DBH": 99, "LU_HMD": "Kowloon City", "ROAD_NAME": "HO MAN TIN HILL ROAD", "SPECIES_NAME": null, "TREE_ID": "RTR0129432"}, "type": "Feature"}, {"geometry": {"coordinates": [836172.7929999996, 819610.716], "type": "Point"}, "properties": {"DBH": 96, "LU_HMD": "Kowloon City", "ROAD_NAME": "HO MAN TIN HILL ROAD", "SPECIES_NAME": null, "TREE_ID": "RTR0117678"}, "type": "Feature"}, {"geometry": {"coordinates": [836178.5530000003, 819595.227], "type": "Point"}, "properties": {"DBH": 252, "LU_HMD": "Kowloon City", "ROAD_NAME": "HO MAN TIN HILL ROAD", "SPECIES_NAME": null, "TREE_ID": "RTR0117020"}, "type": "Feature"}, {"geometry": {"coordinates": [836140.3669999996, 819735.7679999992], "type": "Point"}, "properties": {"DBH": 96, "LU_HMD": "Kowloon City", "ROAD_NAME": "HO MAN TIN HILL ROAD", "SPECIES_NAME": null, "TREE_ID": "RTR0129434"}, "type": "Feature"}, {"geometry": {"coordinates": [836162.4979999997, 819538.0700000003], "type": "Point"}, "properties": {"DBH": 144, "LU_HMD": "Kowloon City", "ROAD_NAME": "HO MAN TIN HILL ROAD", "SPECIES_NAME": null, "TREE_ID": "RTR0117357"}, "type": "Feature"}, {"geometry": {"coordinates": [836136.0250000004, 819548.216], "type": "Point"}, "properties": {"DBH": 179, "LU_HMD": "Kowloon City", "ROAD_NAME": "HO MAN TIN HILL ROAD", "SPECIES_NAME": null, "TREE_ID": "RTR0115950"}, "type": "Feature"}, {"geometry": {"coordinates": [836184.1519999998, 819590.4759999998], "type": "Point"}, "properties": {"DBH": 217, "LU_HMD": "Kowloon City", "ROAD_NAME": "HO MAN TIN HILL ROAD", "SPECIES_NAME": null, "TREE_ID": "RTR0117030"}, "type": "Feature"}, {"geometry": {"coordinates": [836158.8789999997, 819716.3399999999], "type": "Point"}, "properties": {"DBH": 182, "LU_HMD": "Kowloon City", "ROAD_NAME": "HO MAN TIN HILL ROAD", "SPECIES_NAME": null, "TREE_ID": "RTR0128167"}, "type": "Feature"}, {"geometry": {"coordinates": [836140.4730000002, 819531.0449999999], "type": "Point"}, "properties": {"DBH": 201, "LU_HMD": "Kowloon City", "ROAD_NAME": "HO MAN TIN HILL ROAD", "SPECIES_NAME": null, "TREE_ID": "RTR0117374"}, "type": "Feature"}, {"geometry": {"coordinates": [836170.4110000003, 819525.9869999997], "type": "Point"}, "properties": {"DBH": 385, "LU_HMD": "Kowloon City", "ROAD_NAME": "HO MAN TIN HILL ROAD", "SPECIES_NAME": null, "TREE_ID": "RTR0117387"}, "type": "Feature"}, {"geometry": {"coordinates": [836185.932, 819559.4189999998], "type": "Point"}, "properties": {"DBH": 96, "LU_HMD": "Kowloon City", "ROAD_NAME": "HO MAN TIN HILL ROAD", "SPECIES_NAME": null, "TREE_ID": "RTR0115922"}, "type": "Feature"}, {"geometry": {"coordinates": [836183.9349999996, 819582.5280000009], "type": "Point"}, "properties": {"DBH": 395, "LU_HMD": "Kowloon City", "ROAD_NAME": "HO MAN TIN HILL ROAD", "SPECIES_NAME": null, "TREE_ID": "RTR0117036"}, "type": "Feature"}, {"geometry": {"coordinates": [836183.2429999998, 820198.2589999996], "type": "Point"}, "properties": {"DBH": 232, "LU_HMD": "Kowloon City", "ROAD_NAME": "ARGYLE STREET", "SPECIES_NAME": null, "TREE_ID": "RTR0119304"}, "type": "Feature"}, {"geometry": {"coordinates": [836162.0999999996, 819680.0189999994], "type": "Point"}, "properties": {"DBH": 166, "LU_HMD": "Kowloon City", "ROAD_NAME": "HO MAN TIN HILL ROAD", "SPECIES_NAME": null, "TREE_ID": "RTR0117704"}, "type": "Feature"}, {"geometry": {"coordinates": [836165.0219999999, 819529.5690000001], "type": "Point"}, "properties": {"DBH": 108, "LU_HMD": "Kowloon City", "ROAD_NAME": "HO MAN TIN HILL ROAD", "SPECIES_NAME": null, "TREE_ID": "RTR0117358"}, "type": "Feature"}, {"geometry": {"coordinates": [834695.7609999999, 819511.9910000004], "type": "Point"}, "properties": {"DBH": 138, "LU_HMD": "Mong Kok", "ROAD_NAME": "LIN CHEUNG ROAD", "SPECIES_NAME": null, "TREE_ID": "RTR0122204"}, "type": "Feature"}, {"geometry": {"coordinates": [835096.8969999999, 819905.6459999997], "type": "Point"}, "properties": {"DBH": 150, "LU_HMD": "Mong Kok", "ROAD_NAME": " ", "SPECIES_NAME": null, "TREE_ID": "RTR0138700"}, "type": "Feature"}, {"geometry": {"coordinates": [835021.0039999997, 819941.8259999994], "type": "Point"}, "properties": {"DBH": 305, "LU_HMD": "Mong Kok", "ROAD_NAME": " ", "SPECIES_NAME": null, "TREE_ID": "RTR0138971"}, "type": "Feature"}, {"geometry": {"coordinates": [836174.8710000003, 819559.4299999997], "type": "Point"}, "properties": {"DBH": 108, "LU_HMD": "Kowloon City", "ROAD_NAME": "HO MAN TIN HILL ROAD", "SPECIES_NAME": null, "TREE_ID": "RTR0115406"}, "type": "Feature"}, {"geometry": {"coordinates": [836184.3739999998, 819553.7190000005], "type": "Point"}, "properties": {"DBH": 156, "LU_HMD": "Kowloon City", "ROAD_NAME": "HO MAN TIN HILL ROAD", "SPECIES_NAME": null, "TREE_ID": "RTR0115934"}, "type": "Feature"}, {"geometry": {"coordinates": [835082.216, 819914.5109999999], "type": "Point"}, "properties": {"DBH": 810, "LU_HMD": "Mong Kok", "ROAD_NAME": " ", "SPECIES_NAME": null, "TREE_ID": "RTR0138720"}, "type": "Feature"}, {"geometry": {"coordinates": [834747.3039999995, 819459.8839999996], "type": "Point"}, "properties": {"DBH": 96, "LU_HMD": "Mong Kok", "ROAD_NAME": "LAI CHEUNG ROAD", "SPECIES_NAME": null, "TREE_ID": "RTR0121260"}, "type": "Feature"}, {"geometry": {"coordinates": [834698.5140000004, 819503.4039999992], "type": "Point"}, "properties": {"DBH": 151, "LU_HMD": "Mong Kok", "ROAD_NAME": "LIN CHEUNG ROAD", "SPECIES_NAME": null, "TREE_ID": "RTR0122375"}, "type": "Feature"}, {"geometry": {"coordinates": [836177.3720000004, 819588.8129999992], "type": "Point"}, "properties": {"DBH": 159, "LU_HMD": "Kowloon City", "ROAD_NAME": "HO MAN TIN HILL ROAD", "SPECIES_NAME": null, "TREE_ID": "RTR0117701"}, "type": "Feature"}, {"geometry": {"coordinates": [834704.9299999997, 819435.6469999999], "type": "Point"}, "properties": {"DBH": 255, "LU_HMD": "Mong Kok", "ROAD_NAME": "LIN CHEUNG ROAD", "SPECIES_NAME": null, "TREE_ID": "RTR0122284"}, "type": "Feature"}, {"geometry": {"coordinates": [835260.2510000002, 821134.8599999994], "type": "Point"}, "properties": {"DBH": 344, "LU_HMD": "Sham Shui Po", "ROAD_NAME": "SAI YEUNG CHOI LANE", "SPECIES_NAME": null, "TREE_ID": "RTR0115028"}, "type": "Feature"}, {"geometry": {"coordinates": [834701.6349999998, 819459.7550000008], "type": "Point"}, "properties": {"DBH": 140, "LU_HMD": "Mong Kok", "ROAD_NAME": "LIN CHEUNG ROAD", "SPECIES_NAME": null, "TREE_ID": "RTR0122382"}, "type": "Feature"}, {"geometry": {"coordinates": [834702.2649999997, 819469.7740000002], "type": "Point"}, "properties": {"DBH": 171, "LU_HMD": "Mong Kok", "ROAD_NAME": "LIN CHEUNG ROAD", "SPECIES_NAME": null, "TREE_ID": "RTR0122389"}, "type": "Feature"}, {"geometry": {"coordinates": [834699.131, 819483.3139999993], "type": "Point"}, "properties": {"DBH": 161, "LU_HMD": "Mong Kok", "ROAD_NAME": "LIN CHEUNG ROAD", "SPECIES_NAME": null, "TREE_ID": "RTR0122356"}, "type": "Feature"}, {"geometry": {"coordinates": [835038.9419999998, 819933.0020000003], "type": "Point"}, "properties": {"DBH": 126, "LU_HMD": "Mong Kok", "ROAD_NAME": " ", "SPECIES_NAME": null, "TREE_ID": "RTR0138962"}, "type": "Feature"}, {"geometry": {"coordinates": [836131.1919999998, 819541.4169999994], "type": "Point"}, "properties": {"DBH": 264, "LU_HMD": "Kowloon City", "ROAD_NAME": "HO MAN TIN HILL ROAD", "SPECIES_NAME": null, "TREE_ID": "RTR0129106"}, "type": "Feature"}, {"geometry": {"coordinates": [834705.5710000005, 819457.6539999992], "type": "Point"}, "properties": {"DBH": 202, "LU_HMD": "Mong Kok", "ROAD_NAME": "LIN CHEUNG ROAD", "SPECIES_NAME": null, "TREE_ID": "RTR0122379"}, "type": "Feature"}, {"geometry": {"coordinates": [836295.8770000003, 819674.3149999995], "type": "Point"}, "properties": {"DBH": 207, "LU_HMD": "Kowloon City", "ROAD_NAME": "HO MAN TIN HILL ROAD", "SPECIES_NAME": null, "TREE_ID": "RTR0118150"}, "type": "Feature"}, {"geometry": {"coordinates": [834665.7280000001, 819527.8190000001], "type": "Point"}, "properties": {"DBH": 96, "LU_HMD": "Mong Kok", "ROAD_NAME": "LIN CHEUNG ROAD", "SPECIES_NAME": null, "TREE_ID": "RTR0131568"}, "type": "Feature"}, {"geometry": {"coordinates": [836129.5369999995, 819514.3300000001], "type": "Point"}, "properties": {"DBH": 220, "LU_HMD": "Kowloon City", "ROAD_NAME": "HO MAN TIN HILL ROAD", "SPECIES_NAME": null, "TREE_ID": "RTR0117323"}, "type": "Feature"}, {"geometry": {"coordinates": [836164.0599999996, 819520.6089999992], "type": "Point"}, "properties": {"DBH": 105, "LU_HMD": "Kowloon City", "ROAD_NAME": "HO MAN TIN HILL ROAD", "SPECIES_NAME": null, "TREE_ID": "RTR0117369"}, "type": "Feature"}, {"geometry": {"coordinates": [836175.29, 819521.9879999999], "type": "Point"}, "properties": {"DBH": 178, "LU_HMD": "Kowloon City", "ROAD_NAME": "HO MAN TIN HILL ROAD", "SPECIES_NAME": null, "TREE_ID": "RTR0117389"}, "type": "Feature"}, {"geometry": {"coordinates": [836151.0800000001, 819708.9890000001], "type": "Point"}, "properties": {"DBH": 96, "LU_HMD": "Kowloon City", "ROAD_NAME": "HO MAN TIN HILL ROAD", "SPECIES_NAME": null, "TREE_ID": "RTR0128195"}, "type": "Feature"}, {"geometry": {"coordinates": [836176.5930000003, 819571.2850000001], "type": "Point"}, "properties": {"DBH": 96, "LU_HMD": "Kowloon City", "ROAD_NAME": "HO MAN TIN HILL ROAD", "SPECIES_NAME": null, "TREE_ID": "RTR0117658"}, "type": "Feature"}, {"geometry": {"coordinates": [836141.0369999995, 819516.2909999993], "type": "Point"}, "properties": {"DBH": 96, "LU_HMD": "Kowloon City", "ROAD_NAME": "HO MAN TIN HILL ROAD", "SPECIES_NAME": null, "TREE_ID": "RTR0117347"}, "type": "Feature"}, {"geometry": {"coordinates": [836165.4500000002, 819701.7650000006], "type": "Point"}, "properties": {"DBH": 150, "LU_HMD": "Kowloon City", "ROAD_NAME": "HO MAN TIN HILL ROAD", "SPECIES_NAME": null, "TREE_ID": "RTR0117716"}, "type": "Feature"}, {"geometry": {"coordinates": [834731.1330000004, 819408.4800000004], "type": "Point"}, "properties": {"DBH": 203, "LU_HMD": "Mong Kok", "ROAD_NAME": "LIN CHEUNG ROAD", "SPECIES_NAME": null, "TREE_ID": "RTR0121257"}, "type": "Feature"}, {"geometry": {"coordinates": [834698.8159999996, 819438.1239999998], "type": "Point"}, "properties": {"DBH": 96, "LU_HMD": "Mong Kok", "ROAD_NAME": "LIN CHEUNG ROAD", "SPECIES_NAME": null, "TREE_ID": "RTR0122259"}, "type": "Feature"}, {"geometry": {"coordinates": [835484.7539999997, 821369.148], "type": "Point"}, "properties": {"DBH": 104, "LU_HMD": "Sham Shui Po", "ROAD_NAME": "WOH CHAI STREET", "SPECIES_NAME": null, "TREE_ID": "RTR0115481"}, "type": "Feature"}, {"geometry": {"coordinates": [836153.3099999996, 819711.2809999995], "type": "Point"}, "properties": {"DBH": 96, "LU_HMD": "Kowloon City", "ROAD_NAME": "HO MAN TIN HILL ROAD", "SPECIES_NAME": null, "TREE_ID": "RTR0128178"}, "type": "Feature"}, {"geometry": {"coordinates": [836148.3459999999, 819547.4189999998], "type": "Point"}, "properties": {"DBH": 146, "LU_HMD": "Kowloon City", "ROAD_NAME": "HO MAN TIN HILL ROAD", "SPECIES_NAME": null, "TREE_ID": "RTR0096844"}, "type": "Feature"}, {"geometry": {"coordinates": [835475.8320000004, 821364.5140000004], "type": "Point"}, "properties": {"DBH": 108, "LU_HMD": "Sham Shui Po", "ROAD_NAME": "WOH CHAI STREET", "SPECIES_NAME": null, "TREE_ID": "RTR0116103"}, "type": "Feature"}, {"geometry": {"coordinates": [834678, 819504], "type": "Point"}, "properties": {"DBH": 217, "LU_HMD": null, "ROAD_NAME": " ", "SPECIES_NAME": null, "TREE_ID": "ITR0200135"}, "type": "Feature"}, {"geometry": {"coordinates": [834669, 819516], "type": "Point"}, "properties": {"DBH": 295, "LU_HMD": null, "ROAD_NAME": " ", "SPECIES_NAME": null, "TREE_ID": "ITR0200136"}, "type": "Feature"}, {"geometry": {"coordinates": [834671, 819515], "type": "Point"}, "properties": {"DBH": 175, "LU_HMD": null, "ROAD_NAME": " ", "SPECIES_NAME": null, "TREE_ID": "ITR0200137"}, "type": "Feature"}, {"geometry": {"coordinates": [835013, 819942], "type": "Point"}, "properties": {"DBH": 220, "LU_HMD": null, "ROAD_NAME": " ", "SPECIES_NAME": null, "TREE_ID": "ITR0200220"}, "type": "Feature"}, {"geometry": {"coordinates": [835009, 819938], "type": "Point"}, "properties": {"DBH": 150, "LU_HMD": null, "ROAD_NAME": " ", "SPECIES_NAME": null, "TREE_ID": "ITR0200221"}, "type": "Feature"}, {"geometry": {"coordinates": [835013, 819937.5], "type": "Point"}, "properties": {"DBH": 300, "LU_HMD": null, "ROAD_NAME": " ", "SPECIES_NAME": null, "TREE_ID": "ITR0200222"}, "type": "Feature"}, {"geometry": {"coordinates": [835050, 819932], "type": "Point"}, "properties": {"DBH": 260, "LU_HMD": null, "ROAD_NAME": " ", "SPECIES_NAME": null, "TREE_ID": "ITR0200223"}, "type": "Feature"}, {"geometry": {"coordinates": [836135.0999999996, 821139.8000000007], "type": "Point"}, "properties": {"DBH": 600, "LU_HMD": null, "ROAD_NAME": "DIANTHUS ROAD", "SPECIES_NAME": null, "TREE_ID": "ITR0200286"}, "type": "Feature"}, {"geometry": {"coordinates": [834676, 819501.6999999993], "type": "Point"}, "properties": {"DBH": 315, "LU_HMD": null, "ROAD_NAME": " ", "SPECIES_NAME": null, "TREE_ID": "ITR0200397"}, "type": "Feature"}, {"geometry": {"coordinates": [834688.5, 819467.8000000007], "type": "Point"}, "properties": {"DBH": 217, "LU_HMD": null, "ROAD_NAME": " ", "SPECIES_NAME": null, "TREE_ID": "ITR0200398"}, "type": "Feature"}, {"geometry": {"coordinates": [834665.9000000004, 819528], "type": "Point"}, "properties": {"DBH": 295, "LU_HMD": null, "ROAD_NAME": " ", "SPECIES_NAME": null, "TREE_ID": "ITR0200399"}, "type": "Feature"}, {"geometry": {"coordinates": [834668, 819528.6999999993], "type": "Point"}, "properties": {"DBH": 175, "LU_HMD": null, "ROAD_NAME": " ", "SPECIES_NAME": null, "TREE_ID": "ITR0200400"}, "type": "Feature"}, {"geometry": {"coordinates": [834662.2000000002, 819535.1999999993], "type": "Point"}, "properties": {"DBH": 132, "LU_HMD": null, "ROAD_NAME": " ", "SPECIES_NAME": null, "TREE_ID": "ITR0200401"}, "type": "Feature"}, {"geometry": {"coordinates": [834698.9000000004, 819433.8000000007], "type": "Point"}, "properties": {"DBH": 235, "LU_HMD": null, "ROAD_NAME": " ", "SPECIES_NAME": null, "TREE_ID": "ITR0200402"}, "type": "Feature"}, {"geometry": {"coordinates": [834698.2000000002, 819441], "type": "Point"}, "properties": {"DBH": 220, "LU_HMD": null, "ROAD_NAME": " ", "SPECIES_NAME": null, "TREE_ID": "ITR0200403"}, "type": "Feature"}, {"geometry": {"coordinates": [834705.0999999996, 819439.9000000004], "type": "Point"}, "properties": {"DBH": 310, "LU_HMD": null, "ROAD_NAME": " ", "SPECIES_NAME": null, "TREE_ID": "ITR0200404"}, "type": "Feature"}, {"geometry": {"coordinates": [834705.9000000004, 819445.1999999993], "type": "Point"}, "properties": {"DBH": 265, "LU_HMD": null, "ROAD_NAME": " ", "SPECIES_NAME": null, "TREE_ID": "ITR0200405"}, "type": "Feature"}, {"geometry": {"coordinates": [834704.9000000004, 819453.3000000007], "type": "Point"}, "properties": {"DBH": 255, "LU_HMD": null, "ROAD_NAME": " ", "SPECIES_NAME": null, "TREE_ID": "ITR0200406"}, "type": "Feature"}, {"geometry": {"coordinates": [834706.5, 819432.6999999993], "type": "Point"}, "properties": {"DBH": 370, "LU_HMD": null, "ROAD_NAME": " ", "SPECIES_NAME": null, "TREE_ID": "ITR0200424"}, "type": "Feature"}, {"geometry": {"coordinates": [834703.5999999996, 819431.5], "type": "Point"}, "properties": {"DBH": 335, "LU_HMD": null, "ROAD_NAME": " ", "SPECIES_NAME": null, "TREE_ID": "ITR0200425"}, "type": "Feature"}, {"geometry": {"coordinates": [834707.9000000004, 819432.1999999993], "type": "Point"}, "properties": {"DBH": 187, "LU_HMD": null, "ROAD_NAME": " ", "SPECIES_NAME": null, "TREE_ID": "ITR0200426"}, "type": "Feature"}, {"geometry": {"coordinates": [834697.0999999996, 819516.5], "type": "Point"}, "properties": {"DBH": 250, "LU_HMD": null, "ROAD_NAME": " ", "SPECIES_NAME": null, "TREE_ID": "ITR0200427"}, "type": "Feature"}, {"geometry": {"coordinates": [834699.0999999996, 819500.3000000007], "type": "Point"}, "properties": {"DBH": 200, "LU_HMD": null, "ROAD_NAME": " ", "SPECIES_NAME": null, "TREE_ID": "ITR0200429"}, "type": "Feature"}, {"geometry": {"coordinates": [834699.7000000002, 819483.5], "type": "Point"}, "properties": {"DBH": 270, "LU_HMD": null, "ROAD_NAME": " ", "SPECIES_NAME": null, "TREE_ID": "ITR0200444"}, "type": "Feature"}, {"geometry": {"coordinates": [834705, 819438.0999999996], "type": "Point"}, "properties": {"DBH": 150, "LU_HMD": null, "ROAD_NAME": " ", "SPECIES_NAME": null, "TREE_ID": "ITR0200449"}, "type": "Feature"}, {"geometry": {"coordinates": [834708.7999999998, 819428.8000000007], "type": "Point"}, "properties": {"DBH": 230, "LU_HMD": null, "ROAD_NAME": " ", "SPECIES_NAME": null, "TREE_ID": "ITR0200450"}, "type": "Feature"}, {"geometry": {"coordinates": [834704.7000000002, 819437.1999999993], "type": "Point"}, "properties": {"DBH": 142, "LU_HMD": null, "ROAD_NAME": " ", "SPECIES_NAME": null, "TREE_ID": "ITR0200454"}, "type": "Feature"}, {"geometry": {"coordinates": [834696.2000000002, 819516.4000000004], "type": "Point"}, "properties": {"DBH": 116, "LU_HMD": null, "ROAD_NAME": " ", "SPECIES_NAME": null, "TREE_ID": "ITR0200455"}, "type": "Feature"}, {"geometry": {"coordinates": [834697.4000000004, 819511.4000000004], "type": "Point"}, "properties": {"DBH": 251, "LU_HMD": null, "ROAD_NAME": " ", "SPECIES_NAME": null, "TREE_ID": "ITR0200456"}, "type": "Feature"}, {"geometry": {"coordinates": [834698.2000000002, 819498.3000000007], "type": "Point"}, "properties": {"DBH": 232, "LU_HMD": null, "ROAD_NAME": " ", "SPECIES_NAME": null, "TREE_ID": "ITR0200458"}, "type": "Feature"}, {"geometry": {"coordinates": [834696.7999999998, 819508.1999999993], "type": "Point"}, "properties": {"DBH": 120, "LU_HMD": null, "ROAD_NAME": " ", "SPECIES_NAME": null, "TREE_ID": "ITR0200459"}, "type": "Feature"}, {"geometry": {"coordinates": [836152.7000000002, 819646.6999999993], "type": "Point"}, "properties": {"DBH": 395, "LU_HMD": null, "ROAD_NAME": " ", "SPECIES_NAME": null, "TREE_ID": "ITR0700070"}, "type": "Feature"}, {"geometry": {"coordinates": [836302.7000000002, 819673.5999999996], "type": "Point"}, "properties": {"DBH": 314, "LU_HMD": null, "ROAD_NAME": " ", "SPECIES_NAME": null, "TREE_ID": "ITR0700072"}, "type": "Feature"}], "type": "FeatureCollection"}
