{"crs": {"properties": {"name": "urn:ogc:def:crs:EPSG::2326"}, "type": "name"}, "features": [{"geometry": {"coordinates": [834234.0199999996, 815631.4140000008], "type": "Point"}, "properties": {"DBH": 166, "LU_HMD": "Central", "ROAD_NAME": "ICE HOUSE STREET", "SPECIES_NAME": null, "TREE_ID": "RTR0098506"}, "type": "Feature"}, {"geometry": {"coordinates": [834232.0489999996, 815629.6539999992], "type": "Point"}, "properties": {"DBH": 236, "LU_HMD": "Central", "ROAD_NAME": "ICE HOUSE STREET", "SPECIES_NAME": null, "TREE_ID": "RTR0098507"}, "type": "Feature"}, {"geometry": {"coordinates": [834224.7010000004, 815617.3890000004], "type": "Point"}, "properties": {"DBH": 280, "LU_HMD": "Central", "ROAD_NAME": "ICE HOUSE STREET", "SPECIES_NAME": null, "TREE_ID": "RTR0098510"}, "type": "Feature"}, {"geometry": {"coordinates": [834232.6940000001, 815620.0120000001], "type": "Point"}, "properties": {"DBH": 187, "LU_HMD": "Central", "ROAD_NAME": "ICE HOUSE STREET", "SPECIES_NAME": null, "TREE_ID": "RTR0098511"}, "type": "Feature"}, {"geometry": {"coordinates": [834257.3839999996, 815641.375], "type": "Point"}, "properties": {"DBH": 232, "LU_HMD": "Central", "ROAD_NAME": "ICE HOUSE STREET", "SPECIES_NAME": null, "TREE_ID": "RTR0098512"}, "type": "Feature"}, {"geometry": {"coordinates": [834231.2719999999, 815616.682], "type": "Point"}, "properties": {"DBH": 255, "LU_HMD": "Central", "ROAD_NAME": "ICE HOUSE STREET", "SPECIES_NAME": null, "TREE_ID": "RTR0098513"}, "type": "Feature"}, {"geometry": {"coordinates": [834234.5360000003, 815630.5920000002], "type": "Point"}, "properties": {"DBH": 236, "LU_HMD": "Central", "ROAD_NAME": "ICE HOUSE STREET", "SPECIES_NAME": null, "TREE_ID": "RTR0098514"}, "type": "Feature"}, {"geometry": {"coordinates": [834242.8480000002, 815628.2589999996], "type": "Point"}, "properties": {"DBH": 245, "LU_HMD": "Central", "ROAD_NAME": "ICE HOUSE STREET", "SPECIES_NAME": null, "TREE_ID": "RTR0098522"}, "type": "Feature"}, {"geometry": {"coordinates": [834218.9170000004, 815609.4609999992], "type": "Point"}, "properties": {"DBH": 150, "LU_HMD": "Central", "ROAD_NAME": "ICE HOUSE STREET", "SPECIES_NAME": null, "TREE_ID": "RTR0097753"}, "type": "Feature"}, {"geometry": {"coordinates": [834283.4950000001, 815635.0869999994], "type": "Point"}, "properties": {"DBH": 227, "LU_HMD": "Central", "ROAD_NAME": "ICE HOUSE STREET", "SPECIES_NAME": null, "TREE_ID": "RTR0097754"}, "type": "Feature"}, {"geometry": {"coordinates": [834277.7999999998, 815632.1970000006], "type": "Point"}, "properties": {"DBH": 561, "LU_HMD": "Central", "ROAD_NAME": "ICE HOUSE STREET", "SPECIES_NAME": null, "TREE_ID": "RTR0097755"}, "type": "Feature"}, {"geometry": {"coordinates": [834220.9780000001, 815624.3910000008], "type": "Point"}, "properties": {"DBH": 224, "LU_HMD": "Central", "ROAD_NAME": "ICE HOUSE STREET", "SPECIES_NAME": null, "TREE_ID": "RTR0097857"}, "type": "Feature"}, {"geometry": {"coordinates": [834342.852, 815456.5120000001], "type": "Point"}, "properties": {"DBH": 170, "LU_HMD": "Central", "ROAD_NAME": "UPPER ALBERT ROAD", "SPECIES_NAME": null, "TREE_ID": "RTR0098613"}, "type": "Feature"}, {"geometry": {"coordinates": [834346.2010000004, 815465.7219999991], "type": "Point"}, "properties": {"DBH": 96, "LU_HMD": "Central", "ROAD_NAME": "UPPER ALBERT ROAD", "SPECIES_NAME": null, "TREE_ID": "RTR0098616"}, "type": "Feature"}, {"geometry": {"coordinates": [834145.7470000004, 815618.8660000004], "type": "Point"}, "properties": {"DBH": 248, "LU_HMD": "Central", "ROAD_NAME": "ALBERT PATH", "SPECIES_NAME": null, "TREE_ID": "RTR0098230"}, "type": "Feature"}, {"geometry": {"coordinates": [834154.8210000005, 815606.7109999992], "type": "Point"}, "properties": {"DBH": 360, "LU_HMD": "Central", "ROAD_NAME": "ALBERT PATH", "SPECIES_NAME": null, "TREE_ID": "RTR0098231"}, "type": "Feature"}, {"geometry": {"coordinates": [834165.7319999998, 815605.4829999991], "type": "Point"}, "properties": {"DBH": 385, "LU_HMD": "Central", "ROAD_NAME": "ALBERT PATH", "SPECIES_NAME": null, "TREE_ID": "RTR0098232"}, "type": "Feature"}, {"geometry": {"coordinates": [834169.6009999998, 815605.0659999996], "type": "Point"}, "properties": {"DBH": 102, "LU_HMD": "Central", "ROAD_NAME": "ALBERT PATH", "SPECIES_NAME": null, "TREE_ID": "RTR0098237"}, "type": "Feature"}, {"geometry": {"coordinates": [834141.6749999998, 815624.3019999992], "type": "Point"}, "properties": {"DBH": 857, "LU_HMD": "Central", "ROAD_NAME": "ALBERT PATH", "SPECIES_NAME": null, "TREE_ID": "RTR0098240"}, "type": "Feature"}, {"geometry": {"coordinates": [834155.6370000001, 815617.568], "type": "Point"}, "properties": {"DBH": 150, "LU_HMD": "Central", "ROAD_NAME": "ALBERT PATH", "SPECIES_NAME": null, "TREE_ID": "RTR0098241"}, "type": "Feature"}, {"geometry": {"coordinates": [834165.1210000003, 815606.2070000004], "type": "Point"}, "properties": {"DBH": 146, "LU_HMD": "Central", "ROAD_NAME": "ALBERT PATH", "SPECIES_NAME": null, "TREE_ID": "RTR0098243"}, "type": "Feature"}, {"geometry": {"coordinates": [834148.233, 815612.3190000001], "type": "Point"}, "properties": {"DBH": 510, "LU_HMD": "Central", "ROAD_NAME": "ALBERT PATH", "SPECIES_NAME": null, "TREE_ID": "RTR0098244"}, "type": "Feature"}, {"geometry": {"coordinates": [834268.2989999996, 815656.4979999997], "type": "Point"}, "properties": {"DBH": 99, "LU_HMD": "Central", "ROAD_NAME": "ICE HOUSE STREET", "SPECIES_NAME": null, "TREE_ID": "RTR0098523"}, "type": "Feature"}, {"geometry": {"coordinates": [834233.2570000002, 815614.2870000005], "type": "Point"}, "properties": {"DBH": 176, "LU_HMD": "Central", "ROAD_NAME": "ICE HOUSE STREET", "SPECIES_NAME": null, "TREE_ID": "RTR0098525"}, "type": "Feature"}, {"geometry": {"coordinates": [834243.1840000004, 815637.5250000004], "type": "Point"}, "properties": {"DBH": 249, "LU_HMD": "Central", "ROAD_NAME": "ICE HOUSE STREET", "SPECIES_NAME": null, "TREE_ID": "RTR0098527"}, "type": "Feature"}, {"geometry": {"coordinates": [834225.2690000003, 815609.9609999992], "type": "Point"}, "properties": {"DBH": 178, "LU_HMD": "Central", "ROAD_NAME": "ICE HOUSE STREET", "SPECIES_NAME": null, "TREE_ID": "RTR0098528"}, "type": "Feature"}, {"geometry": {"coordinates": [834269.4709999999, 815632.0779999997], "type": "Point"}, "properties": {"DBH": 255, "LU_HMD": "Central", "ROAD_NAME": "ICE HOUSE STREET", "SPECIES_NAME": null, "TREE_ID": "RTR0097713"}, "type": "Feature"}, {"geometry": {"coordinates": [834263.7790000001, 815628.7660000008], "type": "Point"}, "properties": {"DBH": 226, "LU_HMD": "Central", "ROAD_NAME": "ICE HOUSE STREET", "SPECIES_NAME": null, "TREE_ID": "RTR0097714"}, "type": "Feature"}, {"geometry": {"coordinates": [834284.068, 815637.1420000009], "type": "Point"}, "properties": {"DBH": 210, "LU_HMD": "Central", "ROAD_NAME": "ICE HOUSE STREET", "SPECIES_NAME": null, "TREE_ID": "RTR0097715"}, "type": "Feature"}, {"geometry": {"coordinates": [834257.4170000004, 815626.6600000001], "type": "Point"}, "properties": {"DBH": 259, "LU_HMD": "Central", "ROAD_NAME": "ICE HOUSE STREET", "SPECIES_NAME": null, "TREE_ID": "RTR0097716"}, "type": "Feature"}, {"geometry": {"coordinates": [834342.7879999997, 815455.8890000004], "type": "Point"}, "properties": {"DBH": 105, "LU_HMD": "Central", "ROAD_NAME": "UPPER ALBERT ROAD", "SPECIES_NAME": null, "TREE_ID": "RTR0098618"}, "type": "Feature"}, {"geometry": {"coordinates": [834347.6629999997, 815471.6989999991], "type": "Point"}, "properties": {"DBH": 419, "LU_HMD": "Central", "ROAD_NAME": "UPPER ALBERT ROAD", "SPECIES_NAME": null, "TREE_ID": "RTR0098608"}, "type": "Feature"}, {"geometry": {"coordinates": [834338.085, 815453.909], "type": "Point"}, "properties": {"DBH": 207, "LU_HMD": "Central", "ROAD_NAME": "UPPER ALBERT ROAD", "SPECIES_NAME": null, "TREE_ID": "RTR0098610"}, "type": "Feature"}, {"geometry": {"coordinates": [834160.6840000004, 815610.8440000005], "type": "Point"}, "properties": {"DBH": 162, "LU_HMD": "Central", "ROAD_NAME": "ALBERT PATH", "SPECIES_NAME": null, "TREE_ID": "RTR0098247"}, "type": "Feature"}, {"geometry": {"coordinates": [834168.8480000002, 815602.3249999993], "type": "Point"}, "properties": {"DBH": 226, "LU_HMD": "Central", "ROAD_NAME": "ALBERT PATH", "SPECIES_NAME": null, "TREE_ID": "RTR0098214"}, "type": "Feature"}, {"geometry": {"coordinates": [834145.1560000004, 815621.6429999992], "type": "Point"}, "properties": {"DBH": 143, "LU_HMD": "Central", "ROAD_NAME": "ALBERT PATH", "SPECIES_NAME": null, "TREE_ID": "RTR0098218"}, "type": "Feature"}, {"geometry": {"coordinates": [834142.5810000002, 815623.8629999999], "type": "Point"}, "properties": {"DBH": 199, "LU_HMD": "Central", "ROAD_NAME": "ALBERT PATH", "SPECIES_NAME": null, "TREE_ID": "RTR0098219"}, "type": "Feature"}, {"geometry": {"coordinates": [834152.9170000004, 815612.2630000003], "type": "Point"}, "properties": {"DBH": 105, "LU_HMD": "Central", "ROAD_NAME": "ALBERT PATH", "SPECIES_NAME": null, "TREE_ID": "RTR0098223"}, "type": "Feature"}, {"geometry": {"coordinates": [834145.9819999998, 815601.2640000004], "type": "Point"}, "properties": {"DBH": 115, "LU_HMD": "Central", "ROAD_NAME": "ALBERT PATH", "SPECIES_NAME": null, "TREE_ID": "RTR0097329"}, "type": "Feature"}, {"geometry": {"coordinates": [834137.2189999996, 815611.5010000002], "type": "Point"}, "properties": {"DBH": 140, "LU_HMD": "Central", "ROAD_NAME": "ALBERT PATH", "SPECIES_NAME": null, "TREE_ID": "RTR0097330"}, "type": "Feature"}, {"geometry": {"coordinates": [834149.1849999996, 815592.4680000003], "type": "Point"}, "properties": {"DBH": 274, "LU_HMD": "Central", "ROAD_NAME": "ALBERT PATH", "SPECIES_NAME": null, "TREE_ID": "RTR0097331"}, "type": "Feature"}, {"geometry": {"coordinates": [834259.1069999998, 815625.9570000004], "type": "Point"}, "properties": {"DBH": 280, "LU_HMD": "Central", "ROAD_NAME": "ICE HOUSE STREET", "SPECIES_NAME": null, "TREE_ID": "RTR0097717"}, "type": "Feature"}, {"geometry": {"coordinates": [834248.8760000002, 815622.3859999999], "type": "Point"}, "properties": {"DBH": 232, "LU_HMD": "Central", "ROAD_NAME": "ICE HOUSE STREET", "SPECIES_NAME": null, "TREE_ID": "RTR0097718"}, "type": "Feature"}, {"geometry": {"coordinates": [834297.7429999998, 815637.1909999996], "type": "Point"}, "properties": {"DBH": 288, "LU_HMD": "Central", "ROAD_NAME": "ICE HOUSE STREET", "SPECIES_NAME": null, "TREE_ID": "RTR0097719"}, "type": "Feature"}, {"geometry": {"coordinates": [834252.7039999999, 815622.9749999996], "type": "Point"}, "properties": {"DBH": 150, "LU_HMD": "Central", "ROAD_NAME": "ICE HOUSE STREET", "SPECIES_NAME": null, "TREE_ID": "RTR0097720"}, "type": "Feature"}, {"geometry": {"coordinates": [834244.7529999996, 815639.3540000003], "type": "Point"}, "properties": {"DBH": 290, "LU_HMD": "Central", "ROAD_NAME": "ICE HOUSE STREET", "SPECIES_NAME": null, "TREE_ID": "RTR0098538"}, "type": "Feature"}, {"geometry": {"coordinates": [834267.506, 815655.6070000008], "type": "Point"}, "properties": {"DBH": 280, "LU_HMD": "Central", "ROAD_NAME": "ICE HOUSE STREET", "SPECIES_NAME": null, "TREE_ID": "RTR0098539"}, "type": "Feature"}, {"geometry": {"coordinates": [834254.21, 815646.5999999996], "type": "Point"}, "properties": {"DBH": 220, "LU_HMD": "Central", "ROAD_NAME": "ICE HOUSE STREET", "SPECIES_NAME": null, "TREE_ID": "RTR0098540"}, "type": "Feature"}, {"geometry": {"coordinates": [834252.7659999998, 815637.9059999995], "type": "Point"}, "properties": {"DBH": 252, "LU_HMD": "Central", "ROAD_NAME": "ICE HOUSE STREET", "SPECIES_NAME": null, "TREE_ID": "RTR0098541"}, "type": "Feature"}, {"geometry": {"coordinates": [834343.9680000003, 815456.432], "type": "Point"}, "properties": {"DBH": 96, "LU_HMD": "Central", "ROAD_NAME": "UPPER ALBERT ROAD", "SPECIES_NAME": null, "TREE_ID": "RTR0098638"}, "type": "Feature"}, {"geometry": {"coordinates": [834344.1610000003, 815449.4719999991], "type": "Point"}, "properties": {"DBH": 198, "LU_HMD": "Central", "ROAD_NAME": "UPPER ALBERT ROAD", "SPECIES_NAME": null, "TREE_ID": "RTR0098642"}, "type": "Feature"}, {"geometry": {"coordinates": [834164.7419999996, 815589.4120000005], "type": "Point"}, "properties": {"DBH": 274, "LU_HMD": "Central", "ROAD_NAME": "ALBERT PATH", "SPECIES_NAME": null, "TREE_ID": "RTR0097332"}, "type": "Feature"}, {"geometry": {"coordinates": [834149.4060000004, 815599.7200000007], "type": "Point"}, "properties": {"DBH": 255, "LU_HMD": "Central", "ROAD_NAME": "ALBERT PATH", "SPECIES_NAME": null, "TREE_ID": "RTR0097333"}, "type": "Feature"}, {"geometry": {"coordinates": [834162.1950000003, 815592.0629999992], "type": "Point"}, "properties": {"DBH": 245, "LU_HMD": "Central", "ROAD_NAME": "ALBERT PATH", "SPECIES_NAME": null, "TREE_ID": "RTR0097336"}, "type": "Feature"}, {"geometry": {"coordinates": [834135.2000000002, 815596.4100000001], "type": "Point"}, "properties": {"DBH": 150, "LU_HMD": "Central", "ROAD_NAME": "ALBERT PATH", "SPECIES_NAME": null, "TREE_ID": "RTR0095476"}, "type": "Feature"}, {"geometry": {"coordinates": [834160.9450000003, 815587.7980000004], "type": "Point"}, "properties": {"DBH": 175, "LU_HMD": "Central", "ROAD_NAME": "ALBERT PATH", "SPECIES_NAME": null, "TREE_ID": "RTR0097340"}, "type": "Feature"}, {"geometry": {"coordinates": [834156.4280000003, 815565.3049999997], "type": "Point"}, "properties": {"DBH": 96, "LU_HMD": "Central", "ROAD_NAME": "ALBERT PATH", "SPECIES_NAME": null, "TREE_ID": "RTR0095884"}, "type": "Feature"}, {"geometry": {"coordinates": [834158.9680000003, 815563.9800000004], "type": "Point"}, "properties": {"DBH": 381, "LU_HMD": "Central", "ROAD_NAME": "ALBERT PATH", "SPECIES_NAME": null, "TREE_ID": "RTR0095890"}, "type": "Feature"}, {"geometry": {"coordinates": [834158.8969999999, 815585.1630000006], "type": "Point"}, "properties": {"DBH": 223, "LU_HMD": "Central", "ROAD_NAME": "ALBERT PATH", "SPECIES_NAME": null, "TREE_ID": "RTR0097307"}, "type": "Feature"}, {"geometry": {"coordinates": [834258.8109999998, 815639.9140000008], "type": "Point"}, "properties": {"DBH": 236, "LU_HMD": "Central", "ROAD_NAME": "ICE HOUSE STREET", "SPECIES_NAME": null, "TREE_ID": "RTR0098542"}, "type": "Feature"}, {"geometry": {"coordinates": [834257.0520000001, 815639.6559999995], "type": "Point"}, "properties": {"DBH": 270, "LU_HMD": "Central", "ROAD_NAME": "ICE HOUSE STREET", "SPECIES_NAME": null, "TREE_ID": "RTR0098544"}, "type": "Feature"}, {"geometry": {"coordinates": [834226.0219999999, 815610.8100000005], "type": "Point"}, "properties": {"DBH": 173, "LU_HMD": "Central", "ROAD_NAME": "ICE HOUSE STREET", "SPECIES_NAME": null, "TREE_ID": "RTR0098545"}, "type": "Feature"}, {"geometry": {"coordinates": [834243.8449999997, 815620.625], "type": "Point"}, "properties": {"DBH": 305, "LU_HMD": "Central", "ROAD_NAME": "ICE HOUSE STREET", "SPECIES_NAME": null, "TREE_ID": "RTR0098547"}, "type": "Feature"}, {"geometry": {"coordinates": [834226.2249999996, 815615.0669999998], "type": "Point"}, "properties": {"DBH": 115, "LU_HMD": "Central", "ROAD_NAME": "ICE HOUSE STREET", "SPECIES_NAME": null, "TREE_ID": "RTR0098548"}, "type": "Feature"}, {"geometry": {"coordinates": [834240.79, 815629.9969999995], "type": "Point"}, "properties": {"DBH": 255, "LU_HMD": "Central", "ROAD_NAME": "ICE HOUSE STREET", "SPECIES_NAME": null, "TREE_ID": "RTR0098515"}, "type": "Feature"}, {"geometry": {"coordinates": [834249.1409999998, 815635.1710000001], "type": "Point"}, "properties": {"DBH": 290, "LU_HMD": "Central", "ROAD_NAME": "ICE HOUSE STREET", "SPECIES_NAME": null, "TREE_ID": "RTR0098516"}, "type": "Feature"}, {"geometry": {"coordinates": [834269.1150000002, 815655.8310000002], "type": "Point"}, "properties": {"DBH": 150, "LU_HMD": "Central", "ROAD_NAME": "ICE HOUSE STREET", "SPECIES_NAME": null, "TREE_ID": "RTR0098517"}, "type": "Feature"}, {"geometry": {"coordinates": [834337.676, 815455.0830000006], "type": "Point"}, "properties": {"DBH": 223, "LU_HMD": "Central", "ROAD_NAME": "UPPER ALBERT ROAD", "SPECIES_NAME": null, "TREE_ID": "RTR0098621"}, "type": "Feature"}, {"geometry": {"coordinates": [834134.0999999996, 815613.9220000003], "type": "Point"}, "properties": {"DBH": 102, "LU_HMD": "Central", "ROAD_NAME": "ALBERT PATH", "SPECIES_NAME": null, "TREE_ID": "RTR0097308"}, "type": "Feature"}, {"geometry": {"coordinates": [834149.1950000003, 815600.318], "type": "Point"}, "properties": {"DBH": 303, "LU_HMD": "Central", "ROAD_NAME": "ALBERT PATH", "SPECIES_NAME": null, "TREE_ID": "RTR0097309"}, "type": "Feature"}, {"geometry": {"coordinates": [834167.8650000002, 815591.6040000003], "type": "Point"}, "properties": {"DBH": 264, "LU_HMD": "Central", "ROAD_NAME": "ALBERT PATH", "SPECIES_NAME": null, "TREE_ID": "RTR0097311"}, "type": "Feature"}, {"geometry": {"coordinates": [834151.0530000003, 815592.648], "type": "Point"}, "properties": {"DBH": 105, "LU_HMD": "Central", "ROAD_NAME": "ALBERT PATH", "SPECIES_NAME": null, "TREE_ID": "RTR0097313"}, "type": "Feature"}, {"geometry": {"coordinates": [834154.3870000001, 815596.6219999995], "type": "Point"}, "properties": {"DBH": 127, "LU_HMD": "Central", "ROAD_NAME": "ALBERT PATH", "SPECIES_NAME": null, "TREE_ID": "RTR0097316"}, "type": "Feature"}, {"geometry": {"coordinates": [834157.2230000002, 815588.273], "type": "Point"}, "properties": {"DBH": 258, "LU_HMD": "Central", "ROAD_NAME": "ALBERT PATH", "SPECIES_NAME": null, "TREE_ID": "RTR0097318"}, "type": "Feature"}, {"geometry": {"coordinates": [834157.7189999996, 815584.523], "type": "Point"}, "properties": {"DBH": 274, "LU_HMD": "Central", "ROAD_NAME": "ALBERT PATH", "SPECIES_NAME": null, "TREE_ID": "RTR0097322"}, "type": "Feature"}, {"geometry": {"coordinates": [834158.0130000003, 815595.8440000005], "type": "Point"}, "properties": {"DBH": 183, "LU_HMD": "Central", "ROAD_NAME": "ALBERT PATH", "SPECIES_NAME": null, "TREE_ID": "RTR0097323"}, "type": "Feature"}, {"geometry": {"coordinates": [834243.1809999999, 815623.9309999999], "type": "Point"}, "properties": {"DBH": 260, "LU_HMD": "Central", "ROAD_NAME": "ICE HOUSE STREET", "SPECIES_NAME": null, "TREE_ID": "RTR0098520"}, "type": "Feature"}, {"geometry": {"coordinates": [834278.0250000004, 815634.3399999999], "type": "Point"}, "properties": {"DBH": 208, "LU_HMD": "Central", "ROAD_NAME": "ICE HOUSE STREET", "SPECIES_NAME": null, "TREE_ID": "RTR0097708"}, "type": "Feature"}, {"geometry": {"coordinates": [834274.2130000005, 815640.6779999994], "type": "Point"}, "properties": {"DBH": 204, "LU_HMD": "Central", "ROAD_NAME": "ICE HOUSE STREET", "SPECIES_NAME": null, "TREE_ID": "RTR0097709"}, "type": "Feature"}, {"geometry": {"coordinates": [834264.8470000001, 815647.3430000003], "type": "Point"}, "properties": {"DBH": 287, "LU_HMD": "Central", "ROAD_NAME": "ICE HOUSE STREET", "SPECIES_NAME": null, "TREE_ID": "RTR0098521"}, "type": "Feature"}, {"geometry": {"coordinates": [834251.4979999997, 815622.7229999993], "type": "Point"}, "properties": {"DBH": 146, "LU_HMD": "Central", "ROAD_NAME": "ICE HOUSE STREET", "SPECIES_NAME": null, "TREE_ID": "RTR0097710"}, "type": "Feature"}, {"geometry": {"coordinates": [834255.8399999999, 815625.9979999997], "type": "Point"}, "properties": {"DBH": 124, "LU_HMD": "Central", "ROAD_NAME": "ICE HOUSE STREET", "SPECIES_NAME": null, "TREE_ID": "RTR0097711"}, "type": "Feature"}, {"geometry": {"coordinates": [834255.307, 815623.5629999992], "type": "Point"}, "properties": {"DBH": 220, "LU_HMD": "Central", "ROAD_NAME": "ICE HOUSE STREET", "SPECIES_NAME": null, "TREE_ID": "RTR0097712"}, "type": "Feature"}, {"geometry": {"coordinates": [834284.4570000004, 815637.5419999994], "type": "Point"}, "properties": {"DBH": 169, "LU_HMD": "Central", "ROAD_NAME": "ICE HOUSE STREET", "SPECIES_NAME": null, "TREE_ID": "RTR0097721"}, "type": "Feature"}, {"geometry": {"coordinates": [834346.307, 815473.1830000002], "type": "Point"}, "properties": {"DBH": 155, "LU_HMD": "Central", "ROAD_NAME": "UPPER ALBERT ROAD", "SPECIES_NAME": null, "TREE_ID": "RTR0098626"}, "type": "Feature"}, {"geometry": {"coordinates": [834346.3430000003, 815469.3379999995], "type": "Point"}, "properties": {"DBH": 228, "LU_HMD": "Central", "ROAD_NAME": "UPPER ALBERT ROAD", "SPECIES_NAME": null, "TREE_ID": "RTR0098631"}, "type": "Feature"}, {"geometry": {"coordinates": [834151.6560000004, 815591.0559999999], "type": "Point"}, "properties": {"DBH": 264, "LU_HMD": "Central", "ROAD_NAME": "ALBERT PATH", "SPECIES_NAME": null, "TREE_ID": "RTR0097326"}, "type": "Feature"}, {"geometry": {"coordinates": [834159.8499999996, 815583.6500000004], "type": "Point"}, "properties": {"DBH": 201, "LU_HMD": "Central", "ROAD_NAME": "ALBERT PATH", "SPECIES_NAME": null, "TREE_ID": "RTR0097327"}, "type": "Feature"}, {"geometry": {"coordinates": [834160.898, 815582.7440000009], "type": "Point"}, "properties": {"DBH": 226, "LU_HMD": "Central", "ROAD_NAME": "ALBERT PATH", "SPECIES_NAME": null, "TREE_ID": "RTR0097328"}, "type": "Feature"}, {"geometry": {"coordinates": [834150.4869999997, 815595.4940000009], "type": "Point"}, "properties": {"DBH": 175, "LU_HMD": "Central", "ROAD_NAME": "ALBERT PATH", "SPECIES_NAME": null, "TREE_ID": "RTR0097341"}, "type": "Feature"}, {"geometry": {"coordinates": [834146.6749999998, 815595.1950000003], "type": "Point"}, "properties": {"DBH": 264, "LU_HMD": "Central", "ROAD_NAME": "ALBERT PATH", "SPECIES_NAME": null, "TREE_ID": "RTR0097343"}, "type": "Feature"}, {"geometry": {"coordinates": [834143.2580000004, 815606.2200000007], "type": "Point"}, "properties": {"DBH": 102, "LU_HMD": "Central", "ROAD_NAME": "ALBERT PATH", "SPECIES_NAME": null, "TREE_ID": "RTR0097344"}, "type": "Feature"}, {"geometry": {"coordinates": [834168.2960000001, 815591.0270000007], "type": "Point"}, "properties": {"DBH": 172, "LU_HMD": "Central", "ROAD_NAME": "ALBERT PATH", "SPECIES_NAME": null, "TREE_ID": "RTR0097345"}, "type": "Feature"}, {"geometry": {"coordinates": [834153.0690000001, 815593.6879999992], "type": "Point"}, "properties": {"DBH": 293, "LU_HMD": "Central", "ROAD_NAME": "ALBERT PATH", "SPECIES_NAME": null, "TREE_ID": "RTR0097351"}, "type": "Feature"}, {"geometry": {"coordinates": [834248.7640000004, 815621.284], "type": "Point"}, "properties": {"DBH": 343, "LU_HMD": "Central", "ROAD_NAME": "ICE HOUSE STREET", "SPECIES_NAME": null, "TREE_ID": "RTR0097723"}, "type": "Feature"}, {"geometry": {"coordinates": [834282.6339999996, 815634.1410000008], "type": "Point"}, "properties": {"DBH": 187, "LU_HMD": "Central", "ROAD_NAME": "ICE HOUSE STREET", "SPECIES_NAME": null, "TREE_ID": "RTR0097725"}, "type": "Feature"}, {"geometry": {"coordinates": [834249.7319999998, 815620.6989999991], "type": "Point"}, "properties": {"DBH": 150, "LU_HMD": "Central", "ROAD_NAME": "ICE HOUSE STREET", "SPECIES_NAME": null, "TREE_ID": "RTR0097726"}, "type": "Feature"}, {"geometry": {"coordinates": [834263.9979999997, 815630.7919999994], "type": "Point"}, "properties": {"DBH": 270, "LU_HMD": "Central", "ROAD_NAME": "ICE HOUSE STREET", "SPECIES_NAME": null, "TREE_ID": "RTR0097728"}, "type": "Feature"}, {"geometry": {"coordinates": [834284.8300000001, 815643.4199999999], "type": "Point"}, "properties": {"DBH": 287, "LU_HMD": "Central", "ROAD_NAME": "ICE HOUSE STREET", "SPECIES_NAME": null, "TREE_ID": "RTR0097729"}, "type": "Feature"}, {"geometry": {"coordinates": [834253.7230000002, 815622.4810000006], "type": "Point"}, "properties": {"DBH": 121, "LU_HMD": "Central", "ROAD_NAME": "ICE HOUSE STREET", "SPECIES_NAME": null, "TREE_ID": "RTR0097730"}, "type": "Feature"}, {"geometry": {"coordinates": [834252.8959999997, 815628.1520000007], "type": "Point"}, "properties": {"DBH": 253, "LU_HMD": "Central", "ROAD_NAME": "ICE HOUSE STREET", "SPECIES_NAME": null, "TREE_ID": "RTR0097731"}, "type": "Feature"}, {"geometry": {"coordinates": [834254.7829999998, 815624.0030000005], "type": "Point"}, "properties": {"DBH": 96, "LU_HMD": "Central", "ROAD_NAME": "ICE HOUSE STREET", "SPECIES_NAME": null, "TREE_ID": "RTR0097732"}, "type": "Feature"}, {"geometry": {"coordinates": [833985.6490000002, 815628.1769999992], "type": "Point"}, "properties": {"DBH": 415, "LU_HMD": "Central", "ROAD_NAME": "ARBUTHNOT ROAD", "SPECIES_NAME": null, "TREE_ID": "RTR0095938"}, "type": "Feature"}, {"geometry": {"coordinates": [834188.9840000002, 815644.1510000005], "type": "Point"}, "properties": {"DBH": 484, "LU_HMD": "Central", "ROAD_NAME": "ICE HOUSE STREET", "SPECIES_NAME": null, "TREE_ID": "RTR0098037"}, "type": "Feature"}, {"geometry": {"coordinates": [834444.8669999996, 815654.4480000008], "type": "Point"}, "properties": {"DBH": 127, "LU_HMD": "Central", "ROAD_NAME": " ", "SPECIES_NAME": null, "TREE_ID": "RTR0098584"}, "type": "Feature"}, {"geometry": {"coordinates": [834435.1660000002, 815658.7819999997], "type": "Point"}, "properties": {"DBH": 388, "LU_HMD": "Central", "ROAD_NAME": " ", "SPECIES_NAME": null, "TREE_ID": "RTR0098596"}, "type": "Feature"}, {"geometry": {"coordinates": [834437.9519999996, 815663.2589999996], "type": "Point"}, "properties": {"DBH": 271, "LU_HMD": "Central", "ROAD_NAME": " ", "SPECIES_NAME": null, "TREE_ID": "RTR0102060"}, "type": "Feature"}, {"geometry": {"coordinates": [834328.1950000003, 815694.9879999999], "type": "Point"}, "properties": {"DBH": 126, "LU_HMD": "Central", "ROAD_NAME": " ", "SPECIES_NAME": null, "TREE_ID": "RTR0102090"}, "type": "Feature"}, {"geometry": {"coordinates": [834157.6090000002, 815591.0969999991], "type": "Point"}, "properties": {"DBH": 268, "LU_HMD": "Central", "ROAD_NAME": "ALBERT PATH", "SPECIES_NAME": null, "TREE_ID": "RTR0097353"}, "type": "Feature"}, {"geometry": {"coordinates": [834160.6090000002, 815590.9360000007], "type": "Point"}, "properties": {"DBH": 271, "LU_HMD": "Central", "ROAD_NAME": "ALBERT PATH", "SPECIES_NAME": null, "TREE_ID": "RTR0097354"}, "type": "Feature"}, {"geometry": {"coordinates": [834159.9400000004, 815586.9739999995], "type": "Point"}, "properties": {"DBH": 271, "LU_HMD": "Central", "ROAD_NAME": "ALBERT PATH", "SPECIES_NAME": null, "TREE_ID": "RTR0097355"}, "type": "Feature"}, {"geometry": {"coordinates": [834159.4009999996, 815601.3910000008], "type": "Point"}, "properties": {"DBH": 134, "LU_HMD": "Central", "ROAD_NAME": "ALBERT PATH", "SPECIES_NAME": null, "TREE_ID": "RTR0097757"}, "type": "Feature"}, {"geometry": {"coordinates": [834144.2489999998, 815588.5859999992], "type": "Point"}, "properties": {"DBH": 170, "LU_HMD": "Central", "ROAD_NAME": "ALBERT PATH", "SPECIES_NAME": null, "TREE_ID": "RTR0097759"}, "type": "Feature"}, {"geometry": {"coordinates": [834131.9919999996, 815600.1559999995], "type": "Point"}, "properties": {"DBH": 924, "LU_HMD": "Central", "ROAD_NAME": "ALBERT PATH", "SPECIES_NAME": null, "TREE_ID": "RTR0097760"}, "type": "Feature"}, {"geometry": {"coordinates": [834138.5300000003, 815592.9969999995], "type": "Point"}, "properties": {"DBH": 252, "LU_HMD": "Central", "ROAD_NAME": "ALBERT PATH", "SPECIES_NAME": null, "TREE_ID": "RTR0097762"}, "type": "Feature"}, {"geometry": {"coordinates": [834146.3260000004, 815580.307], "type": "Point"}, "properties": {"DBH": 207, "LU_HMD": "Central", "ROAD_NAME": "ALBERT PATH", "SPECIES_NAME": null, "TREE_ID": "RTR0097763"}, "type": "Feature"}, {"geometry": {"coordinates": [834284.7920000004, 815635.4849999994], "type": "Point"}, "properties": {"DBH": 162, "LU_HMD": "Central", "ROAD_NAME": "ICE HOUSE STREET", "SPECIES_NAME": null, "TREE_ID": "RTR0097734"}, "type": "Feature"}, {"geometry": {"coordinates": [834262.1720000003, 815625.5690000001], "type": "Point"}, "properties": {"DBH": 117, "LU_HMD": "Central", "ROAD_NAME": "ICE HOUSE STREET", "SPECIES_NAME": null, "TREE_ID": "RTR0097736"}, "type": "Feature"}, {"geometry": {"coordinates": [834282.3449999997, 815640.0270000007], "type": "Point"}, "properties": {"DBH": 260, "LU_HMD": "Central", "ROAD_NAME": "ICE HOUSE STREET", "SPECIES_NAME": null, "TREE_ID": "RTR0097737"}, "type": "Feature"}, {"geometry": {"coordinates": [834276.267, 815645.4829999991], "type": "Point"}, "properties": {"DBH": 162, "LU_HMD": "Central", "ROAD_NAME": "ICE HOUSE STREET", "SPECIES_NAME": null, "TREE_ID": "RTR0097738"}, "type": "Feature"}, {"geometry": {"coordinates": [834281.8669999996, 815634.5360000003], "type": "Point"}, "properties": {"DBH": 168, "LU_HMD": "Central", "ROAD_NAME": "ICE HOUSE STREET", "SPECIES_NAME": null, "TREE_ID": "RTR0097739"}, "type": "Feature"}, {"geometry": {"coordinates": [834289.7869999995, 815637.0580000002], "type": "Point"}, "properties": {"DBH": 96, "LU_HMD": "Central", "ROAD_NAME": "ICE HOUSE STREET", "SPECIES_NAME": null, "TREE_ID": "RTR0097740"}, "type": "Feature"}, {"geometry": {"coordinates": [834263.1409999998, 815629.3019999992], "type": "Point"}, "properties": {"DBH": 250, "LU_HMD": "Central", "ROAD_NAME": "ICE HOUSE STREET", "SPECIES_NAME": null, "TREE_ID": "RTR0097741"}, "type": "Feature"}, {"geometry": {"coordinates": [834251.9709999999, 815621.4700000007], "type": "Point"}, "properties": {"DBH": 158, "LU_HMD": "Central", "ROAD_NAME": "ICE HOUSE STREET", "SPECIES_NAME": null, "TREE_ID": "RTR0097742"}, "type": "Feature"}, {"geometry": {"coordinates": [834369.1160000004, 815683.9590000007], "type": "Point"}, "properties": {"DBH": 124, "LU_HMD": "Central", "ROAD_NAME": " ", "SPECIES_NAME": null, "TREE_ID": "RTR0102091"}, "type": "Feature"}, {"geometry": {"coordinates": [834455.0930000003, 815654.6720000003], "type": "Point"}, "properties": {"DBH": 169, "LU_HMD": "Central", "ROAD_NAME": " ", "SPECIES_NAME": null, "TREE_ID": "RTR0102096"}, "type": "Feature"}, {"geometry": {"coordinates": [834447.1890000002, 815658.2029999997], "type": "Point"}, "properties": {"DBH": 111, "LU_HMD": "Central", "ROAD_NAME": " ", "SPECIES_NAME": null, "TREE_ID": "RTR0102097"}, "type": "Feature"}, {"geometry": {"coordinates": [834414.9649999999, 815666.1109999996], "type": "Point"}, "properties": {"DBH": 201, "LU_HMD": "Central", "ROAD_NAME": " ", "SPECIES_NAME": null, "TREE_ID": "RTR0102103"}, "type": "Feature"}, {"geometry": {"coordinates": [834443.2010000004, 815659.2200000007], "type": "Point"}, "properties": {"DBH": 223, "LU_HMD": "Central", "ROAD_NAME": " ", "SPECIES_NAME": null, "TREE_ID": "RTR0102104"}, "type": "Feature"}, {"geometry": {"coordinates": [834345.9680000003, 815689.9149999991], "type": "Point"}, "properties": {"DBH": 223, "LU_HMD": "Central", "ROAD_NAME": " ", "SPECIES_NAME": null, "TREE_ID": "RTR0102105"}, "type": "Feature"}, {"geometry": {"coordinates": [834448.3099999996, 815656.0040000007], "type": "Point"}, "properties": {"DBH": 232, "LU_HMD": "Central", "ROAD_NAME": " ", "SPECIES_NAME": null, "TREE_ID": "RTR0102108"}, "type": "Feature"}, {"geometry": {"coordinates": [834432.4970000004, 815663.3920000009], "type": "Point"}, "properties": {"DBH": 113, "LU_HMD": "Central", "ROAD_NAME": " ", "SPECIES_NAME": null, "TREE_ID": "RTR0102109"}, "type": "Feature"}, {"geometry": {"coordinates": [834147.1490000002, 815585.6160000004], "type": "Point"}, "properties": {"DBH": 242, "LU_HMD": "Central", "ROAD_NAME": "ALBERT PATH", "SPECIES_NAME": null, "TREE_ID": "RTR0097765"}, "type": "Feature"}, {"geometry": {"coordinates": [834158.4670000002, 815570.2200000007], "type": "Point"}, "properties": {"DBH": 115, "LU_HMD": "Central", "ROAD_NAME": "ALBERT PATH", "SPECIES_NAME": null, "TREE_ID": "RTR0097766"}, "type": "Feature"}, {"geometry": {"coordinates": [834136.426, 815622.648], "type": "Point"}, "properties": {"DBH": 849, "LU_HMD": "Central", "ROAD_NAME": "ALBERT PATH", "SPECIES_NAME": null, "TREE_ID": "RTR0097768"}, "type": "Feature"}, {"geometry": {"coordinates": [834150.0360000003, 815581.068], "type": "Point"}, "properties": {"DBH": 309, "LU_HMD": "Central", "ROAD_NAME": "ALBERT PATH", "SPECIES_NAME": null, "TREE_ID": "RTR0097774"}, "type": "Feature"}, {"geometry": {"coordinates": [834141.193, 815594.2420000006], "type": "Point"}, "properties": {"DBH": 258, "LU_HMD": "Central", "ROAD_NAME": "ALBERT PATH", "SPECIES_NAME": null, "TREE_ID": "RTR0097776"}, "type": "Feature"}, {"geometry": {"coordinates": [834143.3729999997, 815590.2850000001], "type": "Point"}, "properties": {"DBH": 140, "LU_HMD": "Central", "ROAD_NAME": "ALBERT PATH", "SPECIES_NAME": null, "TREE_ID": "RTR0097777"}, "type": "Feature"}, {"geometry": {"coordinates": [834148.2790000001, 815578.5069999993], "type": "Point"}, "properties": {"DBH": 245, "LU_HMD": "Central", "ROAD_NAME": "ALBERT PATH", "SPECIES_NAME": null, "TREE_ID": "RTR0097778"}, "type": "Feature"}, {"geometry": {"coordinates": [834139.5920000002, 815599.6769999992], "type": "Point"}, "properties": {"DBH": 299, "LU_HMD": "Central", "ROAD_NAME": "ALBERT PATH", "SPECIES_NAME": null, "TREE_ID": "RTR0097779"}, "type": "Feature"}, {"geometry": {"coordinates": [834218.7010000004, 815608.5299999993], "type": "Point"}, "properties": {"DBH": 232, "LU_HMD": "Central", "ROAD_NAME": "ICE HOUSE STREET", "SPECIES_NAME": null, "TREE_ID": "RTR0097743"}, "type": "Feature"}, {"geometry": {"coordinates": [834170.6009999998, 815642.0610000007], "type": "Point"}, "properties": {"DBH": 163, "LU_HMD": "Central", "ROAD_NAME": "ICE HOUSE STREET", "SPECIES_NAME": null, "TREE_ID": "RTR0098030"}, "type": "Feature"}, {"geometry": {"coordinates": [834260.0049999999, 815642.6899999995], "type": "Point"}, "properties": {"DBH": 260, "LU_HMD": "Central", "ROAD_NAME": "ICE HOUSE STREET", "SPECIES_NAME": null, "TREE_ID": "RTR0098550"}, "type": "Feature"}, {"geometry": {"coordinates": [834224.0959999999, 815613.4289999995], "type": "Point"}, "properties": {"DBH": 188, "LU_HMD": "Central", "ROAD_NAME": "ICE HOUSE STREET", "SPECIES_NAME": null, "TREE_ID": "RTR0097875"}, "type": "Feature"}, {"geometry": {"coordinates": [834218.193, 815612.9350000005], "type": "Point"}, "properties": {"DBH": 102, "LU_HMD": "Central", "ROAD_NAME": "ICE HOUSE STREET", "SPECIES_NAME": null, "TREE_ID": "RTR0097876"}, "type": "Feature"}, {"geometry": {"coordinates": [834171.5099999998, 815624.0739999991], "type": "Point"}, "properties": {"DBH": 150, "LU_HMD": "Central", "ROAD_NAME": "ICE HOUSE STREET", "SPECIES_NAME": null, "TREE_ID": "RTR0098031"}, "type": "Feature"}, {"geometry": {"coordinates": [834181.3080000002, 815631.4020000007], "type": "Point"}, "properties": {"DBH": 203, "LU_HMD": "Central", "ROAD_NAME": "ICE HOUSE STREET", "SPECIES_NAME": null, "TREE_ID": "RTR0098032"}, "type": "Feature"}, {"geometry": {"coordinates": [834192.5499999998, 815616.0669999998], "type": "Point"}, "properties": {"DBH": 211, "LU_HMD": "Central", "ROAD_NAME": "ICE HOUSE STREET", "SPECIES_NAME": null, "TREE_ID": "RTR0098033"}, "type": "Feature"}, {"geometry": {"coordinates": [834442.8480000002, 815656.0749999993], "type": "Point"}, "properties": {"DBH": 204, "LU_HMD": "Central", "ROAD_NAME": " ", "SPECIES_NAME": null, "TREE_ID": "RTR0098564"}, "type": "Feature"}, {"geometry": {"coordinates": [834451.0800000001, 815656.2459999993], "type": "Point"}, "properties": {"DBH": 182, "LU_HMD": "Central", "ROAD_NAME": " ", "SPECIES_NAME": null, "TREE_ID": "RTR0102062"}, "type": "Feature"}, {"geometry": {"coordinates": [834447.9550000001, 815656.2259999998], "type": "Point"}, "properties": {"DBH": 242, "LU_HMD": "Central", "ROAD_NAME": " ", "SPECIES_NAME": null, "TREE_ID": "RTR0102067"}, "type": "Feature"}, {"geometry": {"coordinates": [834394.2300000004, 815678.2579999994], "type": "Point"}, "properties": {"DBH": 216, "LU_HMD": "Central", "ROAD_NAME": " ", "SPECIES_NAME": null, "TREE_ID": "RTR0102068"}, "type": "Feature"}, {"geometry": {"coordinates": [834433.9519999996, 815661.3289999999], "type": "Point"}, "properties": {"DBH": 207, "LU_HMD": "Central", "ROAD_NAME": " ", "SPECIES_NAME": null, "TREE_ID": "RTR0102070"}, "type": "Feature"}, {"geometry": {"coordinates": [834386.0209999997, 815680.3230000008], "type": "Point"}, "properties": {"DBH": 185, "LU_HMD": "Central", "ROAD_NAME": " ", "SPECIES_NAME": null, "TREE_ID": "RTR0102071"}, "type": "Feature"}, {"geometry": {"coordinates": [834362.4500000002, 815684.5940000005], "type": "Point"}, "properties": {"DBH": 271, "LU_HMD": "Central", "ROAD_NAME": " ", "SPECIES_NAME": null, "TREE_ID": "RTR0102072"}, "type": "Feature"}, {"geometry": {"coordinates": [834410.3909999998, 815668.4440000001], "type": "Point"}, "properties": {"DBH": 210, "LU_HMD": "Central", "ROAD_NAME": " ", "SPECIES_NAME": null, "TREE_ID": "RTR0102073"}, "type": "Feature"}, {"geometry": {"coordinates": [834148.648, 815578.8450000007], "type": "Point"}, "properties": {"DBH": 198, "LU_HMD": "Central", "ROAD_NAME": "ALBERT PATH", "SPECIES_NAME": null, "TREE_ID": "RTR0097781"}, "type": "Feature"}, {"geometry": {"coordinates": [834149.6220000004, 815584.5030000005], "type": "Point"}, "properties": {"DBH": 255, "LU_HMD": "Central", "ROAD_NAME": "ALBERT PATH", "SPECIES_NAME": null, "TREE_ID": "RTR0097783"}, "type": "Feature"}, {"geometry": {"coordinates": [834137.125, 815588.5289999992], "type": "Point"}, "properties": {"DBH": 220, "LU_HMD": "Central", "ROAD_NAME": "ALBERT PATH", "SPECIES_NAME": null, "TREE_ID": "RTR0097784"}, "type": "Feature"}, {"geometry": {"coordinates": [834147.6730000004, 815581.2850000001], "type": "Point"}, "properties": {"DBH": 194, "LU_HMD": "Central", "ROAD_NAME": "ALBERT PATH", "SPECIES_NAME": null, "TREE_ID": "RTR0097785"}, "type": "Feature"}, {"geometry": {"coordinates": [834137.716, 815590.7449999992], "type": "Point"}, "properties": {"DBH": 239, "LU_HMD": "Central", "ROAD_NAME": "ALBERT PATH", "SPECIES_NAME": null, "TREE_ID": "RTR0097786"}, "type": "Feature"}, {"geometry": {"coordinates": [834138.0070000002, 815601.693], "type": "Point"}, "properties": {"DBH": 350, "LU_HMD": "Central", "ROAD_NAME": "ALBERT PATH", "SPECIES_NAME": null, "TREE_ID": "RTR0097787"}, "type": "Feature"}, {"geometry": {"coordinates": [834144.4620000003, 815581.7149999999], "type": "Point"}, "properties": {"DBH": 150, "LU_HMD": "Central", "ROAD_NAME": "ALBERT PATH", "SPECIES_NAME": null, "TREE_ID": "RTR0097788"}, "type": "Feature"}, {"geometry": {"coordinates": [834152.0599999996, 815578.1830000002], "type": "Point"}, "properties": {"DBH": 253, "LU_HMD": "Central", "ROAD_NAME": "ALBERT PATH", "SPECIES_NAME": null, "TREE_ID": "RTR0097791"}, "type": "Feature"}, {"geometry": {"coordinates": [834177.9819999998, 815634.3000000007], "type": "Point"}, "properties": {"DBH": 185, "LU_HMD": "Central", "ROAD_NAME": "ICE HOUSE STREET", "SPECIES_NAME": null, "TREE_ID": "RTR0098034"}, "type": "Feature"}, {"geometry": {"coordinates": [834179.5240000002, 815630.0209999997], "type": "Point"}, "properties": {"DBH": 199, "LU_HMD": "Central", "ROAD_NAME": "ICE HOUSE STREET", "SPECIES_NAME": null, "TREE_ID": "RTR0098035"}, "type": "Feature"}, {"geometry": {"coordinates": [834195.3600000003, 815617.5370000005], "type": "Point"}, "properties": {"DBH": 261, "LU_HMD": "Central", "ROAD_NAME": "ICE HOUSE STREET", "SPECIES_NAME": null, "TREE_ID": "RTR0097877"}, "type": "Feature"}, {"geometry": {"coordinates": [834198.943, 815617.7210000008], "type": "Point"}, "properties": {"DBH": 206, "LU_HMD": "Central", "ROAD_NAME": "ICE HOUSE STREET", "SPECIES_NAME": null, "TREE_ID": "RTR0097879"}, "type": "Feature"}, {"geometry": {"coordinates": [834221.034, 815622.3450000007], "type": "Point"}, "properties": {"DBH": 264, "LU_HMD": "Central", "ROAD_NAME": "ICE HOUSE STREET", "SPECIES_NAME": null, "TREE_ID": "RTR0097880"}, "type": "Feature"}, {"geometry": {"coordinates": [834228.2620000001, 815626.1940000001], "type": "Point"}, "properties": {"DBH": 175, "LU_HMD": "Central", "ROAD_NAME": "ICE HOUSE STREET", "SPECIES_NAME": null, "TREE_ID": "RTR0097881"}, "type": "Feature"}, {"geometry": {"coordinates": [834213.8650000002, 815609.3959999997], "type": "Point"}, "properties": {"DBH": 191, "LU_HMD": "Central", "ROAD_NAME": "ICE HOUSE STREET", "SPECIES_NAME": null, "TREE_ID": "RTR0097882"}, "type": "Feature"}, {"geometry": {"coordinates": [834199.1359999999, 815623.4629999995], "type": "Point"}, "properties": {"DBH": 96, "LU_HMD": "Central", "ROAD_NAME": "ICE HOUSE STREET", "SPECIES_NAME": null, "TREE_ID": "RTR0097883"}, "type": "Feature"}, {"geometry": {"coordinates": [834377.9740000004, 815680.4739999995], "type": "Point"}, "properties": {"DBH": 320, "LU_HMD": "Central", "ROAD_NAME": " ", "SPECIES_NAME": null, "TREE_ID": "RTR0102075"}, "type": "Feature"}, {"geometry": {"coordinates": [834454.4289999995, 815648.9299999997], "type": "Point"}, "properties": {"DBH": 113, "LU_HMD": "Central", "ROAD_NAME": " ", "SPECIES_NAME": null, "TREE_ID": "RTR0102076"}, "type": "Feature"}, {"geometry": {"coordinates": [834426.0539999995, 815660.4629999995], "type": "Point"}, "properties": {"DBH": 1019, "LU_HMD": "Central", "ROAD_NAME": " ", "SPECIES_NAME": null, "TREE_ID": "RTR0102077"}, "type": "Feature"}, {"geometry": {"coordinates": [834458.3669999996, 815651.8969999999], "type": "Point"}, "properties": {"DBH": 137, "LU_HMD": "Central", "ROAD_NAME": " ", "SPECIES_NAME": null, "TREE_ID": "RTR0102079"}, "type": "Feature"}, {"geometry": {"coordinates": [834412.7089999998, 815667.1539999992], "type": "Point"}, "properties": {"DBH": 732, "LU_HMD": "Central", "ROAD_NAME": " ", "SPECIES_NAME": null, "TREE_ID": "RTR0102081"}, "type": "Feature"}, {"geometry": {"coordinates": [834366.5420000004, 815685.6309999991], "type": "Point"}, "properties": {"DBH": 102, "LU_HMD": "Central", "ROAD_NAME": " ", "SPECIES_NAME": null, "TREE_ID": "RTR0102083"}, "type": "Feature"}, {"geometry": {"coordinates": [834445.352, 815659.3660000004], "type": "Point"}, "properties": {"DBH": 223, "LU_HMD": "Central", "ROAD_NAME": " ", "SPECIES_NAME": null, "TREE_ID": "RTR0102084"}, "type": "Feature"}, {"geometry": {"coordinates": [834390.5010000002, 815678.7249999996], "type": "Point"}, "properties": {"DBH": 828, "LU_HMD": "Central", "ROAD_NAME": " ", "SPECIES_NAME": null, "TREE_ID": "RTR0102085"}, "type": "Feature"}, {"geometry": {"coordinates": [834139.8530000001, 815587.3129999992], "type": "Point"}, "properties": {"DBH": 230, "LU_HMD": "Central", "ROAD_NAME": "ALBERT PATH", "SPECIES_NAME": null, "TREE_ID": "RTR0097795"}, "type": "Feature"}, {"geometry": {"coordinates": [834140.7489999998, 815588.5999999996], "type": "Point"}, "properties": {"DBH": 318, "LU_HMD": "Central", "ROAD_NAME": "ALBERT PATH", "SPECIES_NAME": null, "TREE_ID": "RTR0097796"}, "type": "Feature"}, {"geometry": {"coordinates": [834145.3509999998, 815587.6359999999], "type": "Point"}, "properties": {"DBH": 232, "LU_HMD": "Central", "ROAD_NAME": "ALBERT PATH", "SPECIES_NAME": null, "TREE_ID": "RTR0097798"}, "type": "Feature"}, {"geometry": {"coordinates": [834150.4129999997, 815583.4700000007], "type": "Point"}, "properties": {"DBH": 201, "LU_HMD": "Central", "ROAD_NAME": "ALBERT PATH", "SPECIES_NAME": null, "TREE_ID": "RTR0097799"}, "type": "Feature"}, {"geometry": {"coordinates": [834158.8459999999, 815601.8249999993], "type": "Point"}, "properties": {"DBH": 268, "LU_HMD": "Central", "ROAD_NAME": "ALBERT PATH", "SPECIES_NAME": null, "TREE_ID": "RTR0097801"}, "type": "Feature"}, {"geometry": {"coordinates": [834147.1059999997, 815687.2070000004], "type": "Point"}, "properties": {"DBH": 700, "LU_HMD": "Central", "ROAD_NAME": "LOWER ALBERT ROAD", "SPECIES_NAME": null, "TREE_ID": "RTR0098036"}, "type": "Feature"}, {"geometry": {"coordinates": [834221.0719999997, 815623.7990000006], "type": "Point"}, "properties": {"DBH": 166, "LU_HMD": "Central", "ROAD_NAME": "ICE HOUSE STREET", "SPECIES_NAME": null, "TREE_ID": "RTR0097884"}, "type": "Feature"}, {"geometry": {"coordinates": [834201.5089999996, 815615.9719999991], "type": "Point"}, "properties": {"DBH": 178, "LU_HMD": "Central", "ROAD_NAME": "ICE HOUSE STREET", "SPECIES_NAME": null, "TREE_ID": "RTR0097885"}, "type": "Feature"}, {"geometry": {"coordinates": [834197.6119999997, 815614.0649999995], "type": "Point"}, "properties": {"DBH": 280, "LU_HMD": "Central", "ROAD_NAME": "ICE HOUSE STREET", "SPECIES_NAME": null, "TREE_ID": "RTR0097886"}, "type": "Feature"}, {"geometry": {"coordinates": [834197.5020000003, 815623.9360000007], "type": "Point"}, "properties": {"DBH": 238, "LU_HMD": "Central", "ROAD_NAME": "ICE HOUSE STREET", "SPECIES_NAME": null, "TREE_ID": "RTR0097888"}, "type": "Feature"}, {"geometry": {"coordinates": [834216.0209999997, 815618.9480000008], "type": "Point"}, "properties": {"DBH": 118, "LU_HMD": "Central", "ROAD_NAME": "ICE HOUSE STREET", "SPECIES_NAME": null, "TREE_ID": "RTR0097889"}, "type": "Feature"}, {"geometry": {"coordinates": [834215.4309999999, 815610.9629999995], "type": "Point"}, "properties": {"DBH": 264, "LU_HMD": "Central", "ROAD_NAME": "ICE HOUSE STREET", "SPECIES_NAME": null, "TREE_ID": "RTR0097890"}, "type": "Feature"}, {"geometry": {"coordinates": [834205.1909999996, 815613.5950000007], "type": "Point"}, "properties": {"DBH": 178, "LU_HMD": "Central", "ROAD_NAME": "ICE HOUSE STREET", "SPECIES_NAME": null, "TREE_ID": "RTR0097892"}, "type": "Feature"}, {"geometry": {"coordinates": [834210.8859999999, 815622.5539999995], "type": "Point"}, "properties": {"DBH": 234, "LU_HMD": "Central", "ROAD_NAME": "ICE HOUSE STREET", "SPECIES_NAME": null, "TREE_ID": "RTR0097893"}, "type": "Feature"}, {"geometry": {"coordinates": [834455.756, 815648.0449999999], "type": "Point"}, "properties": {"DBH": 242, "LU_HMD": "Central", "ROAD_NAME": " ", "SPECIES_NAME": null, "TREE_ID": "RTR0102086"}, "type": "Feature"}, {"geometry": {"coordinates": [834393.1409999998, 815676.4149999991], "type": "Point"}, "properties": {"DBH": 175, "LU_HMD": "Central", "ROAD_NAME": " ", "SPECIES_NAME": null, "TREE_ID": "RTR0102087"}, "type": "Feature"}, {"geometry": {"coordinates": [834348.3269999996, 815687.943], "type": "Point"}, "properties": {"DBH": 143, "LU_HMD": "Central", "ROAD_NAME": " ", "SPECIES_NAME": null, "TREE_ID": "RTR0102088"}, "type": "Feature"}, {"geometry": {"coordinates": [834173.9409999996, 815602.5089999996], "type": "Point"}, "properties": {"DBH": 182, "LU_HMD": "Central", "ROAD_NAME": "LOWER ALBERT ROAD", "SPECIES_NAME": null, "TREE_ID": "RTR0098208"}, "type": "Feature"}, {"geometry": {"coordinates": [834169.7249999996, 815610.9849999994], "type": "Point"}, "properties": {"DBH": 239, "LU_HMD": "Central", "ROAD_NAME": "LOWER ALBERT ROAD", "SPECIES_NAME": null, "TREE_ID": "RTR0098212"}, "type": "Feature"}, {"geometry": {"coordinates": [834176.3059999999, 815600.0199999996], "type": "Point"}, "properties": {"DBH": 258, "LU_HMD": "Central", "ROAD_NAME": "LOWER ALBERT ROAD", "SPECIES_NAME": null, "TREE_ID": "RTR0098217"}, "type": "Feature"}, {"geometry": {"coordinates": [834179.2769999998, 815600.5010000002], "type": "Point"}, "properties": {"DBH": 224, "LU_HMD": "Central", "ROAD_NAME": "LOWER ALBERT ROAD", "SPECIES_NAME": null, "TREE_ID": "RTR0098233"}, "type": "Feature"}, {"geometry": {"coordinates": [834176.2620000001, 815603.8920000009], "type": "Point"}, "properties": {"DBH": 221, "LU_HMD": "Central", "ROAD_NAME": "LOWER ALBERT ROAD", "SPECIES_NAME": null, "TREE_ID": "RTR0098245"}, "type": "Feature"}, {"geometry": {"coordinates": [834203.96, 815623.1530000009], "type": "Point"}, "properties": {"DBH": 167, "LU_HMD": "Central", "ROAD_NAME": "ICE HOUSE STREET", "SPECIES_NAME": null, "TREE_ID": "RTR0097896"}, "type": "Feature"}, {"geometry": {"coordinates": [834226.3959999997, 815626.3690000009], "type": "Point"}, "properties": {"DBH": 260, "LU_HMD": "Central", "ROAD_NAME": "ICE HOUSE STREET", "SPECIES_NAME": null, "TREE_ID": "RTR0097897"}, "type": "Feature"}, {"geometry": {"coordinates": [834201.0219999999, 815611.6309999991], "type": "Point"}, "properties": {"DBH": 96, "LU_HMD": "Central", "ROAD_NAME": "ICE HOUSE STREET", "SPECIES_NAME": null, "TREE_ID": "RTR0097898"}, "type": "Feature"}, {"geometry": {"coordinates": [834209.7819999997, 815618.5869999994], "type": "Point"}, "properties": {"DBH": 470, "LU_HMD": "Central", "ROAD_NAME": "ICE HOUSE STREET", "SPECIES_NAME": null, "TREE_ID": "RTR0097899"}, "type": "Feature"}, {"geometry": {"coordinates": [834205.4800000004, 815610.4140000008], "type": "Point"}, "properties": {"DBH": 185, "LU_HMD": "Central", "ROAD_NAME": "ICE HOUSE STREET", "SPECIES_NAME": null, "TREE_ID": "RTR0097900"}, "type": "Feature"}, {"geometry": {"coordinates": [834218.9119999995, 815612.3010000009], "type": "Point"}, "properties": {"DBH": 146, "LU_HMD": "Central", "ROAD_NAME": "ICE HOUSE STREET", "SPECIES_NAME": null, "TREE_ID": "RTR0097901"}, "type": "Feature"}, {"geometry": {"coordinates": [834202.4210000001, 815621.3029999994], "type": "Point"}, "properties": {"DBH": 96, "LU_HMD": "Central", "ROAD_NAME": "ICE HOUSE STREET", "SPECIES_NAME": null, "TREE_ID": "RTR0097902"}, "type": "Feature"}, {"geometry": {"coordinates": [834220.3729999997, 815612.2029999997], "type": "Point"}, "properties": {"DBH": 212, "LU_HMD": "Central", "ROAD_NAME": "ICE HOUSE STREET", "SPECIES_NAME": null, "TREE_ID": "RTR0097903"}, "type": "Feature"}, {"geometry": {"coordinates": [834172.4589999998, 815604.7870000005], "type": "Point"}, "properties": {"DBH": 240, "LU_HMD": "Central", "ROAD_NAME": "LOWER ALBERT ROAD", "SPECIES_NAME": null, "TREE_ID": "RTR0098216"}, "type": "Feature"}, {"geometry": {"coordinates": [834013.7999999998, 815776.8000000007], "type": "Point"}, "properties": {"DBH": 412, "LU_HMD": "Central", "ROAD_NAME": "WYNDHAM STREET", "SPECIES_NAME": null, "TREE_ID": "RTR0095943"}, "type": "Feature"}, {"geometry": {"coordinates": [833625.6909999996, 816084.6150000002], "type": "Point"}, "properties": {"DBH": 338, "LU_HMD": "Central", "ROAD_NAME": " ", "SPECIES_NAME": null, "TREE_ID": "RTR0095861"}, "type": "Feature"}, {"geometry": {"coordinates": [834194.6730000004, 815622.6919999998], "type": "Point"}, "properties": {"DBH": 274, "LU_HMD": "Central", "ROAD_NAME": "ICE HOUSE STREET", "SPECIES_NAME": null, "TREE_ID": "RTR0097904"}, "type": "Feature"}, {"geometry": {"coordinates": [834197.0190000003, 815620.7660000008], "type": "Point"}, "properties": {"DBH": 270, "LU_HMD": "Central", "ROAD_NAME": "ICE HOUSE STREET", "SPECIES_NAME": null, "TREE_ID": "RTR0097906"}, "type": "Feature"}, {"geometry": {"coordinates": [834183.608, 815629.8599999994], "type": "Point"}, "properties": {"DBH": 180, "LU_HMD": "Central", "ROAD_NAME": "ICE HOUSE STREET", "SPECIES_NAME": null, "TREE_ID": "RTR0098006"}, "type": "Feature"}, {"geometry": {"coordinates": [834166.6090000002, 815631.7990000006], "type": "Point"}, "properties": {"DBH": 140, "LU_HMD": "Central", "ROAD_NAME": "ICE HOUSE STREET", "SPECIES_NAME": null, "TREE_ID": "RTR0098040"}, "type": "Feature"}, {"geometry": {"coordinates": [834262.4519999996, 815627.2949999999], "type": "Point"}, "properties": {"DBH": 213, "LU_HMD": "Central", "ROAD_NAME": "ICE HOUSE STREET", "SPECIES_NAME": null, "TREE_ID": "RTR0097744"}, "type": "Feature"}, {"geometry": {"coordinates": [834270.2680000002, 815640.0700000003], "type": "Point"}, "properties": {"DBH": 229, "LU_HMD": "Central", "ROAD_NAME": "ICE HOUSE STREET", "SPECIES_NAME": null, "TREE_ID": "RTR0097745"}, "type": "Feature"}, {"geometry": {"coordinates": [834285.4519999996, 815636.2129999995], "type": "Point"}, "properties": {"DBH": 260, "LU_HMD": "Central", "ROAD_NAME": "ICE HOUSE STREET", "SPECIES_NAME": null, "TREE_ID": "RTR0097747"}, "type": "Feature"}, {"geometry": {"coordinates": [834279.0899999999, 815642.1309999991], "type": "Point"}, "properties": {"DBH": 239, "LU_HMD": "Central", "ROAD_NAME": "ICE HOUSE STREET", "SPECIES_NAME": null, "TREE_ID": "RTR0097748"}, "type": "Feature"}, {"geometry": {"coordinates": [833624.4380000001, 816080.2530000005], "type": "Point"}, "properties": {"DBH": 226, "LU_HMD": "Central", "ROAD_NAME": " ", "SPECIES_NAME": null, "TREE_ID": "RTR0095883"}, "type": "Feature"}, {"geometry": {"coordinates": [833627.8880000003, 816082.7980000004], "type": "Point"}, "properties": {"DBH": 96, "LU_HMD": "Central", "ROAD_NAME": " ", "SPECIES_NAME": null, "TREE_ID": "RTR0095886"}, "type": "Feature"}, {"geometry": {"coordinates": [833626.2649999997, 816088.6329999994], "type": "Point"}, "properties": {"DBH": 96, "LU_HMD": "Central", "ROAD_NAME": " ", "SPECIES_NAME": null, "TREE_ID": "RTR0098145"}, "type": "Feature"}, {"geometry": {"coordinates": [834278.0470000003, 815649.7599999998], "type": "Point"}, "properties": {"DBH": 175, "LU_HMD": "Central", "ROAD_NAME": "ICE HOUSE STREET", "SPECIES_NAME": null, "TREE_ID": "RTR0097176"}, "type": "Feature"}, {"geometry": {"coordinates": [834277.2019999996, 815649.5519999992], "type": "Point"}, "properties": {"DBH": 260, "LU_HMD": "Central", "ROAD_NAME": "ICE HOUSE STREET", "SPECIES_NAME": null, "TREE_ID": "RTR0097184"}, "type": "Feature"}, {"geometry": {"coordinates": [834275.2999999998, 815648.432], "type": "Point"}, "properties": {"DBH": 127, "LU_HMD": "Central", "ROAD_NAME": "ICE HOUSE STREET", "SPECIES_NAME": null, "TREE_ID": "RTR0097187"}, "type": "Feature"}, {"geometry": {"coordinates": [834281.6119999997, 815647.9379999992], "type": "Point"}, "properties": {"DBH": 151, "LU_HMD": "Central", "ROAD_NAME": "ICE HOUSE STREET", "SPECIES_NAME": null, "TREE_ID": "RTR0097203"}, "type": "Feature"}, {"geometry": {"coordinates": [834280.7869999995, 815636.1349999998], "type": "Point"}, "properties": {"DBH": 217, "LU_HMD": "Central", "ROAD_NAME": "ICE HOUSE STREET", "SPECIES_NAME": null, "TREE_ID": "RTR0097707"}, "type": "Feature"}, {"geometry": {"coordinates": [834264.2649999997, 815630.1439999994], "type": "Point"}, "properties": {"DBH": 260, "LU_HMD": "Central", "ROAD_NAME": "ICE HOUSE STREET", "SPECIES_NAME": null, "TREE_ID": "RTR0097749"}, "type": "Feature"}, {"geometry": {"coordinates": [834238.1359999999, 815628.2909999993], "type": "Point"}, "properties": {"DBH": 207, "LU_HMD": "Central", "ROAD_NAME": "ICE HOUSE STREET", "SPECIES_NAME": null, "TREE_ID": "RTR0098529"}, "type": "Feature"}, {"geometry": {"coordinates": [834247.8250000002, 815641.0409999993], "type": "Point"}, "properties": {"DBH": 239, "LU_HMD": "Central", "ROAD_NAME": "ICE HOUSE STREET", "SPECIES_NAME": null, "TREE_ID": "RTR0098530"}, "type": "Feature"}, {"geometry": {"coordinates": [834259.0460000001, 815643.9450000003], "type": "Point"}, "properties": {"DBH": 159, "LU_HMD": "Central", "ROAD_NAME": "ICE HOUSE STREET", "SPECIES_NAME": null, "TREE_ID": "RTR0098531"}, "type": "Feature"}, {"geometry": {"coordinates": [834264.8770000003, 815654.7760000005], "type": "Point"}, "properties": {"DBH": 277, "LU_HMD": "Central", "ROAD_NAME": "ICE HOUSE STREET", "SPECIES_NAME": null, "TREE_ID": "RTR0098532"}, "type": "Feature"}, {"geometry": {"coordinates": [834245.7850000001, 815621.1349999998], "type": "Point"}, "properties": {"DBH": 187, "LU_HMD": "Central", "ROAD_NAME": "ICE HOUSE STREET", "SPECIES_NAME": null, "TREE_ID": "RTR0098533"}, "type": "Feature"}, {"geometry": {"coordinates": [834246.7790000001, 815631.9989999998], "type": "Point"}, "properties": {"DBH": 340, "LU_HMD": "Central", "ROAD_NAME": "ICE HOUSE STREET", "SPECIES_NAME": null, "TREE_ID": "RTR0098534"}, "type": "Feature"}, {"geometry": {"coordinates": [834241.1050000004, 815636.4580000006], "type": "Point"}, "properties": {"DBH": 229, "LU_HMD": "Central", "ROAD_NAME": "ICE HOUSE STREET", "SPECIES_NAME": null, "TREE_ID": "RTR0098535"}, "type": "Feature"}, {"geometry": {"coordinates": [834215.5619999999, 815616.4570000004], "type": "Point"}, "properties": {"DBH": 260, "LU_HMD": "Central", "ROAD_NAME": "ICE HOUSE STREET", "SPECIES_NAME": null, "TREE_ID": "RTR0097865"}, "type": "Feature"}, {"geometry": {"coordinates": [834229.8820000002, 815628.4039999992], "type": "Point"}, "properties": {"DBH": 260, "LU_HMD": "Central", "ROAD_NAME": "ICE HOUSE STREET", "SPECIES_NAME": null, "TREE_ID": "RTR0097867"}, "type": "Feature"}, {"geometry": {"coordinates": [834204.6509999996, 815615.0099999998], "type": "Point"}, "properties": {"DBH": 264, "LU_HMD": "Central", "ROAD_NAME": "ICE HOUSE STREET", "SPECIES_NAME": null, "TREE_ID": "RTR0097868"}, "type": "Feature"}, {"geometry": {"coordinates": [834221.0279999999, 815611.5109999999], "type": "Point"}, "properties": {"DBH": 255, "LU_HMD": "Central", "ROAD_NAME": "ICE HOUSE STREET", "SPECIES_NAME": null, "TREE_ID": "RTR0097869"}, "type": "Feature"}, {"geometry": {"coordinates": [834197.7819999997, 815617.5409999993], "type": "Point"}, "properties": {"DBH": 205, "LU_HMD": "Central", "ROAD_NAME": "ICE HOUSE STREET", "SPECIES_NAME": null, "TREE_ID": "RTR0097871"}, "type": "Feature"}, {"geometry": {"coordinates": [834197.9040000001, 815615.8029999994], "type": "Point"}, "properties": {"DBH": 96, "LU_HMD": "Central", "ROAD_NAME": "ICE HOUSE STREET", "SPECIES_NAME": null, "TREE_ID": "RTR0097872"}, "type": "Feature"}, {"geometry": {"coordinates": [834212.994, 815607.6960000005], "type": "Point"}, "properties": {"DBH": 153, "LU_HMD": "Central", "ROAD_NAME": "ICE HOUSE STREET", "SPECIES_NAME": null, "TREE_ID": "RTR0097873"}, "type": "Feature"}, {"geometry": {"coordinates": [834257.432, 815648.8340000007], "type": "Point"}, "properties": {"DBH": 270, "LU_HMD": "Central", "ROAD_NAME": "ICE HOUSE STREET", "SPECIES_NAME": null, "TREE_ID": "RTR0098551"}, "type": "Feature"}, {"geometry": {"coordinates": [834165.4579999996, 815633.898], "type": "Point"}, "properties": {"DBH": 127, "LU_HMD": "Central", "ROAD_NAME": "ICE HOUSE STREET", "SPECIES_NAME": null, "TREE_ID": "RTR0098009"}, "type": "Feature"}, {"geometry": {"coordinates": [834175.2000000002, 815630.023], "type": "Point"}, "properties": {"DBH": 268, "LU_HMD": "Central", "ROAD_NAME": "ICE HOUSE STREET", "SPECIES_NAME": null, "TREE_ID": "RTR0098010"}, "type": "Feature"}, {"geometry": {"coordinates": [834188.1009999998, 815627.7469999995], "type": "Point"}, "properties": {"DBH": 181, "LU_HMD": "Central", "ROAD_NAME": "ICE HOUSE STREET", "SPECIES_NAME": null, "TREE_ID": "RTR0098014"}, "type": "Feature"}, {"geometry": {"coordinates": [834182.2039999999, 815621.102], "type": "Point"}, "properties": {"DBH": 163, "LU_HMD": "Central", "ROAD_NAME": "ICE HOUSE STREET", "SPECIES_NAME": null, "TREE_ID": "RTR0098015"}, "type": "Feature"}, {"geometry": {"coordinates": [834190.7189999996, 815613.9460000005], "type": "Point"}, "properties": {"DBH": 260, "LU_HMD": "Central", "ROAD_NAME": "ICE HOUSE STREET", "SPECIES_NAME": null, "TREE_ID": "RTR0098016"}, "type": "Feature"}, {"geometry": {"coordinates": [834169.6900000004, 815635.3660000004], "type": "Point"}, "properties": {"DBH": 105, "LU_HMD": "Central", "ROAD_NAME": "ICE HOUSE STREET", "SPECIES_NAME": null, "TREE_ID": "RTR0098017"}, "type": "Feature"}, {"geometry": {"coordinates": [834169.2410000004, 815645.4049999993], "type": "Point"}, "properties": {"DBH": 630, "LU_HMD": "Central", "ROAD_NAME": "ICE HOUSE STREET", "SPECIES_NAME": null, "TREE_ID": "RTR0098018"}, "type": "Feature"}, {"geometry": {"coordinates": [834195.0729999999, 815614.7400000002], "type": "Point"}, "properties": {"DBH": 290, "LU_HMD": "Central", "ROAD_NAME": "ICE HOUSE STREET", "SPECIES_NAME": null, "TREE_ID": "RTR0098020"}, "type": "Feature"}, {"geometry": {"coordinates": [832669.1600000001, 815765.1170000006], "type": "Point"}, "properties": {"DBH": 115, "LU_HMD": "Western", "ROAD_NAME": "PO SHAN ROAD", "SPECIES_NAME": null, "TREE_ID": "RTR0032903"}, "type": "Feature"}, {"geometry": {"coordinates": [834240.7790000001, 815633.7180000003], "type": "Point"}, "properties": {"DBH": 248, "LU_HMD": "Central", "ROAD_NAME": "ICE HOUSE STREET", "SPECIES_NAME": null, "TREE_ID": "RTR0098552"}, "type": "Feature"}, {"geometry": {"coordinates": [834249.7790000001, 815642.9940000009], "type": "Point"}, "properties": {"DBH": 260, "LU_HMD": "Central", "ROAD_NAME": "ICE HOUSE STREET", "SPECIES_NAME": null, "TREE_ID": "RTR0098553"}, "type": "Feature"}, {"geometry": {"coordinates": [834242.3300000001, 815619.2960000001], "type": "Point"}, "properties": {"DBH": 330, "LU_HMD": "Central", "ROAD_NAME": "ICE HOUSE STREET", "SPECIES_NAME": null, "TREE_ID": "RTR0098554"}, "type": "Feature"}, {"geometry": {"coordinates": [834240.1490000002, 815625.7039999999], "type": "Point"}, "properties": {"DBH": 260, "LU_HMD": "Central", "ROAD_NAME": "ICE HOUSE STREET", "SPECIES_NAME": null, "TREE_ID": "RTR0098555"}, "type": "Feature"}, {"geometry": {"coordinates": [834263.6320000002, 815644.3259999994], "type": "Point"}, "properties": {"DBH": 169, "LU_HMD": "Central", "ROAD_NAME": "ICE HOUSE STREET", "SPECIES_NAME": null, "TREE_ID": "RTR0098680"}, "type": "Feature"}, {"geometry": {"coordinates": [834262.4890000001, 815643.9250000007], "type": "Point"}, "properties": {"DBH": 96, "LU_HMD": "Central", "ROAD_NAME": "ICE HOUSE STREET", "SPECIES_NAME": null, "TREE_ID": "RTR0098704"}, "type": "Feature"}, {"geometry": {"coordinates": [834169.6349999998, 815633.1089999992], "type": "Point"}, "properties": {"DBH": 146, "LU_HMD": "Central", "ROAD_NAME": "ICE HOUSE STREET", "SPECIES_NAME": null, "TREE_ID": "RTR0098043"}, "type": "Feature"}, {"geometry": {"coordinates": [834178.182, 815633.9199999999], "type": "Point"}, "properties": {"DBH": 270, "LU_HMD": "Central", "ROAD_NAME": "ICE HOUSE STREET", "SPECIES_NAME": null, "TREE_ID": "RTR0098044"}, "type": "Feature"}, {"geometry": {"coordinates": [834178.6610000003, 815633.7489999998], "type": "Point"}, "properties": {"DBH": 250, "LU_HMD": "Central", "ROAD_NAME": "ICE HOUSE STREET", "SPECIES_NAME": null, "TREE_ID": "RTR0098021"}, "type": "Feature"}, {"geometry": {"coordinates": [834175.6399999997, 815621.7850000001], "type": "Point"}, "properties": {"DBH": 159, "LU_HMD": "Central", "ROAD_NAME": "ICE HOUSE STREET", "SPECIES_NAME": null, "TREE_ID": "RTR0098022"}, "type": "Feature"}, {"geometry": {"coordinates": [834184.7949999999, 815629.3640000001], "type": "Point"}, "properties": {"DBH": 261, "LU_HMD": "Central", "ROAD_NAME": "ICE HOUSE STREET", "SPECIES_NAME": null, "TREE_ID": "RTR0098024"}, "type": "Feature"}, {"geometry": {"coordinates": [834189.2980000004, 815619.0899999999], "type": "Point"}, "properties": {"DBH": 223, "LU_HMD": "Central", "ROAD_NAME": "ICE HOUSE STREET", "SPECIES_NAME": null, "TREE_ID": "RTR0098025"}, "type": "Feature"}, {"geometry": {"coordinates": [834192.5700000003, 815613.1119999997], "type": "Point"}, "properties": {"DBH": 150, "LU_HMD": "Central", "ROAD_NAME": "ICE HOUSE STREET", "SPECIES_NAME": null, "TREE_ID": "RTR0098026"}, "type": "Feature"}, {"geometry": {"coordinates": [834173.5290000001, 815627.6449999996], "type": "Point"}, "properties": {"DBH": 227, "LU_HMD": "Central", "ROAD_NAME": "ICE HOUSE STREET", "SPECIES_NAME": null, "TREE_ID": "RTR0098027"}, "type": "Feature"}, {"geometry": {"coordinates": [834164.2470000004, 815631.3000000007], "type": "Point"}, "properties": {"DBH": 270, "LU_HMD": "Central", "ROAD_NAME": "ICE HOUSE STREET", "SPECIES_NAME": null, "TREE_ID": "RTR0098029"}, "type": "Feature"}, {"geometry": {"coordinates": [834209.7810000004, 815606.6909999996], "type": "Point"}, "properties": {"DBH": 99, "LU_HMD": "Central", "ROAD_NAME": "ICE HOUSE STREET", "SPECIES_NAME": null, "TREE_ID": "RTR0097859"}, "type": "Feature"}, {"geometry": {"coordinates": [833992.8159999996, 815579.2359999996], "type": "Point"}, "properties": {"DBH": 2229, "LU_HMD": "Central", "ROAD_NAME": "UPPER ALBERT ROAD", "SPECIES_NAME": null, "TREE_ID": "RTR0095945"}, "type": "Feature"}, {"geometry": {"coordinates": [834132.4840000002, 815597.3230000008], "type": "Point"}, "properties": {"DBH": 156, "LU_HMD": "Central", "ROAD_NAME": "ALBERT PATH", "SPECIES_NAME": null, "TREE_ID": "RTR0097802"}, "type": "Feature"}, {"geometry": {"coordinates": [834144.96, 815583.2599999998], "type": "Point"}, "properties": {"DBH": 223, "LU_HMD": "Central", "ROAD_NAME": "ALBERT PATH", "SPECIES_NAME": null, "TREE_ID": "RTR0097803"}, "type": "Feature"}, {"geometry": {"coordinates": [834131.7769999998, 815601.6300000008], "type": "Point"}, "properties": {"DBH": 312, "LU_HMD": "Central", "ROAD_NAME": "ALBERT PATH", "SPECIES_NAME": null, "TREE_ID": "RTR0097804"}, "type": "Feature"}, {"geometry": {"coordinates": [834145.1339999996, 815582.6099999994], "type": "Point"}, "properties": {"DBH": 205, "LU_HMD": "Central", "ROAD_NAME": "ALBERT PATH", "SPECIES_NAME": null, "TREE_ID": "RTR0097805"}, "type": "Feature"}, {"geometry": {"coordinates": [834169.0480000004, 815594.5659999996], "type": "Point"}, "properties": {"DBH": 146, "LU_HMD": "Central", "ROAD_NAME": "ALBERT PATH", "SPECIES_NAME": null, "TREE_ID": "RTR0098207"}, "type": "Feature"}, {"geometry": {"coordinates": [834171.2010000004, 815605.3479999993], "type": "Point"}, "properties": {"DBH": 245, "LU_HMD": "Central", "ROAD_NAME": "ALBERT PATH", "SPECIES_NAME": null, "TREE_ID": "RTR0098210"}, "type": "Feature"}, {"geometry": {"coordinates": [834168.2470000004, 815600.2489999998], "type": "Point"}, "properties": {"DBH": 248, "LU_HMD": "Central", "ROAD_NAME": "ALBERT PATH", "SPECIES_NAME": null, "TREE_ID": "RTR0098248"}, "type": "Feature"}, {"geometry": {"coordinates": [834196.0470000003, 815613.6630000006], "type": "Point"}, "properties": {"DBH": 205, "LU_HMD": "Central", "ROAD_NAME": "ICE HOUSE STREET", "SPECIES_NAME": null, "TREE_ID": "RTR0098045"}, "type": "Feature"}, {"geometry": {"coordinates": [834166.9869999997, 815654.5399999991], "type": "Point"}, "properties": {"DBH": 193, "LU_HMD": "Central", "ROAD_NAME": "ICE HOUSE STREET", "SPECIES_NAME": null, "TREE_ID": "RTR0098047"}, "type": "Feature"}, {"geometry": {"coordinates": [834170.6430000002, 815631.2320000008], "type": "Point"}, "properties": {"DBH": 312, "LU_HMD": "Central", "ROAD_NAME": "ICE HOUSE STREET", "SPECIES_NAME": null, "TREE_ID": "RTR0098048"}, "type": "Feature"}, {"geometry": {"coordinates": [834166.8619999997, 815641.2689999994], "type": "Point"}, "properties": {"DBH": 159, "LU_HMD": "Central", "ROAD_NAME": "ICE HOUSE STREET", "SPECIES_NAME": null, "TREE_ID": "RTR0098049"}, "type": "Feature"}, {"geometry": {"coordinates": [834191.2779999999, 815612.3880000003], "type": "Point"}, "properties": {"DBH": 307, "LU_HMD": "Central", "ROAD_NAME": "ICE HOUSE STREET", "SPECIES_NAME": null, "TREE_ID": "RTR0098051"}, "type": "Feature"}, {"geometry": {"coordinates": [834166.852, 815632.5010000002], "type": "Point"}, "properties": {"DBH": 175, "LU_HMD": "Central", "ROAD_NAME": "ICE HOUSE STREET", "SPECIES_NAME": null, "TREE_ID": "RTR0098053"}, "type": "Feature"}, {"geometry": {"coordinates": [834190.1799999997, 815620.6659999993], "type": "Point"}, "properties": {"DBH": 197, "LU_HMD": "Central", "ROAD_NAME": "ICE HOUSE STREET", "SPECIES_NAME": null, "TREE_ID": "RTR0098054"}, "type": "Feature"}, {"geometry": {"coordinates": [834178.6090000002, 815619.5299999993], "type": "Point"}, "properties": {"DBH": 150, "LU_HMD": "Central", "ROAD_NAME": "ICE HOUSE STREET", "SPECIES_NAME": null, "TREE_ID": "RTR0098055"}, "type": "Feature"}, {"geometry": {"coordinates": [834214.2680000002, 815608.6199999992], "type": "Point"}, "properties": {"DBH": 131, "LU_HMD": "Central", "ROAD_NAME": "ICE HOUSE STREET", "SPECIES_NAME": null, "TREE_ID": "RTR0097860"}, "type": "Feature"}, {"geometry": {"coordinates": [834208.5760000004, 815608.4710000008], "type": "Point"}, "properties": {"DBH": 188, "LU_HMD": "Central", "ROAD_NAME": "ICE HOUSE STREET", "SPECIES_NAME": null, "TREE_ID": "RTR0097861"}, "type": "Feature"}, {"geometry": {"coordinates": [834207.6679999996, 815622.2009999994], "type": "Point"}, "properties": {"DBH": 242, "LU_HMD": "Central", "ROAD_NAME": "ICE HOUSE STREET", "SPECIES_NAME": null, "TREE_ID": "RTR0097862"}, "type": "Feature"}, {"geometry": {"coordinates": [834214.4409999996, 815622.5500000007], "type": "Point"}, "properties": {"DBH": 250, "LU_HMD": "Central", "ROAD_NAME": "ICE HOUSE STREET", "SPECIES_NAME": null, "TREE_ID": "RTR0097864"}, "type": "Feature"}, {"geometry": {"coordinates": [834171.5290000001, 815637.9130000006], "type": "Point"}, "properties": {"DBH": 161, "LU_HMD": "Central", "ROAD_NAME": "ICE HOUSE STREET", "SPECIES_NAME": null, "TREE_ID": "RTR0098041"}, "type": "Feature"}, {"geometry": {"coordinates": [834171.1229999997, 815639.1380000003], "type": "Point"}, "properties": {"DBH": 169, "LU_HMD": "Central", "ROAD_NAME": "ICE HOUSE STREET", "SPECIES_NAME": null, "TREE_ID": "RTR0098042"}, "type": "Feature"}, {"geometry": {"coordinates": [834218.4819999998, 815608.3819999993], "type": "Point"}, "properties": {"DBH": 121, "LU_HMD": "Central", "ROAD_NAME": "ICE HOUSE STREET", "SPECIES_NAME": null, "TREE_ID": "RTR0097750"}, "type": "Feature"}, {"geometry": {"coordinates": [834261.8130000001, 815632.6079999991], "type": "Point"}, "properties": {"DBH": 259, "LU_HMD": "Central", "ROAD_NAME": "ICE HOUSE STREET", "SPECIES_NAME": null, "TREE_ID": "RTR0097752"}, "type": "Feature"}, {"geometry": {"coordinates": [834153.5889999997, 815607.2809999995], "type": "Point"}, "properties": {"DBH": 201, "LU_HMD": "Central", "ROAD_NAME": "ALBERT PATH", "SPECIES_NAME": null, "TREE_ID": "RTR0098250"}, "type": "Feature"}, {"geometry": {"coordinates": [834163.0410000002, 815612.7630000003], "type": "Point"}, "properties": {"DBH": 96, "LU_HMD": "Central", "ROAD_NAME": "ALBERT PATH", "SPECIES_NAME": null, "TREE_ID": "RTR0098251"}, "type": "Feature"}, {"geometry": {"coordinates": [834174.6449999996, 815601.0419999994], "type": "Point"}, "properties": {"DBH": 143, "LU_HMD": "Central", "ROAD_NAME": "ALBERT PATH", "SPECIES_NAME": null, "TREE_ID": "RTR0098252"}, "type": "Feature"}, {"geometry": {"coordinates": [834171.3629999999, 815604.409], "type": "Point"}, "properties": {"DBH": 242, "LU_HMD": "Central", "ROAD_NAME": "ALBERT PATH", "SPECIES_NAME": null, "TREE_ID": "RTR0098253"}, "type": "Feature"}, {"geometry": {"coordinates": [834161.3600000003, 815610.6370000001], "type": "Point"}, "properties": {"DBH": 96, "LU_HMD": "Central", "ROAD_NAME": "ALBERT PATH", "SPECIES_NAME": null, "TREE_ID": "RTR0098254"}, "type": "Feature"}, {"geometry": {"coordinates": [834146.2769999998, 815621.6180000007], "type": "Point"}, "properties": {"DBH": 320, "LU_HMD": "Central", "ROAD_NAME": "ALBERT PATH", "SPECIES_NAME": null, "TREE_ID": "RTR0098255"}, "type": "Feature"}, {"geometry": {"coordinates": [834172.3300000001, 815596.9519999996], "type": "Point"}, "properties": {"DBH": 287, "LU_HMD": "Central", "ROAD_NAME": "ALBERT PATH", "SPECIES_NAME": null, "TREE_ID": "RTR0098225"}, "type": "Feature"}, {"geometry": {"coordinates": [834157.5990000004, 815617.1730000004], "type": "Point"}, "properties": {"DBH": 263, "LU_HMD": "Central", "ROAD_NAME": "ALBERT PATH", "SPECIES_NAME": null, "TREE_ID": "RTR0098227"}, "type": "Feature"}, {"geometry": {"coordinates": [832879.3020000001, 815735.7210000008], "type": "Point"}, "properties": {"DBH": 153, "LU_HMD": "Western", "ROAD_NAME": "PO SHAN ROAD", "SPECIES_NAME": null, "TREE_ID": "RTR0033518"}, "type": "Feature"}, {"geometry": {"coordinates": [832878.4390000002, 815734.9489999991], "type": "Point"}, "properties": {"DBH": 217, "LU_HMD": "Western", "ROAD_NAME": "PO SHAN ROAD", "SPECIES_NAME": null, "TREE_ID": "RTR0033526"}, "type": "Feature"}, {"geometry": {"coordinates": [832873.5190000003, 815731.6500000004], "type": "Point"}, "properties": {"DBH": 261, "LU_HMD": "Western", "ROAD_NAME": "PO SHAN ROAD", "SPECIES_NAME": null, "TREE_ID": "RTR0033531"}, "type": "Feature"}, {"geometry": {"coordinates": [832873.8159999996, 815732.2259999998], "type": "Point"}, "properties": {"DBH": 105, "LU_HMD": "Western", "ROAD_NAME": "PO SHAN ROAD", "SPECIES_NAME": null, "TREE_ID": "RTR0033555"}, "type": "Feature"}, {"geometry": {"coordinates": [832879.8190000001, 815732.5800000001], "type": "Point"}, "properties": {"DBH": 124, "LU_HMD": "Western", "ROAD_NAME": "PO SHAN ROAD", "SPECIES_NAME": null, "TREE_ID": "RTR0033557"}, "type": "Feature"}, {"geometry": {"coordinates": [832972.7949999999, 816235.1799999997], "type": "Point"}, "properties": {"DBH": 221, "LU_HMD": null, "ROAD_NAME": "BONHAM ROAD", "SPECIES_NAME": null, "TREE_ID": "RTR0033919"}, "type": "Feature"}, {"geometry": {"coordinates": [832971.2599999998, 816229.3920000009], "type": "Point"}, "properties": {"DBH": 240, "LU_HMD": null, "ROAD_NAME": "BONHAM ROAD", "SPECIES_NAME": null, "TREE_ID": "RTR0033920"}, "type": "Feature"}, {"geometry": {"coordinates": [832956.6940000001, 816231.1899999995], "type": "Point"}, "properties": {"DBH": 105, "LU_HMD": null, "ROAD_NAME": "BONHAM ROAD", "SPECIES_NAME": null, "TREE_ID": "RTR0033922"}, "type": "Feature"}, {"geometry": {"coordinates": [832980.0029999996, 816234.1669999994], "type": "Point"}, "properties": {"DBH": 535, "LU_HMD": null, "ROAD_NAME": "BONHAM ROAD", "SPECIES_NAME": null, "TREE_ID": "RTR0033924"}, "type": "Feature"}, {"geometry": {"coordinates": [832963.6320000002, 816233.6180000007], "type": "Point"}, "properties": {"DBH": 391, "LU_HMD": null, "ROAD_NAME": "BONHAM ROAD", "SPECIES_NAME": null, "TREE_ID": "RTR0033926"}, "type": "Feature"}, {"geometry": {"coordinates": [832949.6200000001, 816223.2139999997], "type": "Point"}, "properties": {"DBH": 171, "LU_HMD": null, "ROAD_NAME": "BONHAM ROAD", "SPECIES_NAME": null, "TREE_ID": "RTR0033927"}, "type": "Feature"}, {"geometry": {"coordinates": [832872.5319999997, 815731.4409999996], "type": "Point"}, "properties": {"DBH": 239, "LU_HMD": "Western", "ROAD_NAME": "PO SHAN ROAD", "SPECIES_NAME": null, "TREE_ID": "RTR0033565"}, "type": "Feature"}, {"geometry": {"coordinates": [832873.2280000001, 815732.3629999999], "type": "Point"}, "properties": {"DBH": 159, "LU_HMD": "Western", "ROAD_NAME": "PO SHAN ROAD", "SPECIES_NAME": null, "TREE_ID": "RTR0033566"}, "type": "Feature"}, {"geometry": {"coordinates": [832870.9960000003, 815739.3110000007], "type": "Point"}, "properties": {"DBH": 217, "LU_HMD": "Western", "ROAD_NAME": "PO SHAN ROAD", "SPECIES_NAME": null, "TREE_ID": "RTR0032968"}, "type": "Feature"}, {"geometry": {"coordinates": [832868.8590000002, 815739.273], "type": "Point"}, "properties": {"DBH": 194, "LU_HMD": "Western", "ROAD_NAME": "PO SHAN ROAD", "SPECIES_NAME": null, "TREE_ID": "RTR0032969"}, "type": "Feature"}, {"geometry": {"coordinates": [832867.0099999998, 815742.2009999994], "type": "Point"}, "properties": {"DBH": 105, "LU_HMD": "Western", "ROAD_NAME": "PO SHAN ROAD", "SPECIES_NAME": null, "TREE_ID": "RTR0032985"}, "type": "Feature"}, {"geometry": {"coordinates": [832868.6109999996, 815736.148], "type": "Point"}, "properties": {"DBH": 143, "LU_HMD": "Western", "ROAD_NAME": "PO SHAN ROAD", "SPECIES_NAME": null, "TREE_ID": "RTR0032987"}, "type": "Feature"}, {"geometry": {"coordinates": [832870.608, 815732.7050000001], "type": "Point"}, "properties": {"DBH": 140, "LU_HMD": "Western", "ROAD_NAME": "PO SHAN ROAD", "SPECIES_NAME": null, "TREE_ID": "RTR0032996"}, "type": "Feature"}, {"geometry": {"coordinates": [832868.9950000001, 815732.2750000004], "type": "Point"}, "properties": {"DBH": 115, "LU_HMD": "Western", "ROAD_NAME": "PO SHAN ROAD", "SPECIES_NAME": null, "TREE_ID": "RTR0033001"}, "type": "Feature"}, {"geometry": {"coordinates": [832867.9400000004, 815738.8090000004], "type": "Point"}, "properties": {"DBH": 99, "LU_HMD": "Western", "ROAD_NAME": "PO SHAN ROAD", "SPECIES_NAME": null, "TREE_ID": "RTR0033014"}, "type": "Feature"}, {"geometry": {"coordinates": [832965.5190000003, 815979.6260000002], "type": "Point"}, "properties": {"DBH": 373, "LU_HMD": "Western", "ROAD_NAME": "ROAD 45042 NEAR ROBINSON ROAD (TEMPORARY)", "SPECIES_NAME": null, "TREE_ID": "RTR0206751"}, "type": "Feature"}, {"geometry": {"coordinates": [832952.7740000002, 816222.6649999991], "type": "Point"}, "properties": {"DBH": 200, "LU_HMD": null, "ROAD_NAME": "BONHAM ROAD", "SPECIES_NAME": null, "TREE_ID": "RTR0033928"}, "type": "Feature"}, {"geometry": {"coordinates": [832954.5, 816225.9900000002], "type": "Point"}, "properties": {"DBH": 220, "LU_HMD": null, "ROAD_NAME": "BONHAM ROAD", "SPECIES_NAME": null, "TREE_ID": "RTR0033932"}, "type": "Feature"}, {"geometry": {"coordinates": [832956.9879999999, 816232.8100000005], "type": "Point"}, "properties": {"DBH": 164, "LU_HMD": null, "ROAD_NAME": "BONHAM ROAD", "SPECIES_NAME": null, "TREE_ID": "RTR0033934"}, "type": "Feature"}, {"geometry": {"coordinates": [832972.6710000001, 816230.125], "type": "Point"}, "properties": {"DBH": 372, "LU_HMD": null, "ROAD_NAME": "BONHAM ROAD", "SPECIES_NAME": null, "TREE_ID": "RTR0033935"}, "type": "Feature"}, {"geometry": {"coordinates": [832976.6289999997, 816231.0350000001], "type": "Point"}, "properties": {"DBH": 350, "LU_HMD": null, "ROAD_NAME": "BONHAM ROAD", "SPECIES_NAME": null, "TREE_ID": "RTR0033936"}, "type": "Feature"}, {"geometry": {"coordinates": [832959.7139999997, 816228.6630000006], "type": "Point"}, "properties": {"DBH": 201, "LU_HMD": null, "ROAD_NAME": "BONHAM ROAD", "SPECIES_NAME": null, "TREE_ID": "RTR0033937"}, "type": "Feature"}, {"geometry": {"coordinates": [832957.5769999996, 816233.2880000006], "type": "Point"}, "properties": {"DBH": 111, "LU_HMD": null, "ROAD_NAME": "BONHAM ROAD", "SPECIES_NAME": null, "TREE_ID": "RTR0033938"}, "type": "Feature"}, {"geometry": {"coordinates": [832959.199, 816226.2379999999], "type": "Point"}, "properties": {"DBH": 269, "LU_HMD": null, "ROAD_NAME": "BONHAM ROAD", "SPECIES_NAME": null, "TREE_ID": "RTR0033939"}, "type": "Feature"}, {"geometry": {"coordinates": [832964.0959999999, 816228.4529999997], "type": "Point"}, "properties": {"DBH": 310, "LU_HMD": null, "ROAD_NAME": "BONHAM ROAD", "SPECIES_NAME": null, "TREE_ID": "RTR0033941"}, "type": "Feature"}, {"geometry": {"coordinates": [832991.9359999998, 816232.659], "type": "Point"}, "properties": {"DBH": 142, "LU_HMD": null, "ROAD_NAME": "BONHAM ROAD", "SPECIES_NAME": null, "TREE_ID": "RTR0033943"}, "type": "Feature"}, {"geometry": {"coordinates": [832879.5449999999, 815731.6689999998], "type": "Point"}, "properties": {"DBH": 140, "LU_HMD": "Western", "ROAD_NAME": "PO SHAN ROAD", "SPECIES_NAME": null, "TREE_ID": "RTR0033516"}, "type": "Feature"}, {"geometry": {"coordinates": [832963.756, 815976.0219999999], "type": "Point"}, "properties": {"DBH": 675, "LU_HMD": "Western", "ROAD_NAME": "ROAD 45042 NEAR ROBINSON ROAD (TEMPORARY)", "SPECIES_NAME": null, "TREE_ID": "RTR0206753"}, "type": "Feature"}, {"geometry": {"coordinates": [832961.2220000001, 815972.3190000001], "type": "Point"}, "properties": {"DBH": 340, "LU_HMD": "Western", "ROAD_NAME": "ROAD 45042 NEAR ROBINSON ROAD (TEMPORARY)", "SPECIES_NAME": null, "TREE_ID": "RTR0206755"}, "type": "Feature"}, {"geometry": {"coordinates": [832974.0319999997, 816003.7109999992], "type": "Point"}, "properties": {"DBH": 198, "LU_HMD": "Western", "ROAD_NAME": "ROAD 45042 NEAR ROBINSON ROAD (TEMPORARY)", "SPECIES_NAME": null, "TREE_ID": "RTR0206758"}, "type": "Feature"}, {"geometry": {"coordinates": [832964.8320000004, 815986.2980000004], "type": "Point"}, "properties": {"DBH": 201, "LU_HMD": "Western", "ROAD_NAME": "ROAD 45042 NEAR ROBINSON ROAD (TEMPORARY)", "SPECIES_NAME": null, "TREE_ID": "RTR0206764"}, "type": "Feature"}, {"geometry": {"coordinates": [832960.7779999999, 815986.3420000002], "type": "Point"}, "properties": {"DBH": 153, "LU_HMD": "Western", "ROAD_NAME": "ROAD 45042 NEAR ROBINSON ROAD (TEMPORARY)", "SPECIES_NAME": null, "TREE_ID": "RTR0206765"}, "type": "Feature"}, {"geometry": {"coordinates": [832970.3420000002, 815991.7760000005], "type": "Point"}, "properties": {"DBH": 398, "LU_HMD": "Western", "ROAD_NAME": "ROAD 45042 NEAR ROBINSON ROAD (TEMPORARY)", "SPECIES_NAME": null, "TREE_ID": "RTR0206768"}, "type": "Feature"}, {"geometry": {"coordinates": [832969.8020000001, 815993.1060000006], "type": "Point"}, "properties": {"DBH": 153, "LU_HMD": "Western", "ROAD_NAME": "ROAD 45042 NEAR ROBINSON ROAD (TEMPORARY)", "SPECIES_NAME": null, "TREE_ID": "RTR0206795"}, "type": "Feature"}, {"geometry": {"coordinates": [832968.0619999999, 815990.2210000008], "type": "Point"}, "properties": {"DBH": 166, "LU_HMD": "Western", "ROAD_NAME": "ROAD 45042 NEAR ROBINSON ROAD (TEMPORARY)", "SPECIES_NAME": null, "TREE_ID": "RTR0206796"}, "type": "Feature"}, {"geometry": {"coordinates": [832950.7070000004, 816220.5350000001], "type": "Point"}, "properties": {"DBH": 182, "LU_HMD": null, "ROAD_NAME": "BONHAM ROAD", "SPECIES_NAME": null, "TREE_ID": "RTR0033944"}, "type": "Feature"}, {"geometry": {"coordinates": [832955.75, 816233.7430000007], "type": "Point"}, "properties": {"DBH": 222, "LU_HMD": null, "ROAD_NAME": "BONHAM ROAD", "SPECIES_NAME": null, "TREE_ID": "RTR0033945"}, "type": "Feature"}, {"geometry": {"coordinates": [832967.9239999996, 816233.841], "type": "Point"}, "properties": {"DBH": 96, "LU_HMD": null, "ROAD_NAME": "BONHAM ROAD", "SPECIES_NAME": null, "TREE_ID": "RTR0033946"}, "type": "Feature"}, {"geometry": {"coordinates": [832994.8099999996, 816233.5620000008], "type": "Point"}, "properties": {"DBH": 1320, "LU_HMD": null, "ROAD_NAME": "BONHAM ROAD", "SPECIES_NAME": null, "TREE_ID": "RTR0033949"}, "type": "Feature"}, {"geometry": {"coordinates": [832964.2019999996, 816232.4890000001], "type": "Point"}, "properties": {"DBH": 96, "LU_HMD": null, "ROAD_NAME": "BONHAM ROAD", "SPECIES_NAME": null, "TREE_ID": "RTR0033950"}, "type": "Feature"}, {"geometry": {"coordinates": [832987.5970000001, 816233.2550000008], "type": "Point"}, "properties": {"DBH": 154, "LU_HMD": null, "ROAD_NAME": "BONHAM ROAD", "SPECIES_NAME": null, "TREE_ID": "RTR0033953"}, "type": "Feature"}, {"geometry": {"coordinates": [832960.7230000002, 816232.7459999993], "type": "Point"}, "properties": {"DBH": 172, "LU_HMD": null, "ROAD_NAME": "BONHAM ROAD", "SPECIES_NAME": null, "TREE_ID": "RTR0033956"}, "type": "Feature"}, {"geometry": {"coordinates": [832958.2949999999, 816233.8120000008], "type": "Point"}, "properties": {"DBH": 194, "LU_HMD": null, "ROAD_NAME": "BONHAM ROAD", "SPECIES_NAME": null, "TREE_ID": "RTR0033961"}, "type": "Feature"}, {"geometry": {"coordinates": [832953.5070000002, 816234.4189999998], "type": "Point"}, "properties": {"DBH": 156, "LU_HMD": null, "ROAD_NAME": "BONHAM ROAD", "SPECIES_NAME": null, "TREE_ID": "RTR0033963"}, "type": "Feature"}, {"geometry": {"coordinates": [832968.5029999996, 816234.8800000008], "type": "Point"}, "properties": {"DBH": 220, "LU_HMD": null, "ROAD_NAME": "BONHAM ROAD", "SPECIES_NAME": null, "TREE_ID": "RTR0033964"}, "type": "Feature"}, {"geometry": {"coordinates": [832963.0539999995, 815990.432], "type": "Point"}, "properties": {"DBH": 230, "LU_HMD": "Western", "ROAD_NAME": "ROAD 45042 NEAR ROBINSON ROAD (TEMPORARY)", "SPECIES_NAME": null, "TREE_ID": "RTR0210200"}, "type": "Feature"}, {"geometry": {"coordinates": [833403.6459999997, 816132.7579999994], "type": "Point"}, "properties": {"DBH": 330, "LU_HMD": "Western", "ROAD_NAME": "BRIDGES STREET", "SPECIES_NAME": null, "TREE_ID": "RTR0033819"}, "type": "Feature"}, {"geometry": {"coordinates": [832637.2810000004, 815843.9100000001], "type": "Point"}, "properties": {"DBH": 170, "LU_HMD": "Western", "ROAD_NAME": "KOTEWALL ROAD", "SPECIES_NAME": null, "TREE_ID": "RTR0033067"}, "type": "Feature"}, {"geometry": {"coordinates": [832619.7699999996, 815834.6209999993], "type": "Point"}, "properties": {"DBH": 446, "LU_HMD": "Western", "ROAD_NAME": "KOTEWALL ROAD", "SPECIES_NAME": null, "TREE_ID": "RTR0033069"}, "type": "Feature"}, {"geometry": {"coordinates": [832625.2860000003, 815839.1630000006], "type": "Point"}, "properties": {"DBH": 105, "LU_HMD": "Western", "ROAD_NAME": "KOTEWALL ROAD", "SPECIES_NAME": null, "TREE_ID": "RTR0033070"}, "type": "Feature"}, {"geometry": {"coordinates": [832629.4009999996, 815835.4140000008], "type": "Point"}, "properties": {"DBH": 140, "LU_HMD": "Western", "ROAD_NAME": "KOTEWALL ROAD", "SPECIES_NAME": null, "TREE_ID": "RTR0033075"}, "type": "Feature"}, {"geometry": {"coordinates": [832598.426, 815812.943], "type": "Point"}, "properties": {"DBH": 536, "LU_HMD": "Western", "ROAD_NAME": "KOTEWALL ROAD", "SPECIES_NAME": null, "TREE_ID": "RTR0033077"}, "type": "Feature"}, {"geometry": {"coordinates": [833017.8710000003, 816232.1319999993], "type": "Point"}, "properties": {"DBH": 591, "LU_HMD": "Western", "ROAD_NAME": " ", "SPECIES_NAME": null, "TREE_ID": "RTR0033942"}, "type": "Feature"}, {"geometry": {"coordinates": [833038.3949999996, 816230.7850000001], "type": "Point"}, "properties": {"DBH": 720, "LU_HMD": "Western", "ROAD_NAME": " ", "SPECIES_NAME": null, "TREE_ID": "RTR0033955"}, "type": "Feature"}, {"geometry": {"coordinates": [833021.4139999999, 816231.8809999991], "type": "Point"}, "properties": {"DBH": 499, "LU_HMD": "Western", "ROAD_NAME": " ", "SPECIES_NAME": null, "TREE_ID": "RTR0033958"}, "type": "Feature"}, {"geometry": {"coordinates": [832609.1660000002, 815826.5109999999], "type": "Point"}, "properties": {"DBH": 107, "LU_HMD": "Western", "ROAD_NAME": "KOTEWALL ROAD", "SPECIES_NAME": null, "TREE_ID": "RTR0033078"}, "type": "Feature"}, {"geometry": {"coordinates": [832603.9840000002, 815825.5749999993], "type": "Point"}, "properties": {"DBH": 230, "LU_HMD": "Western", "ROAD_NAME": "KOTEWALL ROAD", "SPECIES_NAME": null, "TREE_ID": "RTR0033080"}, "type": "Feature"}, {"geometry": {"coordinates": [832634.835, 815843.8430000003], "type": "Point"}, "properties": {"DBH": 591, "LU_HMD": "Western", "ROAD_NAME": "KOTEWALL ROAD", "SPECIES_NAME": null, "TREE_ID": "RTR0033084"}, "type": "Feature"}, {"geometry": {"coordinates": [832617.1129999999, 815831.2280000001], "type": "Point"}, "properties": {"DBH": 158, "LU_HMD": "Western", "ROAD_NAME": "KOTEWALL ROAD", "SPECIES_NAME": null, "TREE_ID": "RTR0033088"}, "type": "Feature"}, {"geometry": {"coordinates": [832645.142, 815851.2100000009], "type": "Point"}, "properties": {"DBH": 199, "LU_HMD": "Western", "ROAD_NAME": "KOTEWALL ROAD", "SPECIES_NAME": null, "TREE_ID": "RTR0033089"}, "type": "Feature"}, {"geometry": {"coordinates": [832639.7549999999, 815846.2129999995], "type": "Point"}, "properties": {"DBH": 105, "LU_HMD": "Western", "ROAD_NAME": "KOTEWALL ROAD", "SPECIES_NAME": null, "TREE_ID": "RTR0033098"}, "type": "Feature"}, {"geometry": {"coordinates": [832629.8159999996, 815837.8350000009], "type": "Point"}, "properties": {"DBH": 196, "LU_HMD": "Western", "ROAD_NAME": "KOTEWALL ROAD", "SPECIES_NAME": null, "TREE_ID": "RTR0033099"}, "type": "Feature"}, {"geometry": {"coordinates": [832627.7520000003, 815840.5529999994], "type": "Point"}, "properties": {"DBH": 102, "LU_HMD": "Western", "ROAD_NAME": "KOTEWALL ROAD", "SPECIES_NAME": null, "TREE_ID": "RTR0033105"}, "type": "Feature"}, {"geometry": {"coordinates": [832613.4299999997, 815828.6099999994], "type": "Point"}, "properties": {"DBH": 158, "LU_HMD": "Western", "ROAD_NAME": "KOTEWALL ROAD", "SPECIES_NAME": null, "TREE_ID": "RTR0033106"}, "type": "Feature"}, {"geometry": {"coordinates": [833006.057, 816232.8859999999], "type": "Point"}, "properties": {"DBH": 730, "LU_HMD": "Western", "ROAD_NAME": "HIGH STREET", "SPECIES_NAME": null, "TREE_ID": "RTR0033962"}, "type": "Feature"}, {"geometry": {"coordinates": [832599.0360000003, 815822.1390000004], "type": "Point"}, "properties": {"DBH": 318, "LU_HMD": "Western", "ROAD_NAME": "KOTEWALL ROAD", "SPECIES_NAME": null, "TREE_ID": "RTR0033115"}, "type": "Feature"}, {"geometry": {"coordinates": [832638.0049999999, 815827.5629999992], "type": "Point"}, "properties": {"DBH": 333, "LU_HMD": "Western", "ROAD_NAME": "KOTEWALL ROAD", "SPECIES_NAME": null, "TREE_ID": "RTR0033416"}, "type": "Feature"}, {"geometry": {"coordinates": [832638.176, 815828.9100000001], "type": "Point"}, "properties": {"DBH": 137, "LU_HMD": "Western", "ROAD_NAME": "KOTEWALL ROAD", "SPECIES_NAME": null, "TREE_ID": "RTR0033417"}, "type": "Feature"}, {"geometry": {"coordinates": [832652.102, 815846.2660000008], "type": "Point"}, "properties": {"DBH": 150, "LU_HMD": "Western", "ROAD_NAME": "KOTEWALL ROAD", "SPECIES_NAME": null, "TREE_ID": "RTR0033418"}, "type": "Feature"}, {"geometry": {"coordinates": [832641.1519999998, 815832.9570000004], "type": "Point"}, "properties": {"DBH": 169, "LU_HMD": "Western", "ROAD_NAME": "KOTEWALL ROAD", "SPECIES_NAME": null, "TREE_ID": "RTR0033419"}, "type": "Feature"}, {"geometry": {"coordinates": [832642.7209999999, 815832.9250000007], "type": "Point"}, "properties": {"DBH": 271, "LU_HMD": "Western", "ROAD_NAME": "KOTEWALL ROAD", "SPECIES_NAME": null, "TREE_ID": "RTR0033421"}, "type": "Feature"}, {"geometry": {"coordinates": [832657.2980000004, 815837.0059999991], "type": "Point"}, "properties": {"DBH": 443, "LU_HMD": "Western", "ROAD_NAME": "KOTEWALL ROAD", "SPECIES_NAME": null, "TREE_ID": "RTR0033422"}, "type": "Feature"}, {"geometry": {"coordinates": [832651.1050000004, 815834.4489999991], "type": "Point"}, "properties": {"DBH": 397, "LU_HMD": "Western", "ROAD_NAME": "KOTEWALL ROAD", "SPECIES_NAME": null, "TREE_ID": "RTR0033423"}, "type": "Feature"}, {"geometry": {"coordinates": [832627.0300000003, 815823.2530000005], "type": "Point"}, "properties": {"DBH": 414, "LU_HMD": "Western", "ROAD_NAME": "KOTEWALL ROAD", "SPECIES_NAME": null, "TREE_ID": "RTR0033424"}, "type": "Feature"}, {"geometry": {"coordinates": [832600.8140000002, 815713.1679999996], "type": "Point"}, "properties": {"DBH": 650, "LU_HMD": "Western", "ROAD_NAME": "PO SHAN ROAD", "SPECIES_NAME": null, "TREE_ID": "RTR0031842"}, "type": "Feature"}, {"geometry": {"coordinates": [832599.3279999997, 815712.7939999998], "type": "Point"}, "properties": {"DBH": 392, "LU_HMD": "Western", "ROAD_NAME": "PO SHAN ROAD", "SPECIES_NAME": null, "TREE_ID": "RTR0031865"}, "type": "Feature"}, {"geometry": {"coordinates": [832901.0029999996, 815802.6730000004], "type": "Point"}, "properties": {"DBH": 184, "LU_HMD": "Western", "ROAD_NAME": "PO SHAN ROAD", "SPECIES_NAME": null, "TREE_ID": "RTR0033401"}, "type": "Feature"}, {"geometry": {"coordinates": [832894.2879999997, 815797.7369999997], "type": "Point"}, "properties": {"DBH": 143, "LU_HMD": "Western", "ROAD_NAME": "PO SHAN ROAD", "SPECIES_NAME": null, "TREE_ID": "RTR0033403"}, "type": "Feature"}, {"geometry": {"coordinates": [832888.9289999995, 815795.4000000004], "type": "Point"}, "properties": {"DBH": 236, "LU_HMD": "Western", "ROAD_NAME": "PO SHAN ROAD", "SPECIES_NAME": null, "TREE_ID": "RTR0033405"}, "type": "Feature"}, {"geometry": {"coordinates": [832890.5429999996, 815795.8910000008], "type": "Point"}, "properties": {"DBH": 102, "LU_HMD": "Western", "ROAD_NAME": "PO SHAN ROAD", "SPECIES_NAME": null, "TREE_ID": "RTR0033407"}, "type": "Feature"}, {"geometry": {"coordinates": [832904.8710000003, 815804.4140000008], "type": "Point"}, "properties": {"DBH": 390, "LU_HMD": "Western", "ROAD_NAME": "PO SHAN ROAD", "SPECIES_NAME": null, "TREE_ID": "RTR0033412"}, "type": "Feature"}, {"geometry": {"coordinates": [832894.8399999999, 815798.3729999997], "type": "Point"}, "properties": {"DBH": 370, "LU_HMD": "Western", "ROAD_NAME": "PO SHAN ROAD", "SPECIES_NAME": null, "TREE_ID": "RTR0033374"}, "type": "Feature"}, {"geometry": {"coordinates": [832634.8059999999, 815829.0649999995], "type": "Point"}, "properties": {"DBH": 295, "LU_HMD": "Western", "ROAD_NAME": "KOTEWALL ROAD", "SPECIES_NAME": null, "TREE_ID": "RTR0033425"}, "type": "Feature"}, {"geometry": {"coordinates": [832649.7240000004, 815833.0120000001], "type": "Point"}, "properties": {"DBH": 460, "LU_HMD": "Western", "ROAD_NAME": "KOTEWALL ROAD", "SPECIES_NAME": null, "TREE_ID": "RTR0033426"}, "type": "Feature"}, {"geometry": {"coordinates": [832639.2609999999, 815828.2579999994], "type": "Point"}, "properties": {"DBH": 260, "LU_HMD": "Western", "ROAD_NAME": "KOTEWALL ROAD", "SPECIES_NAME": null, "TREE_ID": "RTR0033429"}, "type": "Feature"}, {"geometry": {"coordinates": [832648.409, 815837.0690000001], "type": "Point"}, "properties": {"DBH": 153, "LU_HMD": "Western", "ROAD_NAME": "KOTEWALL ROAD", "SPECIES_NAME": null, "TREE_ID": "RTR0033431"}, "type": "Feature"}, {"geometry": {"coordinates": [832643.7709999997, 815830.3080000002], "type": "Point"}, "properties": {"DBH": 286, "LU_HMD": "Western", "ROAD_NAME": "KOTEWALL ROAD", "SPECIES_NAME": null, "TREE_ID": "RTR0033433"}, "type": "Feature"}, {"geometry": {"coordinates": [832629.7800000003, 815827.6600000001], "type": "Point"}, "properties": {"DBH": 357, "LU_HMD": "Western", "ROAD_NAME": "KOTEWALL ROAD", "SPECIES_NAME": null, "TREE_ID": "RTR0033434"}, "type": "Feature"}, {"geometry": {"coordinates": [832625.1129999999, 815825.4979999997], "type": "Point"}, "properties": {"DBH": 169, "LU_HMD": "Western", "ROAD_NAME": "KOTEWALL ROAD", "SPECIES_NAME": null, "TREE_ID": "RTR0033435"}, "type": "Feature"}, {"geometry": {"coordinates": [832644.0360000003, 815831.7039999999], "type": "Point"}, "properties": {"DBH": 134, "LU_HMD": "Western", "ROAD_NAME": "KOTEWALL ROAD", "SPECIES_NAME": null, "TREE_ID": "RTR0033436"}, "type": "Feature"}, {"geometry": {"coordinates": [832629.2819999997, 815825.9079999998], "type": "Point"}, "properties": {"DBH": 293, "LU_HMD": "Western", "ROAD_NAME": "KOTEWALL ROAD", "SPECIES_NAME": null, "TREE_ID": "RTR0033437"}, "type": "Feature"}, {"geometry": {"coordinates": [832905.0470000003, 815803.2699999996], "type": "Point"}, "properties": {"DBH": 159, "LU_HMD": "Western", "ROAD_NAME": "PO SHAN ROAD", "SPECIES_NAME": null, "TREE_ID": "RTR0033379"}, "type": "Feature"}, {"geometry": {"coordinates": [832891.3509999998, 815795.4389999993], "type": "Point"}, "properties": {"DBH": 120, "LU_HMD": "Western", "ROAD_NAME": "PO SHAN ROAD", "SPECIES_NAME": null, "TREE_ID": "RTR0033382"}, "type": "Feature"}, {"geometry": {"coordinates": [832911.46, 815809.7190000005], "type": "Point"}, "properties": {"DBH": 811, "LU_HMD": "Western", "ROAD_NAME": "PO SHAN ROAD", "SPECIES_NAME": null, "TREE_ID": "RTR0033388"}, "type": "Feature"}, {"geometry": {"coordinates": [832916.1610000003, 815815.4100000001], "type": "Point"}, "properties": {"DBH": 188, "LU_HMD": "Western", "ROAD_NAME": "PO SHAN ROAD", "SPECIES_NAME": null, "TREE_ID": "RTR0033393"}, "type": "Feature"}, {"geometry": {"coordinates": [832898.4400000004, 815799.4299999997], "type": "Point"}, "properties": {"DBH": 96, "LU_HMD": "Western", "ROAD_NAME": "PO SHAN ROAD", "SPECIES_NAME": null, "TREE_ID": "RTR0033395"}, "type": "Feature"}, {"geometry": {"coordinates": [832639.3700000001, 815829.4289999995], "type": "Point"}, "properties": {"DBH": 370, "LU_HMD": "Western", "ROAD_NAME": "KOTEWALL ROAD", "SPECIES_NAME": null, "TREE_ID": "RTR0033438"}, "type": "Feature"}, {"geometry": {"coordinates": [832650.7230000002, 815833.5859999992], "type": "Point"}, "properties": {"DBH": 270, "LU_HMD": "Western", "ROAD_NAME": "KOTEWALL ROAD", "SPECIES_NAME": null, "TREE_ID": "RTR0033440"}, "type": "Feature"}, {"geometry": {"coordinates": [832626.7300000004, 815822.5810000002], "type": "Point"}, "properties": {"DBH": 236, "LU_HMD": "Western", "ROAD_NAME": "KOTEWALL ROAD", "SPECIES_NAME": null, "TREE_ID": "RTR0033441"}, "type": "Feature"}, {"geometry": {"coordinates": [832653.7860000003, 815838.2530000005], "type": "Point"}, "properties": {"DBH": 131, "LU_HMD": "Western", "ROAD_NAME": "KOTEWALL ROAD", "SPECIES_NAME": null, "TREE_ID": "RTR0033444"}, "type": "Feature"}, {"geometry": {"coordinates": [832637.4589999998, 815829.4670000002], "type": "Point"}, "properties": {"DBH": 102, "LU_HMD": "Western", "ROAD_NAME": "KOTEWALL ROAD", "SPECIES_NAME": null, "TREE_ID": "RTR0033445"}, "type": "Feature"}, {"geometry": {"coordinates": [832638.6409999998, 815830.3000000007], "type": "Point"}, "properties": {"DBH": 207, "LU_HMD": "Western", "ROAD_NAME": "KOTEWALL ROAD", "SPECIES_NAME": null, "TREE_ID": "RTR0033446"}, "type": "Feature"}, {"geometry": {"coordinates": [832636.4479999999, 815826.8460000008], "type": "Point"}, "properties": {"DBH": 305, "LU_HMD": "Western", "ROAD_NAME": "KOTEWALL ROAD", "SPECIES_NAME": null, "TREE_ID": "RTR0033447"}, "type": "Feature"}, {"geometry": {"coordinates": [832631.3930000002, 815824.6840000004], "type": "Point"}, "properties": {"DBH": 316, "LU_HMD": "Western", "ROAD_NAME": "KOTEWALL ROAD", "SPECIES_NAME": null, "TREE_ID": "RTR0033448"}, "type": "Feature"}, {"geometry": {"coordinates": [832629.7170000002, 815830.4269999992], "type": "Point"}, "properties": {"DBH": 239, "LU_HMD": "Western", "ROAD_NAME": "KOTEWALL ROAD", "SPECIES_NAME": null, "TREE_ID": "RTR0033449"}, "type": "Feature"}, {"geometry": {"coordinates": [832635.1140000001, 815826.5399999991], "type": "Point"}, "properties": {"DBH": 365, "LU_HMD": "Western", "ROAD_NAME": "KOTEWALL ROAD", "SPECIES_NAME": null, "TREE_ID": "RTR0033451"}, "type": "Feature"}, {"geometry": {"coordinates": [832623.4170000004, 815823.9389999993], "type": "Point"}, "properties": {"DBH": 341, "LU_HMD": "Western", "ROAD_NAME": "KOTEWALL ROAD", "SPECIES_NAME": null, "TREE_ID": "RTR0033452"}, "type": "Feature"}, {"geometry": {"coordinates": [832650.8569999998, 815851.5800000001], "type": "Point"}, "properties": {"DBH": 242, "LU_HMD": "Western", "ROAD_NAME": "KOTEWALL ROAD", "SPECIES_NAME": null, "TREE_ID": "RTR0033454"}, "type": "Feature"}, {"geometry": {"coordinates": [832631.1449999996, 815828.2650000006], "type": "Point"}, "properties": {"DBH": 217, "LU_HMD": "Western", "ROAD_NAME": "KOTEWALL ROAD", "SPECIES_NAME": null, "TREE_ID": "RTR0033455"}, "type": "Feature"}, {"geometry": {"coordinates": [832653.0810000002, 815834.7249999996], "type": "Point"}, "properties": {"DBH": 268, "LU_HMD": "Western", "ROAD_NAME": "KOTEWALL ROAD", "SPECIES_NAME": null, "TREE_ID": "RTR0033456"}, "type": "Feature"}, {"geometry": {"coordinates": [832654.7489999998, 815841.7899999991], "type": "Point"}, "properties": {"DBH": 111, "LU_HMD": "Western", "ROAD_NAME": "KOTEWALL ROAD", "SPECIES_NAME": null, "TREE_ID": "RTR0033457"}, "type": "Feature"}, {"geometry": {"coordinates": [832638.3849999998, 815833.0979999993], "type": "Point"}, "properties": {"DBH": 360, "LU_HMD": "Western", "ROAD_NAME": "KOTEWALL ROAD", "SPECIES_NAME": null, "TREE_ID": "RTR0033459"}, "type": "Feature"}, {"geometry": {"coordinates": [832641.6830000002, 815829.8010000009], "type": "Point"}, "properties": {"DBH": 255, "LU_HMD": "Western", "ROAD_NAME": "KOTEWALL ROAD", "SPECIES_NAME": null, "TREE_ID": "RTR0033460"}, "type": "Feature"}, {"geometry": {"coordinates": [832642.5669999998, 815829.6559999995], "type": "Point"}, "properties": {"DBH": 464, "LU_HMD": "Western", "ROAD_NAME": "KOTEWALL ROAD", "SPECIES_NAME": null, "TREE_ID": "RTR0033461"}, "type": "Feature"}, {"geometry": {"coordinates": [832644.5389999999, 815942.1600000001], "type": "Point"}, "properties": {"DBH": 210, "LU_HMD": "Western", "ROAD_NAME": "BABINGTON PATH", "SPECIES_NAME": null, "TREE_ID": "RTR0034009"}, "type": "Feature"}, {"geometry": {"coordinates": [832653.5319999997, 815965.2860000003], "type": "Point"}, "properties": {"DBH": 315, "LU_HMD": "Western", "ROAD_NAME": "BABINGTON PATH", "SPECIES_NAME": null, "TREE_ID": "RTR0034010"}, "type": "Feature"}, {"geometry": {"coordinates": [832643.0719999997, 815938.5350000001], "type": "Point"}, "properties": {"DBH": 124, "LU_HMD": "Western", "ROAD_NAME": "BABINGTON PATH", "SPECIES_NAME": null, "TREE_ID": "RTR0034015"}, "type": "Feature"}, {"geometry": {"coordinates": [832872.994, 815779.091], "type": "Point"}, "properties": {"DBH": 152, "LU_HMD": "Western", "ROAD_NAME": "PO SHAN ROAD", "SPECIES_NAME": null, "TREE_ID": "RTR0033367"}, "type": "Feature"}, {"geometry": {"coordinates": [832874.8700000001, 815779.5040000007], "type": "Point"}, "properties": {"DBH": 230, "LU_HMD": "Western", "ROAD_NAME": "PO SHAN ROAD", "SPECIES_NAME": null, "TREE_ID": "RTR0033368"}, "type": "Feature"}, {"geometry": {"coordinates": [832635.8509999998, 815828.0610000007], "type": "Point"}, "properties": {"DBH": 153, "LU_HMD": "Western", "ROAD_NAME": "KOTEWALL ROAD", "SPECIES_NAME": null, "TREE_ID": "RTR0033462"}, "type": "Feature"}, {"geometry": {"coordinates": [832627.131, 815831.9519999996], "type": "Point"}, "properties": {"DBH": 233, "LU_HMD": "Western", "ROAD_NAME": "KOTEWALL ROAD", "SPECIES_NAME": null, "TREE_ID": "RTR0033463"}, "type": "Feature"}, {"geometry": {"coordinates": [832642.2620000001, 815831.3039999995], "type": "Point"}, "properties": {"DBH": 570, "LU_HMD": "Western", "ROAD_NAME": "KOTEWALL ROAD", "SPECIES_NAME": null, "TREE_ID": "RTR0033464"}, "type": "Feature"}, {"geometry": {"coordinates": [832612.1430000002, 815818.3530000001], "type": "Point"}, "properties": {"DBH": 274, "LU_HMD": "Western", "ROAD_NAME": "KOTEWALL ROAD", "SPECIES_NAME": null, "TREE_ID": "RTR0033523"}, "type": "Feature"}, {"geometry": {"coordinates": [832620.54, 815820.5710000005], "type": "Point"}, "properties": {"DBH": 526, "LU_HMD": "Western", "ROAD_NAME": "KOTEWALL ROAD", "SPECIES_NAME": null, "TREE_ID": "RTR0033540"}, "type": "Feature"}, {"geometry": {"coordinates": [832615.1569999997, 815819.5810000002], "type": "Point"}, "properties": {"DBH": 417, "LU_HMD": "Western", "ROAD_NAME": "KOTEWALL ROAD", "SPECIES_NAME": null, "TREE_ID": "RTR0033548"}, "type": "Feature"}, {"geometry": {"coordinates": [832617.4570000004, 815819.443], "type": "Point"}, "properties": {"DBH": 162, "LU_HMD": "Western", "ROAD_NAME": "KOTEWALL ROAD", "SPECIES_NAME": null, "TREE_ID": "RTR0033550"}, "type": "Feature"}, {"geometry": {"coordinates": [832603.267, 815816.1410000008], "type": "Point"}, "properties": {"DBH": 235, "LU_HMD": "Western", "ROAD_NAME": "KOTEWALL ROAD", "SPECIES_NAME": null, "TREE_ID": "RTR0033551"}, "type": "Feature"}, {"geometry": {"coordinates": [832611.8530000001, 815820.5730000008], "type": "Point"}, "properties": {"DBH": 264, "LU_HMD": "Western", "ROAD_NAME": "KOTEWALL ROAD", "SPECIES_NAME": null, "TREE_ID": "RTR0033554"}, "type": "Feature"}, {"geometry": {"coordinates": [832881.5899999999, 815782.6620000005], "type": "Point"}, "properties": {"DBH": 210, "LU_HMD": "Western", "ROAD_NAME": "PO SHAN ROAD", "SPECIES_NAME": null, "TREE_ID": "RTR0033371"}, "type": "Feature"}, {"geometry": {"coordinates": [832884.5829999996, 815783.5219999999], "type": "Point"}, "properties": {"DBH": 308, "LU_HMD": "Western", "ROAD_NAME": "PO SHAN ROAD", "SPECIES_NAME": null, "TREE_ID": "RTR0033373"}, "type": "Feature"}, {"geometry": {"coordinates": [832858.5020000003, 815773.1899999995], "type": "Point"}, "properties": {"DBH": 278, "LU_HMD": "Western", "ROAD_NAME": "PO SHAN ROAD", "SPECIES_NAME": null, "TREE_ID": "RTR0033377"}, "type": "Feature"}, {"geometry": {"coordinates": [832893.8339999998, 815788.4120000005], "type": "Point"}, "properties": {"DBH": 211, "LU_HMD": "Western", "ROAD_NAME": "PO SHAN ROAD", "SPECIES_NAME": null, "TREE_ID": "RTR0033378"}, "type": "Feature"}, {"geometry": {"coordinates": [832880.2740000002, 815781.7640000004], "type": "Point"}, "properties": {"DBH": 334, "LU_HMD": "Western", "ROAD_NAME": "PO SHAN ROAD", "SPECIES_NAME": null, "TREE_ID": "RTR0033381"}, "type": "Feature"}, {"geometry": {"coordinates": [832868.8470000001, 815776.4739999995], "type": "Point"}, "properties": {"DBH": 176, "LU_HMD": "Western", "ROAD_NAME": "PO SHAN ROAD", "SPECIES_NAME": null, "TREE_ID": "RTR0033385"}, "type": "Feature"}, {"geometry": {"coordinates": [832876.3669999996, 815780.7280000001], "type": "Point"}, "properties": {"DBH": 340, "LU_HMD": "Western", "ROAD_NAME": "PO SHAN ROAD", "SPECIES_NAME": null, "TREE_ID": "RTR0033386"}, "type": "Feature"}, {"geometry": {"coordinates": [832871.4790000003, 815777.6659999993], "type": "Point"}, "properties": {"DBH": 410, "LU_HMD": "Western", "ROAD_NAME": "PO SHAN ROAD", "SPECIES_NAME": null, "TREE_ID": "RTR0033387"}, "type": "Feature"}, {"geometry": {"coordinates": [832889.9100000001, 815787.352], "type": "Point"}, "properties": {"DBH": 217, "LU_HMD": "Western", "ROAD_NAME": "PO SHAN ROAD", "SPECIES_NAME": null, "TREE_ID": "RTR0033396"}, "type": "Feature"}, {"geometry": {"coordinates": [832608.8119999999, 815815.6390000004], "type": "Point"}, "properties": {"DBH": 360, "LU_HMD": "Western", "ROAD_NAME": "KOTEWALL ROAD", "SPECIES_NAME": null, "TREE_ID": "RTR0033558"}, "type": "Feature"}, {"geometry": {"coordinates": [832623.3590000002, 815821.0219999999], "type": "Point"}, "properties": {"DBH": 611, "LU_HMD": "Western", "ROAD_NAME": "KOTEWALL ROAD", "SPECIES_NAME": null, "TREE_ID": "RTR0033561"}, "type": "Feature"}, {"geometry": {"coordinates": [832619.5719999997, 815822.2489999998], "type": "Point"}, "properties": {"DBH": 368, "LU_HMD": "Western", "ROAD_NAME": "KOTEWALL ROAD", "SPECIES_NAME": null, "TREE_ID": "RTR0033563"}, "type": "Feature"}, {"geometry": {"coordinates": [832612.9029999999, 815817.7970000003], "type": "Point"}, "properties": {"DBH": 474, "LU_HMD": "Western", "ROAD_NAME": "KOTEWALL ROAD", "SPECIES_NAME": null, "TREE_ID": "RTR0033564"}, "type": "Feature"}, {"geometry": {"coordinates": [832871.182, 815777.9560000002], "type": "Point"}, "properties": {"DBH": 131, "LU_HMD": "Western", "ROAD_NAME": "PO SHAN ROAD", "SPECIES_NAME": null, "TREE_ID": "RTR0033400"}, "type": "Feature"}, {"geometry": {"coordinates": [832885.4160000002, 815784.8010000009], "type": "Point"}, "properties": {"DBH": 257, "LU_HMD": "Western", "ROAD_NAME": "PO SHAN ROAD", "SPECIES_NAME": null, "TREE_ID": "RTR0033409"}, "type": "Feature"}, {"geometry": {"coordinates": [832865.9529999997, 815775.4930000007], "type": "Point"}, "properties": {"DBH": 590, "LU_HMD": "Western", "ROAD_NAME": "PO SHAN ROAD", "SPECIES_NAME": null, "TREE_ID": "RTR0033411"}, "type": "Feature"}, {"geometry": {"coordinates": [832861.5499999998, 815774.3159999996], "type": "Point"}, "properties": {"DBH": 163, "LU_HMD": "Western", "ROAD_NAME": "PO SHAN ROAD", "SPECIES_NAME": null, "TREE_ID": "RTR0033414"}, "type": "Feature"}, {"geometry": {"coordinates": [833078.0710000005, 816022.2740000002], "type": "Point"}, "properties": {"DBH": 232, "LU_HMD": "Western", "ROAD_NAME": "PARK ROAD", "SPECIES_NAME": null, "TREE_ID": "RTR0034394"}, "type": "Feature"}, {"geometry": {"coordinates": [832943.1370000001, 815884.2320000008], "type": "Point"}, "properties": {"DBH": 150, "LU_HMD": "Western", "ROAD_NAME": "CONDUIT ROAD", "SPECIES_NAME": null, "TREE_ID": "RTR0034034"}, "type": "Feature"}, {"geometry": {"coordinates": [832942.4060000004, 815883.8139999993], "type": "Point"}, "properties": {"DBH": 102, "LU_HMD": "Western", "ROAD_NAME": "CONDUIT ROAD", "SPECIES_NAME": null, "TREE_ID": "RTR0034038"}, "type": "Feature"}, {"geometry": {"coordinates": [832944.4469999997, 815883.9729999993], "type": "Point"}, "properties": {"DBH": 250, "LU_HMD": "Western", "ROAD_NAME": "CONDUIT ROAD", "SPECIES_NAME": null, "TREE_ID": "RTR0034055"}, "type": "Feature"}, {"geometry": {"coordinates": [833269.8660000004, 816001.8800000008], "type": "Point"}, "properties": {"DBH": 180, "LU_HMD": "Western", "ROAD_NAME": "SEYMOUR ROAD", "SPECIES_NAME": null, "TREE_ID": "RTR0033851"}, "type": "Feature"}, {"geometry": {"coordinates": [833260.9670000002, 816005.8790000007], "type": "Point"}, "properties": {"DBH": 155, "LU_HMD": "Western", "ROAD_NAME": "SEYMOUR ROAD", "SPECIES_NAME": null, "TREE_ID": "RTR0033862"}, "type": "Feature"}, {"geometry": {"coordinates": [832712.7029999997, 815767.6769999992], "type": "Point"}, "properties": {"DBH": 255, "LU_HMD": "Western", "ROAD_NAME": "PO SHAN ROAD", "SPECIES_NAME": null, "TREE_ID": "RTR0032902"}, "type": "Feature"}, {"geometry": {"coordinates": [832684.3080000002, 815774.0769999996], "type": "Point"}, "properties": {"DBH": 427, "LU_HMD": "Western", "ROAD_NAME": "PO SHAN ROAD", "SPECIES_NAME": null, "TREE_ID": "RTR0032904"}, "type": "Feature"}, {"geometry": {"coordinates": [832692.3380000005, 815758.8420000002], "type": "Point"}, "properties": {"DBH": 350, "LU_HMD": "Western", "ROAD_NAME": "PO SHAN ROAD", "SPECIES_NAME": null, "TREE_ID": "RTR0032908"}, "type": "Feature"}, {"geometry": {"coordinates": [832719.756, 815768.0960000008], "type": "Point"}, "properties": {"DBH": 124, "LU_HMD": "Western", "ROAD_NAME": "PO SHAN ROAD", "SPECIES_NAME": null, "TREE_ID": "RTR0032911"}, "type": "Feature"}, {"geometry": {"coordinates": [832682.4299999997, 815767.8530000001], "type": "Point"}, "properties": {"DBH": 213, "LU_HMD": "Western", "ROAD_NAME": "PO SHAN ROAD", "SPECIES_NAME": null, "TREE_ID": "RTR0032913"}, "type": "Feature"}, {"geometry": {"coordinates": [832983.1670000004, 815995.9670000002], "type": "Point"}, "properties": {"DBH": 1472, "LU_HMD": null, "ROAD_NAME": null, "SPECIES_NAME": null, "TREE_ID": "RTR0033605"}, "type": "Feature"}, {"geometry": {"coordinates": [833002.2989999996, 816013.9959999993], "type": "Point"}, "properties": {"DBH": 150, "LU_HMD": null, "ROAD_NAME": null, "SPECIES_NAME": null, "TREE_ID": "RTR0034390"}, "type": "Feature"}, {"geometry": {"coordinates": [833001.068, 816008.5020000003], "type": "Point"}, "properties": {"DBH": 347, "LU_HMD": null, "ROAD_NAME": null, "SPECIES_NAME": null, "TREE_ID": "RTR0034416"}, "type": "Feature"}, {"geometry": {"coordinates": [833368.4539999999, 815999.4379999992], "type": "Point"}, "properties": {"DBH": 254, "LU_HMD": "Western", "ROAD_NAME": "SEYMOUR ROAD", "SPECIES_NAME": null, "TREE_ID": "RTR0033642"}, "type": "Feature"}, {"geometry": {"coordinates": [832651.6260000002, 815778.3969999999], "type": "Point"}, "properties": {"DBH": 309, "LU_HMD": "Western", "ROAD_NAME": "PO SHAN ROAD", "SPECIES_NAME": null, "TREE_ID": "RTR0033289"}, "type": "Feature"}, {"geometry": {"coordinates": [832644.3219999997, 815781.1950000003], "type": "Point"}, "properties": {"DBH": 96, "LU_HMD": "Western", "ROAD_NAME": "PO SHAN ROAD", "SPECIES_NAME": null, "TREE_ID": "RTR0033290"}, "type": "Feature"}, {"geometry": {"coordinates": [832638.4989999998, 815788.5319999997], "type": "Point"}, "properties": {"DBH": 460, "LU_HMD": "Western", "ROAD_NAME": "PO SHAN ROAD", "SPECIES_NAME": null, "TREE_ID": "RTR0033291"}, "type": "Feature"}, {"geometry": {"coordinates": [832667.642, 815790.3200000003], "type": "Point"}, "properties": {"DBH": 140, "LU_HMD": "Western", "ROAD_NAME": "PO SHAN ROAD", "SPECIES_NAME": null, "TREE_ID": "RTR0033292"}, "type": "Feature"}, {"geometry": {"coordinates": [832654.034, 815786.7980000004], "type": "Point"}, "properties": {"DBH": 105, "LU_HMD": "Western", "ROAD_NAME": "PO SHAN ROAD", "SPECIES_NAME": null, "TREE_ID": "RTR0033294"}, "type": "Feature"}, {"geometry": {"coordinates": [832625.2989999996, 815772.3059999999], "type": "Point"}, "properties": {"DBH": 153, "LU_HMD": "Western", "ROAD_NAME": "PO SHAN ROAD", "SPECIES_NAME": null, "TREE_ID": "RTR0033295"}, "type": "Feature"}, {"geometry": {"coordinates": [832628.8890000004, 815794.5260000005], "type": "Point"}, "properties": {"DBH": 422, "LU_HMD": "Western", "ROAD_NAME": "PO SHAN ROAD", "SPECIES_NAME": null, "TREE_ID": "RTR0033298"}, "type": "Feature"}, {"geometry": {"coordinates": [832625.6670000004, 815776.2660000008], "type": "Point"}, "properties": {"DBH": 360, "LU_HMD": "Western", "ROAD_NAME": "PO SHAN ROAD", "SPECIES_NAME": null, "TREE_ID": "RTR0033299"}, "type": "Feature"}, {"geometry": {"coordinates": [832656.1220000004, 815775.773], "type": "Point"}, "properties": {"DBH": 159, "LU_HMD": "Western", "ROAD_NAME": "PO SHAN ROAD", "SPECIES_NAME": null, "TREE_ID": "RTR0033300"}, "type": "Feature"}, {"geometry": {"coordinates": [832672.0520000001, 815769.3000000007], "type": "Point"}, "properties": {"DBH": 150, "LU_HMD": "Western", "ROAD_NAME": "PO SHAN ROAD", "SPECIES_NAME": null, "TREE_ID": "RTR0032890"}, "type": "Feature"}, {"geometry": {"coordinates": [832678.4270000001, 815772.159], "type": "Point"}, "properties": {"DBH": 204, "LU_HMD": "Western", "ROAD_NAME": "PO SHAN ROAD", "SPECIES_NAME": null, "TREE_ID": "RTR0032892"}, "type": "Feature"}, {"geometry": {"coordinates": [832679.426, 815774.0840000007], "type": "Point"}, "properties": {"DBH": 169, "LU_HMD": "Western", "ROAD_NAME": "PO SHAN ROAD", "SPECIES_NAME": null, "TREE_ID": "RTR0032894"}, "type": "Feature"}, {"geometry": {"coordinates": [832666.3909999998, 815764.7719999999], "type": "Point"}, "properties": {"DBH": 96, "LU_HMD": "Western", "ROAD_NAME": "PO SHAN ROAD", "SPECIES_NAME": null, "TREE_ID": "RTR0032896"}, "type": "Feature"}, {"geometry": {"coordinates": [832671.7570000002, 815765.7960000001], "type": "Point"}, "properties": {"DBH": 127, "LU_HMD": "Western", "ROAD_NAME": "PO SHAN ROAD", "SPECIES_NAME": null, "TREE_ID": "RTR0032897"}, "type": "Feature"}, {"geometry": {"coordinates": [832675.4309999999, 815768.4189999998], "type": "Point"}, "properties": {"DBH": 137, "LU_HMD": "Western", "ROAD_NAME": "PO SHAN ROAD", "SPECIES_NAME": null, "TREE_ID": "RTR0032906"}, "type": "Feature"}, {"geometry": {"coordinates": [832673.7790000001, 815770.1760000009], "type": "Point"}, "properties": {"DBH": 217, "LU_HMD": "Western", "ROAD_NAME": "PO SHAN ROAD", "SPECIES_NAME": null, "TREE_ID": "RTR0032912"}, "type": "Feature"}, {"geometry": {"coordinates": [832649.9400000004, 815785.7259999998], "type": "Point"}, "properties": {"DBH": 96, "LU_HMD": "Western", "ROAD_NAME": "PO SHAN ROAD", "SPECIES_NAME": null, "TREE_ID": "RTR0033266"}, "type": "Feature"}, {"geometry": {"coordinates": [832659.0690000001, 815779.932], "type": "Point"}, "properties": {"DBH": 111, "LU_HMD": "Western", "ROAD_NAME": "PO SHAN ROAD", "SPECIES_NAME": null, "TREE_ID": "RTR0033267"}, "type": "Feature"}, {"geometry": {"coordinates": [832721.2750000004, 815646.5419999994], "type": "Point"}, "properties": {"DBH": 172, "LU_HMD": "Western", "ROAD_NAME": "PO SHAN ROAD", "SPECIES_NAME": null, "TREE_ID": "RTR0033034"}, "type": "Feature"}, {"geometry": {"coordinates": [832761.5049999999, 815669.3239999991], "type": "Point"}, "properties": {"DBH": 111, "LU_HMD": "Western", "ROAD_NAME": "PO SHAN ROAD", "SPECIES_NAME": null, "TREE_ID": "RTR0033035"}, "type": "Feature"}, {"geometry": {"coordinates": [832758.8119999999, 815665.1170000006], "type": "Point"}, "properties": {"DBH": 197, "LU_HMD": "Western", "ROAD_NAME": "PO SHAN ROAD", "SPECIES_NAME": null, "TREE_ID": "RTR0033036"}, "type": "Feature"}, {"geometry": {"coordinates": [832776.9210000001, 815666.5189999994], "type": "Point"}, "properties": {"DBH": 143, "LU_HMD": "Western", "ROAD_NAME": "PO SHAN ROAD", "SPECIES_NAME": null, "TREE_ID": "RTR0033037"}, "type": "Feature"}, {"geometry": {"coordinates": [832776.1459999997, 815674.6099999994], "type": "Point"}, "properties": {"DBH": 115, "LU_HMD": "Western", "ROAD_NAME": "PO SHAN ROAD", "SPECIES_NAME": null, "TREE_ID": "RTR0033038"}, "type": "Feature"}, {"geometry": {"coordinates": [832761.6619999995, 815673.1199999992], "type": "Point"}, "properties": {"DBH": 131, "LU_HMD": "Western", "ROAD_NAME": "PO SHAN ROAD", "SPECIES_NAME": null, "TREE_ID": "RTR0033039"}, "type": "Feature"}, {"geometry": {"coordinates": [832761.7549999999, 815671.3239999991], "type": "Point"}, "properties": {"DBH": 99, "LU_HMD": "Western", "ROAD_NAME": "PO SHAN ROAD", "SPECIES_NAME": null, "TREE_ID": "RTR0033040"}, "type": "Feature"}, {"geometry": {"coordinates": [832765.625, 815670.1129999999], "type": "Point"}, "properties": {"DBH": 213, "LU_HMD": "Western", "ROAD_NAME": "PO SHAN ROAD", "SPECIES_NAME": null, "TREE_ID": "RTR0033041"}, "type": "Feature"}, {"geometry": {"coordinates": [832733.9670000002, 815666.4440000001], "type": "Point"}, "properties": {"DBH": 96, "LU_HMD": "Western", "ROAD_NAME": "PO SHAN ROAD", "SPECIES_NAME": null, "TREE_ID": "RTR0033042"}, "type": "Feature"}, {"geometry": {"coordinates": [832723.1789999995, 815593.3619999997], "type": "Point"}, "properties": {"DBH": 248, "LU_HMD": "Western", "ROAD_NAME": "PO SHAN ROAD", "SPECIES_NAME": null, "TREE_ID": "RTR0034076"}, "type": "Feature"}, {"geometry": {"coordinates": [832727.2419999996, 815589.0380000006], "type": "Point"}, "properties": {"DBH": 226, "LU_HMD": "Western", "ROAD_NAME": "PO SHAN ROAD", "SPECIES_NAME": null, "TREE_ID": "RTR0034077"}, "type": "Feature"}, {"geometry": {"coordinates": [832740.5769999996, 815603.1960000005], "type": "Point"}, "properties": {"DBH": 217, "LU_HMD": "Western", "ROAD_NAME": "PO SHAN ROAD", "SPECIES_NAME": null, "TREE_ID": "RTR0034080"}, "type": "Feature"}, {"geometry": {"coordinates": [832776.227, 815677.5289999992], "type": "Point"}, "properties": {"DBH": 102, "LU_HMD": "Western", "ROAD_NAME": "PO SHAN ROAD", "SPECIES_NAME": null, "TREE_ID": "RTR0032768"}, "type": "Feature"}, {"geometry": {"coordinates": [832771.494, 815677.193], "type": "Point"}, "properties": {"DBH": 115, "LU_HMD": "Western", "ROAD_NAME": "PO SHAN ROAD", "SPECIES_NAME": null, "TREE_ID": "RTR0032769"}, "type": "Feature"}, {"geometry": {"coordinates": [832754.8250000002, 815675.6539999992], "type": "Point"}, "properties": {"DBH": 131, "LU_HMD": "Western", "ROAD_NAME": "PO SHAN ROAD", "SPECIES_NAME": null, "TREE_ID": "RTR0032770"}, "type": "Feature"}, {"geometry": {"coordinates": [832747.6600000001, 815677.1329999994], "type": "Point"}, "properties": {"DBH": 140, "LU_HMD": "Western", "ROAD_NAME": "PO SHAN ROAD", "SPECIES_NAME": null, "TREE_ID": "RTR0032771"}, "type": "Feature"}, {"geometry": {"coordinates": [832753.7970000003, 815681.7410000004], "type": "Point"}, "properties": {"DBH": 143, "LU_HMD": "Western", "ROAD_NAME": "PO SHAN ROAD", "SPECIES_NAME": null, "TREE_ID": "RTR0032773"}, "type": "Feature"}, {"geometry": {"coordinates": [832741.4680000003, 815680.5299999993], "type": "Point"}, "properties": {"DBH": 102, "LU_HMD": "Western", "ROAD_NAME": "PO SHAN ROAD", "SPECIES_NAME": null, "TREE_ID": "RTR0032774"}, "type": "Feature"}, {"geometry": {"coordinates": [832709.4720000001, 815613.7379999999], "type": "Point"}, "properties": {"DBH": 142, "LU_HMD": "Western", "ROAD_NAME": "PO SHAN ROAD", "SPECIES_NAME": null, "TREE_ID": "RTR0033722"}, "type": "Feature"}, {"geometry": {"coordinates": [832735.165, 815647.5470000003], "type": "Point"}, "properties": {"DBH": 307, "LU_HMD": "Western", "ROAD_NAME": "PO SHAN ROAD", "SPECIES_NAME": null, "TREE_ID": "RTR0033723"}, "type": "Feature"}, {"geometry": {"coordinates": [832724.9560000002, 815639.0260000005], "type": "Point"}, "properties": {"DBH": 217, "LU_HMD": "Western", "ROAD_NAME": "PO SHAN ROAD", "SPECIES_NAME": null, "TREE_ID": "RTR0033725"}, "type": "Feature"}, {"geometry": {"coordinates": [832711.3870000001, 815615.3770000003], "type": "Point"}, "properties": {"DBH": 124, "LU_HMD": "Western", "ROAD_NAME": "PO SHAN ROAD", "SPECIES_NAME": null, "TREE_ID": "RTR0033726"}, "type": "Feature"}, {"geometry": {"coordinates": [832701.9469999997, 815623.8420000002], "type": "Point"}, "properties": {"DBH": 166, "LU_HMD": "Western", "ROAD_NAME": "PO SHAN ROAD", "SPECIES_NAME": null, "TREE_ID": "RTR0033728"}, "type": "Feature"}, {"geometry": {"coordinates": [832711.4270000001, 815632.5130000003], "type": "Point"}, "properties": {"DBH": 134, "LU_HMD": "Western", "ROAD_NAME": "PO SHAN ROAD", "SPECIES_NAME": null, "TREE_ID": "RTR0033729"}, "type": "Feature"}, {"geometry": {"coordinates": [832732.0630000001, 815629.6879999992], "type": "Point"}, "properties": {"DBH": 96, "LU_HMD": "Western", "ROAD_NAME": "PO SHAN ROAD", "SPECIES_NAME": null, "TREE_ID": "RTR0033730"}, "type": "Feature"}, {"geometry": {"coordinates": [832778.432, 815597.7949999999], "type": "Point"}, "properties": {"DBH": 99, "LU_HMD": "Western", "ROAD_NAME": "PO SHAN ROAD", "SPECIES_NAME": null, "TREE_ID": "RTR0034369"}, "type": "Feature"}, {"geometry": {"coordinates": [832740.5599999996, 815586.1050000004], "type": "Point"}, "properties": {"DBH": 124, "LU_HMD": "Western", "ROAD_NAME": "PO SHAN ROAD", "SPECIES_NAME": null, "TREE_ID": "RTR0034370"}, "type": "Feature"}, {"geometry": {"coordinates": [832739.8289999999, 815701.443], "type": "Point"}, "properties": {"DBH": 99, "LU_HMD": "Western", "ROAD_NAME": "PO SHAN ROAD", "SPECIES_NAME": null, "TREE_ID": "RTR0032516"}, "type": "Feature"}, {"geometry": {"coordinates": [832716.2829999998, 815684.7349999994], "type": "Point"}, "properties": {"DBH": 96, "LU_HMD": "Western", "ROAD_NAME": "PO SHAN ROAD", "SPECIES_NAME": null, "TREE_ID": "RTR0032517"}, "type": "Feature"}, {"geometry": {"coordinates": [832764.0530000003, 815699.0830000006], "type": "Point"}, "properties": {"DBH": 293, "LU_HMD": "Western", "ROAD_NAME": "PO SHAN ROAD", "SPECIES_NAME": null, "TREE_ID": "RTR0032518"}, "type": "Feature"}, {"geometry": {"coordinates": [832740.29, 815688.3609999996], "type": "Point"}, "properties": {"DBH": 105, "LU_HMD": "Western", "ROAD_NAME": "PO SHAN ROAD", "SPECIES_NAME": null, "TREE_ID": "RTR0032526"}, "type": "Feature"}, {"geometry": {"coordinates": [832741.409, 815701.6860000007], "type": "Point"}, "properties": {"DBH": 96, "LU_HMD": "Western", "ROAD_NAME": "PO SHAN ROAD", "SPECIES_NAME": null, "TREE_ID": "RTR0032527"}, "type": "Feature"}, {"geometry": {"coordinates": [832766.2879999997, 815685.5209999997], "type": "Point"}, "properties": {"DBH": 207, "LU_HMD": "Western", "ROAD_NAME": "PO SHAN ROAD", "SPECIES_NAME": null, "TREE_ID": "RTR0032528"}, "type": "Feature"}, {"geometry": {"coordinates": [832754.6239999998, 815701.0150000006], "type": "Point"}, "properties": {"DBH": 121, "LU_HMD": "Western", "ROAD_NAME": "PO SHAN ROAD", "SPECIES_NAME": null, "TREE_ID": "RTR0032529"}, "type": "Feature"}, {"geometry": {"coordinates": [832762.9589999998, 815692.7819999997], "type": "Point"}, "properties": {"DBH": 309, "LU_HMD": "Western", "ROAD_NAME": "PO SHAN ROAD", "SPECIES_NAME": null, "TREE_ID": "RTR0032531"}, "type": "Feature"}, {"geometry": {"coordinates": [832768.6129999999, 815692.3090000004], "type": "Point"}, "properties": {"DBH": 252, "LU_HMD": "Western", "ROAD_NAME": "PO SHAN ROAD", "SPECIES_NAME": null, "TREE_ID": "RTR0032532"}, "type": "Feature"}, {"geometry": {"coordinates": [833240.4689999996, 815848.2579999994], "type": "Point"}, "properties": {"DBH": 320, "LU_HMD": "Western", "ROAD_NAME": "CASTLE ROAD", "SPECIES_NAME": null, "TREE_ID": "RTR0034388"}, "type": "Feature"}, {"geometry": {"coordinates": [833239.2649999997, 815848.1270000003], "type": "Point"}, "properties": {"DBH": 102, "LU_HMD": "Western", "ROAD_NAME": "CASTLE ROAD", "SPECIES_NAME": null, "TREE_ID": "RTR0034391"}, "type": "Feature"}, {"geometry": {"coordinates": [833238.5319999997, 815847.5739999991], "type": "Point"}, "properties": {"DBH": 102, "LU_HMD": "Western", "ROAD_NAME": "CASTLE ROAD", "SPECIES_NAME": null, "TREE_ID": "RTR0034403"}, "type": "Feature"}, {"geometry": {"coordinates": [833240.3339999998, 815849.6229999997], "type": "Point"}, "properties": {"DBH": 206, "LU_HMD": "Western", "ROAD_NAME": "CASTLE ROAD", "SPECIES_NAME": null, "TREE_ID": "RTR0034406"}, "type": "Feature"}, {"geometry": {"coordinates": [833356.1129999999, 815993.9829999991], "type": "Point"}, "properties": {"DBH": 630, "LU_HMD": "Western", "ROAD_NAME": "SEYMOUR ROAD", "SPECIES_NAME": null, "TREE_ID": "RTR0033653"}, "type": "Feature"}, {"geometry": {"coordinates": [833364.8339999998, 815998.9079999998], "type": "Point"}, "properties": {"DBH": 254, "LU_HMD": "Western", "ROAD_NAME": "SEYMOUR ROAD", "SPECIES_NAME": null, "TREE_ID": "RTR0033655"}, "type": "Feature"}, {"geometry": {"coordinates": [833343.4800000004, 815985.3969999999], "type": "Point"}, "properties": {"DBH": 194, "LU_HMD": "Western", "ROAD_NAME": "SEYMOUR ROAD", "SPECIES_NAME": null, "TREE_ID": "RTR0033661"}, "type": "Feature"}, {"geometry": {"coordinates": [833349.3219999997, 815989.466], "type": "Point"}, "properties": {"DBH": 600, "LU_HMD": "Western", "ROAD_NAME": "SEYMOUR ROAD", "SPECIES_NAME": null, "TREE_ID": "RTR0033664"}, "type": "Feature"}, {"geometry": {"coordinates": [832977.523, 815969.1879999992], "type": "Point"}, "properties": {"DBH": 194, "LU_HMD": null, "ROAD_NAME": null, "SPECIES_NAME": null, "TREE_ID": "RTR0034027"}, "type": "Feature"}, {"geometry": {"coordinates": [832998.7010000004, 815993.0370000005], "type": "Point"}, "properties": {"DBH": 121, "LU_HMD": null, "ROAD_NAME": null, "SPECIES_NAME": null, "TREE_ID": "RTR0034028"}, "type": "Feature"}, {"geometry": {"coordinates": [832975.2419999996, 815963.7630000003], "type": "Point"}, "properties": {"DBH": 755, "LU_HMD": null, "ROAD_NAME": null, "SPECIES_NAME": null, "TREE_ID": "RTR0034030"}, "type": "Feature"}, {"geometry": {"coordinates": [832975.9550000001, 815969.4399999995], "type": "Point"}, "properties": {"DBH": 108, "LU_HMD": null, "ROAD_NAME": null, "SPECIES_NAME": null, "TREE_ID": "RTR0034032"}, "type": "Feature"}, {"geometry": {"coordinates": [832985.9220000003, 815985.3210000005], "type": "Point"}, "properties": {"DBH": 210, "LU_HMD": null, "ROAD_NAME": null, "SPECIES_NAME": null, "TREE_ID": "RTR0034033"}, "type": "Feature"}, {"geometry": {"coordinates": [832648.1809999999, 815780.6620000005], "type": "Point"}, "properties": {"DBH": 166, "LU_HMD": "Western", "ROAD_NAME": "PO SHAN ROAD", "SPECIES_NAME": null, "TREE_ID": "RTR0033301"}, "type": "Feature"}, {"geometry": {"coordinates": [832671.3930000002, 815785.841], "type": "Point"}, "properties": {"DBH": 108, "LU_HMD": "Western", "ROAD_NAME": "PO SHAN ROAD", "SPECIES_NAME": null, "TREE_ID": "RTR0033302"}, "type": "Feature"}, {"geometry": {"coordinates": [832673.7750000004, 815781.4250000007], "type": "Point"}, "properties": {"DBH": 130, "LU_HMD": "Western", "ROAD_NAME": "PO SHAN ROAD", "SPECIES_NAME": null, "TREE_ID": "RTR0033303"}, "type": "Feature"}, {"geometry": {"coordinates": [832639.5310000004, 815781.9590000007], "type": "Point"}, "properties": {"DBH": 188, "LU_HMD": "Western", "ROAD_NAME": "PO SHAN ROAD", "SPECIES_NAME": null, "TREE_ID": "RTR0033304"}, "type": "Feature"}, {"geometry": {"coordinates": [832668.9859999996, 815782.8770000003], "type": "Point"}, "properties": {"DBH": 159, "LU_HMD": "Western", "ROAD_NAME": "PO SHAN ROAD", "SPECIES_NAME": null, "TREE_ID": "RTR0033305"}, "type": "Feature"}, {"geometry": {"coordinates": [832623.0379999997, 815789.3200000003], "type": "Point"}, "properties": {"DBH": 126, "LU_HMD": "Western", "ROAD_NAME": "PO SHAN ROAD", "SPECIES_NAME": null, "TREE_ID": "RTR0033306"}, "type": "Feature"}, {"geometry": {"coordinates": [832640.4460000005, 815779.3300000001], "type": "Point"}, "properties": {"DBH": 140, "LU_HMD": "Western", "ROAD_NAME": "PO SHAN ROAD", "SPECIES_NAME": null, "TREE_ID": "RTR0033308"}, "type": "Feature"}, {"geometry": {"coordinates": [832626.7779999999, 815774.4370000008], "type": "Point"}, "properties": {"DBH": 127, "LU_HMD": "Western", "ROAD_NAME": "PO SHAN ROAD", "SPECIES_NAME": null, "TREE_ID": "RTR0033310"}, "type": "Feature"}, {"geometry": {"coordinates": [832653.1119999997, 815784.7440000009], "type": "Point"}, "properties": {"DBH": 131, "LU_HMD": "Western", "ROAD_NAME": "PO SHAN ROAD", "SPECIES_NAME": null, "TREE_ID": "RTR0033311"}, "type": "Feature"}, {"geometry": {"coordinates": [832643.1770000001, 815774.4330000002], "type": "Point"}, "properties": {"DBH": 120, "LU_HMD": "Western", "ROAD_NAME": "PO SHAN ROAD", "SPECIES_NAME": null, "TREE_ID": "RTR0033268"}, "type": "Feature"}, {"geometry": {"coordinates": [832645.5410000002, 815774.0480000004], "type": "Point"}, "properties": {"DBH": 127, "LU_HMD": "Western", "ROAD_NAME": "PO SHAN ROAD", "SPECIES_NAME": null, "TREE_ID": "RTR0033269"}, "type": "Feature"}, {"geometry": {"coordinates": [832657.1780000003, 815779.3709999993], "type": "Point"}, "properties": {"DBH": 96, "LU_HMD": "Western", "ROAD_NAME": "PO SHAN ROAD", "SPECIES_NAME": null, "TREE_ID": "RTR0033270"}, "type": "Feature"}, {"geometry": {"coordinates": [832639.983, 815778.7249999996], "type": "Point"}, "properties": {"DBH": 172, "LU_HMD": "Western", "ROAD_NAME": "PO SHAN ROAD", "SPECIES_NAME": null, "TREE_ID": "RTR0033271"}, "type": "Feature"}, {"geometry": {"coordinates": [832673.2180000003, 815783.7280000001], "type": "Point"}, "properties": {"DBH": 150, "LU_HMD": "Western", "ROAD_NAME": "PO SHAN ROAD", "SPECIES_NAME": null, "TREE_ID": "RTR0033272"}, "type": "Feature"}, {"geometry": {"coordinates": [832758.8849999998, 815610.6199999992], "type": "Point"}, "properties": {"DBH": 195, "LU_HMD": "Western", "ROAD_NAME": "PO SHAN ROAD", "SPECIES_NAME": null, "TREE_ID": "RTR0033810"}, "type": "Feature"}, {"geometry": {"coordinates": [832748.7649999997, 815609.6180000007], "type": "Point"}, "properties": {"DBH": 96, "LU_HMD": "Western", "ROAD_NAME": "PO SHAN ROAD", "SPECIES_NAME": null, "TREE_ID": "RTR0033811"}, "type": "Feature"}, {"geometry": {"coordinates": [832740.25, 815611.6789999995], "type": "Point"}, "properties": {"DBH": 124, "LU_HMD": "Western", "ROAD_NAME": "PO SHAN ROAD", "SPECIES_NAME": null, "TREE_ID": "RTR0033812"}, "type": "Feature"}, {"geometry": {"coordinates": [832727.2390000001, 815603.1030000001], "type": "Point"}, "properties": {"DBH": 150, "LU_HMD": "Western", "ROAD_NAME": "PO SHAN ROAD", "SPECIES_NAME": null, "TREE_ID": "RTR0033813"}, "type": "Feature"}, {"geometry": {"coordinates": [832757.6749999998, 815609.4159999993], "type": "Point"}, "properties": {"DBH": 102, "LU_HMD": "Western", "ROAD_NAME": "PO SHAN ROAD", "SPECIES_NAME": null, "TREE_ID": "RTR0033814"}, "type": "Feature"}, {"geometry": {"coordinates": [832748.943, 815618.841], "type": "Point"}, "properties": {"DBH": 268, "LU_HMD": "Western", "ROAD_NAME": "PO SHAN ROAD", "SPECIES_NAME": null, "TREE_ID": "RTR0033815"}, "type": "Feature"}, {"geometry": {"coordinates": [832772.8540000003, 815609.8680000007], "type": "Point"}, "properties": {"DBH": 172, "LU_HMD": "Western", "ROAD_NAME": "PO SHAN ROAD", "SPECIES_NAME": null, "TREE_ID": "RTR0033816"}, "type": "Feature"}, {"geometry": {"coordinates": [832738.2460000003, 815616.4189999998], "type": "Point"}, "properties": {"DBH": 159, "LU_HMD": "Western", "ROAD_NAME": "PO SHAN ROAD", "SPECIES_NAME": null, "TREE_ID": "RTR0033869"}, "type": "Feature"}, {"geometry": {"coordinates": [832752.2719999999, 815624.4619999994], "type": "Point"}, "properties": {"DBH": 96, "LU_HMD": "Western", "ROAD_NAME": "PO SHAN ROAD", "SPECIES_NAME": null, "TREE_ID": "RTR0033870"}, "type": "Feature"}, {"geometry": {"coordinates": [832746.9390000002, 815678.7929999996], "type": "Point"}, "properties": {"DBH": 182, "LU_HMD": "Western", "ROAD_NAME": "PO SHAN ROAD", "SPECIES_NAME": null, "TREE_ID": "RTR0032777"}, "type": "Feature"}, {"geometry": {"coordinates": [832764.534, 815676.3450000007], "type": "Point"}, "properties": {"DBH": 338, "LU_HMD": "Western", "ROAD_NAME": "PO SHAN ROAD", "SPECIES_NAME": null, "TREE_ID": "RTR0032778"}, "type": "Feature"}, {"geometry": {"coordinates": [832755.3229999999, 815681.568], "type": "Point"}, "properties": {"DBH": 146, "LU_HMD": "Western", "ROAD_NAME": "PO SHAN ROAD", "SPECIES_NAME": null, "TREE_ID": "RTR0032779"}, "type": "Feature"}, {"geometry": {"coordinates": [832752.04, 815682.0449999999], "type": "Point"}, "properties": {"DBH": 108, "LU_HMD": "Western", "ROAD_NAME": "PO SHAN ROAD", "SPECIES_NAME": null, "TREE_ID": "RTR0032780"}, "type": "Feature"}, {"geometry": {"coordinates": [832712.1950000003, 815656.1319999993], "type": "Point"}, "properties": {"DBH": 108, "LU_HMD": "Western", "ROAD_NAME": "PO SHAN ROAD", "SPECIES_NAME": null, "TREE_ID": "RTR0033199"}, "type": "Feature"}, {"geometry": {"coordinates": [832700.8119999999, 815638.9839999992], "type": "Point"}, "properties": {"DBH": 127, "LU_HMD": "Western", "ROAD_NAME": "PO SHAN ROAD", "SPECIES_NAME": null, "TREE_ID": "RTR0033200"}, "type": "Feature"}, {"geometry": {"coordinates": [832739.4859999996, 815665.5999999996], "type": "Point"}, "properties": {"DBH": 166, "LU_HMD": "Western", "ROAD_NAME": "PO SHAN ROAD", "SPECIES_NAME": null, "TREE_ID": "RTR0033201"}, "type": "Feature"}, {"geometry": {"coordinates": [832705.0089999996, 815641.8809999991], "type": "Point"}, "properties": {"DBH": 209, "LU_HMD": "Western", "ROAD_NAME": "PO SHAN ROAD", "SPECIES_NAME": null, "TREE_ID": "RTR0033202"}, "type": "Feature"}, {"geometry": {"coordinates": [832736.4610000001, 815662.3849999998], "type": "Point"}, "properties": {"DBH": 124, "LU_HMD": "Western", "ROAD_NAME": "PO SHAN ROAD", "SPECIES_NAME": null, "TREE_ID": "RTR0033203"}, "type": "Feature"}, {"geometry": {"coordinates": [832690.3380000005, 815651.5690000001], "type": "Point"}, "properties": {"DBH": 102, "LU_HMD": "Western", "ROAD_NAME": "PO SHAN ROAD", "SPECIES_NAME": null, "TREE_ID": "RTR0032833"}, "type": "Feature"}, {"geometry": {"coordinates": [832736.0939999996, 815673.2050000001], "type": "Point"}, "properties": {"DBH": 96, "LU_HMD": "Western", "ROAD_NAME": "PO SHAN ROAD", "SPECIES_NAME": null, "TREE_ID": "RTR0032834"}, "type": "Feature"}, {"geometry": {"coordinates": [832713.8959999997, 815669.3300000001], "type": "Point"}, "properties": {"DBH": 102, "LU_HMD": "Western", "ROAD_NAME": "PO SHAN ROAD", "SPECIES_NAME": null, "TREE_ID": "RTR0032835"}, "type": "Feature"}, {"geometry": {"coordinates": [832691.5329999998, 815639.7459999993], "type": "Point"}, "properties": {"DBH": 178, "LU_HMD": "Western", "ROAD_NAME": "PO SHAN ROAD", "SPECIES_NAME": null, "TREE_ID": "RTR0032836"}, "type": "Feature"}, {"geometry": {"coordinates": [832691.2479999997, 815639.0120000001], "type": "Point"}, "properties": {"DBH": 175, "LU_HMD": "Western", "ROAD_NAME": "PO SHAN ROAD", "SPECIES_NAME": null, "TREE_ID": "RTR0032838"}, "type": "Feature"}, {"geometry": {"coordinates": [832693.642, 815650.2789999992], "type": "Point"}, "properties": {"DBH": 99, "LU_HMD": "Western", "ROAD_NAME": "PO SHAN ROAD", "SPECIES_NAME": null, "TREE_ID": "RTR0032839"}, "type": "Feature"}, {"geometry": {"coordinates": [832710.3959999997, 815669.4639999997], "type": "Point"}, "properties": {"DBH": 137, "LU_HMD": "Western", "ROAD_NAME": "PO SHAN ROAD", "SPECIES_NAME": null, "TREE_ID": "RTR0032840"}, "type": "Feature"}, {"geometry": {"coordinates": [832695.0439999998, 815651.0059999991], "type": "Point"}, "properties": {"DBH": 102, "LU_HMD": "Western", "ROAD_NAME": "PO SHAN ROAD", "SPECIES_NAME": null, "TREE_ID": "RTR0032842"}, "type": "Feature"}, {"geometry": {"coordinates": [832694.6500000004, 815646.8790000007], "type": "Point"}, "properties": {"DBH": 121, "LU_HMD": "Western", "ROAD_NAME": "PO SHAN ROAD", "SPECIES_NAME": null, "TREE_ID": "RTR0032844"}, "type": "Feature"}, {"geometry": {"coordinates": [832678.3109999998, 815665.3619999997], "type": "Point"}, "properties": {"DBH": 140, "LU_HMD": "Western", "ROAD_NAME": "PO SHAN ROAD", "SPECIES_NAME": null, "TREE_ID": "RTR0032533"}, "type": "Feature"}, {"geometry": {"coordinates": [832688.5489999996, 815667.9100000001], "type": "Point"}, "properties": {"DBH": 131, "LU_HMD": "Western", "ROAD_NAME": "PO SHAN ROAD", "SPECIES_NAME": null, "TREE_ID": "RTR0032534"}, "type": "Feature"}, {"geometry": {"coordinates": [832769.8949999996, 815697.5930000003], "type": "Point"}, "properties": {"DBH": 99, "LU_HMD": "Western", "ROAD_NAME": "PO SHAN ROAD", "SPECIES_NAME": null, "TREE_ID": "RTR0032535"}, "type": "Feature"}, {"geometry": {"coordinates": [832705.5779999997, 815679.2070000004], "type": "Point"}, "properties": {"DBH": 96, "LU_HMD": "Western", "ROAD_NAME": "PO SHAN ROAD", "SPECIES_NAME": null, "TREE_ID": "RTR0032536"}, "type": "Feature"}, {"geometry": {"coordinates": [832751.4119999995, 815704.1520000007], "type": "Point"}, "properties": {"DBH": 105, "LU_HMD": "Western", "ROAD_NAME": "PO SHAN ROAD", "SPECIES_NAME": null, "TREE_ID": "RTR0032538"}, "type": "Feature"}, {"geometry": {"coordinates": [832733.5889999997, 815709.9780000001], "type": "Point"}, "properties": {"DBH": 226, "LU_HMD": "Western", "ROAD_NAME": "PO SHAN ROAD", "SPECIES_NAME": null, "TREE_ID": "RTR0031552"}, "type": "Feature"}, {"geometry": {"coordinates": [832703.131, 815694.6919999998], "type": "Point"}, "properties": {"DBH": 213, "LU_HMD": "Western", "ROAD_NAME": "PO SHAN ROAD", "SPECIES_NAME": null, "TREE_ID": "RTR0031553"}, "type": "Feature"}, {"geometry": {"coordinates": [832718.017, 815708.2210000008], "type": "Point"}, "properties": {"DBH": 102, "LU_HMD": "Western", "ROAD_NAME": "PO SHAN ROAD", "SPECIES_NAME": null, "TREE_ID": "RTR0031554"}, "type": "Feature"}, {"geometry": {"coordinates": [832741.3360000001, 815700.2149999999], "type": "Point"}, "properties": {"DBH": 118, "LU_HMD": "Western", "ROAD_NAME": "PO SHAN ROAD", "SPECIES_NAME": null, "TREE_ID": "RTR0031555"}, "type": "Feature"}, {"geometry": {"coordinates": [832972.8930000002, 815958.3939999994], "type": "Point"}, "properties": {"DBH": 221, "LU_HMD": null, "ROAD_NAME": null, "SPECIES_NAME": null, "TREE_ID": "RTR0034036"}, "type": "Feature"}, {"geometry": {"coordinates": [832977.4500000002, 815966.659], "type": "Point"}, "properties": {"DBH": 204, "LU_HMD": null, "ROAD_NAME": null, "SPECIES_NAME": null, "TREE_ID": "RTR0034037"}, "type": "Feature"}, {"geometry": {"coordinates": [832980.392, 815979.5460000001], "type": "Point"}, "properties": {"DBH": 121, "LU_HMD": null, "ROAD_NAME": null, "SPECIES_NAME": null, "TREE_ID": "RTR0034039"}, "type": "Feature"}, {"geometry": {"coordinates": [832979.3140000002, 815975.7579999994], "type": "Point"}, "properties": {"DBH": 191, "LU_HMD": null, "ROAD_NAME": null, "SPECIES_NAME": null, "TREE_ID": "RTR0034040"}, "type": "Feature"}, {"geometry": {"coordinates": [832976.9900000002, 815960.1339999996], "type": "Point"}, "properties": {"DBH": 115, "LU_HMD": null, "ROAD_NAME": null, "SPECIES_NAME": null, "TREE_ID": "RTR0034042"}, "type": "Feature"}, {"geometry": {"coordinates": [832981.3789999997, 815972.7890000008], "type": "Point"}, "properties": {"DBH": 398, "LU_HMD": null, "ROAD_NAME": null, "SPECIES_NAME": null, "TREE_ID": "RTR0034044"}, "type": "Feature"}, {"geometry": {"coordinates": [832985.1239999998, 815981.9690000005], "type": "Point"}, "properties": {"DBH": 255, "LU_HMD": null, "ROAD_NAME": null, "SPECIES_NAME": null, "TREE_ID": "RTR0034046"}, "type": "Feature"}, {"geometry": {"coordinates": [832973.2929999996, 815963.8029999994], "type": "Point"}, "properties": {"DBH": 191, "LU_HMD": null, "ROAD_NAME": null, "SPECIES_NAME": null, "TREE_ID": "RTR0034048"}, "type": "Feature"}, {"geometry": {"coordinates": [832989.3849999998, 815985.375], "type": "Point"}, "properties": {"DBH": 160, "LU_HMD": null, "ROAD_NAME": null, "SPECIES_NAME": null, "TREE_ID": "RTR0034050"}, "type": "Feature"}, {"geometry": {"coordinates": [832981.2929999996, 815984.2980000004], "type": "Point"}, "properties": {"DBH": 287, "LU_HMD": null, "ROAD_NAME": null, "SPECIES_NAME": null, "TREE_ID": "RTR0034052"}, "type": "Feature"}, {"geometry": {"coordinates": [832983.5619999999, 815983.9210000001], "type": "Point"}, "properties": {"DBH": 242, "LU_HMD": null, "ROAD_NAME": null, "SPECIES_NAME": null, "TREE_ID": "RTR0034054"}, "type": "Feature"}, {"geometry": {"coordinates": [832973.4220000003, 815959.0059999991], "type": "Point"}, "properties": {"DBH": 287, "LU_HMD": null, "ROAD_NAME": null, "SPECIES_NAME": null, "TREE_ID": "RTR0034057"}, "type": "Feature"}, {"geometry": {"coordinates": [832654.8710000003, 815779.8200000003], "type": "Point"}, "properties": {"DBH": 146, "LU_HMD": "Western", "ROAD_NAME": "PO SHAN ROAD", "SPECIES_NAME": null, "TREE_ID": "RTR0033312"}, "type": "Feature"}, {"geometry": {"coordinates": [832660.2690000003, 815742.7870000005], "type": "Point"}, "properties": {"DBH": 134, "LU_HMD": "Western", "ROAD_NAME": "PO SHAN ROAD", "SPECIES_NAME": null, "TREE_ID": "RTR0031013"}, "type": "Feature"}, {"geometry": {"coordinates": [832677.2580000004, 815746.5999999996], "type": "Point"}, "properties": {"DBH": 134, "LU_HMD": "Western", "ROAD_NAME": "PO SHAN ROAD", "SPECIES_NAME": null, "TREE_ID": "RTR0031015"}, "type": "Feature"}, {"geometry": {"coordinates": [832668.2290000003, 815746.2359999996], "type": "Point"}, "properties": {"DBH": 102, "LU_HMD": "Western", "ROAD_NAME": "PO SHAN ROAD", "SPECIES_NAME": null, "TREE_ID": "RTR0031016"}, "type": "Feature"}, {"geometry": {"coordinates": [832654.1629999997, 815732.8780000005], "type": "Point"}, "properties": {"DBH": 213, "LU_HMD": "Western", "ROAD_NAME": "PO SHAN ROAD", "SPECIES_NAME": null, "TREE_ID": "RTR0031018"}, "type": "Feature"}, {"geometry": {"coordinates": [832640.9519999996, 815734.0840000007], "type": "Point"}, "properties": {"DBH": 299, "LU_HMD": "Western", "ROAD_NAME": "PO SHAN ROAD", "SPECIES_NAME": null, "TREE_ID": "RTR0031021"}, "type": "Feature"}, {"geometry": {"coordinates": [832655.4340000004, 815743.7520000003], "type": "Point"}, "properties": {"DBH": 124, "LU_HMD": "Western", "ROAD_NAME": "PO SHAN ROAD", "SPECIES_NAME": null, "TREE_ID": "RTR0031023"}, "type": "Feature"}, {"geometry": {"coordinates": [832651.1390000004, 815786.4350000005], "type": "Point"}, "properties": {"DBH": 197, "LU_HMD": "Western", "ROAD_NAME": "PO SHAN ROAD", "SPECIES_NAME": null, "TREE_ID": "RTR0033313"}, "type": "Feature"}, {"geometry": {"coordinates": [832645.2620000001, 815778.0899999999], "type": "Point"}, "properties": {"DBH": 156, "LU_HMD": "Western", "ROAD_NAME": "PO SHAN ROAD", "SPECIES_NAME": null, "TREE_ID": "RTR0033314"}, "type": "Feature"}, {"geometry": {"coordinates": [832774.9780000001, 815624.1610000003], "type": "Point"}, "properties": {"DBH": 102, "LU_HMD": "Western", "ROAD_NAME": "PO SHAN ROAD", "SPECIES_NAME": null, "TREE_ID": "RTR0033871"}, "type": "Feature"}, {"geometry": {"coordinates": [832761.5630000001, 815706.5610000007], "type": "Point"}, "properties": {"DBH": 140, "LU_HMD": "Western", "ROAD_NAME": "PO SHAN ROAD", "SPECIES_NAME": null, "TREE_ID": "RTR0032565"}, "type": "Feature"}, {"geometry": {"coordinates": [832739.784, 815716.8379999995], "type": "Point"}, "properties": {"DBH": 111, "LU_HMD": "Western", "ROAD_NAME": "PO SHAN ROAD", "SPECIES_NAME": null, "TREE_ID": "RTR0032566"}, "type": "Feature"}, {"geometry": {"coordinates": [832735.7379999999, 815721.3310000002], "type": "Point"}, "properties": {"DBH": 102, "LU_HMD": "Western", "ROAD_NAME": "PO SHAN ROAD", "SPECIES_NAME": null, "TREE_ID": "RTR0032567"}, "type": "Feature"}, {"geometry": {"coordinates": [832738.4780000001, 815706.6730000004], "type": "Point"}, "properties": {"DBH": 111, "LU_HMD": "Western", "ROAD_NAME": "PO SHAN ROAD", "SPECIES_NAME": null, "TREE_ID": "RTR0032568"}, "type": "Feature"}, {"geometry": {"coordinates": [832748.2539999997, 815714.2100000009], "type": "Point"}, "properties": {"DBH": 105, "LU_HMD": "Western", "ROAD_NAME": "PO SHAN ROAD", "SPECIES_NAME": null, "TREE_ID": "RTR0032569"}, "type": "Feature"}, {"geometry": {"coordinates": [832730.9699999997, 815706.2420000006], "type": "Point"}, "properties": {"DBH": 127, "LU_HMD": "Western", "ROAD_NAME": "PO SHAN ROAD", "SPECIES_NAME": null, "TREE_ID": "RTR0032570"}, "type": "Feature"}, {"geometry": {"coordinates": [832749.756, 815716.0099999998], "type": "Point"}, "properties": {"DBH": 241, "LU_HMD": "Western", "ROAD_NAME": "PO SHAN ROAD", "SPECIES_NAME": null, "TREE_ID": "RTR0032571"}, "type": "Feature"}, {"geometry": {"coordinates": [832734.9989999998, 815704.8680000007], "type": "Point"}, "properties": {"DBH": 96, "LU_HMD": "Western", "ROAD_NAME": "PO SHAN ROAD", "SPECIES_NAME": null, "TREE_ID": "RTR0032573"}, "type": "Feature"}, {"geometry": {"coordinates": [832715.3660000004, 815663.7620000001], "type": "Point"}, "properties": {"DBH": 102, "LU_HMD": "Western", "ROAD_NAME": "PO SHAN ROAD", "SPECIES_NAME": null, "TREE_ID": "RTR0033204"}, "type": "Feature"}, {"geometry": {"coordinates": [832713.568, 815659.0370000005], "type": "Point"}, "properties": {"DBH": 102, "LU_HMD": "Western", "ROAD_NAME": "PO SHAN ROAD", "SPECIES_NAME": null, "TREE_ID": "RTR0033206"}, "type": "Feature"}, {"geometry": {"coordinates": [832720.523, 815644.5810000002], "type": "Point"}, "properties": {"DBH": 105, "LU_HMD": "Western", "ROAD_NAME": "PO SHAN ROAD", "SPECIES_NAME": null, "TREE_ID": "RTR0033207"}, "type": "Feature"}, {"geometry": {"coordinates": [832697.75, 815638.6569999997], "type": "Point"}, "properties": {"DBH": 96, "LU_HMD": "Western", "ROAD_NAME": "PO SHAN ROAD", "SPECIES_NAME": null, "TREE_ID": "RTR0033208"}, "type": "Feature"}, {"geometry": {"coordinates": [832732.0360000003, 815667.5160000008], "type": "Point"}, "properties": {"DBH": 110, "LU_HMD": "Western", "ROAD_NAME": "PO SHAN ROAD", "SPECIES_NAME": null, "TREE_ID": "RTR0033210"}, "type": "Feature"}, {"geometry": {"coordinates": [832731.8880000003, 815665.4519999996], "type": "Point"}, "properties": {"DBH": 162, "LU_HMD": "Western", "ROAD_NAME": "PO SHAN ROAD", "SPECIES_NAME": null, "TREE_ID": "RTR0033211"}, "type": "Feature"}, {"geometry": {"coordinates": [832741.0930000003, 815593.5390000008], "type": "Point"}, "properties": {"DBH": 134, "LU_HMD": "Western", "ROAD_NAME": "PO SHAN ROAD", "SPECIES_NAME": null, "TREE_ID": "RTR0034091"}, "type": "Feature"}, {"geometry": {"coordinates": [832724.3949999996, 815591.591], "type": "Point"}, "properties": {"DBH": 293, "LU_HMD": "Western", "ROAD_NAME": "PO SHAN ROAD", "SPECIES_NAME": null, "TREE_ID": "RTR0034092"}, "type": "Feature"}, {"geometry": {"coordinates": [832727.0959999999, 815594.5820000004], "type": "Point"}, "properties": {"DBH": 197, "LU_HMD": "Western", "ROAD_NAME": "PO SHAN ROAD", "SPECIES_NAME": null, "TREE_ID": "RTR0034097"}, "type": "Feature"}, {"geometry": {"coordinates": [832718.3039999995, 815670.6109999996], "type": "Point"}, "properties": {"DBH": 99, "LU_HMD": "Western", "ROAD_NAME": "PO SHAN ROAD", "SPECIES_NAME": null, "TREE_ID": "RTR0032846"}, "type": "Feature"}, {"geometry": {"coordinates": [832716.7929999996, 815634.8560000006], "type": "Point"}, "properties": {"DBH": 232, "LU_HMD": "Western", "ROAD_NAME": "PO SHAN ROAD", "SPECIES_NAME": null, "TREE_ID": "RTR0033732"}, "type": "Feature"}, {"geometry": {"coordinates": [832702.523, 815626.6070000008], "type": "Point"}, "properties": {"DBH": 201, "LU_HMD": "Western", "ROAD_NAME": "PO SHAN ROAD", "SPECIES_NAME": null, "TREE_ID": "RTR0033733"}, "type": "Feature"}, {"geometry": {"coordinates": [832728.858, 815643.2850000001], "type": "Point"}, "properties": {"DBH": 96, "LU_HMD": "Western", "ROAD_NAME": "PO SHAN ROAD", "SPECIES_NAME": null, "TREE_ID": "RTR0033734"}, "type": "Feature"}, {"geometry": {"coordinates": [832712.2800000003, 815615.5950000007], "type": "Point"}, "properties": {"DBH": 105, "LU_HMD": "Western", "ROAD_NAME": "PO SHAN ROAD", "SPECIES_NAME": null, "TREE_ID": "RTR0033735"}, "type": "Feature"}, {"geometry": {"coordinates": [832749.2249999996, 815640.8680000007], "type": "Point"}, "properties": {"DBH": 195, "LU_HMD": "Western", "ROAD_NAME": "PO SHAN ROAD", "SPECIES_NAME": null, "TREE_ID": "RTR0033736"}, "type": "Feature"}, {"geometry": {"coordinates": [832719.5959999999, 815640.148], "type": "Point"}, "properties": {"DBH": 142, "LU_HMD": "Western", "ROAD_NAME": "PO SHAN ROAD", "SPECIES_NAME": null, "TREE_ID": "RTR0033737"}, "type": "Feature"}, {"geometry": {"coordinates": [832706.7620000001, 815616.0360000003], "type": "Point"}, "properties": {"DBH": 261, "LU_HMD": "Western", "ROAD_NAME": "PO SHAN ROAD", "SPECIES_NAME": null, "TREE_ID": "RTR0033738"}, "type": "Feature"}, {"geometry": {"coordinates": [832723.2980000004, 815625.3680000007], "type": "Point"}, "properties": {"DBH": 193, "LU_HMD": "Western", "ROAD_NAME": "PO SHAN ROAD", "SPECIES_NAME": null, "TREE_ID": "RTR0033739"}, "type": "Feature"}, {"geometry": {"coordinates": [832720.2249999996, 815710.8680000007], "type": "Point"}, "properties": {"DBH": 96, "LU_HMD": "Western", "ROAD_NAME": "PO SHAN ROAD", "SPECIES_NAME": null, "TREE_ID": "RTR0031557"}, "type": "Feature"}, {"geometry": {"coordinates": [832729.5300000003, 815695.9399999995], "type": "Point"}, "properties": {"DBH": 131, "LU_HMD": "Western", "ROAD_NAME": "PO SHAN ROAD", "SPECIES_NAME": null, "TREE_ID": "RTR0031558"}, "type": "Feature"}, {"geometry": {"coordinates": [832685.6579999998, 815693.0510000009], "type": "Point"}, "properties": {"DBH": 326, "LU_HMD": "Western", "ROAD_NAME": "PO SHAN ROAD", "SPECIES_NAME": null, "TREE_ID": "RTR0031559"}, "type": "Feature"}, {"geometry": {"coordinates": [832697.4040000001, 815685.0160000008], "type": "Point"}, "properties": {"DBH": 115, "LU_HMD": "Western", "ROAD_NAME": "PO SHAN ROAD", "SPECIES_NAME": null, "TREE_ID": "RTR0031562"}, "type": "Feature"}, {"geometry": {"coordinates": [832693.3550000004, 815687.1610000003], "type": "Point"}, "properties": {"DBH": 121, "LU_HMD": "Western", "ROAD_NAME": "PO SHAN ROAD", "SPECIES_NAME": null, "TREE_ID": "RTR0031563"}, "type": "Feature"}, {"geometry": {"coordinates": [832736.1169999996, 815696.7919999994], "type": "Point"}, "properties": {"DBH": 127, "LU_HMD": "Western", "ROAD_NAME": "PO SHAN ROAD", "SPECIES_NAME": null, "TREE_ID": "RTR0031564"}, "type": "Feature"}, {"geometry": {"coordinates": [832695.0209999997, 815724.5620000008], "type": "Point"}, "properties": {"DBH": 108, "LU_HMD": "Western", "ROAD_NAME": "PO SHAN ROAD", "SPECIES_NAME": null, "TREE_ID": "RTR0032412"}, "type": "Feature"}, {"geometry": {"coordinates": [832702.2290000003, 815722.1640000008], "type": "Point"}, "properties": {"DBH": 159, "LU_HMD": "Western", "ROAD_NAME": "PO SHAN ROAD", "SPECIES_NAME": null, "TREE_ID": "RTR0032414"}, "type": "Feature"}, {"geometry": {"coordinates": [832693.7549999999, 815724.0549999997], "type": "Point"}, "properties": {"DBH": 125, "LU_HMD": "Western", "ROAD_NAME": "PO SHAN ROAD", "SPECIES_NAME": null, "TREE_ID": "RTR0032415"}, "type": "Feature"}, {"geometry": {"coordinates": [833076.7149999999, 816002.7170000002], "type": "Point"}, "properties": {"DBH": 470, "LU_HMD": "Western", "ROAD_NAME": "ROBINSON ROAD", "SPECIES_NAME": null, "TREE_ID": "RTR0034376"}, "type": "Feature"}, {"geometry": {"coordinates": [833077.0599999996, 816001.5319999997], "type": "Point"}, "properties": {"DBH": 520, "LU_HMD": "Western", "ROAD_NAME": "ROBINSON ROAD", "SPECIES_NAME": null, "TREE_ID": "RTR0210169"}, "type": "Feature"}, {"geometry": {"coordinates": [832987.9179999996, 815927.2459999993], "type": "Point"}, "properties": {"DBH": 105, "LU_HMD": "Western", "ROAD_NAME": "CONDUIT ROAD", "SPECIES_NAME": null, "TREE_ID": "RTR0034022"}, "type": "Feature"}, {"geometry": {"coordinates": [832987.432, 815923.9920000006], "type": "Point"}, "properties": {"DBH": 465, "LU_HMD": "Western", "ROAD_NAME": "CONDUIT ROAD", "SPECIES_NAME": null, "TREE_ID": "RTR0034023"}, "type": "Feature"}, {"geometry": {"coordinates": [832986.6459999997, 815924.8300000001], "type": "Point"}, "properties": {"DBH": 121, "LU_HMD": "Western", "ROAD_NAME": "CONDUIT ROAD", "SPECIES_NAME": null, "TREE_ID": "RTR0034025"}, "type": "Feature"}, {"geometry": {"coordinates": [832987.5719999997, 815923.2789999992], "type": "Point"}, "properties": {"DBH": 102, "LU_HMD": "Western", "ROAD_NAME": "CONDUIT ROAD", "SPECIES_NAME": null, "TREE_ID": "RTR0034041"}, "type": "Feature"}, {"geometry": {"coordinates": [832982.6500000004, 815922.0810000002], "type": "Point"}, "properties": {"DBH": 780, "LU_HMD": "Western", "ROAD_NAME": "CONDUIT ROAD", "SPECIES_NAME": null, "TREE_ID": "RTR0034047"}, "type": "Feature"}, {"geometry": {"coordinates": [832986.051, 815928.7329999991], "type": "Point"}, "properties": {"DBH": 530, "LU_HMD": "Western", "ROAD_NAME": "CONDUIT ROAD", "SPECIES_NAME": null, "TREE_ID": "RTR0034062"}, "type": "Feature"}, {"geometry": {"coordinates": [833178.6969999997, 816090.8440000005], "type": "Point"}, "properties": {"DBH": 567, "LU_HMD": "Western", "ROAD_NAME": "HOSPITAL ROAD", "SPECIES_NAME": null, "TREE_ID": "RTR0033846"}, "type": "Feature"}, {"geometry": {"coordinates": [833184.1330000004, 816091.4930000007], "type": "Point"}, "properties": {"DBH": 707, "LU_HMD": "Western", "ROAD_NAME": "HOSPITAL ROAD", "SPECIES_NAME": null, "TREE_ID": "RTR0033852"}, "type": "Feature"}, {"geometry": {"coordinates": [833595.9199999999, 815925.4069999997], "type": "Point"}, "properties": {"DBH": 405, "LU_HMD": "Western", "ROAD_NAME": "", "SPECIES_NAME": null, "TREE_ID": "RTR0136079"}, "type": "Feature"}, {"geometry": {"coordinates": [833254.1040000003, 816151.0089999996], "type": "Point"}, "properties": {"DBH": 270, "LU_HMD": "Western", "ROAD_NAME": " ", "SPECIES_NAME": null, "TREE_ID": "RTR0033832"}, "type": "Feature"}, {"geometry": {"coordinates": [833202.4029999999, 816153.4839999992], "type": "Point"}, "properties": {"DBH": 308, "LU_HMD": "Western", "ROAD_NAME": "POUND LANE", "SPECIES_NAME": null, "TREE_ID": "RTR0033829"}, "type": "Feature"}, {"geometry": {"coordinates": [832987.5839999998, 815983.0189999994], "type": "Point"}, "properties": {"DBH": 223, "LU_HMD": null, "ROAD_NAME": null, "SPECIES_NAME": null, "TREE_ID": "RTR0034058"}, "type": "Feature"}, {"geometry": {"coordinates": [832984.7240000004, 815982.7510000002], "type": "Point"}, "properties": {"DBH": 226, "LU_HMD": null, "ROAD_NAME": null, "SPECIES_NAME": null, "TREE_ID": "RTR0034059"}, "type": "Feature"}, {"geometry": {"coordinates": [832975.6449999996, 815962.8579999991], "type": "Point"}, "properties": {"DBH": 111, "LU_HMD": null, "ROAD_NAME": null, "SPECIES_NAME": null, "TREE_ID": "RTR0034063"}, "type": "Feature"}, {"geometry": {"coordinates": [832977.148, 815976.4480000008], "type": "Point"}, "properties": {"DBH": 860, "LU_HMD": null, "ROAD_NAME": null, "SPECIES_NAME": null, "TREE_ID": "RTR0034064"}, "type": "Feature"}, {"geometry": {"coordinates": [832981.3289999999, 815976.1779999994], "type": "Point"}, "properties": {"DBH": 99, "LU_HMD": null, "ROAD_NAME": null, "SPECIES_NAME": null, "TREE_ID": "RTR0034067"}, "type": "Feature"}, {"geometry": {"coordinates": [832987.0360000003, 815982.5920000002], "type": "Point"}, "properties": {"DBH": 223, "LU_HMD": null, "ROAD_NAME": null, "SPECIES_NAME": null, "TREE_ID": "RTR0034018"}, "type": "Feature"}, {"geometry": {"coordinates": [832975.5360000003, 815955.625], "type": "Point"}, "properties": {"DBH": 194, "LU_HMD": null, "ROAD_NAME": null, "SPECIES_NAME": null, "TREE_ID": "RTR0034019"}, "type": "Feature"}, {"geometry": {"coordinates": [832972.6320000002, 815963.0600000005], "type": "Point"}, "properties": {"DBH": 194, "LU_HMD": null, "ROAD_NAME": null, "SPECIES_NAME": null, "TREE_ID": "RTR0034020"}, "type": "Feature"}, {"geometry": {"coordinates": [832998.7180000003, 815992.6319999993], "type": "Point"}, "properties": {"DBH": 191, "LU_HMD": null, "ROAD_NAME": null, "SPECIES_NAME": null, "TREE_ID": "RTR0034021"}, "type": "Feature"}, {"geometry": {"coordinates": [832992.8269999996, 815987.5940000005], "type": "Point"}, "properties": {"DBH": 213, "LU_HMD": null, "ROAD_NAME": null, "SPECIES_NAME": null, "TREE_ID": "RTR0034024"}, "type": "Feature"}, {"geometry": {"coordinates": [832983.8339999998, 815984.5250000004], "type": "Point"}, "properties": {"DBH": 159, "LU_HMD": null, "ROAD_NAME": null, "SPECIES_NAME": null, "TREE_ID": "RTR0099005"}, "type": "Feature"}, {"geometry": {"coordinates": [832645.4440000001, 815774.8619999997], "type": "Point"}, "properties": {"DBH": 204, "LU_HMD": "Western", "ROAD_NAME": "PO SHAN ROAD", "SPECIES_NAME": null, "TREE_ID": "RTR0033315"}, "type": "Feature"}, {"geometry": {"coordinates": [832655.3650000002, 815798.0350000001], "type": "Point"}, "properties": {"DBH": 111, "LU_HMD": "Western", "ROAD_NAME": "PO SHAN ROAD", "SPECIES_NAME": null, "TREE_ID": "RTR0033468"}, "type": "Feature"}, {"geometry": {"coordinates": [832667.6260000002, 815798.648], "type": "Point"}, "properties": {"DBH": 115, "LU_HMD": "Western", "ROAD_NAME": "PO SHAN ROAD", "SPECIES_NAME": null, "TREE_ID": "RTR0033469"}, "type": "Feature"}, {"geometry": {"coordinates": [832645.9579999996, 815788.2080000006], "type": "Point"}, "properties": {"DBH": 108, "LU_HMD": "Western", "ROAD_NAME": "PO SHAN ROAD", "SPECIES_NAME": null, "TREE_ID": "RTR0033470"}, "type": "Feature"}, {"geometry": {"coordinates": [832664.5379999997, 815794.3460000008], "type": "Point"}, "properties": {"DBH": 124, "LU_HMD": "Western", "ROAD_NAME": "PO SHAN ROAD", "SPECIES_NAME": null, "TREE_ID": "RTR0033476"}, "type": "Feature"}, {"geometry": {"coordinates": [832670.4249999998, 815795.9049999993], "type": "Point"}, "properties": {"DBH": 153, "LU_HMD": "Western", "ROAD_NAME": "PO SHAN ROAD", "SPECIES_NAME": null, "TREE_ID": "RTR0033479"}, "type": "Feature"}, {"geometry": {"coordinates": [832653.8140000002, 815794.5390000008], "type": "Point"}, "properties": {"DBH": 135, "LU_HMD": "Western", "ROAD_NAME": "PO SHAN ROAD", "SPECIES_NAME": null, "TREE_ID": "RTR0033489"}, "type": "Feature"}, {"geometry": {"coordinates": [832639.8260000004, 815735.0050000008], "type": "Point"}, "properties": {"DBH": 120, "LU_HMD": "Western", "ROAD_NAME": "PO SHAN ROAD", "SPECIES_NAME": null, "TREE_ID": "RTR0031024"}, "type": "Feature"}, {"geometry": {"coordinates": [832655.6550000003, 815742.8330000006], "type": "Point"}, "properties": {"DBH": 143, "LU_HMD": "Western", "ROAD_NAME": "PO SHAN ROAD", "SPECIES_NAME": null, "TREE_ID": "RTR0031025"}, "type": "Feature"}, {"geometry": {"coordinates": [832726.5800000001, 815709.0140000004], "type": "Point"}, "properties": {"DBH": 95, "LU_HMD": "Western", "ROAD_NAME": "PO SHAN ROAD", "SPECIES_NAME": null, "TREE_ID": "RTR0032575"}, "type": "Feature"}, {"geometry": {"coordinates": [832727.4060000004, 815717.6180000007], "type": "Point"}, "properties": {"DBH": 481, "LU_HMD": "Western", "ROAD_NAME": "PO SHAN ROAD", "SPECIES_NAME": null, "TREE_ID": "RTR0032576"}, "type": "Feature"}, {"geometry": {"coordinates": [832733.0530000003, 815708.318], "type": "Point"}, "properties": {"DBH": 102, "LU_HMD": "Western", "ROAD_NAME": "PO SHAN ROAD", "SPECIES_NAME": null, "TREE_ID": "RTR0032577"}, "type": "Feature"}, {"geometry": {"coordinates": [832701.2800000003, 815654.3019999992], "type": "Point"}, "properties": {"DBH": 102, "LU_HMD": "Western", "ROAD_NAME": "PO SHAN ROAD", "SPECIES_NAME": null, "TREE_ID": "RTR0033043"}, "type": "Feature"}, {"geometry": {"coordinates": [832769.4160000002, 815665.1009999998], "type": "Point"}, "properties": {"DBH": 194, "LU_HMD": "Western", "ROAD_NAME": "PO SHAN ROAD", "SPECIES_NAME": null, "TREE_ID": "RTR0033045"}, "type": "Feature"}, {"geometry": {"coordinates": [832764.0719999997, 815664.9989999998], "type": "Point"}, "properties": {"DBH": 201, "LU_HMD": "Western", "ROAD_NAME": "PO SHAN ROAD", "SPECIES_NAME": null, "TREE_ID": "RTR0033046"}, "type": "Feature"}, {"geometry": {"coordinates": [832757.8899999997, 815664.1649999991], "type": "Point"}, "properties": {"DBH": 115, "LU_HMD": "Western", "ROAD_NAME": "PO SHAN ROAD", "SPECIES_NAME": null, "TREE_ID": "RTR0033048"}, "type": "Feature"}, {"geometry": {"coordinates": [832757.392, 815670.3269999996], "type": "Point"}, "properties": {"DBH": 96, "LU_HMD": "Western", "ROAD_NAME": "PO SHAN ROAD", "SPECIES_NAME": null, "TREE_ID": "RTR0033049"}, "type": "Feature"}, {"geometry": {"coordinates": [832749.8940000003, 815668.4379999992], "type": "Point"}, "properties": {"DBH": 121, "LU_HMD": "Western", "ROAD_NAME": "PO SHAN ROAD", "SPECIES_NAME": null, "TREE_ID": "RTR0033050"}, "type": "Feature"}, {"geometry": {"coordinates": [832722.4369999999, 815590.2280000001], "type": "Point"}, "properties": {"DBH": 433, "LU_HMD": "Western", "ROAD_NAME": "PO SHAN ROAD", "SPECIES_NAME": null, "TREE_ID": "RTR0034103"}, "type": "Feature"}, {"geometry": {"coordinates": [832742.3530000001, 815601.0969999991], "type": "Point"}, "properties": {"DBH": 142, "LU_HMD": "Western", "ROAD_NAME": "PO SHAN ROAD", "SPECIES_NAME": null, "TREE_ID": "RTR0034107"}, "type": "Feature"}, {"geometry": {"coordinates": [832725.7949999999, 815596.8469999991], "type": "Point"}, "properties": {"DBH": 379, "LU_HMD": "Western", "ROAD_NAME": "PO SHAN ROAD", "SPECIES_NAME": null, "TREE_ID": "RTR0034109"}, "type": "Feature"}, {"geometry": {"coordinates": [832734.977, 815595.3200000003], "type": "Point"}, "properties": {"DBH": 121, "LU_HMD": "Western", "ROAD_NAME": "PO SHAN ROAD", "SPECIES_NAME": null, "TREE_ID": "RTR0034113"}, "type": "Feature"}, {"geometry": {"coordinates": [832732.7189999996, 815600.8910000008], "type": "Point"}, "properties": {"DBH": 183, "LU_HMD": "Western", "ROAD_NAME": "PO SHAN ROAD", "SPECIES_NAME": null, "TREE_ID": "RTR0034115"}, "type": "Feature"}, {"geometry": {"coordinates": [832742.9309999999, 815602.5989999995], "type": "Point"}, "properties": {"DBH": 166, "LU_HMD": "Western", "ROAD_NAME": "PO SHAN ROAD", "SPECIES_NAME": null, "TREE_ID": "RTR0034117"}, "type": "Feature"}, {"geometry": {"coordinates": [832758.0269999998, 815593.8479999993], "type": "Point"}, "properties": {"DBH": 99, "LU_HMD": "Western", "ROAD_NAME": "PO SHAN ROAD", "SPECIES_NAME": null, "TREE_ID": "RTR0034322"}, "type": "Feature"}, {"geometry": {"coordinates": [832763.3640000001, 815681.9049999993], "type": "Point"}, "properties": {"DBH": 226, "LU_HMD": "Western", "ROAD_NAME": "PO SHAN ROAD", "SPECIES_NAME": null, "TREE_ID": "RTR0032781"}, "type": "Feature"}, {"geometry": {"coordinates": [832754.108, 815675.2100000009], "type": "Point"}, "properties": {"DBH": 229, "LU_HMD": "Western", "ROAD_NAME": "PO SHAN ROAD", "SPECIES_NAME": null, "TREE_ID": "RTR0032782"}, "type": "Feature"}, {"geometry": {"coordinates": [832700.9239999996, 815629.6060000006], "type": "Point"}, "properties": {"DBH": 252, "LU_HMD": "Western", "ROAD_NAME": "PO SHAN ROAD", "SPECIES_NAME": null, "TREE_ID": "RTR0033740"}, "type": "Feature"}, {"geometry": {"coordinates": [832704.7340000002, 815621.9130000006], "type": "Point"}, "properties": {"DBH": 474, "LU_HMD": "Western", "ROAD_NAME": "PO SHAN ROAD", "SPECIES_NAME": null, "TREE_ID": "RTR0033741"}, "type": "Feature"}, {"geometry": {"coordinates": [832745.0089999996, 815644.7709999997], "type": "Point"}, "properties": {"DBH": 96, "LU_HMD": "Western", "ROAD_NAME": "PO SHAN ROAD", "SPECIES_NAME": null, "TREE_ID": "RTR0033742"}, "type": "Feature"}, {"geometry": {"coordinates": [832701.2580000004, 815668.1569999997], "type": "Point"}, "properties": {"DBH": 111, "LU_HMD": "Western", "ROAD_NAME": "PO SHAN ROAD", "SPECIES_NAME": null, "TREE_ID": "RTR0032847"}, "type": "Feature"}, {"geometry": {"coordinates": [832703.5070000002, 815666.5170000009], "type": "Point"}, "properties": {"DBH": 121, "LU_HMD": "Western", "ROAD_NAME": "PO SHAN ROAD", "SPECIES_NAME": null, "TREE_ID": "RTR0032848"}, "type": "Feature"}, {"geometry": {"coordinates": [832682.4740000004, 815655.7630000003], "type": "Point"}, "properties": {"DBH": 102, "LU_HMD": "Western", "ROAD_NAME": "PO SHAN ROAD", "SPECIES_NAME": null, "TREE_ID": "RTR0032849"}, "type": "Feature"}, {"geometry": {"coordinates": [832692.2929999996, 815652.6260000002], "type": "Point"}, "properties": {"DBH": 105, "LU_HMD": "Western", "ROAD_NAME": "PO SHAN ROAD", "SPECIES_NAME": null, "TREE_ID": "RTR0032850"}, "type": "Feature"}, {"geometry": {"coordinates": [832695.3360000001, 815644.7290000003], "type": "Point"}, "properties": {"DBH": 111, "LU_HMD": "Western", "ROAD_NAME": "PO SHAN ROAD", "SPECIES_NAME": null, "TREE_ID": "RTR0032852"}, "type": "Feature"}, {"geometry": {"coordinates": [832718.0930000003, 815672.9199999999], "type": "Point"}, "properties": {"DBH": 102, "LU_HMD": "Western", "ROAD_NAME": "PO SHAN ROAD", "SPECIES_NAME": null, "TREE_ID": "RTR0032853"}, "type": "Feature"}, {"geometry": {"coordinates": [832697.5990000004, 815721.9949999992], "type": "Point"}, "properties": {"DBH": 197, "LU_HMD": "Western", "ROAD_NAME": "PO SHAN ROAD", "SPECIES_NAME": null, "TREE_ID": "RTR0032417"}, "type": "Feature"}, {"geometry": {"coordinates": [832731.2209999999, 815727.0289999992], "type": "Point"}, "properties": {"DBH": 201, "LU_HMD": "Western", "ROAD_NAME": "PO SHAN ROAD", "SPECIES_NAME": null, "TREE_ID": "RTR0032418"}, "type": "Feature"}, {"geometry": {"coordinates": [832712.5939999996, 815721.0270000007], "type": "Point"}, "properties": {"DBH": 115, "LU_HMD": "Western", "ROAD_NAME": "PO SHAN ROAD", "SPECIES_NAME": null, "TREE_ID": "RTR0032421"}, "type": "Feature"}, {"geometry": {"coordinates": [832700.9709999999, 815715.9509999994], "type": "Point"}, "properties": {"DBH": 217, "LU_HMD": "Western", "ROAD_NAME": "PO SHAN ROAD", "SPECIES_NAME": null, "TREE_ID": "RTR0032422"}, "type": "Feature"}, {"geometry": {"coordinates": [832728.2529999996, 815722.3670000006], "type": "Point"}, "properties": {"DBH": 105, "LU_HMD": "Western", "ROAD_NAME": "PO SHAN ROAD", "SPECIES_NAME": null, "TREE_ID": "RTR0032423"}, "type": "Feature"}, {"geometry": {"coordinates": [832705.784, 815714], "type": "Point"}, "properties": {"DBH": 153, "LU_HMD": "Western", "ROAD_NAME": "PO SHAN ROAD", "SPECIES_NAME": null, "TREE_ID": "RTR0032425"}, "type": "Feature"}, {"geometry": {"coordinates": [832705.9800000004, 815710.8230000008], "type": "Point"}, "properties": {"DBH": 115, "LU_HMD": "Western", "ROAD_NAME": "PO SHAN ROAD", "SPECIES_NAME": null, "TREE_ID": "RTR0032426"}, "type": "Feature"}, {"geometry": {"coordinates": [832704.9340000004, 815717.932], "type": "Point"}, "properties": {"DBH": 258, "LU_HMD": "Western", "ROAD_NAME": "PO SHAN ROAD", "SPECIES_NAME": null, "TREE_ID": "RTR0032431"}, "type": "Feature"}, {"geometry": {"coordinates": [832700.8779999996, 815717.1089999992], "type": "Point"}, "properties": {"DBH": 197, "LU_HMD": "Western", "ROAD_NAME": "PO SHAN ROAD", "SPECIES_NAME": null, "TREE_ID": "RTR0032432"}, "type": "Feature"}, {"geometry": {"coordinates": [833386.5360000003, 816035.9069999997], "type": "Point"}, "properties": {"DBH": 108, "LU_HMD": "Western", "ROAD_NAME": "CAINE ROAD", "SPECIES_NAME": null, "TREE_ID": "RTR0033631"}, "type": "Feature"}, {"geometry": {"coordinates": [833391.7259999998, 816030.6099999994], "type": "Point"}, "properties": {"DBH": 140, "LU_HMD": "Western", "ROAD_NAME": "CAINE ROAD", "SPECIES_NAME": null, "TREE_ID": "RTR0033650"}, "type": "Feature"}, {"geometry": {"coordinates": [833195.8020000001, 816189.9030000009], "type": "Point"}, "properties": {"DBH": 564, "LU_HMD": "Western", "ROAD_NAME": "TAI ON TERRACE", "SPECIES_NAME": null, "TREE_ID": "RTR0033855"}, "type": "Feature"}, {"geometry": {"coordinates": [833227.3119999999, 816166.2459999993], "type": "Point"}, "properties": {"DBH": 194, "LU_HMD": "Western", "ROAD_NAME": " ", "SPECIES_NAME": null, "TREE_ID": "RTR0033833"}, "type": "Feature"}, {"geometry": {"coordinates": [833086.2609999999, 816181.8379999995], "type": "Point"}, "properties": {"DBH": 1150, "LU_HMD": "Western", "ROAD_NAME": "HIGH STREET", "SPECIES_NAME": null, "TREE_ID": "RTR0033918"}, "type": "Feature"}, {"geometry": {"coordinates": [832822.4699999997, 815959.0600000005], "type": "Point"}, "properties": {"DBH": 150, "LU_HMD": "Western", "ROAD_NAME": "KOTEWALL ROAD", "SPECIES_NAME": null, "TREE_ID": "RTR0033989"}, "type": "Feature"}, {"geometry": {"coordinates": [832820.4239999996, 815962.5590000004], "type": "Point"}, "properties": {"DBH": 118, "LU_HMD": "Western", "ROAD_NAME": "KOTEWALL ROAD", "SPECIES_NAME": null, "TREE_ID": "RTR0034002"}, "type": "Feature"}, {"geometry": {"coordinates": [832820.631, 815957.3369999994], "type": "Point"}, "properties": {"DBH": 140, "LU_HMD": "Western", "ROAD_NAME": "KOTEWALL ROAD", "SPECIES_NAME": null, "TREE_ID": "RTR0034017"}, "type": "Feature"}, {"geometry": {"coordinates": [832643.7860000003, 815734.0739999991], "type": "Point"}, "properties": {"DBH": 102, "LU_HMD": "Western", "ROAD_NAME": "PO SHAN ROAD", "SPECIES_NAME": null, "TREE_ID": "RTR0031026"}, "type": "Feature"}, {"geometry": {"coordinates": [832668.9230000004, 815745.6129999999], "type": "Point"}, "properties": {"DBH": 134, "LU_HMD": "Western", "ROAD_NAME": "PO SHAN ROAD", "SPECIES_NAME": null, "TREE_ID": "RTR0031028"}, "type": "Feature"}, {"geometry": {"coordinates": [832651.0750000002, 815739.5600000005], "type": "Point"}, "properties": {"DBH": 223, "LU_HMD": "Western", "ROAD_NAME": "PO SHAN ROAD", "SPECIES_NAME": null, "TREE_ID": "RTR0031029"}, "type": "Feature"}, {"geometry": {"coordinates": [832677.7549999999, 815744.1150000002], "type": "Point"}, "properties": {"DBH": 309, "LU_HMD": "Western", "ROAD_NAME": "PO SHAN ROAD", "SPECIES_NAME": null, "TREE_ID": "RTR0031030"}, "type": "Feature"}, {"geometry": {"coordinates": [832661.994, 815737.0690000001], "type": "Point"}, "properties": {"DBH": 194, "LU_HMD": "Western", "ROAD_NAME": "PO SHAN ROAD", "SPECIES_NAME": null, "TREE_ID": "RTR0031032"}, "type": "Feature"}, {"geometry": {"coordinates": [832671.9299999997, 815742.6459999997], "type": "Point"}, "properties": {"DBH": 143, "LU_HMD": "Western", "ROAD_NAME": "PO SHAN ROAD", "SPECIES_NAME": null, "TREE_ID": "RTR0031034"}, "type": "Feature"}, {"geometry": {"coordinates": [832677.6540000001, 815745.3220000006], "type": "Point"}, "properties": {"DBH": 201, "LU_HMD": "Western", "ROAD_NAME": "PO SHAN ROAD", "SPECIES_NAME": null, "TREE_ID": "RTR0031035"}, "type": "Feature"}, {"geometry": {"coordinates": [832665.5760000004, 815744.1809999999], "type": "Point"}, "properties": {"DBH": 146, "LU_HMD": "Western", "ROAD_NAME": "PO SHAN ROAD", "SPECIES_NAME": null, "TREE_ID": "RTR0031037"}, "type": "Feature"}, {"geometry": {"coordinates": [832655.3799999999, 815741.0289999992], "type": "Point"}, "properties": {"DBH": 226, "LU_HMD": "Western", "ROAD_NAME": "PO SHAN ROAD", "SPECIES_NAME": null, "TREE_ID": "RTR0031038"}, "type": "Feature"}, {"geometry": {"coordinates": [832696.5609999998, 815636.4340000004], "type": "Point"}, "properties": {"DBH": 217, "LU_HMD": "Western", "ROAD_NAME": "PO SHAN ROAD", "SPECIES_NAME": null, "TREE_ID": "RTR0033052"}, "type": "Feature"}, {"geometry": {"coordinates": [832765.9440000001, 815670.6640000008], "type": "Point"}, "properties": {"DBH": 122, "LU_HMD": "Western", "ROAD_NAME": "PO SHAN ROAD", "SPECIES_NAME": null, "TREE_ID": "RTR0033054"}, "type": "Feature"}, {"geometry": {"coordinates": [832762.9519999996, 815667.2510000002], "type": "Point"}, "properties": {"DBH": 105, "LU_HMD": "Western", "ROAD_NAME": "PO SHAN ROAD", "SPECIES_NAME": null, "TREE_ID": "RTR0033057"}, "type": "Feature"}, {"geometry": {"coordinates": [832730.2580000004, 815612.4110000003], "type": "Point"}, "properties": {"DBH": 194, "LU_HMD": "Western", "ROAD_NAME": "PO SHAN ROAD", "SPECIES_NAME": null, "TREE_ID": "RTR0033872"}, "type": "Feature"}, {"geometry": {"coordinates": [832762.3820000002, 815627.3890000004], "type": "Point"}, "properties": {"DBH": 111, "LU_HMD": "Western", "ROAD_NAME": "PO SHAN ROAD", "SPECIES_NAME": null, "TREE_ID": "RTR0033873"}, "type": "Feature"}, {"geometry": {"coordinates": [832757.659, 815634.8469999991], "type": "Point"}, "properties": {"DBH": 226, "LU_HMD": "Western", "ROAD_NAME": "PO SHAN ROAD", "SPECIES_NAME": null, "TREE_ID": "RTR0033874"}, "type": "Feature"}, {"geometry": {"coordinates": [832769.585, 815629.2829999998], "type": "Point"}, "properties": {"DBH": 99, "LU_HMD": "Western", "ROAD_NAME": "PO SHAN ROAD", "SPECIES_NAME": null, "TREE_ID": "RTR0033875"}, "type": "Feature"}, {"geometry": {"coordinates": [832724.2379999999, 815618.9810000006], "type": "Point"}, "properties": {"DBH": 138, "LU_HMD": "Western", "ROAD_NAME": "PO SHAN ROAD", "SPECIES_NAME": null, "TREE_ID": "RTR0033876"}, "type": "Feature"}, {"geometry": {"coordinates": [832714.3839999996, 815610.6630000006], "type": "Point"}, "properties": {"DBH": 121, "LU_HMD": "Western", "ROAD_NAME": "PO SHAN ROAD", "SPECIES_NAME": null, "TREE_ID": "RTR0033877"}, "type": "Feature"}, {"geometry": {"coordinates": [832749.8020000001, 815677.5099999998], "type": "Point"}, "properties": {"DBH": 96, "LU_HMD": "Western", "ROAD_NAME": "PO SHAN ROAD", "SPECIES_NAME": null, "TREE_ID": "RTR0032784"}, "type": "Feature"}, {"geometry": {"coordinates": [832769.3909999998, 815679.1009999998], "type": "Point"}, "properties": {"DBH": 166, "LU_HMD": "Western", "ROAD_NAME": "PO SHAN ROAD", "SPECIES_NAME": null, "TREE_ID": "RTR0032785"}, "type": "Feature"}, {"geometry": {"coordinates": [832751.0470000003, 815677.0850000009], "type": "Point"}, "properties": {"DBH": 188, "LU_HMD": "Western", "ROAD_NAME": "PO SHAN ROAD", "SPECIES_NAME": null, "TREE_ID": "RTR0032786"}, "type": "Feature"}, {"geometry": {"coordinates": [832756.9380000001, 815680.6889999993], "type": "Point"}, "properties": {"DBH": 108, "LU_HMD": "Western", "ROAD_NAME": "PO SHAN ROAD", "SPECIES_NAME": null, "TREE_ID": "RTR0032787"}, "type": "Feature"}, {"geometry": {"coordinates": [832762.733, 815681.8330000006], "type": "Point"}, "properties": {"DBH": 175, "LU_HMD": "Western", "ROAD_NAME": "PO SHAN ROAD", "SPECIES_NAME": null, "TREE_ID": "RTR0032788"}, "type": "Feature"}, {"geometry": {"coordinates": [832758.1569999997, 815675.8000000007], "type": "Point"}, "properties": {"DBH": 156, "LU_HMD": "Western", "ROAD_NAME": "PO SHAN ROAD", "SPECIES_NAME": null, "TREE_ID": "RTR0032789"}, "type": "Feature"}, {"geometry": {"coordinates": [832758.8150000004, 815675.4969999995], "type": "Point"}, "properties": {"DBH": 172, "LU_HMD": "Western", "ROAD_NAME": "PO SHAN ROAD", "SPECIES_NAME": null, "TREE_ID": "RTR0032790"}, "type": "Feature"}, {"geometry": {"coordinates": [832774.3540000003, 815677.4010000005], "type": "Point"}, "properties": {"DBH": 102, "LU_HMD": "Western", "ROAD_NAME": "PO SHAN ROAD", "SPECIES_NAME": null, "TREE_ID": "RTR0032792"}, "type": "Feature"}, {"geometry": {"coordinates": [832740.6160000004, 815674.3629999999], "type": "Point"}, "properties": {"DBH": 127, "LU_HMD": "Western", "ROAD_NAME": "PO SHAN ROAD", "SPECIES_NAME": null, "TREE_ID": "RTR0032793"}, "type": "Feature"}, {"geometry": {"coordinates": [832683.3899999997, 815651.3369999994], "type": "Point"}, "properties": {"DBH": 99, "LU_HMD": "Western", "ROAD_NAME": "PO SHAN ROAD", "SPECIES_NAME": null, "TREE_ID": "RTR0032854"}, "type": "Feature"}, {"geometry": {"coordinates": [832698.4400000004, 815646.8890000004], "type": "Point"}, "properties": {"DBH": 266, "LU_HMD": "Western", "ROAD_NAME": "PO SHAN ROAD", "SPECIES_NAME": null, "TREE_ID": "RTR0032855"}, "type": "Feature"}, {"geometry": {"coordinates": [832715.2620000001, 815668.977], "type": "Point"}, "properties": {"DBH": 127, "LU_HMD": "Western", "ROAD_NAME": "PO SHAN ROAD", "SPECIES_NAME": null, "TREE_ID": "RTR0032856"}, "type": "Feature"}, {"geometry": {"coordinates": [832714.3130000001, 815668.4839999992], "type": "Point"}, "properties": {"DBH": 127, "LU_HMD": "Western", "ROAD_NAME": "PO SHAN ROAD", "SPECIES_NAME": null, "TREE_ID": "RTR0032859"}, "type": "Feature"}, {"geometry": {"coordinates": [832737.1330000004, 815629.1699999999], "type": "Point"}, "properties": {"DBH": 325, "LU_HMD": "Western", "ROAD_NAME": "PO SHAN ROAD", "SPECIES_NAME": null, "TREE_ID": "RTR0033744"}, "type": "Feature"}, {"geometry": {"coordinates": [832719.267, 815620.3230000008], "type": "Point"}, "properties": {"DBH": 292, "LU_HMD": "Western", "ROAD_NAME": "PO SHAN ROAD", "SPECIES_NAME": null, "TREE_ID": "RTR0033745"}, "type": "Feature"}, {"geometry": {"coordinates": [832743.3169999998, 815631.3100000005], "type": "Point"}, "properties": {"DBH": 159, "LU_HMD": "Western", "ROAD_NAME": "PO SHAN ROAD", "SPECIES_NAME": null, "TREE_ID": "RTR0033746"}, "type": "Feature"}, {"geometry": {"coordinates": [832728.881, 815627.9269999992], "type": "Point"}, "properties": {"DBH": 150, "LU_HMD": "Western", "ROAD_NAME": "PO SHAN ROAD", "SPECIES_NAME": null, "TREE_ID": "RTR0033747"}, "type": "Feature"}, {"geometry": {"coordinates": [832703.2759999996, 815621.4930000007], "type": "Point"}, "properties": {"DBH": 236, "LU_HMD": "Western", "ROAD_NAME": "PO SHAN ROAD", "SPECIES_NAME": null, "TREE_ID": "RTR0033748"}, "type": "Feature"}, {"geometry": {"coordinates": [832754.9119999995, 815643.9869999997], "type": "Point"}, "properties": {"DBH": 111, "LU_HMD": "Western", "ROAD_NAME": "PO SHAN ROAD", "SPECIES_NAME": null, "TREE_ID": "RTR0031722"}, "type": "Feature"}, {"geometry": {"coordinates": [832776.7719999999, 815664.0399999991], "type": "Point"}, "properties": {"DBH": 134, "LU_HMD": "Western", "ROAD_NAME": "PO SHAN ROAD", "SPECIES_NAME": null, "TREE_ID": "RTR0031724"}, "type": "Feature"}, {"geometry": {"coordinates": [832773.8779999996, 815648.0189999994], "type": "Point"}, "properties": {"DBH": 105, "LU_HMD": "Western", "ROAD_NAME": "PO SHAN ROAD", "SPECIES_NAME": null, "TREE_ID": "RTR0031726"}, "type": "Feature"}, {"geometry": {"coordinates": [832778.3210000005, 815660.3159999996], "type": "Point"}, "properties": {"DBH": 576, "LU_HMD": "Western", "ROAD_NAME": "PO SHAN ROAD", "SPECIES_NAME": null, "TREE_ID": "RTR0031727"}, "type": "Feature"}, {"geometry": {"coordinates": [832776.7570000002, 815662.4529999997], "type": "Point"}, "properties": {"DBH": 518, "LU_HMD": "Western", "ROAD_NAME": "PO SHAN ROAD", "SPECIES_NAME": null, "TREE_ID": "RTR0031734"}, "type": "Feature"}, {"geometry": {"coordinates": [832759.216, 815644.7699999996], "type": "Point"}, "properties": {"DBH": 197, "LU_HMD": "Western", "ROAD_NAME": "PO SHAN ROAD", "SPECIES_NAME": null, "TREE_ID": "RTR0031735"}, "type": "Feature"}, {"geometry": {"coordinates": [832768.5049999999, 815654.7320000008], "type": "Point"}, "properties": {"DBH": 153, "LU_HMD": "Western", "ROAD_NAME": "PO SHAN ROAD", "SPECIES_NAME": null, "TREE_ID": "RTR0031748"}, "type": "Feature"}, {"geometry": {"coordinates": [832777.0609999998, 815648.1679999996], "type": "Point"}, "properties": {"DBH": 182, "LU_HMD": "Western", "ROAD_NAME": "PO SHAN ROAD", "SPECIES_NAME": null, "TREE_ID": "RTR0031755"}, "type": "Feature"}, {"geometry": {"coordinates": [832761.5580000002, 815642.3589999992], "type": "Point"}, "properties": {"DBH": 166, "LU_HMD": "Western", "ROAD_NAME": "PO SHAN ROAD", "SPECIES_NAME": null, "TREE_ID": "RTR0031757"}, "type": "Feature"}, {"geometry": {"coordinates": [832651.6100000003, 815962.3829999994], "type": "Point"}, "properties": {"DBH": 105, "LU_HMD": "Western", "ROAD_NAME": "BABINGTON PATH", "SPECIES_NAME": null, "TREE_ID": "RTR0033970"}, "type": "Feature"}, {"geometry": {"coordinates": [832646.8329999996, 815944.2379999999], "type": "Point"}, "properties": {"DBH": 550, "LU_HMD": "Western", "ROAD_NAME": "BABINGTON PATH", "SPECIES_NAME": null, "TREE_ID": "RTR0033974"}, "type": "Feature"}, {"geometry": {"coordinates": [833390.7130000005, 816036.0079999994], "type": "Point"}, "properties": {"DBH": 162, "LU_HMD": "Western", "ROAD_NAME": "CAINE ROAD", "SPECIES_NAME": null, "TREE_ID": "RTR0033651"}, "type": "Feature"}, {"geometry": {"coordinates": [833388.2690000003, 816038.4550000001], "type": "Point"}, "properties": {"DBH": 166, "LU_HMD": "Western", "ROAD_NAME": "CAINE ROAD", "SPECIES_NAME": null, "TREE_ID": "RTR0033624"}, "type": "Feature"}, {"geometry": {"coordinates": [833390.3229999999, 816031.7579999994], "type": "Point"}, "properties": {"DBH": 530, "LU_HMD": "Western", "ROAD_NAME": "CAINE ROAD", "SPECIES_NAME": null, "TREE_ID": "RTR0033625"}, "type": "Feature"}, {"geometry": {"coordinates": [833402.6380000003, 816034.0449999999], "type": "Point"}, "properties": {"DBH": 189, "LU_HMD": "Western", "ROAD_NAME": "CAINE ROAD", "SPECIES_NAME": null, "TREE_ID": "RTR0033628"}, "type": "Feature"}, {"geometry": {"coordinates": [833089.9469999997, 816157.2440000009], "type": "Point"}, "properties": {"DBH": 655, "LU_HMD": "Western", "ROAD_NAME": "HIGH STREET", "SPECIES_NAME": null, "TREE_ID": "RTR0033948"}, "type": "Feature"}, {"geometry": {"coordinates": [832661.2779999999, 815791.7080000006], "type": "Point"}, "properties": {"DBH": 338, "LU_HMD": "Western", "ROAD_NAME": "PO SHAN ROAD", "SPECIES_NAME": null, "TREE_ID": "RTR0033490"}, "type": "Feature"}, {"geometry": {"coordinates": [832665.051, 815793.4179999996], "type": "Point"}, "properties": {"DBH": 108, "LU_HMD": "Western", "ROAD_NAME": "PO SHAN ROAD", "SPECIES_NAME": null, "TREE_ID": "RTR0033491"}, "type": "Feature"}, {"geometry": {"coordinates": [832651.085, 815794.2819999997], "type": "Point"}, "properties": {"DBH": 188, "LU_HMD": "Western", "ROAD_NAME": "PO SHAN ROAD", "SPECIES_NAME": null, "TREE_ID": "RTR0033496"}, "type": "Feature"}, {"geometry": {"coordinates": [832643.4680000003, 815797.7689999994], "type": "Point"}, "properties": {"DBH": 287, "LU_HMD": "Western", "ROAD_NAME": "PO SHAN ROAD", "SPECIES_NAME": null, "TREE_ID": "RTR0033497"}, "type": "Feature"}, {"geometry": {"coordinates": [832669.8339999998, 815796.8660000004], "type": "Point"}, "properties": {"DBH": 134, "LU_HMD": "Western", "ROAD_NAME": "PO SHAN ROAD", "SPECIES_NAME": null, "TREE_ID": "RTR0033499"}, "type": "Feature"}, {"geometry": {"coordinates": [832648.2939999998, 815792.4409999996], "type": "Point"}, "properties": {"DBH": 121, "LU_HMD": "Western", "ROAD_NAME": "PO SHAN ROAD", "SPECIES_NAME": null, "TREE_ID": "RTR0033502"}, "type": "Feature"}, {"geometry": {"coordinates": [832663.5439999998, 815793.9000000004], "type": "Point"}, "properties": {"DBH": 148, "LU_HMD": "Western", "ROAD_NAME": "PO SHAN ROAD", "SPECIES_NAME": null, "TREE_ID": "RTR0033503"}, "type": "Feature"}, {"geometry": {"coordinates": [832649.2960000001, 815796.1720000003], "type": "Point"}, "properties": {"DBH": 131, "LU_HMD": "Western", "ROAD_NAME": "PO SHAN ROAD", "SPECIES_NAME": null, "TREE_ID": "RTR0033504"}, "type": "Feature"}, {"geometry": {"coordinates": [832650.8600000003, 815800.2149999999], "type": "Point"}, "properties": {"DBH": 404, "LU_HMD": "Western", "ROAD_NAME": "PO SHAN ROAD", "SPECIES_NAME": null, "TREE_ID": "RTR0033506"}, "type": "Feature"}, {"geometry": {"coordinates": [832752.6969999997, 815631.2349999994], "type": "Point"}, "properties": {"DBH": 134, "LU_HMD": "Western", "ROAD_NAME": "PO SHAN ROAD", "SPECIES_NAME": null, "TREE_ID": "RTR0033879"}, "type": "Feature"}, {"geometry": {"coordinates": [832776.96, 815635.1199999992], "type": "Point"}, "properties": {"DBH": 162, "LU_HMD": "Western", "ROAD_NAME": "PO SHAN ROAD", "SPECIES_NAME": null, "TREE_ID": "RTR0033880"}, "type": "Feature"}, {"geometry": {"coordinates": [832746.3949999996, 815637.1659999993], "type": "Point"}, "properties": {"DBH": 102, "LU_HMD": "Western", "ROAD_NAME": "PO SHAN ROAD", "SPECIES_NAME": null, "TREE_ID": "RTR0033881"}, "type": "Feature"}, {"geometry": {"coordinates": [832711.5690000001, 815605.9260000009], "type": "Point"}, "properties": {"DBH": 118, "LU_HMD": "Western", "ROAD_NAME": "PO SHAN ROAD", "SPECIES_NAME": null, "TREE_ID": "RTR0033882"}, "type": "Feature"}, {"geometry": {"coordinates": [832710.6169999996, 815605.5879999995], "type": "Point"}, "properties": {"DBH": 108, "LU_HMD": "Western", "ROAD_NAME": "PO SHAN ROAD", "SPECIES_NAME": null, "TREE_ID": "RTR0033883"}, "type": "Feature"}, {"geometry": {"coordinates": [832747.1940000001, 815707.2300000004], "type": "Point"}, "properties": {"DBH": 146, "LU_HMD": "Western", "ROAD_NAME": "PO SHAN ROAD", "SPECIES_NAME": null, "TREE_ID": "RTR0032579"}, "type": "Feature"}, {"geometry": {"coordinates": [832725.1100000003, 815704.7740000002], "type": "Point"}, "properties": {"DBH": 199, "LU_HMD": "Western", "ROAD_NAME": "PO SHAN ROAD", "SPECIES_NAME": null, "TREE_ID": "RTR0032580"}, "type": "Feature"}, {"geometry": {"coordinates": [832742.4170000004, 815720.4910000004], "type": "Point"}, "properties": {"DBH": 108, "LU_HMD": "Western", "ROAD_NAME": "PO SHAN ROAD", "SPECIES_NAME": null, "TREE_ID": "RTR0032581"}, "type": "Feature"}, {"geometry": {"coordinates": [832735.4570000004, 815713.7280000001], "type": "Point"}, "properties": {"DBH": 115, "LU_HMD": "Western", "ROAD_NAME": "PO SHAN ROAD", "SPECIES_NAME": null, "TREE_ID": "RTR0032582"}, "type": "Feature"}, {"geometry": {"coordinates": [832730.8320000004, 815666.3120000008], "type": "Point"}, "properties": {"DBH": 115, "LU_HMD": "Western", "ROAD_NAME": "PO SHAN ROAD", "SPECIES_NAME": null, "TREE_ID": "RTR0033213"}, "type": "Feature"}, {"geometry": {"coordinates": [832734.8159999996, 815665.7679999992], "type": "Point"}, "properties": {"DBH": 102, "LU_HMD": "Western", "ROAD_NAME": "PO SHAN ROAD", "SPECIES_NAME": null, "TREE_ID": "RTR0033214"}, "type": "Feature"}, {"geometry": {"coordinates": [832732.1320000002, 815663.8859999999], "type": "Point"}, "properties": {"DBH": 108, "LU_HMD": "Western", "ROAD_NAME": "PO SHAN ROAD", "SPECIES_NAME": null, "TREE_ID": "RTR0033215"}, "type": "Feature"}, {"geometry": {"coordinates": [832748.2060000002, 815657.1119999997], "type": "Point"}, "properties": {"DBH": 201, "LU_HMD": "Western", "ROAD_NAME": "PO SHAN ROAD", "SPECIES_NAME": null, "TREE_ID": "RTR0033366"}, "type": "Feature"}, {"geometry": {"coordinates": [832739.1689999998, 815652.5309999995], "type": "Point"}, "properties": {"DBH": 178, "LU_HMD": "Western", "ROAD_NAME": "PO SHAN ROAD", "SPECIES_NAME": null, "TREE_ID": "RTR0033369"}, "type": "Feature"}, {"geometry": {"coordinates": [832750.5259999996, 815658.1649999991], "type": "Point"}, "properties": {"DBH": 118, "LU_HMD": "Western", "ROAD_NAME": "PO SHAN ROAD", "SPECIES_NAME": null, "TREE_ID": "RTR0033370"}, "type": "Feature"}, {"geometry": {"coordinates": [832756.3609999996, 815654.4639999997], "type": "Point"}, "properties": {"DBH": 191, "LU_HMD": "Western", "ROAD_NAME": "PO SHAN ROAD", "SPECIES_NAME": null, "TREE_ID": "RTR0033372"}, "type": "Feature"}, {"geometry": {"coordinates": [832751.3609999996, 815655.1980000008], "type": "Point"}, "properties": {"DBH": 191, "LU_HMD": "Western", "ROAD_NAME": "PO SHAN ROAD", "SPECIES_NAME": null, "TREE_ID": "RTR0033380"}, "type": "Feature"}, {"geometry": {"coordinates": [832729.4890000001, 815650.3190000001], "type": "Point"}, "properties": {"DBH": 154, "LU_HMD": "Western", "ROAD_NAME": "PO SHAN ROAD", "SPECIES_NAME": null, "TREE_ID": "RTR0033383"}, "type": "Feature"}, {"geometry": {"coordinates": [832712.0439999998, 815617.5800000001], "type": "Point"}, "properties": {"DBH": 137, "LU_HMD": "Western", "ROAD_NAME": "PO SHAN ROAD", "SPECIES_NAME": null, "TREE_ID": "RTR0033749"}, "type": "Feature"}, {"geometry": {"coordinates": [832714.1090000002, 815620.3790000007], "type": "Point"}, "properties": {"DBH": 111, "LU_HMD": "Western", "ROAD_NAME": "PO SHAN ROAD", "SPECIES_NAME": null, "TREE_ID": "RTR0033750"}, "type": "Feature"}, {"geometry": {"coordinates": [832714.3159999996, 815617.9710000008], "type": "Point"}, "properties": {"DBH": 151, "LU_HMD": "Western", "ROAD_NAME": "PO SHAN ROAD", "SPECIES_NAME": null, "TREE_ID": "RTR0033751"}, "type": "Feature"}, {"geometry": {"coordinates": [832710.023, 815620.0480000004], "type": "Point"}, "properties": {"DBH": 255, "LU_HMD": "Western", "ROAD_NAME": "PO SHAN ROAD", "SPECIES_NAME": null, "TREE_ID": "RTR0033752"}, "type": "Feature"}, {"geometry": {"coordinates": [832746.3269999996, 815647.6490000002], "type": "Point"}, "properties": {"DBH": 279, "LU_HMD": "Western", "ROAD_NAME": "PO SHAN ROAD", "SPECIES_NAME": null, "TREE_ID": "RTR0033753"}, "type": "Feature"}, {"geometry": {"coordinates": [832707.4689999996, 815613.1079999991], "type": "Point"}, "properties": {"DBH": 118, "LU_HMD": "Western", "ROAD_NAME": "PO SHAN ROAD", "SPECIES_NAME": null, "TREE_ID": "RTR0033754"}, "type": "Feature"}, {"geometry": {"coordinates": [832749.3080000002, 815645.693], "type": "Point"}, "properties": {"DBH": 215, "LU_HMD": "Western", "ROAD_NAME": "PO SHAN ROAD", "SPECIES_NAME": null, "TREE_ID": "RTR0033755"}, "type": "Feature"}, {"geometry": {"coordinates": [832703.8739999998, 815669.2479999997], "type": "Point"}, "properties": {"DBH": 99, "LU_HMD": "Western", "ROAD_NAME": "PO SHAN ROAD", "SPECIES_NAME": null, "TREE_ID": "RTR0032860"}, "type": "Feature"}, {"geometry": {"coordinates": [832684.7000000002, 815649.318], "type": "Point"}, "properties": {"DBH": 140, "LU_HMD": "Western", "ROAD_NAME": "PO SHAN ROAD", "SPECIES_NAME": null, "TREE_ID": "RTR0032861"}, "type": "Feature"}, {"geometry": {"coordinates": [832763.2259999998, 815645.1420000009], "type": "Point"}, "properties": {"DBH": 158, "LU_HMD": "Western", "ROAD_NAME": "PO SHAN ROAD", "SPECIES_NAME": null, "TREE_ID": "RTR0031760"}, "type": "Feature"}, {"geometry": {"coordinates": [832702.4050000003, 815713.6779999994], "type": "Point"}, "properties": {"DBH": 316, "LU_HMD": "Western", "ROAD_NAME": "PO SHAN ROAD", "SPECIES_NAME": null, "TREE_ID": "RTR0032437"}, "type": "Feature"}, {"geometry": {"coordinates": [832698.6699999999, 815720.7300000004], "type": "Point"}, "properties": {"DBH": 96, "LU_HMD": "Western", "ROAD_NAME": "PO SHAN ROAD", "SPECIES_NAME": null, "TREE_ID": "RTR0032438"}, "type": "Feature"}, {"geometry": {"coordinates": [832704.3490000004, 815710.5219999999], "type": "Point"}, "properties": {"DBH": 124, "LU_HMD": "Western", "ROAD_NAME": "PO SHAN ROAD", "SPECIES_NAME": null, "TREE_ID": "RTR0032439"}, "type": "Feature"}, {"geometry": {"coordinates": [832698.2599999998, 815706.3650000002], "type": "Point"}, "properties": {"DBH": 99, "LU_HMD": "Western", "ROAD_NAME": "PO SHAN ROAD", "SPECIES_NAME": null, "TREE_ID": "RTR0032442"}, "type": "Feature"}, {"geometry": {"coordinates": [832705.0279999999, 815715.1500000004], "type": "Point"}, "properties": {"DBH": 186, "LU_HMD": "Western", "ROAD_NAME": "PO SHAN ROAD", "SPECIES_NAME": null, "TREE_ID": "RTR0032443"}, "type": "Feature"}, {"geometry": {"coordinates": [832698.2230000002, 815707.2719999999], "type": "Point"}, "properties": {"DBH": 143, "LU_HMD": "Western", "ROAD_NAME": "PO SHAN ROAD", "SPECIES_NAME": null, "TREE_ID": "RTR0032447"}, "type": "Feature"}, {"geometry": {"coordinates": [832698.4060000004, 815713.6870000008], "type": "Point"}, "properties": {"DBH": 121, "LU_HMD": "Western", "ROAD_NAME": "PO SHAN ROAD", "SPECIES_NAME": null, "TREE_ID": "RTR0032448"}, "type": "Feature"}, {"geometry": {"coordinates": [832694.4950000001, 815710.7149999999], "type": "Point"}, "properties": {"DBH": 455, "LU_HMD": "Western", "ROAD_NAME": "PO SHAN ROAD", "SPECIES_NAME": null, "TREE_ID": "RTR0032450"}, "type": "Feature"}, {"geometry": {"coordinates": [832650.5329999998, 815954.602], "type": "Point"}, "properties": {"DBH": 300, "LU_HMD": "Western", "ROAD_NAME": "BABINGTON PATH", "SPECIES_NAME": null, "TREE_ID": "RTR0033985"}, "type": "Feature"}, {"geometry": {"coordinates": [833007.3760000002, 816023.0370000005], "type": "Point"}, "properties": {"DBH": 195, "LU_HMD": "Western", "ROAD_NAME": "ROBINSON ROAD", "SPECIES_NAME": null, "TREE_ID": "RTR0034374"}, "type": "Feature"}, {"geometry": {"coordinates": [832655.4950000001, 815796.2239999995], "type": "Point"}, "properties": {"DBH": 118, "LU_HMD": "Western", "ROAD_NAME": "PO SHAN ROAD", "SPECIES_NAME": null, "TREE_ID": "RTR0033511"}, "type": "Feature"}, {"geometry": {"coordinates": [832648.2079999996, 815737.4120000005], "type": "Point"}, "properties": {"DBH": 162, "LU_HMD": "Western", "ROAD_NAME": "PO SHAN ROAD", "SPECIES_NAME": null, "TREE_ID": "RTR0031040"}, "type": "Feature"}, {"geometry": {"coordinates": [832646.04, 815741.5449999999], "type": "Point"}, "properties": {"DBH": 124, "LU_HMD": "Western", "ROAD_NAME": "PO SHAN ROAD", "SPECIES_NAME": null, "TREE_ID": "RTR0031043"}, "type": "Feature"}, {"geometry": {"coordinates": [832659.2759999996, 815737.1170000006], "type": "Point"}, "properties": {"DBH": 134, "LU_HMD": "Western", "ROAD_NAME": "PO SHAN ROAD", "SPECIES_NAME": null, "TREE_ID": "RTR0031045"}, "type": "Feature"}, {"geometry": {"coordinates": [832644.2750000004, 815740.7019999996], "type": "Point"}, "properties": {"DBH": 162, "LU_HMD": "Western", "ROAD_NAME": "PO SHAN ROAD", "SPECIES_NAME": null, "TREE_ID": "RTR0031046"}, "type": "Feature"}, {"geometry": {"coordinates": [832653.693, 815742.9570000004], "type": "Point"}, "properties": {"DBH": 169, "LU_HMD": "Western", "ROAD_NAME": "PO SHAN ROAD", "SPECIES_NAME": null, "TREE_ID": "RTR0031048"}, "type": "Feature"}, {"geometry": {"coordinates": [832650.7589999996, 815733.6349999998], "type": "Point"}, "properties": {"DBH": 277, "LU_HMD": "Western", "ROAD_NAME": "PO SHAN ROAD", "SPECIES_NAME": null, "TREE_ID": "RTR0031050"}, "type": "Feature"}, {"geometry": {"coordinates": [832675.9380000001, 815746.2139999997], "type": "Point"}, "properties": {"DBH": 201, "LU_HMD": "Western", "ROAD_NAME": "PO SHAN ROAD", "SPECIES_NAME": null, "TREE_ID": "RTR0031052"}, "type": "Feature"}, {"geometry": {"coordinates": [832673.335, 815747.4700000007], "type": "Point"}, "properties": {"DBH": 131, "LU_HMD": "Western", "ROAD_NAME": "PO SHAN ROAD", "SPECIES_NAME": null, "TREE_ID": "RTR0031053"}, "type": "Feature"}, {"geometry": {"coordinates": [832747.6339999996, 815715.2829999998], "type": "Point"}, "properties": {"DBH": 226, "LU_HMD": "Western", "ROAD_NAME": "PO SHAN ROAD", "SPECIES_NAME": null, "TREE_ID": "RTR0032583"}, "type": "Feature"}, {"geometry": {"coordinates": [832753.9029999999, 815710.4130000006], "type": "Point"}, "properties": {"DBH": 146, "LU_HMD": "Western", "ROAD_NAME": "PO SHAN ROAD", "SPECIES_NAME": null, "TREE_ID": "RTR0032584"}, "type": "Feature"}, {"geometry": {"coordinates": [832750.6490000002, 815712.8609999996], "type": "Point"}, "properties": {"DBH": 131, "LU_HMD": "Western", "ROAD_NAME": "PO SHAN ROAD", "SPECIES_NAME": null, "TREE_ID": "RTR0032585"}, "type": "Feature"}, {"geometry": {"coordinates": [832752.7429999998, 815717.9959999993], "type": "Point"}, "properties": {"DBH": 153, "LU_HMD": "Western", "ROAD_NAME": "PO SHAN ROAD", "SPECIES_NAME": null, "TREE_ID": "RTR0032586"}, "type": "Feature"}, {"geometry": {"coordinates": [832745.5930000003, 815724.9609999992], "type": "Point"}, "properties": {"DBH": 290, "LU_HMD": "Western", "ROAD_NAME": "PO SHAN ROAD", "SPECIES_NAME": null, "TREE_ID": "RTR0032587"}, "type": "Feature"}, {"geometry": {"coordinates": [832742.8940000003, 815707.0280000009], "type": "Point"}, "properties": {"DBH": 213, "LU_HMD": "Western", "ROAD_NAME": "PO SHAN ROAD", "SPECIES_NAME": null, "TREE_ID": "RTR0032589"}, "type": "Feature"}, {"geometry": {"coordinates": [832751.659, 815709.7510000002], "type": "Point"}, "properties": {"DBH": 181, "LU_HMD": "Western", "ROAD_NAME": "PO SHAN ROAD", "SPECIES_NAME": null, "TREE_ID": "RTR0032591"}, "type": "Feature"}, {"geometry": {"coordinates": [832770.0109999999, 815665.943], "type": "Point"}, "properties": {"DBH": 153, "LU_HMD": "Western", "ROAD_NAME": "PO SHAN ROAD", "SPECIES_NAME": null, "TREE_ID": "RTR0033058"}, "type": "Feature"}, {"geometry": {"coordinates": [832750.7810000004, 815663.6510000005], "type": "Point"}, "properties": {"DBH": 111, "LU_HMD": "Western", "ROAD_NAME": "PO SHAN ROAD", "SPECIES_NAME": null, "TREE_ID": "RTR0033059"}, "type": "Feature"}, {"geometry": {"coordinates": [832762.2149999999, 815653.9399999995], "type": "Point"}, "properties": {"DBH": 164, "LU_HMD": "Western", "ROAD_NAME": "PO SHAN ROAD", "SPECIES_NAME": null, "TREE_ID": "RTR0033389"}, "type": "Feature"}, {"geometry": {"coordinates": [832736.3449999997, 815654.8399999999], "type": "Point"}, "properties": {"DBH": 183, "LU_HMD": "Western", "ROAD_NAME": "PO SHAN ROAD", "SPECIES_NAME": null, "TREE_ID": "RTR0033391"}, "type": "Feature"}, {"geometry": {"coordinates": [832746.0410000002, 815602.1530000009], "type": "Point"}, "properties": {"DBH": 199, "LU_HMD": "Western", "ROAD_NAME": "PO SHAN ROAD", "SPECIES_NAME": null, "TREE_ID": "RTR0034323"}, "type": "Feature"}, {"geometry": {"coordinates": [832737.523, 815578.6860000007], "type": "Point"}, "properties": {"DBH": 226, "LU_HMD": "Western", "ROAD_NAME": "PO SHAN ROAD", "SPECIES_NAME": null, "TREE_ID": "RTR0034324"}, "type": "Feature"}, {"geometry": {"coordinates": [832752.8839999996, 815589.1750000007], "type": "Point"}, "properties": {"DBH": 110, "LU_HMD": "Western", "ROAD_NAME": "PO SHAN ROAD", "SPECIES_NAME": null, "TREE_ID": "RTR0034326"}, "type": "Feature"}, {"geometry": {"coordinates": [832747.0930000003, 815590.3389999997], "type": "Point"}, "properties": {"DBH": 241, "LU_HMD": "Western", "ROAD_NAME": "PO SHAN ROAD", "SPECIES_NAME": null, "TREE_ID": "RTR0034328"}, "type": "Feature"}, {"geometry": {"coordinates": [832760.6009999998, 815590.7559999991], "type": "Point"}, "properties": {"DBH": 169, "LU_HMD": "Western", "ROAD_NAME": "PO SHAN ROAD", "SPECIES_NAME": null, "TREE_ID": "RTR0034330"}, "type": "Feature"}, {"geometry": {"coordinates": [832764.3650000002, 815591.8660000004], "type": "Point"}, "properties": {"DBH": 159, "LU_HMD": "Western", "ROAD_NAME": "PO SHAN ROAD", "SPECIES_NAME": null, "TREE_ID": "RTR0034331"}, "type": "Feature"}, {"geometry": {"coordinates": [832778.71, 815597.5260000005], "type": "Point"}, "properties": {"DBH": 96, "LU_HMD": "Western", "ROAD_NAME": "PO SHAN ROAD", "SPECIES_NAME": null, "TREE_ID": "RTR0034332"}, "type": "Feature"}, {"geometry": {"coordinates": [832716.318, 815671.3939999994], "type": "Point"}, "properties": {"DBH": 96, "LU_HMD": "Western", "ROAD_NAME": "PO SHAN ROAD", "SPECIES_NAME": null, "TREE_ID": "RTR0032864"}, "type": "Feature"}, {"geometry": {"coordinates": [832693.5310000004, 815640.8029999994], "type": "Point"}, "properties": {"DBH": 150, "LU_HMD": "Western", "ROAD_NAME": "PO SHAN ROAD", "SPECIES_NAME": null, "TREE_ID": "RTR0032865"}, "type": "Feature"}, {"geometry": {"coordinates": [832748.2070000004, 815663.5800000001], "type": "Point"}, "properties": {"DBH": 197, "LU_HMD": "Western", "ROAD_NAME": "PO SHAN ROAD", "SPECIES_NAME": null, "TREE_ID": "RTR0032921"}, "type": "Feature"}, {"geometry": {"coordinates": [832747.9630000005, 815667.5769999996], "type": "Point"}, "properties": {"DBH": 154, "LU_HMD": "Western", "ROAD_NAME": "PO SHAN ROAD", "SPECIES_NAME": null, "TREE_ID": "RTR0032922"}, "type": "Feature"}, {"geometry": {"coordinates": [832743.1550000003, 815666.9389999993], "type": "Point"}, "properties": {"DBH": 121, "LU_HMD": "Western", "ROAD_NAME": "PO SHAN ROAD", "SPECIES_NAME": null, "TREE_ID": "RTR0032923"}, "type": "Feature"}, {"geometry": {"coordinates": [832731.1890000002, 815671.9240000006], "type": "Point"}, "properties": {"DBH": 96, "LU_HMD": "Western", "ROAD_NAME": "PO SHAN ROAD", "SPECIES_NAME": null, "TREE_ID": "RTR0032924"}, "type": "Feature"}, {"geometry": {"coordinates": [832746.9869999997, 815664.5219999999], "type": "Point"}, "properties": {"DBH": 220, "LU_HMD": "Western", "ROAD_NAME": "PO SHAN ROAD", "SPECIES_NAME": null, "TREE_ID": "RTR0032928"}, "type": "Feature"}, {"geometry": {"coordinates": [832729.4840000002, 815671.3920000009], "type": "Point"}, "properties": {"DBH": 135, "LU_HMD": "Western", "ROAD_NAME": "PO SHAN ROAD", "SPECIES_NAME": null, "TREE_ID": "RTR0032932"}, "type": "Feature"}, {"geometry": {"coordinates": [832721.6699999999, 815638.9719999991], "type": "Point"}, "properties": {"DBH": 162, "LU_HMD": "Western", "ROAD_NAME": "PO SHAN ROAD", "SPECIES_NAME": null, "TREE_ID": "RTR0033757"}, "type": "Feature"}, {"geometry": {"coordinates": [832710.6579999998, 815720.7980000004], "type": "Point"}, "properties": {"DBH": 143, "LU_HMD": "Western", "ROAD_NAME": "PO SHAN ROAD", "SPECIES_NAME": null, "TREE_ID": "RTR0032451"}, "type": "Feature"}, {"geometry": {"coordinates": [832719.6529999999, 815721.7569999993], "type": "Point"}, "properties": {"DBH": 304, "LU_HMD": "Western", "ROAD_NAME": "PO SHAN ROAD", "SPECIES_NAME": null, "TREE_ID": "RTR0032452"}, "type": "Feature"}, {"geometry": {"coordinates": [832764.5530000003, 815644.0020000003], "type": "Point"}, "properties": {"DBH": 214, "LU_HMD": "Western", "ROAD_NAME": "PO SHAN ROAD", "SPECIES_NAME": null, "TREE_ID": "RTR0031765"}, "type": "Feature"}, {"geometry": {"coordinates": [832728.5690000001, 815732.9539999999], "type": "Point"}, "properties": {"DBH": 131, "LU_HMD": "Western", "ROAD_NAME": "PO SHAN ROAD", "SPECIES_NAME": null, "TREE_ID": "RTR0032366"}, "type": "Feature"}, {"geometry": {"coordinates": [832705.8930000002, 815726.4759999998], "type": "Point"}, "properties": {"DBH": 96, "LU_HMD": "Western", "ROAD_NAME": "PO SHAN ROAD", "SPECIES_NAME": null, "TREE_ID": "RTR0032367"}, "type": "Feature"}, {"geometry": {"coordinates": [832703.6799999997, 815730.2229999993], "type": "Point"}, "properties": {"DBH": 150, "LU_HMD": "Western", "ROAD_NAME": "PO SHAN ROAD", "SPECIES_NAME": null, "TREE_ID": "RTR0032368"}, "type": "Feature"}, {"geometry": {"coordinates": [832698.5700000003, 815725.2640000004], "type": "Point"}, "properties": {"DBH": 216, "LU_HMD": "Western", "ROAD_NAME": "PO SHAN ROAD", "SPECIES_NAME": null, "TREE_ID": "RTR0032369"}, "type": "Feature"}, {"geometry": {"coordinates": [832713.699, 815728.2039999999], "type": "Point"}, "properties": {"DBH": 124, "LU_HMD": "Western", "ROAD_NAME": "PO SHAN ROAD", "SPECIES_NAME": null, "TREE_ID": "RTR0032370"}, "type": "Feature"}, {"geometry": {"coordinates": [832710.1169999996, 815723.8059999999], "type": "Point"}, "properties": {"DBH": 303, "LU_HMD": "Western", "ROAD_NAME": "PO SHAN ROAD", "SPECIES_NAME": null, "TREE_ID": "RTR0032373"}, "type": "Feature"}, {"geometry": {"coordinates": [833007.7989999996, 816022.5620000008], "type": "Point"}, "properties": {"DBH": 150, "LU_HMD": "Western", "ROAD_NAME": "ROBINSON ROAD", "SPECIES_NAME": null, "TREE_ID": "RTR0034375"}, "type": "Feature"}, {"geometry": {"coordinates": [833004.0659999996, 816022.7909999993], "type": "Point"}, "properties": {"DBH": 254, "LU_HMD": "Western", "ROAD_NAME": "ROBINSON ROAD", "SPECIES_NAME": null, "TREE_ID": "RTR0034386"}, "type": "Feature"}, {"geometry": {"coordinates": [832850.3720000004, 815736.8230000008], "type": "Point"}, "properties": {"DBH": 245, "LU_HMD": "Western", "ROAD_NAME": "PO SHAN ROAD", "SPECIES_NAME": null, "TREE_ID": "RTR0032966"}, "type": "Feature"}, {"geometry": {"coordinates": [832865.619, 815732.1830000002], "type": "Point"}, "properties": {"DBH": 166, "LU_HMD": "Western", "ROAD_NAME": "PO SHAN ROAD", "SPECIES_NAME": null, "TREE_ID": "RTR0032973"}, "type": "Feature"}, {"geometry": {"coordinates": [832860.5839999998, 815736.9269999992], "type": "Point"}, "properties": {"DBH": 238, "LU_HMD": "Western", "ROAD_NAME": "PO SHAN ROAD", "SPECIES_NAME": null, "TREE_ID": "RTR0032974"}, "type": "Feature"}, {"geometry": {"coordinates": [832857.1909999996, 815732.1190000009], "type": "Point"}, "properties": {"DBH": 143, "LU_HMD": "Western", "ROAD_NAME": "PO SHAN ROAD", "SPECIES_NAME": null, "TREE_ID": "RTR0032975"}, "type": "Feature"}, {"geometry": {"coordinates": [832852.6579999998, 815731.6760000009], "type": "Point"}, "properties": {"DBH": 143, "LU_HMD": "Western", "ROAD_NAME": "PO SHAN ROAD", "SPECIES_NAME": null, "TREE_ID": "RTR0032978"}, "type": "Feature"}, {"geometry": {"coordinates": [832857.6919999998, 815737.9869999997], "type": "Point"}, "properties": {"DBH": 302, "LU_HMD": "Western", "ROAD_NAME": "PO SHAN ROAD", "SPECIES_NAME": null, "TREE_ID": "RTR0032981"}, "type": "Feature"}, {"geometry": {"coordinates": [833001.0420000004, 815985.1569999997], "type": "Point"}, "properties": {"DBH": 191, "LU_HMD": null, "ROAD_NAME": null, "SPECIES_NAME": null, "TREE_ID": "RTR0033570"}, "type": "Feature"}, {"geometry": {"coordinates": [833000.7779999999, 815985.5769999996], "type": "Point"}, "properties": {"DBH": 287, "LU_HMD": null, "ROAD_NAME": null, "SPECIES_NAME": null, "TREE_ID": "RTR0033571"}, "type": "Feature"}, {"geometry": {"coordinates": [832990.2740000002, 815977.6170000006], "type": "Point"}, "properties": {"DBH": 242, "LU_HMD": null, "ROAD_NAME": null, "SPECIES_NAME": null, "TREE_ID": "RTR0033572"}, "type": "Feature"}, {"geometry": {"coordinates": [832659.7520000003, 815741.7310000006], "type": "Point"}, "properties": {"DBH": 550, "LU_HMD": "Western", "ROAD_NAME": "PO SHAN ROAD", "SPECIES_NAME": null, "TREE_ID": "RTR0031054"}, "type": "Feature"}, {"geometry": {"coordinates": [832656.608, 815737.7899999991], "type": "Point"}, "properties": {"DBH": 96, "LU_HMD": "Western", "ROAD_NAME": "PO SHAN ROAD", "SPECIES_NAME": null, "TREE_ID": "RTR0031055"}, "type": "Feature"}, {"geometry": {"coordinates": [832664.557, 815742.7149999999], "type": "Point"}, "properties": {"DBH": 118, "LU_HMD": "Western", "ROAD_NAME": "PO SHAN ROAD", "SPECIES_NAME": null, "TREE_ID": "RTR0031056"}, "type": "Feature"}, {"geometry": {"coordinates": [832658.4759999998, 815787.4759999998], "type": "Point"}, "properties": {"DBH": 331, "LU_HMD": "Western", "ROAD_NAME": "PO SHAN ROAD", "SPECIES_NAME": null, "TREE_ID": "RTR0033514"}, "type": "Feature"}, {"geometry": {"coordinates": [832668.9950000001, 815795.227], "type": "Point"}, "properties": {"DBH": 277, "LU_HMD": "Western", "ROAD_NAME": "PO SHAN ROAD", "SPECIES_NAME": null, "TREE_ID": "RTR0033515"}, "type": "Feature"}, {"geometry": {"coordinates": [832673.608, 815744.6789999995], "type": "Point"}, "properties": {"DBH": 96, "LU_HMD": "Western", "ROAD_NAME": "PO SHAN ROAD", "SPECIES_NAME": null, "TREE_ID": "RTR0031057"}, "type": "Feature"}, {"geometry": {"coordinates": [832650.7999999998, 815735.4189999998], "type": "Point"}, "properties": {"DBH": 178, "LU_HMD": "Western", "ROAD_NAME": "PO SHAN ROAD", "SPECIES_NAME": null, "TREE_ID": "RTR0031061"}, "type": "Feature"}, {"geometry": {"coordinates": [832652.3459999999, 815739.8369999994], "type": "Point"}, "properties": {"DBH": 146, "LU_HMD": "Western", "ROAD_NAME": "PO SHAN ROAD", "SPECIES_NAME": null, "TREE_ID": "RTR0032058"}, "type": "Feature"}, {"geometry": {"coordinates": [832673.7539999997, 815737.8399999999], "type": "Point"}, "properties": {"DBH": 330, "LU_HMD": "Western", "ROAD_NAME": "PO SHAN ROAD", "SPECIES_NAME": null, "TREE_ID": "RTR0032066"}, "type": "Feature"}, {"geometry": {"coordinates": [832760.8490000004, 815666.4550000001], "type": "Point"}, "properties": {"DBH": 99, "LU_HMD": "Western", "ROAD_NAME": "PO SHAN ROAD", "SPECIES_NAME": null, "TREE_ID": "RTR0033060"}, "type": "Feature"}, {"geometry": {"coordinates": [832763.3380000005, 815670.2100000009], "type": "Point"}, "properties": {"DBH": 153, "LU_HMD": "Western", "ROAD_NAME": "PO SHAN ROAD", "SPECIES_NAME": null, "TREE_ID": "RTR0033062"}, "type": "Feature"}, {"geometry": {"coordinates": [832751.0180000002, 815662.9460000005], "type": "Point"}, "properties": {"DBH": 124, "LU_HMD": "Western", "ROAD_NAME": "PO SHAN ROAD", "SPECIES_NAME": null, "TREE_ID": "RTR0033063"}, "type": "Feature"}, {"geometry": {"coordinates": [832756.4869999997, 815663.3609999996], "type": "Point"}, "properties": {"DBH": 96, "LU_HMD": "Western", "ROAD_NAME": "PO SHAN ROAD", "SPECIES_NAME": null, "TREE_ID": "RTR0033064"}, "type": "Feature"}, {"geometry": {"coordinates": [832757.9359999998, 815668.9399999995], "type": "Point"}, "properties": {"DBH": 113, "LU_HMD": "Western", "ROAD_NAME": "PO SHAN ROAD", "SPECIES_NAME": null, "TREE_ID": "RTR0033065"}, "type": "Feature"}, {"geometry": {"coordinates": [832732.5839999998, 815653.1160000004], "type": "Point"}, "properties": {"DBH": 150, "LU_HMD": "Western", "ROAD_NAME": "PO SHAN ROAD", "SPECIES_NAME": null, "TREE_ID": "RTR0033166"}, "type": "Feature"}, {"geometry": {"coordinates": [832707.5659999996, 815657.409], "type": "Point"}, "properties": {"DBH": 191, "LU_HMD": "Western", "ROAD_NAME": "PO SHAN ROAD", "SPECIES_NAME": null, "TREE_ID": "RTR0033168"}, "type": "Feature"}, {"geometry": {"coordinates": [832715.9079999998, 815644.6229999997], "type": "Point"}, "properties": {"DBH": 146, "LU_HMD": "Western", "ROAD_NAME": "PO SHAN ROAD", "SPECIES_NAME": null, "TREE_ID": "RTR0033170"}, "type": "Feature"}, {"geometry": {"coordinates": [832712.7369999997, 815652.8379999995], "type": "Point"}, "properties": {"DBH": 96, "LU_HMD": "Western", "ROAD_NAME": "PO SHAN ROAD", "SPECIES_NAME": null, "TREE_ID": "RTR0033171"}, "type": "Feature"}, {"geometry": {"coordinates": [832730.6699999999, 815581.8990000002], "type": "Point"}, "properties": {"DBH": 166, "LU_HMD": "Western", "ROAD_NAME": "PO SHAN ROAD", "SPECIES_NAME": null, "TREE_ID": "RTR0034333"}, "type": "Feature"}, {"geometry": {"coordinates": [832753.0880000005, 815596.6950000003], "type": "Point"}, "properties": {"DBH": 175, "LU_HMD": "Western", "ROAD_NAME": "PO SHAN ROAD", "SPECIES_NAME": null, "TREE_ID": "RTR0034335"}, "type": "Feature"}, {"geometry": {"coordinates": [832729.7810000004, 815579.2939999998], "type": "Point"}, "properties": {"DBH": 245, "LU_HMD": "Western", "ROAD_NAME": "PO SHAN ROAD", "SPECIES_NAME": null, "TREE_ID": "RTR0034336"}, "type": "Feature"}, {"geometry": {"coordinates": [832750.4079999998, 815679.5030000005], "type": "Point"}, "properties": {"DBH": 99, "LU_HMD": "Western", "ROAD_NAME": "PO SHAN ROAD", "SPECIES_NAME": null, "TREE_ID": "RTR0032794"}, "type": "Feature"}, {"geometry": {"coordinates": [832766.9249999998, 815681.7540000007], "type": "Point"}, "properties": {"DBH": 143, "LU_HMD": "Western", "ROAD_NAME": "PO SHAN ROAD", "SPECIES_NAME": null, "TREE_ID": "RTR0032795"}, "type": "Feature"}, {"geometry": {"coordinates": [832774.0700000003, 815685.9920000006], "type": "Point"}, "properties": {"DBH": 150, "LU_HMD": "Western", "ROAD_NAME": "PO SHAN ROAD", "SPECIES_NAME": null, "TREE_ID": "RTR0032796"}, "type": "Feature"}, {"geometry": {"coordinates": [832746.3890000004, 815678.5109999999], "type": "Point"}, "properties": {"DBH": 102, "LU_HMD": "Western", "ROAD_NAME": "PO SHAN ROAD", "SPECIES_NAME": null, "TREE_ID": "RTR0032797"}, "type": "Feature"}, {"geometry": {"coordinates": [832750.1380000003, 815681.7489999998], "type": "Point"}, "properties": {"DBH": 140, "LU_HMD": "Western", "ROAD_NAME": "PO SHAN ROAD", "SPECIES_NAME": null, "TREE_ID": "RTR0032798"}, "type": "Feature"}, {"geometry": {"coordinates": [832764.392, 815677.0810000002], "type": "Point"}, "properties": {"DBH": 102, "LU_HMD": "Western", "ROAD_NAME": "PO SHAN ROAD", "SPECIES_NAME": null, "TREE_ID": "RTR0032799"}, "type": "Feature"}, {"geometry": {"coordinates": [832722.2240000004, 815622.5639999993], "type": "Point"}, "properties": {"DBH": 115, "LU_HMD": "Western", "ROAD_NAME": "PO SHAN ROAD", "SPECIES_NAME": null, "TREE_ID": "RTR0033759"}, "type": "Feature"}, {"geometry": {"coordinates": [832706.5659999996, 815629.3619999997], "type": "Point"}, "properties": {"DBH": 211, "LU_HMD": "Western", "ROAD_NAME": "PO SHAN ROAD", "SPECIES_NAME": null, "TREE_ID": "RTR0033760"}, "type": "Feature"}, {"geometry": {"coordinates": [832714.8339999998, 815625.6329999994], "type": "Point"}, "properties": {"DBH": 103, "LU_HMD": "Western", "ROAD_NAME": "PO SHAN ROAD", "SPECIES_NAME": null, "TREE_ID": "RTR0033761"}, "type": "Feature"}, {"geometry": {"coordinates": [832740.648, 815645.8389999997], "type": "Point"}, "properties": {"DBH": 291, "LU_HMD": "Western", "ROAD_NAME": "PO SHAN ROAD", "SPECIES_NAME": null, "TREE_ID": "RTR0033762"}, "type": "Feature"}, {"geometry": {"coordinates": [832710.392, 815629.7510000002], "type": "Point"}, "properties": {"DBH": 127, "LU_HMD": "Western", "ROAD_NAME": "PO SHAN ROAD", "SPECIES_NAME": null, "TREE_ID": "RTR0033763"}, "type": "Feature"}, {"geometry": {"coordinates": [832762.5480000004, 815642.2709999997], "type": "Point"}, "properties": {"DBH": 183, "LU_HMD": "Western", "ROAD_NAME": "PO SHAN ROAD", "SPECIES_NAME": null, "TREE_ID": "RTR0033764"}, "type": "Feature"}, {"geometry": {"coordinates": [832734.9409999996, 815635.6309999991], "type": "Point"}, "properties": {"DBH": 162, "LU_HMD": "Western", "ROAD_NAME": "PO SHAN ROAD", "SPECIES_NAME": null, "TREE_ID": "RTR0033765"}, "type": "Feature"}, {"geometry": {"coordinates": [832735.0829999996, 815633.284], "type": "Point"}, "properties": {"DBH": 274, "LU_HMD": "Western", "ROAD_NAME": "PO SHAN ROAD", "SPECIES_NAME": null, "TREE_ID": "RTR0033766"}, "type": "Feature"}, {"geometry": {"coordinates": [832719.7719999999, 815636.9489999991], "type": "Point"}, "properties": {"DBH": 176, "LU_HMD": "Western", "ROAD_NAME": "PO SHAN ROAD", "SPECIES_NAME": null, "TREE_ID": "RTR0033767"}, "type": "Feature"}, {"geometry": {"coordinates": [832700.2429999998, 815723.5040000007], "type": "Point"}, "properties": {"DBH": 153, "LU_HMD": "Western", "ROAD_NAME": "PO SHAN ROAD", "SPECIES_NAME": null, "TREE_ID": "RTR0032376"}, "type": "Feature"}, {"geometry": {"coordinates": [832698.8959999997, 815724.9639999997], "type": "Point"}, "properties": {"DBH": 156, "LU_HMD": "Western", "ROAD_NAME": "PO SHAN ROAD", "SPECIES_NAME": null, "TREE_ID": "RTR0032377"}, "type": "Feature"}, {"geometry": {"coordinates": [832714.5159999998, 815732.0969999991], "type": "Point"}, "properties": {"DBH": 96, "LU_HMD": "Western", "ROAD_NAME": "PO SHAN ROAD", "SPECIES_NAME": null, "TREE_ID": "RTR0032380"}, "type": "Feature"}, {"geometry": {"coordinates": [832734.7910000002, 815732.6420000009], "type": "Point"}, "properties": {"DBH": 150, "LU_HMD": "Western", "ROAD_NAME": "PO SHAN ROAD", "SPECIES_NAME": null, "TREE_ID": "RTR0032382"}, "type": "Feature"}, {"geometry": {"coordinates": [832713.3849999998, 815725.3499999996], "type": "Point"}, "properties": {"DBH": 261, "LU_HMD": "Western", "ROAD_NAME": "PO SHAN ROAD", "SPECIES_NAME": null, "TREE_ID": "RTR0032385"}, "type": "Feature"}, {"geometry": {"coordinates": [832859.0899999999, 815731.659], "type": "Point"}, "properties": {"DBH": 115, "LU_HMD": "Western", "ROAD_NAME": "PO SHAN ROAD", "SPECIES_NAME": null, "TREE_ID": "RTR0032983"}, "type": "Feature"}, {"geometry": {"coordinates": [832859.1560000004, 815730.8120000008], "type": "Point"}, "properties": {"DBH": 179, "LU_HMD": "Western", "ROAD_NAME": "PO SHAN ROAD", "SPECIES_NAME": null, "TREE_ID": "RTR0032988"}, "type": "Feature"}, {"geometry": {"coordinates": [832865.8130000001, 815730.841], "type": "Point"}, "properties": {"DBH": 233, "LU_HMD": "Western", "ROAD_NAME": "PO SHAN ROAD", "SPECIES_NAME": null, "TREE_ID": "RTR0032993"}, "type": "Feature"}, {"geometry": {"coordinates": [832853.1330000004, 815731.3920000009], "type": "Point"}, "properties": {"DBH": 102, "LU_HMD": "Western", "ROAD_NAME": "PO SHAN ROAD", "SPECIES_NAME": null, "TREE_ID": "RTR0032994"}, "type": "Feature"}, {"geometry": {"coordinates": [832850.8590000002, 815738.0419999994], "type": "Point"}, "properties": {"DBH": 286, "LU_HMD": "Western", "ROAD_NAME": "PO SHAN ROAD", "SPECIES_NAME": null, "TREE_ID": "RTR0032995"}, "type": "Feature"}, {"geometry": {"coordinates": [832860.3629999999, 815737.4670000002], "type": "Point"}, "properties": {"DBH": 363, "LU_HMD": "Western", "ROAD_NAME": "PO SHAN ROAD", "SPECIES_NAME": null, "TREE_ID": "RTR0033006"}, "type": "Feature"}, {"geometry": {"coordinates": [832842.3269999996, 815737.1119999997], "type": "Point"}, "properties": {"DBH": 260, "LU_HMD": "Western", "ROAD_NAME": "PO SHAN ROAD", "SPECIES_NAME": null, "TREE_ID": "RTR0033007"}, "type": "Feature"}, {"geometry": {"coordinates": [832847.1160000004, 815735.4250000007], "type": "Point"}, "properties": {"DBH": 137, "LU_HMD": "Western", "ROAD_NAME": "PO SHAN ROAD", "SPECIES_NAME": null, "TREE_ID": "RTR0033008"}, "type": "Feature"}, {"geometry": {"coordinates": [832998.1469999999, 815982.8699999992], "type": "Point"}, "properties": {"DBH": 188, "LU_HMD": null, "ROAD_NAME": null, "SPECIES_NAME": null, "TREE_ID": "RTR0033573"}, "type": "Feature"}, {"geometry": {"coordinates": [832994.9400000004, 815981.8790000007], "type": "Point"}, "properties": {"DBH": 277, "LU_HMD": null, "ROAD_NAME": null, "SPECIES_NAME": null, "TREE_ID": "RTR0033574"}, "type": "Feature"}, {"geometry": {"coordinates": [832998.7589999996, 815984.0519999992], "type": "Point"}, "properties": {"DBH": 210, "LU_HMD": null, "ROAD_NAME": null, "SPECIES_NAME": null, "TREE_ID": "RTR0033577"}, "type": "Feature"}, {"geometry": {"coordinates": [833004.4689999996, 815988.3330000006], "type": "Point"}, "properties": {"DBH": 366, "LU_HMD": null, "ROAD_NAME": null, "SPECIES_NAME": null, "TREE_ID": "RTR0033580"}, "type": "Feature"}, {"geometry": {"coordinates": [832992.5209999997, 815979.5989999995], "type": "Point"}, "properties": {"DBH": 159, "LU_HMD": null, "ROAD_NAME": null, "SPECIES_NAME": null, "TREE_ID": "RTR0033586"}, "type": "Feature"}, {"geometry": {"coordinates": [832997.068, 815981.9900000002], "type": "Point"}, "properties": {"DBH": 223, "LU_HMD": null, "ROAD_NAME": null, "SPECIES_NAME": null, "TREE_ID": "RTR0033589"}, "type": "Feature"}, {"geometry": {"coordinates": [832995.642, 815980.9169999994], "type": "Point"}, "properties": {"DBH": 248, "LU_HMD": null, "ROAD_NAME": null, "SPECIES_NAME": null, "TREE_ID": "RTR0033592"}, "type": "Feature"}, {"geometry": {"coordinates": [833001.2580000004, 815987.0519999992], "type": "Point"}, "properties": {"DBH": 239, "LU_HMD": null, "ROAD_NAME": null, "SPECIES_NAME": null, "TREE_ID": "RTR0033612"}, "type": "Feature"}, {"geometry": {"coordinates": [832999.767, 815984.1809999999], "type": "Point"}, "properties": {"DBH": 232, "LU_HMD": null, "ROAD_NAME": null, "SPECIES_NAME": null, "TREE_ID": "RTR0033616"}, "type": "Feature"}, {"geometry": {"coordinates": [832681.4890000001, 815781.9010000005], "type": "Point"}, "properties": {"DBH": 163, "LU_HMD": "Western", "ROAD_NAME": "PO SHAN ROAD", "SPECIES_NAME": null, "TREE_ID": "RTR0032915"}, "type": "Feature"}, {"geometry": {"coordinates": [832696.9179999996, 815753.1799999997], "type": "Point"}, "properties": {"DBH": 131, "LU_HMD": "Western", "ROAD_NAME": "PO SHAN ROAD", "SPECIES_NAME": null, "TREE_ID": "RTR0032169"}, "type": "Feature"}, {"geometry": {"coordinates": [832656.7800000003, 815751.2290000003], "type": "Point"}, "properties": {"DBH": 102, "LU_HMD": "Western", "ROAD_NAME": "PO SHAN ROAD", "SPECIES_NAME": null, "TREE_ID": "RTR0032067"}, "type": "Feature"}, {"geometry": {"coordinates": [832645.9170000004, 815754.3660000004], "type": "Point"}, "properties": {"DBH": 151, "LU_HMD": "Western", "ROAD_NAME": "PO SHAN ROAD", "SPECIES_NAME": null, "TREE_ID": "RTR0032068"}, "type": "Feature"}, {"geometry": {"coordinates": [832658.1639999999, 815754.5109999999], "type": "Point"}, "properties": {"DBH": 111, "LU_HMD": "Western", "ROAD_NAME": "PO SHAN ROAD", "SPECIES_NAME": null, "TREE_ID": "RTR0032069"}, "type": "Feature"}, {"geometry": {"coordinates": [832662.0420000004, 815753.2919999994], "type": "Point"}, "properties": {"DBH": 143, "LU_HMD": "Western", "ROAD_NAME": "PO SHAN ROAD", "SPECIES_NAME": null, "TREE_ID": "RTR0032070"}, "type": "Feature"}, {"geometry": {"coordinates": [832661.5010000002, 815757.6089999992], "type": "Point"}, "properties": {"DBH": 127, "LU_HMD": "Western", "ROAD_NAME": "PO SHAN ROAD", "SPECIES_NAME": null, "TREE_ID": "RTR0032071"}, "type": "Feature"}, {"geometry": {"coordinates": [832650.8480000002, 815751.7709999997], "type": "Point"}, "properties": {"DBH": 96, "LU_HMD": "Western", "ROAD_NAME": "PO SHAN ROAD", "SPECIES_NAME": null, "TREE_ID": "RTR0032072"}, "type": "Feature"}, {"geometry": {"coordinates": [832658.0980000002, 815751.6459999997], "type": "Point"}, "properties": {"DBH": 111, "LU_HMD": "Western", "ROAD_NAME": "PO SHAN ROAD", "SPECIES_NAME": null, "TREE_ID": "RTR0032073"}, "type": "Feature"}, {"geometry": {"coordinates": [832657.4050000003, 815758.5319999997], "type": "Point"}, "properties": {"DBH": 153, "LU_HMD": "Western", "ROAD_NAME": "PO SHAN ROAD", "SPECIES_NAME": null, "TREE_ID": "RTR0032076"}, "type": "Feature"}, {"geometry": {"coordinates": [832669.466, 815737.0730000008], "type": "Point"}, "properties": {"DBH": 172, "LU_HMD": "Western", "ROAD_NAME": "PO SHAN ROAD", "SPECIES_NAME": null, "TREE_ID": "RTR0032077"}, "type": "Feature"}, {"geometry": {"coordinates": [832685.5930000003, 815969.5460000001], "type": "Point"}, "properties": {"DBH": 235, "LU_HMD": "Western", "ROAD_NAME": "BABINGTON PATH", "SPECIES_NAME": null, "TREE_ID": "RTR0028561"}, "type": "Feature"}, {"geometry": {"coordinates": [832677.6840000004, 815968.2890000008], "type": "Point"}, "properties": {"DBH": 231, "LU_HMD": "Western", "ROAD_NAME": "BABINGTON PATH", "SPECIES_NAME": null, "TREE_ID": "RTR0033976"}, "type": "Feature"}, {"geometry": {"coordinates": [832692.7960000001, 815970.0460000001], "type": "Point"}, "properties": {"DBH": 153, "LU_HMD": "Western", "ROAD_NAME": "BABINGTON PATH", "SPECIES_NAME": null, "TREE_ID": "RTR0033983"}, "type": "Feature"}, {"geometry": {"coordinates": [832673.5559999999, 815966.8619999997], "type": "Point"}, "properties": {"DBH": 102, "LU_HMD": "Western", "ROAD_NAME": "BABINGTON PATH", "SPECIES_NAME": null, "TREE_ID": "RTR0033997"}, "type": "Feature"}, {"geometry": {"coordinates": [832680.2659999998, 815968.4379999992], "type": "Point"}, "properties": {"DBH": 102, "LU_HMD": "Western", "ROAD_NAME": "BABINGTON PATH", "SPECIES_NAME": null, "TREE_ID": "RTR0033998"}, "type": "Feature"}, {"geometry": {"coordinates": [832688.5700000003, 815969.9169999994], "type": "Point"}, "properties": {"DBH": 392, "LU_HMD": "Western", "ROAD_NAME": "BABINGTON PATH", "SPECIES_NAME": null, "TREE_ID": "RTR0034000"}, "type": "Feature"}, {"geometry": {"coordinates": [832716.6009999998, 815610.8440000005], "type": "Point"}, "properties": {"DBH": 118, "LU_HMD": "Western", "ROAD_NAME": "PO SHAN ROAD", "SPECIES_NAME": null, "TREE_ID": "RTR0033886"}, "type": "Feature"}, {"geometry": {"coordinates": [832771.6789999995, 815621.216], "type": "Point"}, "properties": {"DBH": 99, "LU_HMD": "Western", "ROAD_NAME": "PO SHAN ROAD", "SPECIES_NAME": null, "TREE_ID": "RTR0033887"}, "type": "Feature"}, {"geometry": {"coordinates": [832732.2180000003, 815614.2880000006], "type": "Point"}, "properties": {"DBH": 121, "LU_HMD": "Western", "ROAD_NAME": "PO SHAN ROAD", "SPECIES_NAME": null, "TREE_ID": "RTR0033888"}, "type": "Feature"}, {"geometry": {"coordinates": [832745.9500000002, 815634.1549999993], "type": "Point"}, "properties": {"DBH": 231, "LU_HMD": "Western", "ROAD_NAME": "PO SHAN ROAD", "SPECIES_NAME": null, "TREE_ID": "RTR0033889"}, "type": "Feature"}, {"geometry": {"coordinates": [832751.8949999996, 815633.5470000003], "type": "Point"}, "properties": {"DBH": 99, "LU_HMD": "Western", "ROAD_NAME": "PO SHAN ROAD", "SPECIES_NAME": null, "TREE_ID": "RTR0033890"}, "type": "Feature"}, {"geometry": {"coordinates": [832770.9900000002, 815627.8350000009], "type": "Point"}, "properties": {"DBH": 99, "LU_HMD": "Western", "ROAD_NAME": "PO SHAN ROAD", "SPECIES_NAME": null, "TREE_ID": "RTR0033892"}, "type": "Feature"}, {"geometry": {"coordinates": [832746.858, 815629.0010000002], "type": "Point"}, "properties": {"DBH": 206, "LU_HMD": "Western", "ROAD_NAME": "PO SHAN ROAD", "SPECIES_NAME": null, "TREE_ID": "RTR0033893"}, "type": "Feature"}, {"geometry": {"coordinates": [832713.2520000003, 815609.716], "type": "Point"}, "properties": {"DBH": 105, "LU_HMD": "Western", "ROAD_NAME": "PO SHAN ROAD", "SPECIES_NAME": null, "TREE_ID": "RTR0033894"}, "type": "Feature"}, {"geometry": {"coordinates": [832771.1890000002, 815622.4680000003], "type": "Point"}, "properties": {"DBH": 124, "LU_HMD": "Western", "ROAD_NAME": "PO SHAN ROAD", "SPECIES_NAME": null, "TREE_ID": "RTR0033895"}, "type": "Feature"}, {"geometry": {"coordinates": [832746.0489999996, 815676.9279999994], "type": "Point"}, "properties": {"DBH": 111, "LU_HMD": "Western", "ROAD_NAME": "PO SHAN ROAD", "SPECIES_NAME": null, "TREE_ID": "RTR0032802"}, "type": "Feature"}, {"geometry": {"coordinates": [832757.0259999996, 815678.1030000001], "type": "Point"}, "properties": {"DBH": 153, "LU_HMD": "Western", "ROAD_NAME": "PO SHAN ROAD", "SPECIES_NAME": null, "TREE_ID": "RTR0032803"}, "type": "Feature"}, {"geometry": {"coordinates": [832747.5429999996, 815674.2420000006], "type": "Point"}, "properties": {"DBH": 105, "LU_HMD": "Western", "ROAD_NAME": "PO SHAN ROAD", "SPECIES_NAME": null, "TREE_ID": "RTR0032804"}, "type": "Feature"}, {"geometry": {"coordinates": [832777.6969999997, 815680.3770000003], "type": "Point"}, "properties": {"DBH": 268, "LU_HMD": "Western", "ROAD_NAME": "PO SHAN ROAD", "SPECIES_NAME": null, "TREE_ID": "RTR0032805"}, "type": "Feature"}, {"geometry": {"coordinates": [832773.9009999996, 815685.9299999997], "type": "Point"}, "properties": {"DBH": 121, "LU_HMD": "Western", "ROAD_NAME": "PO SHAN ROAD", "SPECIES_NAME": null, "TREE_ID": "RTR0032806"}, "type": "Feature"}, {"geometry": {"coordinates": [832758.131, 815657.9570000004], "type": "Point"}, "properties": {"DBH": 352, "LU_HMD": "Western", "ROAD_NAME": "PO SHAN ROAD", "SPECIES_NAME": null, "TREE_ID": "RTR0033392"}, "type": "Feature"}, {"geometry": {"coordinates": [832753.9210000001, 815654.0950000007], "type": "Point"}, "properties": {"DBH": 153, "LU_HMD": "Western", "ROAD_NAME": "PO SHAN ROAD", "SPECIES_NAME": null, "TREE_ID": "RTR0033397"}, "type": "Feature"}, {"geometry": {"coordinates": [832757.3150000004, 815659.7569999993], "type": "Point"}, "properties": {"DBH": 181, "LU_HMD": "Western", "ROAD_NAME": "PO SHAN ROAD", "SPECIES_NAME": null, "TREE_ID": "RTR0033398"}, "type": "Feature"}, {"geometry": {"coordinates": [832756.1409999998, 815655.7379999999], "type": "Point"}, "properties": {"DBH": 242, "LU_HMD": "Western", "ROAD_NAME": "PO SHAN ROAD", "SPECIES_NAME": null, "TREE_ID": "RTR0033404"}, "type": "Feature"}, {"geometry": {"coordinates": [832721.267, 815602.2599999998], "type": "Point"}, "properties": {"DBH": 267, "LU_HMD": "Western", "ROAD_NAME": "PO SHAN ROAD", "SPECIES_NAME": null, "TREE_ID": "RTR0033769"}, "type": "Feature"}, {"geometry": {"coordinates": [832726.3039999995, 815671.4199999999], "type": "Point"}, "properties": {"DBH": 115, "LU_HMD": "Western", "ROAD_NAME": "PO SHAN ROAD", "SPECIES_NAME": null, "TREE_ID": "RTR0032933"}, "type": "Feature"}, {"geometry": {"coordinates": [832730.1289999997, 815672.2949999999], "type": "Point"}, "properties": {"DBH": 105, "LU_HMD": "Western", "ROAD_NAME": "PO SHAN ROAD", "SPECIES_NAME": null, "TREE_ID": "RTR0032934"}, "type": "Feature"}, {"geometry": {"coordinates": [832737.8569999998, 815668.6539999992], "type": "Point"}, "properties": {"DBH": 121, "LU_HMD": "Western", "ROAD_NAME": "PO SHAN ROAD", "SPECIES_NAME": null, "TREE_ID": "RTR0032940"}, "type": "Feature"}, {"geometry": {"coordinates": [832744.7869999995, 815669.2599999998], "type": "Point"}, "properties": {"DBH": 127, "LU_HMD": "Western", "ROAD_NAME": "PO SHAN ROAD", "SPECIES_NAME": null, "TREE_ID": "RTR0032941"}, "type": "Feature"}, {"geometry": {"coordinates": [832745.8629999999, 815664.5260000005], "type": "Point"}, "properties": {"DBH": 115, "LU_HMD": "Western", "ROAD_NAME": "PO SHAN ROAD", "SPECIES_NAME": null, "TREE_ID": "RTR0032942"}, "type": "Feature"}, {"geometry": {"coordinates": [832738.5789999999, 815668.932], "type": "Point"}, "properties": {"DBH": 99, "LU_HMD": "Western", "ROAD_NAME": "PO SHAN ROAD", "SPECIES_NAME": null, "TREE_ID": "RTR0032945"}, "type": "Feature"}, {"geometry": {"coordinates": [832737.3550000004, 815666.6439999994], "type": "Point"}, "properties": {"DBH": 169, "LU_HMD": "Western", "ROAD_NAME": "PO SHAN ROAD", "SPECIES_NAME": null, "TREE_ID": "RTR0032946"}, "type": "Feature"}, {"geometry": {"coordinates": [832743.1059999997, 815667.9629999995], "type": "Point"}, "properties": {"DBH": 99, "LU_HMD": "Western", "ROAD_NAME": "PO SHAN ROAD", "SPECIES_NAME": null, "TREE_ID": "RTR0032952"}, "type": "Feature"}, {"geometry": {"coordinates": [832861.0530000003, 815740.7440000009], "type": "Point"}, "properties": {"DBH": 162, "LU_HMD": "Western", "ROAD_NAME": "PO SHAN ROAD", "SPECIES_NAME": null, "TREE_ID": "RTR0033011"}, "type": "Feature"}, {"geometry": {"coordinates": [833250.0970000001, 816016.7589999996], "type": "Point"}, "properties": {"DBH": 96, "LU_HMD": "Western", "ROAD_NAME": "SEYMOUR ROAD", "SPECIES_NAME": null, "TREE_ID": "RTR0033618"}, "type": "Feature"}, {"geometry": {"coordinates": [833249.8760000002, 816017.2259999998], "type": "Point"}, "properties": {"DBH": 390, "LU_HMD": "Western", "ROAD_NAME": "SEYMOUR ROAD", "SPECIES_NAME": null, "TREE_ID": "RTR0033621"}, "type": "Feature"}, {"geometry": {"coordinates": [833259.8420000002, 816005.6140000001], "type": "Point"}, "properties": {"DBH": 290, "LU_HMD": "Western", "ROAD_NAME": "SEYMOUR ROAD", "SPECIES_NAME": null, "TREE_ID": "RTR0033627"}, "type": "Feature"}, {"geometry": {"coordinates": [832695.9639999997, 815751.7219999991], "type": "Point"}, "properties": {"DBH": 283, "LU_HMD": "Western", "ROAD_NAME": "PO SHAN ROAD", "SPECIES_NAME": null, "TREE_ID": "RTR0032178"}, "type": "Feature"}, {"geometry": {"coordinates": [832691.2910000002, 815749.9550000001], "type": "Point"}, "properties": {"DBH": 169, "LU_HMD": "Western", "ROAD_NAME": "PO SHAN ROAD", "SPECIES_NAME": null, "TREE_ID": "RTR0032179"}, "type": "Feature"}, {"geometry": {"coordinates": [832693.1600000001, 815751.0850000009], "type": "Point"}, "properties": {"DBH": 102, "LU_HMD": "Western", "ROAD_NAME": "PO SHAN ROAD", "SPECIES_NAME": null, "TREE_ID": "RTR0032183"}, "type": "Feature"}, {"geometry": {"coordinates": [832692.7609999999, 815752.5960000008], "type": "Point"}, "properties": {"DBH": 153, "LU_HMD": "Western", "ROAD_NAME": "PO SHAN ROAD", "SPECIES_NAME": null, "TREE_ID": "RTR0032184"}, "type": "Feature"}, {"geometry": {"coordinates": [832694.0240000002, 815750.7919999994], "type": "Point"}, "properties": {"DBH": 105, "LU_HMD": "Western", "ROAD_NAME": "PO SHAN ROAD", "SPECIES_NAME": null, "TREE_ID": "RTR0032192"}, "type": "Feature"}, {"geometry": {"coordinates": [832689.3329999996, 815748.7850000001], "type": "Point"}, "properties": {"DBH": 248, "LU_HMD": "Western", "ROAD_NAME": "PO SHAN ROAD", "SPECIES_NAME": null, "TREE_ID": "RTR0032204"}, "type": "Feature"}, {"geometry": {"coordinates": [832688.3329999996, 815749.4879999999], "type": "Point"}, "properties": {"DBH": 115, "LU_HMD": "Western", "ROAD_NAME": "PO SHAN ROAD", "SPECIES_NAME": null, "TREE_ID": "RTR0032205"}, "type": "Feature"}, {"geometry": {"coordinates": [832690.4450000003, 815750.4419999998], "type": "Point"}, "properties": {"DBH": 166, "LU_HMD": "Western", "ROAD_NAME": "PO SHAN ROAD", "SPECIES_NAME": null, "TREE_ID": "RTR0032213"}, "type": "Feature"}, {"geometry": {"coordinates": [832657.841, 815749.0020000003], "type": "Point"}, "properties": {"DBH": 102, "LU_HMD": "Western", "ROAD_NAME": "PO SHAN ROAD", "SPECIES_NAME": null, "TREE_ID": "RTR0032078"}, "type": "Feature"}, {"geometry": {"coordinates": [832648.3710000003, 815756.3239999991], "type": "Point"}, "properties": {"DBH": 96, "LU_HMD": "Western", "ROAD_NAME": "PO SHAN ROAD", "SPECIES_NAME": null, "TREE_ID": "RTR0032079"}, "type": "Feature"}, {"geometry": {"coordinates": [832662.3739999998, 815748.3900000006], "type": "Point"}, "properties": {"DBH": 105, "LU_HMD": "Western", "ROAD_NAME": "PO SHAN ROAD", "SPECIES_NAME": null, "TREE_ID": "RTR0032080"}, "type": "Feature"}, {"geometry": {"coordinates": [832643.5130000003, 815752.6030000001], "type": "Point"}, "properties": {"DBH": 150, "LU_HMD": "Western", "ROAD_NAME": "PO SHAN ROAD", "SPECIES_NAME": null, "TREE_ID": "RTR0032082"}, "type": "Feature"}, {"geometry": {"coordinates": [832666.8609999996, 815736.7540000007], "type": "Point"}, "properties": {"DBH": 96, "LU_HMD": "Western", "ROAD_NAME": "PO SHAN ROAD", "SPECIES_NAME": null, "TREE_ID": "RTR0032083"}, "type": "Feature"}, {"geometry": {"coordinates": [832667.057, 815750.7359999996], "type": "Point"}, "properties": {"DBH": 140, "LU_HMD": "Western", "ROAD_NAME": "PO SHAN ROAD", "SPECIES_NAME": null, "TREE_ID": "RTR0032084"}, "type": "Feature"}, {"geometry": {"coordinates": [832651.8049999997, 815755.432], "type": "Point"}, "properties": {"DBH": 102, "LU_HMD": "Western", "ROAD_NAME": "PO SHAN ROAD", "SPECIES_NAME": null, "TREE_ID": "RTR0032085"}, "type": "Feature"}, {"geometry": {"coordinates": [832642.0889999997, 815754.0409999993], "type": "Point"}, "properties": {"DBH": 242, "LU_HMD": "Western", "ROAD_NAME": "PO SHAN ROAD", "SPECIES_NAME": null, "TREE_ID": "RTR0032087"}, "type": "Feature"}, {"geometry": {"coordinates": [832659.6579999998, 815750.5040000007], "type": "Point"}, "properties": {"DBH": 258, "LU_HMD": "Western", "ROAD_NAME": "PO SHAN ROAD", "SPECIES_NAME": null, "TREE_ID": "RTR0032088"}, "type": "Feature"}, {"geometry": {"coordinates": [832673.4749999996, 815968.1710000001], "type": "Point"}, "properties": {"DBH": 502, "LU_HMD": "Western", "ROAD_NAME": "BABINGTON PATH", "SPECIES_NAME": null, "TREE_ID": "RTR0034001"}, "type": "Feature"}, {"geometry": {"coordinates": [832681.977, 815968.5620000008], "type": "Point"}, "properties": {"DBH": 403, "LU_HMD": "Western", "ROAD_NAME": "BABINGTON PATH", "SPECIES_NAME": null, "TREE_ID": "RTR0034006"}, "type": "Feature"}, {"geometry": {"coordinates": [832719.3300000001, 815595.4649999999], "type": "Point"}, "properties": {"DBH": 213, "LU_HMD": "Western", "ROAD_NAME": "PO SHAN ROAD", "SPECIES_NAME": null, "TREE_ID": "RTR0033783"}, "type": "Feature"}, {"geometry": {"coordinates": [832748.9349999996, 815614.5580000002], "type": "Point"}, "properties": {"DBH": 118, "LU_HMD": "Western", "ROAD_NAME": "PO SHAN ROAD", "SPECIES_NAME": null, "TREE_ID": "RTR0033784"}, "type": "Feature"}, {"geometry": {"coordinates": [832715.6299999999, 815610.6420000009], "type": "Point"}, "properties": {"DBH": 146, "LU_HMD": "Western", "ROAD_NAME": "PO SHAN ROAD", "SPECIES_NAME": null, "TREE_ID": "RTR0033896"}, "type": "Feature"}, {"geometry": {"coordinates": [832711.6399999997, 815605.6559999995], "type": "Point"}, "properties": {"DBH": 126, "LU_HMD": "Western", "ROAD_NAME": "PO SHAN ROAD", "SPECIES_NAME": null, "TREE_ID": "RTR0033897"}, "type": "Feature"}, {"geometry": {"coordinates": [832737.0710000005, 815720.1769999992], "type": "Point"}, "properties": {"DBH": 131, "LU_HMD": "Western", "ROAD_NAME": "PO SHAN ROAD", "SPECIES_NAME": null, "TREE_ID": "RTR0032592"}, "type": "Feature"}, {"geometry": {"coordinates": [832731.8990000002, 815721.8949999996], "type": "Point"}, "properties": {"DBH": 458, "LU_HMD": "Western", "ROAD_NAME": "PO SHAN ROAD", "SPECIES_NAME": null, "TREE_ID": "RTR0032593"}, "type": "Feature"}, {"geometry": {"coordinates": [832752.4019999998, 815717.4680000003], "type": "Point"}, "properties": {"DBH": 191, "LU_HMD": "Western", "ROAD_NAME": "PO SHAN ROAD", "SPECIES_NAME": null, "TREE_ID": "RTR0032594"}, "type": "Feature"}, {"geometry": {"coordinates": [832742.6140000001, 815718.6740000006], "type": "Point"}, "properties": {"DBH": 143, "LU_HMD": "Western", "ROAD_NAME": "PO SHAN ROAD", "SPECIES_NAME": null, "TREE_ID": "RTR0032595"}, "type": "Feature"}, {"geometry": {"coordinates": [832744.9000000004, 815714.9600000009], "type": "Point"}, "properties": {"DBH": 123, "LU_HMD": "Western", "ROAD_NAME": "PO SHAN ROAD", "SPECIES_NAME": null, "TREE_ID": "RTR0032596"}, "type": "Feature"}, {"geometry": {"coordinates": [832757.7860000003, 815708.6329999994], "type": "Point"}, "properties": {"DBH": 291, "LU_HMD": "Western", "ROAD_NAME": "PO SHAN ROAD", "SPECIES_NAME": null, "TREE_ID": "RTR0032597"}, "type": "Feature"}, {"geometry": {"coordinates": [832743.9170000004, 815719.7540000007], "type": "Point"}, "properties": {"DBH": 96, "LU_HMD": "Western", "ROAD_NAME": "PO SHAN ROAD", "SPECIES_NAME": null, "TREE_ID": "RTR0032598"}, "type": "Feature"}, {"geometry": {"coordinates": [832754.3229999999, 815654.6699999999], "type": "Point"}, "properties": {"DBH": 191, "LU_HMD": "Western", "ROAD_NAME": "PO SHAN ROAD", "SPECIES_NAME": null, "TREE_ID": "RTR0033406"}, "type": "Feature"}, {"geometry": {"coordinates": [832759.6440000003, 815653.0449999999], "type": "Point"}, "properties": {"DBH": 186, "LU_HMD": "Western", "ROAD_NAME": "PO SHAN ROAD", "SPECIES_NAME": null, "TREE_ID": "RTR0033408"}, "type": "Feature"}, {"geometry": {"coordinates": [832761.1260000002, 815662.3570000008], "type": "Point"}, "properties": {"DBH": 131, "LU_HMD": "Western", "ROAD_NAME": "PO SHAN ROAD", "SPECIES_NAME": null, "TREE_ID": "RTR0033415"}, "type": "Feature"}, {"geometry": {"coordinates": [832771.682, 815604.6239999998], "type": "Point"}, "properties": {"DBH": 143, "LU_HMD": "Western", "ROAD_NAME": "PO SHAN ROAD", "SPECIES_NAME": null, "TREE_ID": "RTR0033668"}, "type": "Feature"}, {"geometry": {"coordinates": [832777.5269999998, 815599.1740000006], "type": "Point"}, "properties": {"DBH": 102, "LU_HMD": "Western", "ROAD_NAME": "PO SHAN ROAD", "SPECIES_NAME": null, "TREE_ID": "RTR0033670"}, "type": "Feature"}, {"geometry": {"coordinates": [832752.0590000004, 815604.2229999993], "type": "Point"}, "properties": {"DBH": 225, "LU_HMD": "Western", "ROAD_NAME": "PO SHAN ROAD", "SPECIES_NAME": null, "TREE_ID": "RTR0033671"}, "type": "Feature"}, {"geometry": {"coordinates": [832764.159, 815601.5470000003], "type": "Point"}, "properties": {"DBH": 96, "LU_HMD": "Western", "ROAD_NAME": "PO SHAN ROAD", "SPECIES_NAME": null, "TREE_ID": "RTR0033672"}, "type": "Feature"}, {"geometry": {"coordinates": [832726.4119999995, 815582.4049999993], "type": "Point"}, "properties": {"DBH": 435, "LU_HMD": "Western", "ROAD_NAME": "PO SHAN ROAD", "SPECIES_NAME": null, "TREE_ID": "RTR0034337"}, "type": "Feature"}, {"geometry": {"coordinates": [832745.244, 815596.4590000007], "type": "Point"}, "properties": {"DBH": 157, "LU_HMD": "Western", "ROAD_NAME": "PO SHAN ROAD", "SPECIES_NAME": null, "TREE_ID": "RTR0034339"}, "type": "Feature"}, {"geometry": {"coordinates": [832739.6330000004, 815667.8359999992], "type": "Point"}, "properties": {"DBH": 96, "LU_HMD": "Western", "ROAD_NAME": "PO SHAN ROAD", "SPECIES_NAME": null, "TREE_ID": "RTR0032959"}, "type": "Feature"}, {"geometry": {"coordinates": [832747.3849999998, 815666.9959999993], "type": "Point"}, "properties": {"DBH": 131, "LU_HMD": "Western", "ROAD_NAME": "PO SHAN ROAD", "SPECIES_NAME": null, "TREE_ID": "RTR0032963"}, "type": "Feature"}, {"geometry": {"coordinates": [832767.057, 815670.2390000001], "type": "Point"}, "properties": {"DBH": 158, "LU_HMD": "Western", "ROAD_NAME": "PO SHAN ROAD", "SPECIES_NAME": null, "TREE_ID": "RTR0033016"}, "type": "Feature"}, {"geometry": {"coordinates": [832726.9390000002, 815607.3540000003], "type": "Point"}, "properties": {"DBH": 111, "LU_HMD": "Western", "ROAD_NAME": "PO SHAN ROAD", "SPECIES_NAME": null, "TREE_ID": "RTR0033771"}, "type": "Feature"}, {"geometry": {"coordinates": [832763.9979999997, 815620.1970000006], "type": "Point"}, "properties": {"DBH": 188, "LU_HMD": "Western", "ROAD_NAME": "PO SHAN ROAD", "SPECIES_NAME": null, "TREE_ID": "RTR0033772"}, "type": "Feature"}, {"geometry": {"coordinates": [832768.0609999998, 815617.3839999996], "type": "Point"}, "properties": {"DBH": 188, "LU_HMD": "Western", "ROAD_NAME": "PO SHAN ROAD", "SPECIES_NAME": null, "TREE_ID": "RTR0033773"}, "type": "Feature"}, {"geometry": {"coordinates": [832765.7149999999, 815618.5690000001], "type": "Point"}, "properties": {"DBH": 140, "LU_HMD": "Western", "ROAD_NAME": "PO SHAN ROAD", "SPECIES_NAME": null, "TREE_ID": "RTR0033775"}, "type": "Feature"}, {"geometry": {"coordinates": [832773.5140000004, 815613.4629999995], "type": "Point"}, "properties": {"DBH": 405, "LU_HMD": "Western", "ROAD_NAME": "PO SHAN ROAD", "SPECIES_NAME": null, "TREE_ID": "RTR0033776"}, "type": "Feature"}, {"geometry": {"coordinates": [832752.4210000001, 815607.8890000004], "type": "Point"}, "properties": {"DBH": 131, "LU_HMD": "Western", "ROAD_NAME": "PO SHAN ROAD", "SPECIES_NAME": null, "TREE_ID": "RTR0033777"}, "type": "Feature"}, {"geometry": {"coordinates": [832913.7819999997, 815848.9619999994], "type": "Point"}, "properties": {"DBH": 256, "LU_HMD": "Western", "ROAD_NAME": "PO SHAN ROAD", "SPECIES_NAME": null, "TREE_ID": "RTR0032970"}, "type": "Feature"}, {"geometry": {"coordinates": [832894.744, 815839.1309999991], "type": "Point"}, "properties": {"DBH": 215, "LU_HMD": "Western", "ROAD_NAME": "PO SHAN ROAD", "SPECIES_NAME": null, "TREE_ID": "RTR0032982"}, "type": "Feature"}, {"geometry": {"coordinates": [832888.8279999997, 815835.2190000005], "type": "Point"}, "properties": {"DBH": 550, "LU_HMD": "Western", "ROAD_NAME": "PO SHAN ROAD", "SPECIES_NAME": null, "TREE_ID": "RTR0032999"}, "type": "Feature"}, {"geometry": {"coordinates": [832901.2309999997, 815841.5199999996], "type": "Point"}, "properties": {"DBH": 248, "LU_HMD": "Western", "ROAD_NAME": "PO SHAN ROAD", "SPECIES_NAME": null, "TREE_ID": "RTR0033012"}, "type": "Feature"}, {"geometry": {"coordinates": [832898.0800000001, 815840.1040000003], "type": "Point"}, "properties": {"DBH": 178, "LU_HMD": "Western", "ROAD_NAME": "PO SHAN ROAD", "SPECIES_NAME": null, "TREE_ID": "RTR0033015"}, "type": "Feature"}, {"geometry": {"coordinates": [833246.9280000003, 816024.8640000001], "type": "Point"}, "properties": {"DBH": 105, "LU_HMD": "Western", "ROAD_NAME": "SEYMOUR ROAD", "SPECIES_NAME": null, "TREE_ID": "RTR0033639"}, "type": "Feature"}, {"geometry": {"coordinates": [833260.8389999997, 816002.3029999994], "type": "Point"}, "properties": {"DBH": 418, "LU_HMD": "Western", "ROAD_NAME": "SEYMOUR ROAD", "SPECIES_NAME": null, "TREE_ID": "RTR0033644"}, "type": "Feature"}, {"geometry": {"coordinates": [833253.625, 816012.4649999999], "type": "Point"}, "properties": {"DBH": 143, "LU_HMD": "Western", "ROAD_NAME": "SEYMOUR ROAD", "SPECIES_NAME": null, "TREE_ID": "RTR0033645"}, "type": "Feature"}, {"geometry": {"coordinates": [833250.9960000003, 816015.0209999997], "type": "Point"}, "properties": {"DBH": 150, "LU_HMD": "Western", "ROAD_NAME": "SEYMOUR ROAD", "SPECIES_NAME": null, "TREE_ID": "RTR0033660"}, "type": "Feature"}, {"geometry": {"coordinates": [833255.3669999996, 816010.3829999994], "type": "Point"}, "properties": {"DBH": 376, "LU_HMD": "Western", "ROAD_NAME": "SEYMOUR ROAD", "SPECIES_NAME": null, "TREE_ID": "RTR0033662"}, "type": "Feature"}, {"geometry": {"coordinates": [833254.6359999999, 816009.6370000001], "type": "Point"}, "properties": {"DBH": 210, "LU_HMD": "Western", "ROAD_NAME": "SEYMOUR ROAD", "SPECIES_NAME": null, "TREE_ID": "RTR0033665"}, "type": "Feature"}, {"geometry": {"coordinates": [832674.767, 815790.4759999998], "type": "Point"}, "properties": {"DBH": 102, "LU_HMD": "Western", "ROAD_NAME": "PO SHAN ROAD", "SPECIES_NAME": null, "TREE_ID": "RTR0032229"}, "type": "Feature"}, {"geometry": {"coordinates": [832677.4479999999, 815785.3249999993], "type": "Point"}, "properties": {"DBH": 103, "LU_HMD": "Western", "ROAD_NAME": "PO SHAN ROAD", "SPECIES_NAME": null, "TREE_ID": "RTR0032638"}, "type": "Feature"}, {"geometry": {"coordinates": [832695.9359999998, 815754.0030000005], "type": "Point"}, "properties": {"DBH": 111, "LU_HMD": "Western", "ROAD_NAME": "PO SHAN ROAD", "SPECIES_NAME": null, "TREE_ID": "RTR0032716"}, "type": "Feature"}, {"geometry": {"coordinates": [832718.3550000004, 815750.2280000001], "type": "Point"}, "properties": {"DBH": 137, "LU_HMD": "Western", "ROAD_NAME": "PO SHAN ROAD", "SPECIES_NAME": null, "TREE_ID": "RTR0032718"}, "type": "Feature"}, {"geometry": {"coordinates": [832692.4179999996, 815743.6710000001], "type": "Point"}, "properties": {"DBH": 150, "LU_HMD": "Western", "ROAD_NAME": "PO SHAN ROAD", "SPECIES_NAME": null, "TREE_ID": "RTR0032720"}, "type": "Feature"}, {"geometry": {"coordinates": [832716.0470000003, 815754.4399999995], "type": "Point"}, "properties": {"DBH": 207, "LU_HMD": "Western", "ROAD_NAME": "PO SHAN ROAD", "SPECIES_NAME": null, "TREE_ID": "RTR0032721"}, "type": "Feature"}, {"geometry": {"coordinates": [832698.307, 815754.7620000001], "type": "Point"}, "properties": {"DBH": 287, "LU_HMD": "Western", "ROAD_NAME": "PO SHAN ROAD", "SPECIES_NAME": null, "TREE_ID": "RTR0032722"}, "type": "Feature"}, {"geometry": {"coordinates": [832712.9550000001, 815756.0160000008], "type": "Point"}, "properties": {"DBH": 105, "LU_HMD": "Western", "ROAD_NAME": "PO SHAN ROAD", "SPECIES_NAME": null, "TREE_ID": "RTR0032724"}, "type": "Feature"}, {"geometry": {"coordinates": [832681.057, 815750.0319999997], "type": "Point"}, "properties": {"DBH": 127, "LU_HMD": "Western", "ROAD_NAME": "PO SHAN ROAD", "SPECIES_NAME": null, "TREE_ID": "RTR0032207"}, "type": "Feature"}, {"geometry": {"coordinates": [832635.1299999999, 815749.7719999999], "type": "Point"}, "properties": {"DBH": 149, "LU_HMD": "Western", "ROAD_NAME": "PO SHAN ROAD", "SPECIES_NAME": null, "TREE_ID": "RTR0032208"}, "type": "Feature"}, {"geometry": {"coordinates": [832671.1909999996, 815752.9560000002], "type": "Point"}, "properties": {"DBH": 259, "LU_HMD": "Western", "ROAD_NAME": "PO SHAN ROAD", "SPECIES_NAME": null, "TREE_ID": "RTR0032209"}, "type": "Feature"}, {"geometry": {"coordinates": [832682.1040000003, 815738.2060000002], "type": "Point"}, "properties": {"DBH": 234, "LU_HMD": "Western", "ROAD_NAME": "PO SHAN ROAD", "SPECIES_NAME": null, "TREE_ID": "RTR0032211"}, "type": "Feature"}, {"geometry": {"coordinates": [832680.3609999996, 815739.6710000001], "type": "Point"}, "properties": {"DBH": 252, "LU_HMD": "Western", "ROAD_NAME": "PO SHAN ROAD", "SPECIES_NAME": null, "TREE_ID": "RTR0032212"}, "type": "Feature"}, {"geometry": {"coordinates": [832674.9709999999, 815787.6620000005], "type": "Point"}, "properties": {"DBH": 127, "LU_HMD": "Western", "ROAD_NAME": "PO SHAN ROAD", "SPECIES_NAME": null, "TREE_ID": "RTR0032220"}, "type": "Feature"}, {"geometry": {"coordinates": [832665.5190000003, 815735.0140000004], "type": "Point"}, "properties": {"DBH": 143, "LU_HMD": "Western", "ROAD_NAME": "PO SHAN ROAD", "SPECIES_NAME": null, "TREE_ID": "RTR0032104"}, "type": "Feature"}, {"geometry": {"coordinates": [832664.6109999996, 815758.2190000005], "type": "Point"}, "properties": {"DBH": 191, "LU_HMD": "Western", "ROAD_NAME": "PO SHAN ROAD", "SPECIES_NAME": null, "TREE_ID": "RTR0032105"}, "type": "Feature"}, {"geometry": {"coordinates": [832662.6059999997, 815757.2679999992], "type": "Point"}, "properties": {"DBH": 118, "LU_HMD": "Western", "ROAD_NAME": "PO SHAN ROAD", "SPECIES_NAME": null, "TREE_ID": "RTR0032089"}, "type": "Feature"}, {"geometry": {"coordinates": [832647.21, 815755.6699999999], "type": "Point"}, "properties": {"DBH": 182, "LU_HMD": "Western", "ROAD_NAME": "PO SHAN ROAD", "SPECIES_NAME": null, "TREE_ID": "RTR0032090"}, "type": "Feature"}, {"geometry": {"coordinates": [832641.9919999996, 815746.7850000001], "type": "Point"}, "properties": {"DBH": 180, "LU_HMD": "Western", "ROAD_NAME": "PO SHAN ROAD", "SPECIES_NAME": null, "TREE_ID": "RTR0032091"}, "type": "Feature"}, {"geometry": {"coordinates": [832653.8159999996, 815750.2770000007], "type": "Point"}, "properties": {"DBH": 105, "LU_HMD": "Western", "ROAD_NAME": "PO SHAN ROAD", "SPECIES_NAME": null, "TREE_ID": "RTR0032092"}, "type": "Feature"}, {"geometry": {"coordinates": [832645.0190000003, 815746.6539999992], "type": "Point"}, "properties": {"DBH": 248, "LU_HMD": "Western", "ROAD_NAME": "PO SHAN ROAD", "SPECIES_NAME": null, "TREE_ID": "RTR0032093"}, "type": "Feature"}, {"geometry": {"coordinates": [832642.6430000002, 815752.966], "type": "Point"}, "properties": {"DBH": 124, "LU_HMD": "Western", "ROAD_NAME": "PO SHAN ROAD", "SPECIES_NAME": null, "TREE_ID": "RTR0032094"}, "type": "Feature"}, {"geometry": {"coordinates": [832649.9390000002, 815752.3379999995], "type": "Point"}, "properties": {"DBH": 105, "LU_HMD": "Western", "ROAD_NAME": "PO SHAN ROAD", "SPECIES_NAME": null, "TREE_ID": "RTR0032096"}, "type": "Feature"}, {"geometry": {"coordinates": [832667.2089999998, 815753.0170000009], "type": "Point"}, "properties": {"DBH": 96, "LU_HMD": "Western", "ROAD_NAME": "PO SHAN ROAD", "SPECIES_NAME": null, "TREE_ID": "RTR0032098"}, "type": "Feature"}, {"geometry": {"coordinates": [832653.0530000003, 815747.4409999996], "type": "Point"}, "properties": {"DBH": 150, "LU_HMD": "Western", "ROAD_NAME": "PO SHAN ROAD", "SPECIES_NAME": null, "TREE_ID": "RTR0032099"}, "type": "Feature"}, {"geometry": {"coordinates": [832755.7280000001, 815611.5800000001], "type": "Point"}, "properties": {"DBH": 134, "LU_HMD": "Western", "ROAD_NAME": "PO SHAN ROAD", "SPECIES_NAME": null, "TREE_ID": "RTR0033786"}, "type": "Feature"}, {"geometry": {"coordinates": [832772.4019999998, 815616.0999999996], "type": "Point"}, "properties": {"DBH": 137, "LU_HMD": "Western", "ROAD_NAME": "PO SHAN ROAD", "SPECIES_NAME": null, "TREE_ID": "RTR0033787"}, "type": "Feature"}, {"geometry": {"coordinates": [832771.7810000004, 815615.6160000004], "type": "Point"}, "properties": {"DBH": 143, "LU_HMD": "Western", "ROAD_NAME": "PO SHAN ROAD", "SPECIES_NAME": null, "TREE_ID": "RTR0033788"}, "type": "Feature"}, {"geometry": {"coordinates": [832770.0729999999, 815611.4859999996], "type": "Point"}, "properties": {"DBH": 146, "LU_HMD": "Western", "ROAD_NAME": "PO SHAN ROAD", "SPECIES_NAME": null, "TREE_ID": "RTR0033789"}, "type": "Feature"}, {"geometry": {"coordinates": [832773.4170000004, 815611.8169999998], "type": "Point"}, "properties": {"DBH": 188, "LU_HMD": "Western", "ROAD_NAME": "PO SHAN ROAD", "SPECIES_NAME": null, "TREE_ID": "RTR0033791"}, "type": "Feature"}, {"geometry": {"coordinates": [832763.2470000004, 815615.2449999992], "type": "Point"}, "properties": {"DBH": 243, "LU_HMD": "Western", "ROAD_NAME": "PO SHAN ROAD", "SPECIES_NAME": null, "TREE_ID": "RTR0033792"}, "type": "Feature"}, {"geometry": {"coordinates": [832746.1540000001, 815615.8049999997], "type": "Point"}, "properties": {"DBH": 197, "LU_HMD": "Western", "ROAD_NAME": "PO SHAN ROAD", "SPECIES_NAME": null, "TREE_ID": "RTR0033793"}, "type": "Feature"}, {"geometry": {"coordinates": [832767.5669999998, 815621.1620000005], "type": "Point"}, "properties": {"DBH": 124, "LU_HMD": "Western", "ROAD_NAME": "PO SHAN ROAD", "SPECIES_NAME": null, "TREE_ID": "RTR0033794"}, "type": "Feature"}, {"geometry": {"coordinates": [832755.7180000003, 815619.3870000001], "type": "Point"}, "properties": {"DBH": 266, "LU_HMD": "Western", "ROAD_NAME": "PO SHAN ROAD", "SPECIES_NAME": null, "TREE_ID": "RTR0033795"}, "type": "Feature"}, {"geometry": {"coordinates": [832755.0530000003, 815709.2170000002], "type": "Point"}, "properties": {"DBH": 96, "LU_HMD": "Western", "ROAD_NAME": "PO SHAN ROAD", "SPECIES_NAME": null, "TREE_ID": "RTR0032601"}, "type": "Feature"}, {"geometry": {"coordinates": [832750.2379999999, 815712.5739999991], "type": "Point"}, "properties": {"DBH": 183, "LU_HMD": "Western", "ROAD_NAME": "PO SHAN ROAD", "SPECIES_NAME": null, "TREE_ID": "RTR0032604"}, "type": "Feature"}, {"geometry": {"coordinates": [832708.5460000001, 815646.3640000001], "type": "Point"}, "properties": {"DBH": 96, "LU_HMD": "Western", "ROAD_NAME": "PO SHAN ROAD", "SPECIES_NAME": null, "TREE_ID": "RTR0033172"}, "type": "Feature"}, {"geometry": {"coordinates": [832730.7699999996, 815651.2960000001], "type": "Point"}, "properties": {"DBH": 142, "LU_HMD": "Western", "ROAD_NAME": "PO SHAN ROAD", "SPECIES_NAME": null, "TREE_ID": "RTR0033173"}, "type": "Feature"}, {"geometry": {"coordinates": [832709.4330000002, 815657.443], "type": "Point"}, "properties": {"DBH": 121, "LU_HMD": "Western", "ROAD_NAME": "PO SHAN ROAD", "SPECIES_NAME": null, "TREE_ID": "RTR0033174"}, "type": "Feature"}, {"geometry": {"coordinates": [832704.9910000004, 815653.9940000009], "type": "Point"}, "properties": {"DBH": 105, "LU_HMD": "Western", "ROAD_NAME": "PO SHAN ROAD", "SPECIES_NAME": null, "TREE_ID": "RTR0033175"}, "type": "Feature"}, {"geometry": {"coordinates": [832731.1529999999, 815663.2589999996], "type": "Point"}, "properties": {"DBH": 105, "LU_HMD": "Western", "ROAD_NAME": "PO SHAN ROAD", "SPECIES_NAME": null, "TREE_ID": "RTR0033176"}, "type": "Feature"}, {"geometry": {"coordinates": [832710.4680000003, 815659.4920000006], "type": "Point"}, "properties": {"DBH": 123, "LU_HMD": "Western", "ROAD_NAME": "PO SHAN ROAD", "SPECIES_NAME": null, "TREE_ID": "RTR0033177"}, "type": "Feature"}, {"geometry": {"coordinates": [832701.25, 815640.682], "type": "Point"}, "properties": {"DBH": 115, "LU_HMD": "Western", "ROAD_NAME": "PO SHAN ROAD", "SPECIES_NAME": null, "TREE_ID": "RTR0033178"}, "type": "Feature"}, {"geometry": {"coordinates": [832778.6660000002, 815595.3859999999], "type": "Point"}, "properties": {"DBH": 102, "LU_HMD": "Western", "ROAD_NAME": "PO SHAN ROAD", "SPECIES_NAME": null, "TREE_ID": "RTR0034340"}, "type": "Feature"}, {"geometry": {"coordinates": [832763.1969999997, 815590.4179999996], "type": "Point"}, "properties": {"DBH": 121, "LU_HMD": "Western", "ROAD_NAME": "PO SHAN ROAD", "SPECIES_NAME": null, "TREE_ID": "RTR0034342"}, "type": "Feature"}, {"geometry": {"coordinates": [832730.5449999999, 815580.8399999999], "type": "Point"}, "properties": {"DBH": 169, "LU_HMD": "Western", "ROAD_NAME": "PO SHAN ROAD", "SPECIES_NAME": null, "TREE_ID": "RTR0034343"}, "type": "Feature"}, {"geometry": {"coordinates": [832772.8219999997, 815595.6940000001], "type": "Point"}, "properties": {"DBH": 159, "LU_HMD": "Western", "ROAD_NAME": "PO SHAN ROAD", "SPECIES_NAME": null, "TREE_ID": "RTR0034344"}, "type": "Feature"}, {"geometry": {"coordinates": [832766.3540000003, 815592.9140000008], "type": "Point"}, "properties": {"DBH": 166, "LU_HMD": "Western", "ROAD_NAME": "PO SHAN ROAD", "SPECIES_NAME": null, "TREE_ID": "RTR0034346"}, "type": "Feature"}, {"geometry": {"coordinates": [832751.068, 815585.5350000001], "type": "Point"}, "properties": {"DBH": 156, "LU_HMD": "Western", "ROAD_NAME": "PO SHAN ROAD", "SPECIES_NAME": null, "TREE_ID": "RTR0034347"}, "type": "Feature"}, {"geometry": {"coordinates": [832739.6469999999, 815586.807], "type": "Point"}, "properties": {"DBH": 159, "LU_HMD": "Western", "ROAD_NAME": "PO SHAN ROAD", "SPECIES_NAME": null, "TREE_ID": "RTR0034348"}, "type": "Feature"}, {"geometry": {"coordinates": [832755.7740000002, 815598.3949999996], "type": "Point"}, "properties": {"DBH": 194, "LU_HMD": "Western", "ROAD_NAME": "PO SHAN ROAD", "SPECIES_NAME": null, "TREE_ID": "RTR0034349"}, "type": "Feature"}, {"geometry": {"coordinates": [832757.1179999998, 815679.0120000001], "type": "Point"}, "properties": {"DBH": 99, "LU_HMD": "Western", "ROAD_NAME": "PO SHAN ROAD", "SPECIES_NAME": null, "TREE_ID": "RTR0032807"}, "type": "Feature"}, {"geometry": {"coordinates": [832746.398, 815613.7970000003], "type": "Point"}, "properties": {"DBH": 131, "LU_HMD": "Western", "ROAD_NAME": "PO SHAN ROAD", "SPECIES_NAME": null, "TREE_ID": "RTR0033778"}, "type": "Feature"}, {"geometry": {"coordinates": [832747.0460000001, 815608.2670000009], "type": "Point"}, "properties": {"DBH": 111, "LU_HMD": "Western", "ROAD_NAME": "PO SHAN ROAD", "SPECIES_NAME": null, "TREE_ID": "RTR0033779"}, "type": "Feature"}, {"geometry": {"coordinates": [832757.1390000004, 815614.6699999999], "type": "Point"}, "properties": {"DBH": 159, "LU_HMD": "Western", "ROAD_NAME": "PO SHAN ROAD", "SPECIES_NAME": null, "TREE_ID": "RTR0033780"}, "type": "Feature"}, {"geometry": {"coordinates": [832752.9589999998, 815612.0840000007], "type": "Point"}, "properties": {"DBH": 167, "LU_HMD": "Western", "ROAD_NAME": "PO SHAN ROAD", "SPECIES_NAME": null, "TREE_ID": "RTR0033781"}, "type": "Feature"}, {"geometry": {"coordinates": [832739.3219999997, 815606.4289999995], "type": "Point"}, "properties": {"DBH": 289, "LU_HMD": "Western", "ROAD_NAME": "PO SHAN ROAD", "SPECIES_NAME": null, "TREE_ID": "RTR0033782"}, "type": "Feature"}, {"geometry": {"coordinates": [832708.665, 815690.6970000006], "type": "Point"}, "properties": {"DBH": 115, "LU_HMD": "Western", "ROAD_NAME": "PO SHAN ROAD", "SPECIES_NAME": null, "TREE_ID": "RTR0031516"}, "type": "Feature"}, {"geometry": {"coordinates": [832675.4060000004, 815685.5960000008], "type": "Point"}, "properties": {"DBH": 96, "LU_HMD": "Western", "ROAD_NAME": "PO SHAN ROAD", "SPECIES_NAME": null, "TREE_ID": "RTR0031517"}, "type": "Feature"}, {"geometry": {"coordinates": [832683.7410000004, 815685.1730000004], "type": "Point"}, "properties": {"DBH": 194, "LU_HMD": "Western", "ROAD_NAME": "PO SHAN ROAD", "SPECIES_NAME": null, "TREE_ID": "RTR0031518"}, "type": "Feature"}, {"geometry": {"coordinates": [832714.3940000003, 815694.7890000008], "type": "Point"}, "properties": {"DBH": 269, "LU_HMD": "Western", "ROAD_NAME": "PO SHAN ROAD", "SPECIES_NAME": null, "TREE_ID": "RTR0031519"}, "type": "Feature"}, {"geometry": {"coordinates": [832933.0159999998, 815876.7349999994], "type": "Point"}, "properties": {"DBH": 117, "LU_HMD": "Western", "ROAD_NAME": "PO SHAN ROAD", "SPECIES_NAME": null, "TREE_ID": "RTR0034043"}, "type": "Feature"}, {"geometry": {"coordinates": [832937.392, 815872.1109999996], "type": "Point"}, "properties": {"DBH": 147, "LU_HMD": "Western", "ROAD_NAME": "PO SHAN ROAD", "SPECIES_NAME": null, "TREE_ID": "RTR0034045"}, "type": "Feature"}, {"geometry": {"coordinates": [832926.5959999999, 815861.3289999999], "type": "Point"}, "properties": {"DBH": 460, "LU_HMD": "Western", "ROAD_NAME": "PO SHAN ROAD", "SPECIES_NAME": null, "TREE_ID": "RTR0034053"}, "type": "Feature"}, {"geometry": {"coordinates": [832942.807, 815881.7719999999], "type": "Point"}, "properties": {"DBH": 350, "LU_HMD": "Western", "ROAD_NAME": "PO SHAN ROAD", "SPECIES_NAME": null, "TREE_ID": "RTR0034066"}, "type": "Feature"}, {"geometry": {"coordinates": [832762.4330000002, 815729.3239999991], "type": "Point"}, "properties": {"DBH": 102, "LU_HMD": "Western", "ROAD_NAME": "PO SHAN ROAD", "SPECIES_NAME": null, "TREE_ID": "RTR0032416"}, "type": "Feature"}, {"geometry": {"coordinates": [832756.875, 815725.0720000006], "type": "Point"}, "properties": {"DBH": 96, "LU_HMD": "Western", "ROAD_NAME": "PO SHAN ROAD", "SPECIES_NAME": null, "TREE_ID": "RTR0032419"}, "type": "Feature"}, {"geometry": {"coordinates": [832757.1449999996, 815731.6170000006], "type": "Point"}, "properties": {"DBH": 296, "LU_HMD": "Western", "ROAD_NAME": "PO SHAN ROAD", "SPECIES_NAME": null, "TREE_ID": "RTR0032427"}, "type": "Feature"}, {"geometry": {"coordinates": [832762.8830000004, 815735.5170000009], "type": "Point"}, "properties": {"DBH": 192, "LU_HMD": "Western", "ROAD_NAME": "PO SHAN ROAD", "SPECIES_NAME": null, "TREE_ID": "RTR0032428"}, "type": "Feature"}, {"geometry": {"coordinates": [832763.5319999997, 815728.2449999992], "type": "Point"}, "properties": {"DBH": 271, "LU_HMD": "Western", "ROAD_NAME": "PO SHAN ROAD", "SPECIES_NAME": null, "TREE_ID": "RTR0032429"}, "type": "Feature"}, {"geometry": {"coordinates": [832715.0379999997, 815761.2559999991], "type": "Point"}, "properties": {"DBH": 127, "LU_HMD": "Western", "ROAD_NAME": "PO SHAN ROAD", "SPECIES_NAME": null, "TREE_ID": "RTR0032726"}, "type": "Feature"}, {"geometry": {"coordinates": [832714.3080000002, 815755.4940000009], "type": "Point"}, "properties": {"DBH": 111, "LU_HMD": "Western", "ROAD_NAME": "PO SHAN ROAD", "SPECIES_NAME": null, "TREE_ID": "RTR0032727"}, "type": "Feature"}, {"geometry": {"coordinates": [832701.1210000003, 815743.7860000003], "type": "Point"}, "properties": {"DBH": 283, "LU_HMD": "Western", "ROAD_NAME": "PO SHAN ROAD", "SPECIES_NAME": null, "TREE_ID": "RTR0032730"}, "type": "Feature"}, {"geometry": {"coordinates": [832716.9879999999, 815748.2660000008], "type": "Point"}, "properties": {"DBH": 131, "LU_HMD": "Western", "ROAD_NAME": "PO SHAN ROAD", "SPECIES_NAME": null, "TREE_ID": "RTR0032732"}, "type": "Feature"}, {"geometry": {"coordinates": [832710.0539999995, 815758.4849999994], "type": "Point"}, "properties": {"DBH": 140, "LU_HMD": "Western", "ROAD_NAME": "PO SHAN ROAD", "SPECIES_NAME": null, "TREE_ID": "RTR0032733"}, "type": "Feature"}, {"geometry": {"coordinates": [832703.4579999996, 815754.9759999998], "type": "Point"}, "properties": {"DBH": 140, "LU_HMD": "Western", "ROAD_NAME": "PO SHAN ROAD", "SPECIES_NAME": null, "TREE_ID": "RTR0032734"}, "type": "Feature"}, {"geometry": {"coordinates": [832700.517, 815746.3259999994], "type": "Point"}, "properties": {"DBH": 140, "LU_HMD": "Western", "ROAD_NAME": "PO SHAN ROAD", "SPECIES_NAME": null, "TREE_ID": "RTR0032736"}, "type": "Feature"}, {"geometry": {"coordinates": [832711.0369999995, 815748.7540000007], "type": "Point"}, "properties": {"DBH": 468, "LU_HMD": "Western", "ROAD_NAME": "PO SHAN ROAD", "SPECIES_NAME": null, "TREE_ID": "RTR0032737"}, "type": "Feature"}, {"geometry": {"coordinates": [832644.2400000002, 815745.3959999997], "type": "Point"}, "properties": {"DBH": 96, "LU_HMD": "Western", "ROAD_NAME": "PO SHAN ROAD", "SPECIES_NAME": null, "TREE_ID": "RTR0032106"}, "type": "Feature"}, {"geometry": {"coordinates": [832651.1270000003, 815747.6710000001], "type": "Point"}, "properties": {"DBH": 373, "LU_HMD": "Western", "ROAD_NAME": "PO SHAN ROAD", "SPECIES_NAME": null, "TREE_ID": "RTR0032107"}, "type": "Feature"}, {"geometry": {"coordinates": [832648.0130000003, 815754.1960000005], "type": "Point"}, "properties": {"DBH": 115, "LU_HMD": "Western", "ROAD_NAME": "PO SHAN ROAD", "SPECIES_NAME": null, "TREE_ID": "RTR0032108"}, "type": "Feature"}, {"geometry": {"coordinates": [832660.5820000004, 815748.3460000008], "type": "Point"}, "properties": {"DBH": 166, "LU_HMD": "Western", "ROAD_NAME": "PO SHAN ROAD", "SPECIES_NAME": null, "TREE_ID": "RTR0032109"}, "type": "Feature"}, {"geometry": {"coordinates": [832651.0760000004, 815745.7550000008], "type": "Point"}, "properties": {"DBH": 121, "LU_HMD": "Western", "ROAD_NAME": "PO SHAN ROAD", "SPECIES_NAME": null, "TREE_ID": "RTR0032111"}, "type": "Feature"}, {"geometry": {"coordinates": [832661.7290000003, 815754.5419999994], "type": "Point"}, "properties": {"DBH": 134, "LU_HMD": "Western", "ROAD_NAME": "PO SHAN ROAD", "SPECIES_NAME": null, "TREE_ID": "RTR0032112"}, "type": "Feature"}, {"geometry": {"coordinates": [832655.1730000004, 815757.966], "type": "Point"}, "properties": {"DBH": 223, "LU_HMD": "Western", "ROAD_NAME": "PO SHAN ROAD", "SPECIES_NAME": null, "TREE_ID": "RTR0032115"}, "type": "Feature"}, {"geometry": {"coordinates": [832640.8389999997, 815752.7640000004], "type": "Point"}, "properties": {"DBH": 105, "LU_HMD": "Western", "ROAD_NAME": "PO SHAN ROAD", "SPECIES_NAME": null, "TREE_ID": "RTR0032167"}, "type": "Feature"}, {"geometry": {"coordinates": [832682.3049999997, 815750.3310000002], "type": "Point"}, "properties": {"DBH": 217, "LU_HMD": "Western", "ROAD_NAME": "PO SHAN ROAD", "SPECIES_NAME": null, "TREE_ID": "RTR0032168"}, "type": "Feature"}, {"geometry": {"coordinates": [832633.3609999996, 815741.0260000005], "type": "Point"}, "properties": {"DBH": 615, "LU_HMD": "Western", "ROAD_NAME": "PO SHAN ROAD", "SPECIES_NAME": null, "TREE_ID": "RTR0032101"}, "type": "Feature"}, {"geometry": {"coordinates": [832655.9680000003, 815746.5030000005], "type": "Point"}, "properties": {"DBH": 162, "LU_HMD": "Western", "ROAD_NAME": "PO SHAN ROAD", "SPECIES_NAME": null, "TREE_ID": "RTR0032102"}, "type": "Feature"}, {"geometry": {"coordinates": [832642.1430000002, 815744.2479999997], "type": "Point"}, "properties": {"DBH": 99, "LU_HMD": "Western", "ROAD_NAME": "PO SHAN ROAD", "SPECIES_NAME": null, "TREE_ID": "RTR0032103"}, "type": "Feature"}, {"geometry": {"coordinates": [832672.7199999997, 815789.3780000005], "type": "Point"}, "properties": {"DBH": 137, "LU_HMD": "Western", "ROAD_NAME": "PO SHAN ROAD", "SPECIES_NAME": null, "TREE_ID": "RTR0032232"}, "type": "Feature"}, {"geometry": {"coordinates": [832672.5889999997, 815791.3699999992], "type": "Point"}, "properties": {"DBH": 172, "LU_HMD": "Western", "ROAD_NAME": "PO SHAN ROAD", "SPECIES_NAME": null, "TREE_ID": "RTR0032250"}, "type": "Feature"}, {"geometry": {"coordinates": [832660.5080000004, 815766.0409999993], "type": "Point"}, "properties": {"DBH": 316, "LU_HMD": "Western", "ROAD_NAME": "PO SHAN ROAD", "SPECIES_NAME": null, "TREE_ID": "RTR0032617"}, "type": "Feature"}, {"geometry": {"coordinates": [832637.2350000003, 815762.7060000002], "type": "Point"}, "properties": {"DBH": 115, "LU_HMD": "Western", "ROAD_NAME": "PO SHAN ROAD", "SPECIES_NAME": null, "TREE_ID": "RTR0032618"}, "type": "Feature"}, {"geometry": {"coordinates": [832636.1519999998, 815767.3279999997], "type": "Point"}, "properties": {"DBH": 213, "LU_HMD": "Western", "ROAD_NAME": "PO SHAN ROAD", "SPECIES_NAME": null, "TREE_ID": "RTR0032620"}, "type": "Feature"}, {"geometry": {"coordinates": [832641.682, 815763.5399999991], "type": "Point"}, "properties": {"DBH": 105, "LU_HMD": "Western", "ROAD_NAME": "PO SHAN ROAD", "SPECIES_NAME": null, "TREE_ID": "RTR0032621"}, "type": "Feature"}, {"geometry": {"coordinates": [832753.3600000003, 815703.0260000005], "type": "Point"}, "properties": {"DBH": 312, "LU_HMD": "Western", "ROAD_NAME": "PO SHAN ROAD", "SPECIES_NAME": null, "TREE_ID": "RTR0032539"}, "type": "Feature"}, {"geometry": {"coordinates": [832704.9419999998, 815678.8699999992], "type": "Point"}, "properties": {"DBH": 99, "LU_HMD": "Western", "ROAD_NAME": "PO SHAN ROAD", "SPECIES_NAME": null, "TREE_ID": "RTR0032540"}, "type": "Feature"}, {"geometry": {"coordinates": [832753.7630000003, 815697.909], "type": "Point"}, "properties": {"DBH": 105, "LU_HMD": "Western", "ROAD_NAME": "PO SHAN ROAD", "SPECIES_NAME": null, "TREE_ID": "RTR0032541"}, "type": "Feature"}, {"geometry": {"coordinates": [832698.3629999999, 815675.4869999997], "type": "Point"}, "properties": {"DBH": 159, "LU_HMD": "Western", "ROAD_NAME": "PO SHAN ROAD", "SPECIES_NAME": null, "TREE_ID": "RTR0032542"}, "type": "Feature"}, {"geometry": {"coordinates": [832760.2549999999, 815690.4240000006], "type": "Point"}, "properties": {"DBH": 121, "LU_HMD": "Western", "ROAD_NAME": "PO SHAN ROAD", "SPECIES_NAME": null, "TREE_ID": "RTR0032544"}, "type": "Feature"}, {"geometry": {"coordinates": [832742.449, 815689.5979999993], "type": "Point"}, "properties": {"DBH": 113, "LU_HMD": "Western", "ROAD_NAME": "PO SHAN ROAD", "SPECIES_NAME": null, "TREE_ID": "RTR0032545"}, "type": "Feature"}, {"geometry": {"coordinates": [832702.9500000002, 815674.8350000009], "type": "Point"}, "properties": {"DBH": 127, "LU_HMD": "Western", "ROAD_NAME": "PO SHAN ROAD", "SPECIES_NAME": null, "TREE_ID": "RTR0032546"}, "type": "Feature"}, {"geometry": {"coordinates": [832769.3480000002, 815681.8440000005], "type": "Point"}, "properties": {"DBH": 153, "LU_HMD": "Western", "ROAD_NAME": "PO SHAN ROAD", "SPECIES_NAME": null, "TREE_ID": "RTR0032548"}, "type": "Feature"}, {"geometry": {"coordinates": [832700.9780000001, 815678.1520000007], "type": "Point"}, "properties": {"DBH": 108, "LU_HMD": "Western", "ROAD_NAME": "PO SHAN ROAD", "SPECIES_NAME": null, "TREE_ID": "RTR0032549"}, "type": "Feature"}, {"geometry": {"coordinates": [832731.966, 815653.966], "type": "Point"}, "properties": {"DBH": 105, "LU_HMD": "Western", "ROAD_NAME": "PO SHAN ROAD", "SPECIES_NAME": null, "TREE_ID": "RTR0033179"}, "type": "Feature"}, {"geometry": {"coordinates": [832719.0669999998, 815649.4079999998], "type": "Point"}, "properties": {"DBH": 107, "LU_HMD": "Western", "ROAD_NAME": "PO SHAN ROAD", "SPECIES_NAME": null, "TREE_ID": "RTR0033181"}, "type": "Feature"}, {"geometry": {"coordinates": [832734.5640000002, 815664.3080000002], "type": "Point"}, "properties": {"DBH": 108, "LU_HMD": "Western", "ROAD_NAME": "PO SHAN ROAD", "SPECIES_NAME": null, "TREE_ID": "RTR0033182"}, "type": "Feature"}, {"geometry": {"coordinates": [832732.7829999998, 815666.3540000003], "type": "Point"}, "properties": {"DBH": 115, "LU_HMD": "Western", "ROAD_NAME": "PO SHAN ROAD", "SPECIES_NAME": null, "TREE_ID": "RTR0033184"}, "type": "Feature"}, {"geometry": {"coordinates": [832747.5609999998, 815634.284], "type": "Point"}, "properties": {"DBH": 105, "LU_HMD": "Western", "ROAD_NAME": "PO SHAN ROAD", "SPECIES_NAME": null, "TREE_ID": "RTR0033898"}, "type": "Feature"}, {"geometry": {"coordinates": [832756.7039999999, 815630.1970000006], "type": "Point"}, "properties": {"DBH": 127, "LU_HMD": "Western", "ROAD_NAME": "PO SHAN ROAD", "SPECIES_NAME": null, "TREE_ID": "RTR0033899"}, "type": "Feature"}, {"geometry": {"coordinates": [832721.7170000002, 815613.0889999997], "type": "Point"}, "properties": {"DBH": 124, "LU_HMD": "Western", "ROAD_NAME": "PO SHAN ROAD", "SPECIES_NAME": null, "TREE_ID": "RTR0033900"}, "type": "Feature"}, {"geometry": {"coordinates": [832748.5130000003, 815630.1870000008], "type": "Point"}, "properties": {"DBH": 159, "LU_HMD": "Western", "ROAD_NAME": "PO SHAN ROAD", "SPECIES_NAME": null, "TREE_ID": "RTR0033901"}, "type": "Feature"}, {"geometry": {"coordinates": [832737.3509999998, 815618.4940000009], "type": "Point"}, "properties": {"DBH": 135, "LU_HMD": "Western", "ROAD_NAME": "PO SHAN ROAD", "SPECIES_NAME": null, "TREE_ID": "RTR0033902"}, "type": "Feature"}, {"geometry": {"coordinates": [832755.5700000003, 815679.9940000009], "type": "Point"}, "properties": {"DBH": 143, "LU_HMD": "Western", "ROAD_NAME": "PO SHAN ROAD", "SPECIES_NAME": null, "TREE_ID": "RTR0032808"}, "type": "Feature"}, {"geometry": {"coordinates": [832741.5130000003, 815675.6600000001], "type": "Point"}, "properties": {"DBH": 115, "LU_HMD": "Western", "ROAD_NAME": "PO SHAN ROAD", "SPECIES_NAME": null, "TREE_ID": "RTR0032809"}, "type": "Feature"}, {"geometry": {"coordinates": [832741.7709999997, 815675.9210000001], "type": "Point"}, "properties": {"DBH": 124, "LU_HMD": "Western", "ROAD_NAME": "PO SHAN ROAD", "SPECIES_NAME": null, "TREE_ID": "RTR0032810"}, "type": "Feature"}, {"geometry": {"coordinates": [832774.949, 815683.5739999991], "type": "Point"}, "properties": {"DBH": 194, "LU_HMD": "Western", "ROAD_NAME": "PO SHAN ROAD", "SPECIES_NAME": null, "TREE_ID": "RTR0032811"}, "type": "Feature"}, {"geometry": {"coordinates": [832753.04, 815677.8310000002], "type": "Point"}, "properties": {"DBH": 183, "LU_HMD": "Western", "ROAD_NAME": "PO SHAN ROAD", "SPECIES_NAME": null, "TREE_ID": "RTR0032812"}, "type": "Feature"}, {"geometry": {"coordinates": [832754.5039999997, 815676.8780000005], "type": "Point"}, "properties": {"DBH": 99, "LU_HMD": "Western", "ROAD_NAME": "PO SHAN ROAD", "SPECIES_NAME": null, "TREE_ID": "RTR0032814"}, "type": "Feature"}, {"geometry": {"coordinates": [832763.8600000003, 815679.727], "type": "Point"}, "properties": {"DBH": 134, "LU_HMD": "Western", "ROAD_NAME": "PO SHAN ROAD", "SPECIES_NAME": null, "TREE_ID": "RTR0032815"}, "type": "Feature"}, {"geometry": {"coordinates": [832732.2419999996, 815679.227], "type": "Point"}, "properties": {"DBH": 129, "LU_HMD": "Western", "ROAD_NAME": "PO SHAN ROAD", "SPECIES_NAME": null, "TREE_ID": "RTR0032816"}, "type": "Feature"}, {"geometry": {"coordinates": [832738.4859999996, 815674.7379999999], "type": "Point"}, "properties": {"DBH": 105, "LU_HMD": "Western", "ROAD_NAME": "PO SHAN ROAD", "SPECIES_NAME": null, "TREE_ID": "RTR0032818"}, "type": "Feature"}, {"geometry": {"coordinates": [832744.1399999997, 815713.0840000007], "type": "Point"}, "properties": {"DBH": 108, "LU_HMD": "Western", "ROAD_NAME": "PO SHAN ROAD", "SPECIES_NAME": null, "TREE_ID": "RTR0031520"}, "type": "Feature"}, {"geometry": {"coordinates": [832743.8990000002, 815709.4969999995], "type": "Point"}, "properties": {"DBH": 192, "LU_HMD": "Western", "ROAD_NAME": "PO SHAN ROAD", "SPECIES_NAME": null, "TREE_ID": "RTR0031521"}, "type": "Feature"}, {"geometry": {"coordinates": [832702.966, 815696.4370000008], "type": "Point"}, "properties": {"DBH": 99, "LU_HMD": "Western", "ROAD_NAME": "PO SHAN ROAD", "SPECIES_NAME": null, "TREE_ID": "RTR0031522"}, "type": "Feature"}, {"geometry": {"coordinates": [832705.2170000002, 815698.6600000001], "type": "Point"}, "properties": {"DBH": 128, "LU_HMD": "Western", "ROAD_NAME": "PO SHAN ROAD", "SPECIES_NAME": null, "TREE_ID": "RTR0031524"}, "type": "Feature"}, {"geometry": {"coordinates": [832664.5769999996, 815681.591], "type": "Point"}, "properties": {"DBH": 226, "LU_HMD": "Western", "ROAD_NAME": "PO SHAN ROAD", "SPECIES_NAME": null, "TREE_ID": "RTR0031526"}, "type": "Feature"}, {"geometry": {"coordinates": [832676.5020000003, 815682.1850000005], "type": "Point"}, "properties": {"DBH": 162, "LU_HMD": "Western", "ROAD_NAME": "PO SHAN ROAD", "SPECIES_NAME": null, "TREE_ID": "RTR0031527"}, "type": "Feature"}, {"geometry": {"coordinates": [832714.1780000003, 815705.5920000002], "type": "Point"}, "properties": {"DBH": 127, "LU_HMD": "Western", "ROAD_NAME": "PO SHAN ROAD", "SPECIES_NAME": null, "TREE_ID": "RTR0031528"}, "type": "Feature"}, {"geometry": {"coordinates": [832672.4950000001, 815685.7569999993], "type": "Point"}, "properties": {"DBH": 99, "LU_HMD": "Western", "ROAD_NAME": "PO SHAN ROAD", "SPECIES_NAME": null, "TREE_ID": "RTR0031529"}, "type": "Feature"}, {"geometry": {"coordinates": [832700.8609999996, 815705.5289999992], "type": "Point"}, "properties": {"DBH": 96, "LU_HMD": "Western", "ROAD_NAME": "PO SHAN ROAD", "SPECIES_NAME": null, "TREE_ID": "RTR0031530"}, "type": "Feature"}, {"geometry": {"coordinates": [833183.8710000003, 816179.4440000001], "type": "Point"}, "properties": {"DBH": 366, "LU_HMD": "Western", "ROAD_NAME": "FUK ON LANE", "SPECIES_NAME": null, "TREE_ID": "RTR0033822"}, "type": "Feature"}, {"geometry": {"coordinates": [833199.7609999999, 816198.3039999995], "type": "Point"}, "properties": {"DBH": 249, "LU_HMD": "Western", "ROAD_NAME": "FUK ON LANE", "SPECIES_NAME": null, "TREE_ID": "RTR0033860"}, "type": "Feature"}, {"geometry": {"coordinates": [832751.5049999999, 815728.7709999997], "type": "Point"}, "properties": {"DBH": 128, "LU_HMD": "Western", "ROAD_NAME": "PO SHAN ROAD", "SPECIES_NAME": null, "TREE_ID": "RTR0032434"}, "type": "Feature"}, {"geometry": {"coordinates": [832748.8360000001, 815733.2149999999], "type": "Point"}, "properties": {"DBH": 111, "LU_HMD": "Western", "ROAD_NAME": "PO SHAN ROAD", "SPECIES_NAME": null, "TREE_ID": "RTR0032435"}, "type": "Feature"}, {"geometry": {"coordinates": [832761.7690000003, 815729.9110000003], "type": "Point"}, "properties": {"DBH": 207, "LU_HMD": "Western", "ROAD_NAME": "PO SHAN ROAD", "SPECIES_NAME": null, "TREE_ID": "RTR0032436"}, "type": "Feature"}, {"geometry": {"coordinates": [832763.5710000005, 815732.1439999994], "type": "Point"}, "properties": {"DBH": 328, "LU_HMD": "Western", "ROAD_NAME": "PO SHAN ROAD", "SPECIES_NAME": null, "TREE_ID": "RTR0032440"}, "type": "Feature"}, {"geometry": {"coordinates": [832763.3540000003, 815729.1209999993], "type": "Point"}, "properties": {"DBH": 166, "LU_HMD": "Western", "ROAD_NAME": "PO SHAN ROAD", "SPECIES_NAME": null, "TREE_ID": "RTR0032441"}, "type": "Feature"}, {"geometry": {"coordinates": [832749.5959999999, 815734.6339999996], "type": "Point"}, "properties": {"DBH": 127, "LU_HMD": "Western", "ROAD_NAME": "PO SHAN ROAD", "SPECIES_NAME": null, "TREE_ID": "RTR0032444"}, "type": "Feature"}, {"geometry": {"coordinates": [832768.4189999998, 815735.9279999994], "type": "Point"}, "properties": {"DBH": 620, "LU_HMD": "Western", "ROAD_NAME": "PO SHAN ROAD", "SPECIES_NAME": null, "TREE_ID": "RTR0032449"}, "type": "Feature"}, {"geometry": {"coordinates": [832748.4450000003, 815733.5879999995], "type": "Point"}, "properties": {"DBH": 192, "LU_HMD": "Western", "ROAD_NAME": "PO SHAN ROAD", "SPECIES_NAME": null, "TREE_ID": "RTR0032454"}, "type": "Feature"}, {"geometry": {"coordinates": [832700.2680000002, 815751.7070000004], "type": "Point"}, "properties": {"DBH": 96, "LU_HMD": "Western", "ROAD_NAME": "PO SHAN ROAD", "SPECIES_NAME": null, "TREE_ID": "RTR0032739"}, "type": "Feature"}, {"geometry": {"coordinates": [832711.3799999999, 815753.7029999997], "type": "Point"}, "properties": {"DBH": 191, "LU_HMD": "Western", "ROAD_NAME": "PO SHAN ROAD", "SPECIES_NAME": null, "TREE_ID": "RTR0032742"}, "type": "Feature"}, {"geometry": {"coordinates": [832722.5599999996, 815762.0610000007], "type": "Point"}, "properties": {"DBH": 96, "LU_HMD": "Western", "ROAD_NAME": "PO SHAN ROAD", "SPECIES_NAME": null, "TREE_ID": "RTR0032743"}, "type": "Feature"}, {"geometry": {"coordinates": [832700.2039999999, 815750.8629999999], "type": "Point"}, "properties": {"DBH": 255, "LU_HMD": "Western", "ROAD_NAME": "PO SHAN ROAD", "SPECIES_NAME": null, "TREE_ID": "RTR0032745"}, "type": "Feature"}, {"geometry": {"coordinates": [832690.6260000002, 815741.3849999998], "type": "Point"}, "properties": {"DBH": 217, "LU_HMD": "Western", "ROAD_NAME": "PO SHAN ROAD", "SPECIES_NAME": null, "TREE_ID": "RTR0032747"}, "type": "Feature"}, {"geometry": {"coordinates": [832693.9400000004, 815745.6870000008], "type": "Point"}, "properties": {"DBH": 96, "LU_HMD": "Western", "ROAD_NAME": "PO SHAN ROAD", "SPECIES_NAME": null, "TREE_ID": "RTR0032748"}, "type": "Feature"}, {"geometry": {"coordinates": [832725.1809999999, 815774.352], "type": "Point"}, "properties": {"DBH": 108, "LU_HMD": "Western", "ROAD_NAME": "PO SHAN ROAD", "SPECIES_NAME": null, "TREE_ID": "RTR0032750"}, "type": "Feature"}, {"geometry": {"coordinates": [832696.506, 815746.5260000005], "type": "Point"}, "properties": {"DBH": 98, "LU_HMD": "Western", "ROAD_NAME": "PO SHAN ROAD", "SPECIES_NAME": null, "TREE_ID": "RTR0032751"}, "type": "Feature"}, {"geometry": {"coordinates": [832684.2949999999, 815741.5820000004], "type": "Point"}, "properties": {"DBH": 318, "LU_HMD": "Western", "ROAD_NAME": "PO SHAN ROAD", "SPECIES_NAME": null, "TREE_ID": "RTR0032170"}, "type": "Feature"}, {"geometry": {"coordinates": [832673.2350000003, 815761.4110000003], "type": "Point"}, "properties": {"DBH": 242, "LU_HMD": "Western", "ROAD_NAME": "PO SHAN ROAD", "SPECIES_NAME": null, "TREE_ID": "RTR0032171"}, "type": "Feature"}, {"geometry": {"coordinates": [832682.0039999997, 815749.9350000005], "type": "Point"}, "properties": {"DBH": 96, "LU_HMD": "Western", "ROAD_NAME": "PO SHAN ROAD", "SPECIES_NAME": null, "TREE_ID": "RTR0032172"}, "type": "Feature"}, {"geometry": {"coordinates": [832681.1119999997, 815740.2660000008], "type": "Point"}, "properties": {"DBH": 137, "LU_HMD": "Western", "ROAD_NAME": "PO SHAN ROAD", "SPECIES_NAME": null, "TREE_ID": "RTR0032173"}, "type": "Feature"}, {"geometry": {"coordinates": [832683.3370000003, 815746.1119999997], "type": "Point"}, "properties": {"DBH": 99, "LU_HMD": "Western", "ROAD_NAME": "PO SHAN ROAD", "SPECIES_NAME": null, "TREE_ID": "RTR0032174"}, "type": "Feature"}, {"geometry": {"coordinates": [832686.3969999999, 815751.1840000004], "type": "Point"}, "properties": {"DBH": 350, "LU_HMD": "Western", "ROAD_NAME": "PO SHAN ROAD", "SPECIES_NAME": null, "TREE_ID": "RTR0032176"}, "type": "Feature"}, {"geometry": {"coordinates": [832674.9639999997, 815751.1640000008], "type": "Point"}, "properties": {"DBH": 127, "LU_HMD": "Western", "ROAD_NAME": "PO SHAN ROAD", "SPECIES_NAME": null, "TREE_ID": "RTR0032177"}, "type": "Feature"}, {"geometry": {"coordinates": [832683.4390000002, 815753.8599999994], "type": "Point"}, "properties": {"DBH": 223, "LU_HMD": "Western", "ROAD_NAME": "PO SHAN ROAD", "SPECIES_NAME": null, "TREE_ID": "RTR0032181"}, "type": "Feature"}, {"geometry": {"coordinates": [832680.9819999998, 815747.9370000008], "type": "Point"}, "properties": {"DBH": 159, "LU_HMD": "Western", "ROAD_NAME": "PO SHAN ROAD", "SPECIES_NAME": null, "TREE_ID": "RTR0032182"}, "type": "Feature"}, {"geometry": {"coordinates": [832654.6200000001, 815762.5309999995], "type": "Point"}, "properties": {"DBH": 217, "LU_HMD": "Western", "ROAD_NAME": "PO SHAN ROAD", "SPECIES_NAME": null, "TREE_ID": "RTR0032622"}, "type": "Feature"}, {"geometry": {"coordinates": [832669.4189999998, 815774.8629999999], "type": "Point"}, "properties": {"DBH": 182, "LU_HMD": "Western", "ROAD_NAME": "PO SHAN ROAD", "SPECIES_NAME": null, "TREE_ID": "RTR0032623"}, "type": "Feature"}, {"geometry": {"coordinates": [832651.0310000004, 815763.6970000006], "type": "Point"}, "properties": {"DBH": 311, "LU_HMD": "Western", "ROAD_NAME": "PO SHAN ROAD", "SPECIES_NAME": null, "TREE_ID": "RTR0032624"}, "type": "Feature"}, {"geometry": {"coordinates": [832646.1150000002, 815758.7300000004], "type": "Point"}, "properties": {"DBH": 137, "LU_HMD": "Western", "ROAD_NAME": "PO SHAN ROAD", "SPECIES_NAME": null, "TREE_ID": "RTR0032625"}, "type": "Feature"}, {"geometry": {"coordinates": [832665.2029999997, 815763.1349999998], "type": "Point"}, "properties": {"DBH": 118, "LU_HMD": "Western", "ROAD_NAME": "PO SHAN ROAD", "SPECIES_NAME": null, "TREE_ID": "RTR0032626"}, "type": "Feature"}, {"geometry": {"coordinates": [832663.0410000002, 815770.8790000007], "type": "Point"}, "properties": {"DBH": 117, "LU_HMD": "Western", "ROAD_NAME": "PO SHAN ROAD", "SPECIES_NAME": null, "TREE_ID": "RTR0032628"}, "type": "Feature"}, {"geometry": {"coordinates": [832661.0899999999, 815762.3479999993], "type": "Point"}, "properties": {"DBH": 159, "LU_HMD": "Western", "ROAD_NAME": "PO SHAN ROAD", "SPECIES_NAME": null, "TREE_ID": "RTR0032630"}, "type": "Feature"}, {"geometry": {"coordinates": [832657.7520000003, 815764.8300000001], "type": "Point"}, "properties": {"DBH": 159, "LU_HMD": "Western", "ROAD_NAME": "PO SHAN ROAD", "SPECIES_NAME": null, "TREE_ID": "RTR0032632"}, "type": "Feature"}, {"geometry": {"coordinates": [832659.6660000002, 815761.6699999999], "type": "Point"}, "properties": {"DBH": 96, "LU_HMD": "Western", "ROAD_NAME": "PO SHAN ROAD", "SPECIES_NAME": null, "TREE_ID": "RTR0032634"}, "type": "Feature"}, {"geometry": {"coordinates": [832677.4280000003, 815662.773], "type": "Point"}, "properties": {"DBH": 197, "LU_HMD": "Western", "ROAD_NAME": "PO SHAN ROAD", "SPECIES_NAME": null, "TREE_ID": "RTR0032550"}, "type": "Feature"}, {"geometry": {"coordinates": [832697.1629999997, 815673.0820000004], "type": "Point"}, "properties": {"DBH": 99, "LU_HMD": "Western", "ROAD_NAME": "PO SHAN ROAD", "SPECIES_NAME": null, "TREE_ID": "RTR0032551"}, "type": "Feature"}, {"geometry": {"coordinates": [832739.2659999998, 815662.8039999995], "type": "Point"}, "properties": {"DBH": 137, "LU_HMD": "Western", "ROAD_NAME": "PO SHAN ROAD", "SPECIES_NAME": null, "TREE_ID": "RTR0033019"}, "type": "Feature"}, {"geometry": {"coordinates": [832770.7060000002, 815673.3949999996], "type": "Point"}, "properties": {"DBH": 111, "LU_HMD": "Western", "ROAD_NAME": "PO SHAN ROAD", "SPECIES_NAME": null, "TREE_ID": "RTR0033020"}, "type": "Feature"}, {"geometry": {"coordinates": [832775.8799999999, 815673.0869999994], "type": "Point"}, "properties": {"DBH": 630, "LU_HMD": "Western", "ROAD_NAME": "PO SHAN ROAD", "SPECIES_NAME": null, "TREE_ID": "RTR0033021"}, "type": "Feature"}, {"geometry": {"coordinates": [832754.0880000005, 815664.1750000007], "type": "Point"}, "properties": {"DBH": 108, "LU_HMD": "Western", "ROAD_NAME": "PO SHAN ROAD", "SPECIES_NAME": null, "TREE_ID": "RTR0033022"}, "type": "Feature"}, {"geometry": {"coordinates": [832755.0810000002, 815667.3849999998], "type": "Point"}, "properties": {"DBH": 111, "LU_HMD": "Western", "ROAD_NAME": "PO SHAN ROAD", "SPECIES_NAME": null, "TREE_ID": "RTR0033023"}, "type": "Feature"}, {"geometry": {"coordinates": [832766.3619999997, 815666.3690000009], "type": "Point"}, "properties": {"DBH": 115, "LU_HMD": "Western", "ROAD_NAME": "PO SHAN ROAD", "SPECIES_NAME": null, "TREE_ID": "RTR0033024"}, "type": "Feature"}, {"geometry": {"coordinates": [832758.602, 815672.1180000007], "type": "Point"}, "properties": {"DBH": 118, "LU_HMD": "Western", "ROAD_NAME": "PO SHAN ROAD", "SPECIES_NAME": null, "TREE_ID": "RTR0033025"}, "type": "Feature"}, {"geometry": {"coordinates": [832757.6459999997, 815633.7019999996], "type": "Point"}, "properties": {"DBH": 284, "LU_HMD": "Western", "ROAD_NAME": "PO SHAN ROAD", "SPECIES_NAME": null, "TREE_ID": "RTR0033903"}, "type": "Feature"}, {"geometry": {"coordinates": [832729.4919999996, 815612.0160000008], "type": "Point"}, "properties": {"DBH": 113, "LU_HMD": "Western", "ROAD_NAME": "PO SHAN ROAD", "SPECIES_NAME": null, "TREE_ID": "RTR0033904"}, "type": "Feature"}, {"geometry": {"coordinates": [832773.4730000002, 815621.4419999998], "type": "Point"}, "properties": {"DBH": 105, "LU_HMD": "Western", "ROAD_NAME": "PO SHAN ROAD", "SPECIES_NAME": null, "TREE_ID": "RTR0033906"}, "type": "Feature"}, {"geometry": {"coordinates": [832759.0140000004, 815624.5960000008], "type": "Point"}, "properties": {"DBH": 251, "LU_HMD": "Western", "ROAD_NAME": "PO SHAN ROAD", "SPECIES_NAME": null, "TREE_ID": "RTR0033907"}, "type": "Feature"}, {"geometry": {"coordinates": [832769.1540000001, 815623.0030000005], "type": "Point"}, "properties": {"DBH": 191, "LU_HMD": "Western", "ROAD_NAME": "PO SHAN ROAD", "SPECIES_NAME": null, "TREE_ID": "RTR0033908"}, "type": "Feature"}, {"geometry": {"coordinates": [832777.21, 815636.6679999996], "type": "Point"}, "properties": {"DBH": 127, "LU_HMD": "Western", "ROAD_NAME": "PO SHAN ROAD", "SPECIES_NAME": null, "TREE_ID": "RTR0033909"}, "type": "Feature"}, {"geometry": {"coordinates": [832726.0959999999, 815615.3190000001], "type": "Point"}, "properties": {"DBH": 140, "LU_HMD": "Western", "ROAD_NAME": "PO SHAN ROAD", "SPECIES_NAME": null, "TREE_ID": "RTR0033910"}, "type": "Feature"}, {"geometry": {"coordinates": [832747.0089999996, 815721.6840000004], "type": "Point"}, "properties": {"DBH": 178, "LU_HMD": "Western", "ROAD_NAME": "PO SHAN ROAD", "SPECIES_NAME": null, "TREE_ID": "RTR0032606"}, "type": "Feature"}, {"geometry": {"coordinates": [832761.4699999997, 815708.6129999999], "type": "Point"}, "properties": {"DBH": 115, "LU_HMD": "Western", "ROAD_NAME": "PO SHAN ROAD", "SPECIES_NAME": null, "TREE_ID": "RTR0032607"}, "type": "Feature"}, {"geometry": {"coordinates": [832735.6150000002, 815671.8080000002], "type": "Point"}, "properties": {"DBH": 159, "LU_HMD": "Western", "ROAD_NAME": "PO SHAN ROAD", "SPECIES_NAME": null, "TREE_ID": "RTR0032819"}, "type": "Feature"}, {"geometry": {"coordinates": [832772.6030000001, 815599.7229999993], "type": "Point"}, "properties": {"DBH": 172, "LU_HMD": "Western", "ROAD_NAME": "PO SHAN ROAD", "SPECIES_NAME": null, "TREE_ID": "RTR0033675"}, "type": "Feature"}, {"geometry": {"coordinates": [832776.4630000005, 815600.4440000001], "type": "Point"}, "properties": {"DBH": 111, "LU_HMD": "Western", "ROAD_NAME": "PO SHAN ROAD", "SPECIES_NAME": null, "TREE_ID": "RTR0033682"}, "type": "Feature"}, {"geometry": {"coordinates": [832770.1399999997, 815602.5219999999], "type": "Point"}, "properties": {"DBH": 134, "LU_HMD": "Western", "ROAD_NAME": "PO SHAN ROAD", "SPECIES_NAME": null, "TREE_ID": "RTR0033686"}, "type": "Feature"}, {"geometry": {"coordinates": [832764.4709999999, 815605.091], "type": "Point"}, "properties": {"DBH": 272, "LU_HMD": "Western", "ROAD_NAME": "PO SHAN ROAD", "SPECIES_NAME": null, "TREE_ID": "RTR0033687"}, "type": "Feature"}, {"geometry": {"coordinates": [832766.341, 815599.9629999995], "type": "Point"}, "properties": {"DBH": 266, "LU_HMD": "Western", "ROAD_NAME": "PO SHAN ROAD", "SPECIES_NAME": null, "TREE_ID": "RTR0033696"}, "type": "Feature"}, {"geometry": {"coordinates": [832769.0489999996, 815602.5960000008], "type": "Point"}, "properties": {"DBH": 197, "LU_HMD": "Western", "ROAD_NAME": "PO SHAN ROAD", "SPECIES_NAME": null, "TREE_ID": "RTR0033697"}, "type": "Feature"}, {"geometry": {"coordinates": [832770.5750000002, 815604.7070000004], "type": "Point"}, "properties": {"DBH": 156, "LU_HMD": "Western", "ROAD_NAME": "PO SHAN ROAD", "SPECIES_NAME": null, "TREE_ID": "RTR0033702"}, "type": "Feature"}, {"geometry": {"coordinates": [832760.1979999999, 815604.3579999991], "type": "Point"}, "properties": {"DBH": 207, "LU_HMD": "Western", "ROAD_NAME": "PO SHAN ROAD", "SPECIES_NAME": null, "TREE_ID": "RTR0033704"}, "type": "Feature"}, {"geometry": {"coordinates": [832733.7970000003, 815697.5519999992], "type": "Point"}, "properties": {"DBH": 105, "LU_HMD": "Western", "ROAD_NAME": "PO SHAN ROAD", "SPECIES_NAME": null, "TREE_ID": "RTR0031531"}, "type": "Feature"}, {"geometry": {"coordinates": [832712.8099999996, 815695.3120000008], "type": "Point"}, "properties": {"DBH": 99, "LU_HMD": "Western", "ROAD_NAME": "PO SHAN ROAD", "SPECIES_NAME": null, "TREE_ID": "RTR0031533"}, "type": "Feature"}, {"geometry": {"coordinates": [832677.4879999999, 815688.5189999994], "type": "Point"}, "properties": {"DBH": 137, "LU_HMD": "Western", "ROAD_NAME": "PO SHAN ROAD", "SPECIES_NAME": null, "TREE_ID": "RTR0031534"}, "type": "Feature"}, {"geometry": {"coordinates": [832670.0159999998, 815685.1760000009], "type": "Point"}, "properties": {"DBH": 134, "LU_HMD": "Western", "ROAD_NAME": "PO SHAN ROAD", "SPECIES_NAME": null, "TREE_ID": "RTR0031536"}, "type": "Feature"}, {"geometry": {"coordinates": [832672.8130000001, 815667.5069999993], "type": "Point"}, "properties": {"DBH": 131, "LU_HMD": "Western", "ROAD_NAME": "PO SHAN ROAD", "SPECIES_NAME": null, "TREE_ID": "RTR0031537"}, "type": "Feature"}, {"geometry": {"coordinates": [832713.2850000001, 815697.8829999994], "type": "Point"}, "properties": {"DBH": 133, "LU_HMD": "Western", "ROAD_NAME": "PO SHAN ROAD", "SPECIES_NAME": null, "TREE_ID": "RTR0031538"}, "type": "Feature"}, {"geometry": {"coordinates": [832671.6409999998, 815669.3770000003], "type": "Point"}, "properties": {"DBH": 245, "LU_HMD": "Western", "ROAD_NAME": "PO SHAN ROAD", "SPECIES_NAME": null, "TREE_ID": "RTR0031539"}, "type": "Feature"}, {"geometry": {"coordinates": [832688.9680000003, 815678.0130000003], "type": "Point"}, "properties": {"DBH": 111, "LU_HMD": "Western", "ROAD_NAME": "PO SHAN ROAD", "SPECIES_NAME": null, "TREE_ID": "RTR0031541"}, "type": "Feature"}, {"geometry": {"coordinates": [832715.25, 815696.2479999997], "type": "Point"}, "properties": {"DBH": 197, "LU_HMD": "Western", "ROAD_NAME": "PO SHAN ROAD", "SPECIES_NAME": null, "TREE_ID": "RTR0031542"}, "type": "Feature"}, {"geometry": {"coordinates": [833088.3940000003, 816204.3210000005], "type": "Point"}, "properties": {"DBH": 221, "LU_HMD": "Western", "ROAD_NAME": " ", "SPECIES_NAME": null, "TREE_ID": "RTR0033931"}, "type": "Feature"}, {"geometry": {"coordinates": [832793.102, 815986.8650000002], "type": "Point"}, "properties": {"DBH": 669, "LU_HMD": "Western", "ROAD_NAME": "ROBINSON ROAD", "SPECIES_NAME": null, "TREE_ID": "RTR0033979"}, "type": "Feature"}, {"geometry": {"coordinates": [832762.8380000005, 815974.3959999997], "type": "Point"}, "properties": {"DBH": 336, "LU_HMD": "Western", "ROAD_NAME": "ROBINSON ROAD", "SPECIES_NAME": null, "TREE_ID": "RTR0033984"}, "type": "Feature"}, {"geometry": {"coordinates": [832988.1229999997, 816014.4710000008], "type": "Point"}, "properties": {"DBH": 482, "LU_HMD": "Western", "ROAD_NAME": "ROBINSON ROAD", "SPECIES_NAME": null, "TREE_ID": "RTR0034379"}, "type": "Feature"}, {"geometry": {"coordinates": [833063.494, 815939.2449999992], "type": "Point"}, "properties": {"DBH": 255, "LU_HMD": "Western", "ROAD_NAME": "CONDUIT ROAD", "SPECIES_NAME": null, "TREE_ID": "RTR0099507"}, "type": "Feature"}, {"geometry": {"coordinates": [832721.9280000003, 815758.1999999993], "type": "Point"}, "properties": {"DBH": 143, "LU_HMD": "Western", "ROAD_NAME": "PO SHAN ROAD", "SPECIES_NAME": null, "TREE_ID": "RTR0032752"}, "type": "Feature"}, {"geometry": {"coordinates": [832708.4800000004, 815747.2939999998], "type": "Point"}, "properties": {"DBH": 185, "LU_HMD": "Western", "ROAD_NAME": "PO SHAN ROAD", "SPECIES_NAME": null, "TREE_ID": "RTR0032755"}, "type": "Feature"}, {"geometry": {"coordinates": [832715.9709999999, 815747.7300000004], "type": "Point"}, "properties": {"DBH": 256, "LU_HMD": "Western", "ROAD_NAME": "PO SHAN ROAD", "SPECIES_NAME": null, "TREE_ID": "RTR0032756"}, "type": "Feature"}, {"geometry": {"coordinates": [832709.409, 815748.3120000008], "type": "Point"}, "properties": {"DBH": 137, "LU_HMD": "Western", "ROAD_NAME": "PO SHAN ROAD", "SPECIES_NAME": null, "TREE_ID": "RTR0032758"}, "type": "Feature"}, {"geometry": {"coordinates": [832711.4069999997, 815749.2430000007], "type": "Point"}, "properties": {"DBH": 153, "LU_HMD": "Western", "ROAD_NAME": "PO SHAN ROAD", "SPECIES_NAME": null, "TREE_ID": "RTR0032760"}, "type": "Feature"}, {"geometry": {"coordinates": [832706.7079999996, 815749.818], "type": "Point"}, "properties": {"DBH": 153, "LU_HMD": "Western", "ROAD_NAME": "PO SHAN ROAD", "SPECIES_NAME": null, "TREE_ID": "RTR0032761"}, "type": "Feature"}, {"geometry": {"coordinates": [832696.4699999997, 815741.0590000004], "type": "Point"}, "properties": {"DBH": 115, "LU_HMD": "Western", "ROAD_NAME": "PO SHAN ROAD", "SPECIES_NAME": null, "TREE_ID": "RTR0032762"}, "type": "Feature"}, {"geometry": {"coordinates": [832704.1960000005, 815760.0219999999], "type": "Point"}, "properties": {"DBH": 290, "LU_HMD": "Western", "ROAD_NAME": "PO SHAN ROAD", "SPECIES_NAME": null, "TREE_ID": "RTR0032866"}, "type": "Feature"}, {"geometry": {"coordinates": [832686.6720000003, 815739.0510000009], "type": "Point"}, "properties": {"DBH": 223, "LU_HMD": "Western", "ROAD_NAME": "PO SHAN ROAD", "SPECIES_NAME": null, "TREE_ID": "RTR0032186"}, "type": "Feature"}, {"geometry": {"coordinates": [832685.29, 815756.1789999995], "type": "Point"}, "properties": {"DBH": 108, "LU_HMD": "Western", "ROAD_NAME": "PO SHAN ROAD", "SPECIES_NAME": null, "TREE_ID": "RTR0032187"}, "type": "Feature"}, {"geometry": {"coordinates": [832679.8650000002, 815758.2679999992], "type": "Point"}, "properties": {"DBH": 108, "LU_HMD": "Western", "ROAD_NAME": "PO SHAN ROAD", "SPECIES_NAME": null, "TREE_ID": "RTR0032188"}, "type": "Feature"}, {"geometry": {"coordinates": [832671.284, 815750.7990000006], "type": "Point"}, "properties": {"DBH": 188, "LU_HMD": "Western", "ROAD_NAME": "PO SHAN ROAD", "SPECIES_NAME": null, "TREE_ID": "RTR0032189"}, "type": "Feature"}, {"geometry": {"coordinates": [832677.1179999998, 815759.0600000005], "type": "Point"}, "properties": {"DBH": 99, "LU_HMD": "Western", "ROAD_NAME": "PO SHAN ROAD", "SPECIES_NAME": null, "TREE_ID": "RTR0032191"}, "type": "Feature"}, {"geometry": {"coordinates": [832628.0350000001, 815749.9299999997], "type": "Point"}, "properties": {"DBH": 274, "LU_HMD": "Western", "ROAD_NAME": "PO SHAN ROAD", "SPECIES_NAME": null, "TREE_ID": "RTR0032193"}, "type": "Feature"}, {"geometry": {"coordinates": [832676.6030000001, 815753.3230000008], "type": "Point"}, "properties": {"DBH": 229, "LU_HMD": "Western", "ROAD_NAME": "PO SHAN ROAD", "SPECIES_NAME": null, "TREE_ID": "RTR0032195"}, "type": "Feature"}, {"geometry": {"coordinates": [832685.0530000003, 815757.4649999999], "type": "Point"}, "properties": {"DBH": 169, "LU_HMD": "Western", "ROAD_NAME": "PO SHAN ROAD", "SPECIES_NAME": null, "TREE_ID": "RTR0032197"}, "type": "Feature"}, {"geometry": {"coordinates": [832670.2280000001, 815754.3039999995], "type": "Point"}, "properties": {"DBH": 111, "LU_HMD": "Western", "ROAD_NAME": "PO SHAN ROAD", "SPECIES_NAME": null, "TREE_ID": "RTR0032198"}, "type": "Feature"}, {"geometry": {"coordinates": [832672.8739999998, 815774.0319999997], "type": "Point"}, "properties": {"DBH": 118, "LU_HMD": "Western", "ROAD_NAME": "PO SHAN ROAD", "SPECIES_NAME": null, "TREE_ID": "RTR0032635"}, "type": "Feature"}, {"geometry": {"coordinates": [832635.7989999996, 815756.5140000004], "type": "Point"}, "properties": {"DBH": 159, "LU_HMD": "Western", "ROAD_NAME": "PO SHAN ROAD", "SPECIES_NAME": null, "TREE_ID": "RTR0032636"}, "type": "Feature"}, {"geometry": {"coordinates": [832639.5889999997, 815767.4189999998], "type": "Point"}, "properties": {"DBH": 156, "LU_HMD": "Western", "ROAD_NAME": "PO SHAN ROAD", "SPECIES_NAME": null, "TREE_ID": "RTR0032639"}, "type": "Feature"}, {"geometry": {"coordinates": [832656.818, 815771.7960000001], "type": "Point"}, "properties": {"DBH": 169, "LU_HMD": "Western", "ROAD_NAME": "PO SHAN ROAD", "SPECIES_NAME": null, "TREE_ID": "RTR0032640"}, "type": "Feature"}, {"geometry": {"coordinates": [832665.4050000003, 815765.0240000002], "type": "Point"}, "properties": {"DBH": 105, "LU_HMD": "Western", "ROAD_NAME": "PO SHAN ROAD", "SPECIES_NAME": null, "TREE_ID": "RTR0032642"}, "type": "Feature"}, {"geometry": {"coordinates": [832638.2649999997, 815765.7620000001], "type": "Point"}, "properties": {"DBH": 127, "LU_HMD": "Western", "ROAD_NAME": "PO SHAN ROAD", "SPECIES_NAME": null, "TREE_ID": "RTR0032644"}, "type": "Feature"}, {"geometry": {"coordinates": [832636.3360000001, 815758.341], "type": "Point"}, "properties": {"DBH": 102, "LU_HMD": "Western", "ROAD_NAME": "PO SHAN ROAD", "SPECIES_NAME": null, "TREE_ID": "RTR0032646"}, "type": "Feature"}, {"geometry": {"coordinates": [832656.4220000003, 815773.0580000002], "type": "Point"}, "properties": {"DBH": 229, "LU_HMD": "Western", "ROAD_NAME": "PO SHAN ROAD", "SPECIES_NAME": null, "TREE_ID": "RTR0032648"}, "type": "Feature"}, {"geometry": {"coordinates": [832663.0769999996, 815766.9949999992], "type": "Point"}, "properties": {"DBH": 146, "LU_HMD": "Western", "ROAD_NAME": "PO SHAN ROAD", "SPECIES_NAME": null, "TREE_ID": "RTR0032649"}, "type": "Feature"}, {"geometry": {"coordinates": [832751.4850000003, 815671.9969999995], "type": "Point"}, "properties": {"DBH": 115, "LU_HMD": "Western", "ROAD_NAME": "PO SHAN ROAD", "SPECIES_NAME": null, "TREE_ID": "RTR0033026"}, "type": "Feature"}, {"geometry": {"coordinates": [832760.0039999997, 815666.9560000002], "type": "Point"}, "properties": {"DBH": 159, "LU_HMD": "Western", "ROAD_NAME": "PO SHAN ROAD", "SPECIES_NAME": null, "TREE_ID": "RTR0033027"}, "type": "Feature"}, {"geometry": {"coordinates": [832758.1519999998, 815672.4480000008], "type": "Point"}, "properties": {"DBH": 96, "LU_HMD": "Western", "ROAD_NAME": "PO SHAN ROAD", "SPECIES_NAME": null, "TREE_ID": "RTR0033028"}, "type": "Feature"}, {"geometry": {"coordinates": [832756.5700000003, 815672.3200000003], "type": "Point"}, "properties": {"DBH": 232, "LU_HMD": "Western", "ROAD_NAME": "PO SHAN ROAD", "SPECIES_NAME": null, "TREE_ID": "RTR0033029"}, "type": "Feature"}, {"geometry": {"coordinates": [832771.3799999999, 815610.2019999996], "type": "Point"}, "properties": {"DBH": 110, "LU_HMD": "Western", "ROAD_NAME": "PO SHAN ROAD", "SPECIES_NAME": null, "TREE_ID": "RTR0033796"}, "type": "Feature"}, {"geometry": {"coordinates": [832773.0640000002, 815608.9869999997], "type": "Point"}, "properties": {"DBH": 108, "LU_HMD": "Western", "ROAD_NAME": "PO SHAN ROAD", "SPECIES_NAME": null, "TREE_ID": "RTR0033798"}, "type": "Feature"}, {"geometry": {"coordinates": [832753.9579999996, 815611.2400000002], "type": "Point"}, "properties": {"DBH": 111, "LU_HMD": "Western", "ROAD_NAME": "PO SHAN ROAD", "SPECIES_NAME": null, "TREE_ID": "RTR0033799"}, "type": "Feature"}, {"geometry": {"coordinates": [832744.3269999996, 815611.1449999996], "type": "Point"}, "properties": {"DBH": 127, "LU_HMD": "Western", "ROAD_NAME": "PO SHAN ROAD", "SPECIES_NAME": null, "TREE_ID": "RTR0033800"}, "type": "Feature"}, {"geometry": {"coordinates": [832743.4289999995, 815609.5800000001], "type": "Point"}, "properties": {"DBH": 96, "LU_HMD": "Western", "ROAD_NAME": "PO SHAN ROAD", "SPECIES_NAME": null, "TREE_ID": "RTR0033802"}, "type": "Feature"}, {"geometry": {"coordinates": [832728.2910000002, 815715.7369999997], "type": "Point"}, "properties": {"DBH": 241, "LU_HMD": "Western", "ROAD_NAME": "PO SHAN ROAD", "SPECIES_NAME": null, "TREE_ID": "RTR0032608"}, "type": "Feature"}, {"geometry": {"coordinates": [832748.898, 815707.2919999994], "type": "Point"}, "properties": {"DBH": 183, "LU_HMD": "Western", "ROAD_NAME": "PO SHAN ROAD", "SPECIES_NAME": null, "TREE_ID": "RTR0032609"}, "type": "Feature"}, {"geometry": {"coordinates": [832736.79, 815716.1030000001], "type": "Point"}, "properties": {"DBH": 127, "LU_HMD": "Western", "ROAD_NAME": "PO SHAN ROAD", "SPECIES_NAME": null, "TREE_ID": "RTR0032610"}, "type": "Feature"}, {"geometry": {"coordinates": [832736.5700000003, 815705.2540000007], "type": "Point"}, "properties": {"DBH": 309, "LU_HMD": "Western", "ROAD_NAME": "PO SHAN ROAD", "SPECIES_NAME": null, "TREE_ID": "RTR0032613"}, "type": "Feature"}, {"geometry": {"coordinates": [832734.2460000003, 815724.1750000007], "type": "Point"}, "properties": {"DBH": 194, "LU_HMD": "Western", "ROAD_NAME": "PO SHAN ROAD", "SPECIES_NAME": null, "TREE_ID": "RTR0032614"}, "type": "Feature"}, {"geometry": {"coordinates": [832743.2050000001, 815724.5529999994], "type": "Point"}, "properties": {"DBH": 191, "LU_HMD": "Western", "ROAD_NAME": "PO SHAN ROAD", "SPECIES_NAME": null, "TREE_ID": "RTR0032615"}, "type": "Feature"}, {"geometry": {"coordinates": [832755.1799999997, 815683.7770000007], "type": "Point"}, "properties": {"DBH": 166, "LU_HMD": "Western", "ROAD_NAME": "PO SHAN ROAD", "SPECIES_NAME": null, "TREE_ID": "RTR0032766"}, "type": "Feature"}, {"geometry": {"coordinates": [832750.8200000003, 815677.5510000009], "type": "Point"}, "properties": {"DBH": 191, "LU_HMD": "Western", "ROAD_NAME": "PO SHAN ROAD", "SPECIES_NAME": null, "TREE_ID": "RTR0032767"}, "type": "Feature"}, {"geometry": {"coordinates": [832723.3439999996, 815652.9670000002], "type": "Point"}, "properties": {"DBH": 162, "LU_HMD": "Western", "ROAD_NAME": "PO SHAN ROAD", "SPECIES_NAME": null, "TREE_ID": "RTR0033185"}, "type": "Feature"}, {"geometry": {"coordinates": [832759.9000000004, 815602.6089999992], "type": "Point"}, "properties": {"DBH": 270, "LU_HMD": "Western", "ROAD_NAME": "PO SHAN ROAD", "SPECIES_NAME": null, "TREE_ID": "RTR0033706"}, "type": "Feature"}, {"geometry": {"coordinates": [832770.1629999997, 815603.4389999993], "type": "Point"}, "properties": {"DBH": 166, "LU_HMD": "Western", "ROAD_NAME": "PO SHAN ROAD", "SPECIES_NAME": null, "TREE_ID": "RTR0033714"}, "type": "Feature"}, {"geometry": {"coordinates": [832747.119, 815599.5739999991], "type": "Point"}, "properties": {"DBH": 114, "LU_HMD": "Western", "ROAD_NAME": "PO SHAN ROAD", "SPECIES_NAME": null, "TREE_ID": "RTR0033715"}, "type": "Feature"}, {"geometry": {"coordinates": [832733.0939999996, 815584.3489999995], "type": "Point"}, "properties": {"DBH": 324, "LU_HMD": "Western", "ROAD_NAME": "PO SHAN ROAD", "SPECIES_NAME": null, "TREE_ID": "RTR0034351"}, "type": "Feature"}, {"geometry": {"coordinates": [832727.5590000004, 815581.7190000005], "type": "Point"}, "properties": {"DBH": 239, "LU_HMD": "Western", "ROAD_NAME": "PO SHAN ROAD", "SPECIES_NAME": null, "TREE_ID": "RTR0034352"}, "type": "Feature"}, {"geometry": {"coordinates": [832756.5860000001, 815591.3929999992], "type": "Point"}, "properties": {"DBH": 151, "LU_HMD": "Western", "ROAD_NAME": "PO SHAN ROAD", "SPECIES_NAME": null, "TREE_ID": "RTR0034353"}, "type": "Feature"}, {"geometry": {"coordinates": [832731.6169999996, 815581.4600000009], "type": "Point"}, "properties": {"DBH": 324, "LU_HMD": "Western", "ROAD_NAME": "PO SHAN ROAD", "SPECIES_NAME": null, "TREE_ID": "RTR0034357"}, "type": "Feature"}, {"geometry": {"coordinates": [832752.3799999999, 815599.1530000009], "type": "Point"}, "properties": {"DBH": 115, "LU_HMD": "Western", "ROAD_NAME": "PO SHAN ROAD", "SPECIES_NAME": null, "TREE_ID": "RTR0034358"}, "type": "Feature"}, {"geometry": {"coordinates": [832736.5800000001, 815582.7699999996], "type": "Point"}, "properties": {"DBH": 199, "LU_HMD": "Western", "ROAD_NAME": "PO SHAN ROAD", "SPECIES_NAME": null, "TREE_ID": "RTR0034359"}, "type": "Feature"}, {"geometry": {"coordinates": [832722.9060000004, 815697.9120000005], "type": "Point"}, "properties": {"DBH": 111, "LU_HMD": "Western", "ROAD_NAME": "PO SHAN ROAD", "SPECIES_NAME": null, "TREE_ID": "RTR0031543"}, "type": "Feature"}, {"geometry": {"coordinates": [832709.7810000004, 815691.3560000006], "type": "Point"}, "properties": {"DBH": 135, "LU_HMD": "Western", "ROAD_NAME": "PO SHAN ROAD", "SPECIES_NAME": null, "TREE_ID": "RTR0031544"}, "type": "Feature"}, {"geometry": {"coordinates": [832707.6639999999, 815705.0820000004], "type": "Point"}, "properties": {"DBH": 150, "LU_HMD": "Western", "ROAD_NAME": "PO SHAN ROAD", "SPECIES_NAME": null, "TREE_ID": "RTR0031545"}, "type": "Feature"}, {"geometry": {"coordinates": [832740.7390000001, 815711.7510000002], "type": "Point"}, "properties": {"DBH": 99, "LU_HMD": "Western", "ROAD_NAME": "PO SHAN ROAD", "SPECIES_NAME": null, "TREE_ID": "RTR0031546"}, "type": "Feature"}, {"geometry": {"coordinates": [832724.7070000004, 815701.0409999993], "type": "Point"}, "properties": {"DBH": 102, "LU_HMD": "Western", "ROAD_NAME": "PO SHAN ROAD", "SPECIES_NAME": null, "TREE_ID": "RTR0031549"}, "type": "Feature"}, {"geometry": {"coordinates": [832692.6950000003, 815700.6420000009], "type": "Point"}, "properties": {"DBH": 140, "LU_HMD": "Western", "ROAD_NAME": "PO SHAN ROAD", "SPECIES_NAME": null, "TREE_ID": "RTR0031550"}, "type": "Feature"}, {"geometry": {"coordinates": [832739.2489999998, 815700.1239999998], "type": "Point"}, "properties": {"DBH": 207, "LU_HMD": "Western", "ROAD_NAME": "PO SHAN ROAD", "SPECIES_NAME": null, "TREE_ID": "RTR0031551"}, "type": "Feature"}, {"geometry": {"coordinates": [832725.2139999997, 815730.7390000001], "type": "Point"}, "properties": {"DBH": 105, "LU_HMD": "Western", "ROAD_NAME": "PO SHAN ROAD", "SPECIES_NAME": null, "TREE_ID": "RTR0032390"}, "type": "Feature"}, {"geometry": {"coordinates": [832705.7539999997, 815723.6779999994], "type": "Point"}, "properties": {"DBH": 229, "LU_HMD": "Western", "ROAD_NAME": "PO SHAN ROAD", "SPECIES_NAME": null, "TREE_ID": "RTR0032392"}, "type": "Feature"}, {"geometry": {"coordinates": [833387.0080000004, 816054.5510000009], "type": "Point"}, "properties": {"DBH": 379, "LU_HMD": "Western", "ROAD_NAME": " ", "SPECIES_NAME": null, "TREE_ID": "RTR0033623"}, "type": "Feature"}, {"geometry": {"coordinates": [833381.0729999999, 816056.7379999999], "type": "Point"}, "properties": {"DBH": 114, "LU_HMD": "Western", "ROAD_NAME": " ", "SPECIES_NAME": null, "TREE_ID": "RTR0033633"}, "type": "Feature"}, {"geometry": {"coordinates": [832692.3169999998, 815760.7290000003], "type": "Point"}, "properties": {"DBH": 105, "LU_HMD": "Western", "ROAD_NAME": "PO SHAN ROAD", "SPECIES_NAME": null, "TREE_ID": "RTR0032872"}, "type": "Feature"}, {"geometry": {"coordinates": [832680.3679999998, 815772.5189999994], "type": "Point"}, "properties": {"DBH": 124, "LU_HMD": "Western", "ROAD_NAME": "PO SHAN ROAD", "SPECIES_NAME": null, "TREE_ID": "RTR0032873"}, "type": "Feature"}, {"geometry": {"coordinates": [832691.1809999999, 815769.7689999994], "type": "Point"}, "properties": {"DBH": 258, "LU_HMD": "Western", "ROAD_NAME": "PO SHAN ROAD", "SPECIES_NAME": null, "TREE_ID": "RTR0032875"}, "type": "Feature"}, {"geometry": {"coordinates": [832711.818, 815768.2400000002], "type": "Point"}, "properties": {"DBH": 105, "LU_HMD": "Western", "ROAD_NAME": "PO SHAN ROAD", "SPECIES_NAME": null, "TREE_ID": "RTR0032876"}, "type": "Feature"}, {"geometry": {"coordinates": [832690.8470000001, 815761.1870000008], "type": "Point"}, "properties": {"DBH": 185, "LU_HMD": "Western", "ROAD_NAME": "PO SHAN ROAD", "SPECIES_NAME": null, "TREE_ID": "RTR0032878"}, "type": "Feature"}, {"geometry": {"coordinates": [832700.341, 815761.5], "type": "Point"}, "properties": {"DBH": 166, "LU_HMD": "Western", "ROAD_NAME": "PO SHAN ROAD", "SPECIES_NAME": null, "TREE_ID": "RTR0032879"}, "type": "Feature"}, {"geometry": {"coordinates": [832685.3849999998, 815772.9250000007], "type": "Point"}, "properties": {"DBH": 102, "LU_HMD": "Western", "ROAD_NAME": "PO SHAN ROAD", "SPECIES_NAME": null, "TREE_ID": "RTR0032881"}, "type": "Feature"}, {"geometry": {"coordinates": [832699.7589999996, 815761.3709999993], "type": "Point"}, "properties": {"DBH": 146, "LU_HMD": "Western", "ROAD_NAME": "PO SHAN ROAD", "SPECIES_NAME": null, "TREE_ID": "RTR0032882"}, "type": "Feature"}, {"geometry": {"coordinates": [832677.6109999996, 815753.7740000002], "type": "Point"}, "properties": {"DBH": 156, "LU_HMD": "Western", "ROAD_NAME": "PO SHAN ROAD", "SPECIES_NAME": null, "TREE_ID": "RTR0032199"}, "type": "Feature"}, {"geometry": {"coordinates": [832634.1090000002, 815752.3629999999], "type": "Point"}, "properties": {"DBH": 280, "LU_HMD": "Western", "ROAD_NAME": "PO SHAN ROAD", "SPECIES_NAME": null, "TREE_ID": "RTR0032200"}, "type": "Feature"}, {"geometry": {"coordinates": [832675.5669999998, 815763.1919999998], "type": "Point"}, "properties": {"DBH": 217, "LU_HMD": "Western", "ROAD_NAME": "PO SHAN ROAD", "SPECIES_NAME": null, "TREE_ID": "RTR0032201"}, "type": "Feature"}, {"geometry": {"coordinates": [832630.756, 815748.6300000008], "type": "Point"}, "properties": {"DBH": 318, "LU_HMD": "Western", "ROAD_NAME": "PO SHAN ROAD", "SPECIES_NAME": null, "TREE_ID": "RTR0032202"}, "type": "Feature"}, {"geometry": {"coordinates": [832681.7929999996, 815756.2899999991], "type": "Point"}, "properties": {"DBH": 133, "LU_HMD": "Western", "ROAD_NAME": "PO SHAN ROAD", "SPECIES_NAME": null, "TREE_ID": "RTR0032203"}, "type": "Feature"}, {"geometry": {"coordinates": [832685.068, 815754.6809999999], "type": "Point"}, "properties": {"DBH": 108, "LU_HMD": "Western", "ROAD_NAME": "PO SHAN ROAD", "SPECIES_NAME": null, "TREE_ID": "RTR0032206"}, "type": "Feature"}, {"geometry": {"coordinates": [832623.9979999997, 815776.2620000001], "type": "Point"}, "properties": {"DBH": 96, "LU_HMD": "Western", "ROAD_NAME": "PO SHAN ROAD", "SPECIES_NAME": null, "TREE_ID": "RTR0033274"}, "type": "Feature"}, {"geometry": {"coordinates": [832656.5970000001, 815781.682], "type": "Point"}, "properties": {"DBH": 124, "LU_HMD": "Western", "ROAD_NAME": "PO SHAN ROAD", "SPECIES_NAME": null, "TREE_ID": "RTR0033276"}, "type": "Feature"}, {"geometry": {"coordinates": [832621.5300000003, 815777.0859999992], "type": "Point"}, "properties": {"DBH": 166, "LU_HMD": "Western", "ROAD_NAME": "PO SHAN ROAD", "SPECIES_NAME": null, "TREE_ID": "RTR0033277"}, "type": "Feature"}, {"geometry": {"coordinates": [832630.8880000003, 815761.8640000001], "type": "Point"}, "properties": {"DBH": 245, "LU_HMD": "Western", "ROAD_NAME": "PO SHAN ROAD", "SPECIES_NAME": null, "TREE_ID": "RTR0032650"}, "type": "Feature"}, {"geometry": {"coordinates": [832634.7220000001, 815755.7210000008], "type": "Point"}, "properties": {"DBH": 191, "LU_HMD": "Western", "ROAD_NAME": "PO SHAN ROAD", "SPECIES_NAME": null, "TREE_ID": "RTR0032651"}, "type": "Feature"}, {"geometry": {"coordinates": [832628.2039999999, 815764.3650000002], "type": "Point"}, "properties": {"DBH": 134, "LU_HMD": "Western", "ROAD_NAME": "PO SHAN ROAD", "SPECIES_NAME": null, "TREE_ID": "RTR0032652"}, "type": "Feature"}, {"geometry": {"coordinates": [832631.7149999999, 815761.8269999996], "type": "Point"}, "properties": {"DBH": 159, "LU_HMD": "Western", "ROAD_NAME": "PO SHAN ROAD", "SPECIES_NAME": null, "TREE_ID": "RTR0032653"}, "type": "Feature"}, {"geometry": {"coordinates": [832653.6150000002, 815764.3110000007], "type": "Point"}, "properties": {"DBH": 217, "LU_HMD": "Western", "ROAD_NAME": "PO SHAN ROAD", "SPECIES_NAME": null, "TREE_ID": "RTR0032655"}, "type": "Feature"}, {"geometry": {"coordinates": [832663.9740000004, 815767.8289999999], "type": "Point"}, "properties": {"DBH": 444, "LU_HMD": "Western", "ROAD_NAME": "PO SHAN ROAD", "SPECIES_NAME": null, "TREE_ID": "RTR0032656"}, "type": "Feature"}, {"geometry": {"coordinates": [832649.9280000003, 815759.4600000009], "type": "Point"}, "properties": {"DBH": 134, "LU_HMD": "Western", "ROAD_NAME": "PO SHAN ROAD", "SPECIES_NAME": null, "TREE_ID": "RTR0032658"}, "type": "Feature"}, {"geometry": {"coordinates": [832656.7759999996, 815765.4189999998], "type": "Point"}, "properties": {"DBH": 134, "LU_HMD": "Western", "ROAD_NAME": "PO SHAN ROAD", "SPECIES_NAME": null, "TREE_ID": "RTR0032661"}, "type": "Feature"}, {"geometry": {"coordinates": [832635.8370000003, 815758.2870000005], "type": "Point"}, "properties": {"DBH": 153, "LU_HMD": "Western", "ROAD_NAME": "PO SHAN ROAD", "SPECIES_NAME": null, "TREE_ID": "RTR0032662"}, "type": "Feature"}, {"geometry": {"coordinates": [832733.54, 815604.2860000003], "type": "Point"}, "properties": {"DBH": 246, "LU_HMD": "Western", "ROAD_NAME": "PO SHAN ROAD", "SPECIES_NAME": null, "TREE_ID": "RTR0033803"}, "type": "Feature"}, {"geometry": {"coordinates": [832751.0640000002, 815607.7329999991], "type": "Point"}, "properties": {"DBH": 115, "LU_HMD": "Western", "ROAD_NAME": "PO SHAN ROAD", "SPECIES_NAME": null, "TREE_ID": "RTR0033804"}, "type": "Feature"}, {"geometry": {"coordinates": [832739.7989999996, 815608.7369999997], "type": "Point"}, "properties": {"DBH": 102, "LU_HMD": "Western", "ROAD_NAME": "PO SHAN ROAD", "SPECIES_NAME": null, "TREE_ID": "RTR0033805"}, "type": "Feature"}, {"geometry": {"coordinates": [832759.7549999999, 815613.7709999997], "type": "Point"}, "properties": {"DBH": 127, "LU_HMD": "Western", "ROAD_NAME": "PO SHAN ROAD", "SPECIES_NAME": null, "TREE_ID": "RTR0033806"}, "type": "Feature"}, {"geometry": {"coordinates": [832738.875, 815612.1610000003], "type": "Point"}, "properties": {"DBH": 115, "LU_HMD": "Western", "ROAD_NAME": "PO SHAN ROAD", "SPECIES_NAME": null, "TREE_ID": "RTR0033807"}, "type": "Feature"}, {"geometry": {"coordinates": [832760.943, 815684.2660000008], "type": "Point"}, "properties": {"DBH": 127, "LU_HMD": "Western", "ROAD_NAME": "PO SHAN ROAD", "SPECIES_NAME": null, "TREE_ID": "RTR0032552"}, "type": "Feature"}, {"geometry": {"coordinates": [832767.0829999996, 815690.3619999997], "type": "Point"}, "properties": {"DBH": 146, "LU_HMD": "Western", "ROAD_NAME": "PO SHAN ROAD", "SPECIES_NAME": null, "TREE_ID": "RTR0032554"}, "type": "Feature"}, {"geometry": {"coordinates": [832700.5480000004, 815674.8300000001], "type": "Point"}, "properties": {"DBH": 177, "LU_HMD": "Western", "ROAD_NAME": "PO SHAN ROAD", "SPECIES_NAME": null, "TREE_ID": "RTR0032555"}, "type": "Feature"}, {"geometry": {"coordinates": [832724.5959999999, 815688.2039999999], "type": "Point"}, "properties": {"DBH": 140, "LU_HMD": "Western", "ROAD_NAME": "PO SHAN ROAD", "SPECIES_NAME": null, "TREE_ID": "RTR0032556"}, "type": "Feature"}, {"geometry": {"coordinates": [832718.8550000004, 815657.9230000004], "type": "Point"}, "properties": {"DBH": 231, "LU_HMD": "Western", "ROAD_NAME": "PO SHAN ROAD", "SPECIES_NAME": null, "TREE_ID": "RTR0033186"}, "type": "Feature"}, {"geometry": {"coordinates": [832732.9979999997, 815660.4550000001], "type": "Point"}, "properties": {"DBH": 151, "LU_HMD": "Western", "ROAD_NAME": "PO SHAN ROAD", "SPECIES_NAME": null, "TREE_ID": "RTR0033187"}, "type": "Feature"}, {"geometry": {"coordinates": [832701.6040000003, 815633.057], "type": "Point"}, "properties": {"DBH": 179, "LU_HMD": "Western", "ROAD_NAME": "PO SHAN ROAD", "SPECIES_NAME": null, "TREE_ID": "RTR0033188"}, "type": "Feature"}, {"geometry": {"coordinates": [832718.4100000001, 815664.4739999995], "type": "Point"}, "properties": {"DBH": 156, "LU_HMD": "Western", "ROAD_NAME": "PO SHAN ROAD", "SPECIES_NAME": null, "TREE_ID": "RTR0033189"}, "type": "Feature"}, {"geometry": {"coordinates": [832722.7709999997, 815666.0409999993], "type": "Point"}, "properties": {"DBH": 96, "LU_HMD": "Western", "ROAD_NAME": "PO SHAN ROAD", "SPECIES_NAME": null, "TREE_ID": "RTR0033190"}, "type": "Feature"}, {"geometry": {"coordinates": [832717.2800000003, 815659.0999999996], "type": "Point"}, "properties": {"DBH": 96, "LU_HMD": "Western", "ROAD_NAME": "PO SHAN ROAD", "SPECIES_NAME": null, "TREE_ID": "RTR0033193"}, "type": "Feature"}, {"geometry": {"coordinates": [832734.8030000003, 815666.4600000009], "type": "Point"}, "properties": {"DBH": 131, "LU_HMD": "Western", "ROAD_NAME": "PO SHAN ROAD", "SPECIES_NAME": null, "TREE_ID": "RTR0033194"}, "type": "Feature"}, {"geometry": {"coordinates": [832735.4919999996, 815667.3320000004], "type": "Point"}, "properties": {"DBH": 102, "LU_HMD": "Western", "ROAD_NAME": "PO SHAN ROAD", "SPECIES_NAME": null, "TREE_ID": "RTR0033195"}, "type": "Feature"}, {"geometry": {"coordinates": [832735.9170000004, 815664.4289999995], "type": "Point"}, "properties": {"DBH": 111, "LU_HMD": "Western", "ROAD_NAME": "PO SHAN ROAD", "SPECIES_NAME": null, "TREE_ID": "RTR0033196"}, "type": "Feature"}, {"geometry": {"coordinates": [832768.4469999997, 815596], "type": "Point"}, "properties": {"DBH": 108, "LU_HMD": "Western", "ROAD_NAME": "PO SHAN ROAD", "SPECIES_NAME": null, "TREE_ID": "RTR0034362"}, "type": "Feature"}, {"geometry": {"coordinates": [832739.7879999997, 815580.1060000006], "type": "Point"}, "properties": {"DBH": 197, "LU_HMD": "Western", "ROAD_NAME": "PO SHAN ROAD", "SPECIES_NAME": null, "TREE_ID": "RTR0034364"}, "type": "Feature"}, {"geometry": {"coordinates": [832742.7149999999, 815583.4949999992], "type": "Point"}, "properties": {"DBH": 236, "LU_HMD": "Western", "ROAD_NAME": "PO SHAN ROAD", "SPECIES_NAME": null, "TREE_ID": "RTR0034366"}, "type": "Feature"}, {"geometry": {"coordinates": [832751.5549999997, 815591.7369999997], "type": "Point"}, "properties": {"DBH": 152, "LU_HMD": "Western", "ROAD_NAME": "PO SHAN ROAD", "SPECIES_NAME": null, "TREE_ID": "RTR0034368"}, "type": "Feature"}, {"geometry": {"coordinates": [832739.0080000004, 815672.1009999998], "type": "Point"}, "properties": {"DBH": 159, "LU_HMD": "Western", "ROAD_NAME": "PO SHAN ROAD", "SPECIES_NAME": null, "TREE_ID": "RTR0032820"}, "type": "Feature"}, {"geometry": {"coordinates": [832694.0599999996, 815647.3120000008], "type": "Point"}, "properties": {"DBH": 175, "LU_HMD": "Western", "ROAD_NAME": "PO SHAN ROAD", "SPECIES_NAME": null, "TREE_ID": "RTR0032822"}, "type": "Feature"}, {"geometry": {"coordinates": [832719.381, 815670.6449999996], "type": "Point"}, "properties": {"DBH": 293, "LU_HMD": "Western", "ROAD_NAME": "PO SHAN ROAD", "SPECIES_NAME": null, "TREE_ID": "RTR0032823"}, "type": "Feature"}, {"geometry": {"coordinates": [832706.023, 815665.4910000004], "type": "Point"}, "properties": {"DBH": 96, "LU_HMD": "Western", "ROAD_NAME": "PO SHAN ROAD", "SPECIES_NAME": null, "TREE_ID": "RTR0032824"}, "type": "Feature"}, {"geometry": {"coordinates": [832718.9040000001, 815673.1870000008], "type": "Point"}, "properties": {"DBH": 159, "LU_HMD": "Western", "ROAD_NAME": "PO SHAN ROAD", "SPECIES_NAME": null, "TREE_ID": "RTR0032825"}, "type": "Feature"}, {"geometry": {"coordinates": [832730.352, 815732.2760000005], "type": "Point"}, "properties": {"DBH": 188, "LU_HMD": "Western", "ROAD_NAME": "PO SHAN ROAD", "SPECIES_NAME": null, "TREE_ID": "RTR0032393"}, "type": "Feature"}, {"geometry": {"coordinates": [832706.3140000002, 815723.0620000008], "type": "Point"}, "properties": {"DBH": 111, "LU_HMD": "Western", "ROAD_NAME": "PO SHAN ROAD", "SPECIES_NAME": null, "TREE_ID": "RTR0032398"}, "type": "Feature"}, {"geometry": {"coordinates": [832703.9560000002, 815722.4700000007], "type": "Point"}, "properties": {"DBH": 140, "LU_HMD": "Western", "ROAD_NAME": "PO SHAN ROAD", "SPECIES_NAME": null, "TREE_ID": "RTR0032400"}, "type": "Feature"}, {"geometry": {"coordinates": [832701.159, 815724.8479999993], "type": "Point"}, "properties": {"DBH": 212, "LU_HMD": "Western", "ROAD_NAME": "PO SHAN ROAD", "SPECIES_NAME": null, "TREE_ID": "RTR0032404"}, "type": "Feature"}, {"geometry": {"coordinates": [832694.9620000003, 815727.3880000003], "type": "Point"}, "properties": {"DBH": 321, "LU_HMD": "Western", "ROAD_NAME": "PO SHAN ROAD", "SPECIES_NAME": null, "TREE_ID": "RTR0032405"}, "type": "Feature"}, {"geometry": {"coordinates": [832715.2410000004, 815726.5960000008], "type": "Point"}, "properties": {"DBH": 340, "LU_HMD": "Western", "ROAD_NAME": "PO SHAN ROAD", "SPECIES_NAME": null, "TREE_ID": "RTR0032406"}, "type": "Feature"}, {"geometry": {"coordinates": [832709.8289999999, 815731.4159999993], "type": "Point"}, "properties": {"DBH": 102, "LU_HMD": "Western", "ROAD_NAME": "PO SHAN ROAD", "SPECIES_NAME": null, "TREE_ID": "RTR0032408"}, "type": "Feature"}, {"geometry": {"coordinates": [832761.2850000001, 815701.8540000003], "type": "Point"}, "properties": {"DBH": 137, "LU_HMD": "Western", "ROAD_NAME": "PO SHAN ROAD", "SPECIES_NAME": null, "TREE_ID": "RTR0032520"}, "type": "Feature"}, {"geometry": {"coordinates": [832714.9450000003, 815684.7899999991], "type": "Point"}, "properties": {"DBH": 124, "LU_HMD": "Western", "ROAD_NAME": "PO SHAN ROAD", "SPECIES_NAME": null, "TREE_ID": "RTR0032521"}, "type": "Feature"}, {"geometry": {"coordinates": [833392.0599999996, 816048.6270000003], "type": "Point"}, "properties": {"DBH": 105, "LU_HMD": "Western", "ROAD_NAME": " ", "SPECIES_NAME": null, "TREE_ID": "RTR0033634"}, "type": "Feature"}, {"geometry": {"coordinates": [833381.4979999997, 816056.6329999994], "type": "Point"}, "properties": {"DBH": 347, "LU_HMD": "Western", "ROAD_NAME": " ", "SPECIES_NAME": null, "TREE_ID": "RTR0033636"}, "type": "Feature"}, {"geometry": {"coordinates": [833385.494, 816051.3680000007], "type": "Point"}, "properties": {"DBH": 111, "LU_HMD": "Western", "ROAD_NAME": " ", "SPECIES_NAME": null, "TREE_ID": "RTR0033643"}, "type": "Feature"}, {"geometry": {"coordinates": [833389.6320000002, 816048.8420000002], "type": "Point"}, "properties": {"DBH": 166, "LU_HMD": "Western", "ROAD_NAME": " ", "SPECIES_NAME": null, "TREE_ID": "RTR0033646"}, "type": "Feature"}, {"geometry": {"coordinates": [833400.6840000004, 816041.7239999995], "type": "Point"}, "properties": {"DBH": 178, "LU_HMD": "Western", "ROAD_NAME": " ", "SPECIES_NAME": null, "TREE_ID": "RTR0033647"}, "type": "Feature"}, {"geometry": {"coordinates": [833371.6710000001, 816048.2689999994], "type": "Point"}, "properties": {"DBH": 293, "LU_HMD": "Western", "ROAD_NAME": " ", "SPECIES_NAME": null, "TREE_ID": "RTR0033648"}, "type": "Feature"}, {"geometry": {"coordinates": [833384.3130000001, 816052.9700000007], "type": "Point"}, "properties": {"DBH": 283, "LU_HMD": "Western", "ROAD_NAME": " ", "SPECIES_NAME": null, "TREE_ID": "RTR0033666"}, "type": "Feature"}, {"geometry": {"coordinates": [833388.4910000004, 816043.1089999992], "type": "Point"}, "properties": {"DBH": 181, "LU_HMD": "Western", "ROAD_NAME": " ", "SPECIES_NAME": null, "TREE_ID": "RTR0033667"}, "type": "Feature"}, {"geometry": {"coordinates": [833387.1840000004, 816055.5629999992], "type": "Point"}, "properties": {"DBH": 102, "LU_HMD": "Western", "ROAD_NAME": " ", "SPECIES_NAME": null, "TREE_ID": "RTR0033619"}, "type": "Feature"}, {"geometry": {"coordinates": [833055.0209999997, 816026.7459999993], "type": "Point"}, "properties": {"DBH": 472, "LU_HMD": "Western", "ROAD_NAME": "ROBINSON ROAD", "SPECIES_NAME": null, "TREE_ID": "RTR0034417"}, "type": "Feature"}, {"geometry": {"coordinates": [833193, 816190.4000000004], "type": "Point"}, "properties": {"DBH": 346, "LU_HMD": "Western", "ROAD_NAME": "FUK ON LANE", "SPECIES_NAME": null, "TREE_ID": "RTR0033857"}, "type": "Feature"}, {"geometry": {"coordinates": [833180.0180000002, 816174.6760000009], "type": "Point"}, "properties": {"DBH": 200, "LU_HMD": "Western", "ROAD_NAME": "FUK ON LANE", "SPECIES_NAME": null, "TREE_ID": "RTR0033843"}, "type": "Feature"}, {"geometry": {"coordinates": [832711.881, 815769.8739999998], "type": "Point"}, "properties": {"DBH": 108, "LU_HMD": "Western", "ROAD_NAME": "PO SHAN ROAD", "SPECIES_NAME": null, "TREE_ID": "RTR0032886"}, "type": "Feature"}, {"geometry": {"coordinates": [832683.8540000003, 815771.159], "type": "Point"}, "properties": {"DBH": 127, "LU_HMD": "Western", "ROAD_NAME": "PO SHAN ROAD", "SPECIES_NAME": null, "TREE_ID": "RTR0032887"}, "type": "Feature"}, {"geometry": {"coordinates": [832687.3729999997, 815764.2119999994], "type": "Point"}, "properties": {"DBH": 210, "LU_HMD": "Western", "ROAD_NAME": "PO SHAN ROAD", "SPECIES_NAME": null, "TREE_ID": "RTR0032891"}, "type": "Feature"}, {"geometry": {"coordinates": [832678.4440000001, 815778.5969999991], "type": "Point"}, "properties": {"DBH": 105, "LU_HMD": "Western", "ROAD_NAME": "PO SHAN ROAD", "SPECIES_NAME": null, "TREE_ID": "RTR0032895"}, "type": "Feature"}, {"geometry": {"coordinates": [832718.9100000001, 815769.9000000004], "type": "Point"}, "properties": {"DBH": 102, "LU_HMD": "Western", "ROAD_NAME": "PO SHAN ROAD", "SPECIES_NAME": null, "TREE_ID": "RTR0032898"}, "type": "Feature"}, {"geometry": {"coordinates": [832721.6869999999, 815768.3340000007], "type": "Point"}, "properties": {"DBH": 121, "LU_HMD": "Western", "ROAD_NAME": "PO SHAN ROAD", "SPECIES_NAME": null, "TREE_ID": "RTR0032899"}, "type": "Feature"}, {"geometry": {"coordinates": [832712.7989999996, 815765.3870000001], "type": "Point"}, "properties": {"DBH": 433, "LU_HMD": "Western", "ROAD_NAME": "PO SHAN ROAD", "SPECIES_NAME": null, "TREE_ID": "RTR0032900"}, "type": "Feature"}, {"geometry": {"coordinates": [832703.8629999999, 815764.7809999995], "type": "Point"}, "properties": {"DBH": 188, "LU_HMD": "Western", "ROAD_NAME": "PO SHAN ROAD", "SPECIES_NAME": null, "TREE_ID": "RTR0032901"}, "type": "Feature"}, {"geometry": {"coordinates": [832646.2209999999, 815782.0950000007], "type": "Point"}, "properties": {"DBH": 178, "LU_HMD": "Western", "ROAD_NAME": "PO SHAN ROAD", "SPECIES_NAME": null, "TREE_ID": "RTR0033278"}, "type": "Feature"}, {"geometry": {"coordinates": [832638.273, 815776.7599999998], "type": "Point"}, "properties": {"DBH": 111, "LU_HMD": "Western", "ROAD_NAME": "PO SHAN ROAD", "SPECIES_NAME": null, "TREE_ID": "RTR0033279"}, "type": "Feature"}, {"geometry": {"coordinates": [832633.0650000004, 815784.3460000008], "type": "Point"}, "properties": {"DBH": 181, "LU_HMD": "Western", "ROAD_NAME": "PO SHAN ROAD", "SPECIES_NAME": null, "TREE_ID": "RTR0033280"}, "type": "Feature"}, {"geometry": {"coordinates": [832640.6399999997, 815793.7809999995], "type": "Point"}, "properties": {"DBH": 296, "LU_HMD": "Western", "ROAD_NAME": "PO SHAN ROAD", "SPECIES_NAME": null, "TREE_ID": "RTR0033281"}, "type": "Feature"}, {"geometry": {"coordinates": [832641.9309999999, 815772.6219999995], "type": "Point"}, "properties": {"DBH": 191, "LU_HMD": "Western", "ROAD_NAME": "PO SHAN ROAD", "SPECIES_NAME": null, "TREE_ID": "RTR0033283"}, "type": "Feature"}, {"geometry": {"coordinates": [832637.0520000001, 815780.8690000009], "type": "Point"}, "properties": {"DBH": 175, "LU_HMD": "Western", "ROAD_NAME": "PO SHAN ROAD", "SPECIES_NAME": null, "TREE_ID": "RTR0033284"}, "type": "Feature"}, {"geometry": {"coordinates": [832650.5559999999, 815785.5529999994], "type": "Point"}, "properties": {"DBH": 105, "LU_HMD": "Western", "ROAD_NAME": "PO SHAN ROAD", "SPECIES_NAME": null, "TREE_ID": "RTR0033286"}, "type": "Feature"}, {"geometry": {"coordinates": [832663.7980000004, 815783.4409999996], "type": "Point"}, "properties": {"DBH": 398, "LU_HMD": "Western", "ROAD_NAME": "PO SHAN ROAD", "SPECIES_NAME": null, "TREE_ID": "RTR0033287"}, "type": "Feature"}, {"geometry": {"coordinates": [832636.966, 815785.6630000006], "type": "Point"}, "properties": {"DBH": 156, "LU_HMD": "Western", "ROAD_NAME": "PO SHAN ROAD", "SPECIES_NAME": null, "TREE_ID": "RTR0033288"}, "type": "Feature"}, {"geometry": {"coordinates": [832676.4639999997, 815780.6030000001], "type": "Point"}, "properties": {"DBH": 96, "LU_HMD": "Western", "ROAD_NAME": "PO SHAN ROAD", "SPECIES_NAME": null, "TREE_ID": "RTR0032663"}, "type": "Feature"}, {"geometry": {"coordinates": [832627.0609999998, 815759.2599999998], "type": "Point"}, "properties": {"DBH": 522, "LU_HMD": "Western", "ROAD_NAME": "PO SHAN ROAD", "SPECIES_NAME": null, "TREE_ID": "RTR0032664"}, "type": "Feature"}, {"geometry": {"coordinates": [832676.6270000003, 815781.943], "type": "Point"}, "properties": {"DBH": 115, "LU_HMD": "Western", "ROAD_NAME": "PO SHAN ROAD", "SPECIES_NAME": null, "TREE_ID": "RTR0032665"}, "type": "Feature"}, {"geometry": {"coordinates": [832675.875, 815768.784], "type": "Point"}, "properties": {"DBH": 115, "LU_HMD": "Western", "ROAD_NAME": "PO SHAN ROAD", "SPECIES_NAME": null, "TREE_ID": "RTR0032867"}, "type": "Feature"}, {"geometry": {"coordinates": [832668.0980000002, 815766.4470000006], "type": "Point"}, "properties": {"DBH": 159, "LU_HMD": "Western", "ROAD_NAME": "PO SHAN ROAD", "SPECIES_NAME": null, "TREE_ID": "RTR0032868"}, "type": "Feature"}, {"geometry": {"coordinates": [832678.6009999998, 815767.6699999999], "type": "Point"}, "properties": {"DBH": 102, "LU_HMD": "Western", "ROAD_NAME": "PO SHAN ROAD", "SPECIES_NAME": null, "TREE_ID": "RTR0032869"}, "type": "Feature"}, {"geometry": {"coordinates": [832665.369, 815774.7609999999], "type": "Point"}, "properties": {"DBH": 191, "LU_HMD": "Western", "ROAD_NAME": "PO SHAN ROAD", "SPECIES_NAME": null, "TREE_ID": "RTR0032874"}, "type": "Feature"}, {"geometry": {"coordinates": [832678.0930000003, 815771.3120000008], "type": "Point"}, "properties": {"DBH": 162, "LU_HMD": "Western", "ROAD_NAME": "PO SHAN ROAD", "SPECIES_NAME": null, "TREE_ID": "RTR0032884"}, "type": "Feature"}, {"geometry": {"coordinates": [832668.7949999999, 815776.2039999999], "type": "Point"}, "properties": {"DBH": 188, "LU_HMD": "Western", "ROAD_NAME": "PO SHAN ROAD", "SPECIES_NAME": null, "TREE_ID": "RTR0032889"}, "type": "Feature"}, {"geometry": {"coordinates": [832703.6380000003, 815672.3910000008], "type": "Point"}, "properties": {"DBH": 121, "LU_HMD": "Western", "ROAD_NAME": "PO SHAN ROAD", "SPECIES_NAME": null, "TREE_ID": "RTR0032557"}, "type": "Feature"}, {"geometry": {"coordinates": [832748.0250000004, 815700.1539999992], "type": "Point"}, "properties": {"DBH": 105, "LU_HMD": "Western", "ROAD_NAME": "PO SHAN ROAD", "SPECIES_NAME": null, "TREE_ID": "RTR0032558"}, "type": "Feature"}, {"geometry": {"coordinates": [832766.2640000004, 815706.3629999999], "type": "Point"}, "properties": {"DBH": 137, "LU_HMD": "Western", "ROAD_NAME": "PO SHAN ROAD", "SPECIES_NAME": null, "TREE_ID": "RTR0032559"}, "type": "Feature"}, {"geometry": {"coordinates": [832764.0360000003, 815684.5730000008], "type": "Point"}, "properties": {"DBH": 395, "LU_HMD": "Western", "ROAD_NAME": "PO SHAN ROAD", "SPECIES_NAME": null, "TREE_ID": "RTR0032560"}, "type": "Feature"}, {"geometry": {"coordinates": [832711.5429999996, 815679.6209999993], "type": "Point"}, "properties": {"DBH": 120, "LU_HMD": "Western", "ROAD_NAME": "PO SHAN ROAD", "SPECIES_NAME": null, "TREE_ID": "RTR0032561"}, "type": "Feature"}, {"geometry": {"coordinates": [832708.0420000004, 815674.7249999996], "type": "Point"}, "properties": {"DBH": 169, "LU_HMD": "Western", "ROAD_NAME": "PO SHAN ROAD", "SPECIES_NAME": null, "TREE_ID": "RTR0032562"}, "type": "Feature"}, {"geometry": {"coordinates": [832767.5099999998, 815703.8910000008], "type": "Point"}, "properties": {"DBH": 127, "LU_HMD": "Western", "ROAD_NAME": "PO SHAN ROAD", "SPECIES_NAME": null, "TREE_ID": "RTR0032563"}, "type": "Feature"}, {"geometry": {"coordinates": [832695.767, 815676.0020000003], "type": "Point"}, "properties": {"DBH": 131, "LU_HMD": "Western", "ROAD_NAME": "PO SHAN ROAD", "SPECIES_NAME": null, "TREE_ID": "RTR0032564"}, "type": "Feature"}, {"geometry": {"coordinates": [832768.5439999998, 815671.3739999998], "type": "Point"}, "properties": {"DBH": 96, "LU_HMD": "Western", "ROAD_NAME": "PO SHAN ROAD", "SPECIES_NAME": null, "TREE_ID": "RTR0033031"}, "type": "Feature"}, {"geometry": {"coordinates": [832740.0070000002, 815663.8859999999], "type": "Point"}, "properties": {"DBH": 113, "LU_HMD": "Western", "ROAD_NAME": "PO SHAN ROAD", "SPECIES_NAME": null, "TREE_ID": "RTR0033197"}, "type": "Feature"}, {"geometry": {"coordinates": [832774.1660000002, 815640.4049999993], "type": "Point"}, "properties": {"DBH": 204, "LU_HMD": "Western", "ROAD_NAME": "PO SHAN ROAD", "SPECIES_NAME": null, "TREE_ID": "RTR0033911"}, "type": "Feature"}, {"geometry": {"coordinates": [832741.3779999996, 815617.4639999997], "type": "Point"}, "properties": {"DBH": 192, "LU_HMD": "Western", "ROAD_NAME": "PO SHAN ROAD", "SPECIES_NAME": null, "TREE_ID": "RTR0033912"}, "type": "Feature"}, {"geometry": {"coordinates": [832775.4850000003, 815635.9419999998], "type": "Point"}, "properties": {"DBH": 102, "LU_HMD": "Western", "ROAD_NAME": "PO SHAN ROAD", "SPECIES_NAME": null, "TREE_ID": "RTR0033915"}, "type": "Feature"}, {"geometry": {"coordinates": [832749.5269999998, 815622.4920000006], "type": "Point"}, "properties": {"DBH": 207, "LU_HMD": "Western", "ROAD_NAME": "PO SHAN ROAD", "SPECIES_NAME": null, "TREE_ID": "RTR0033916"}, "type": "Feature"}, {"geometry": {"coordinates": [832775.5669999998, 815625.5439999998], "type": "Point"}, "properties": {"DBH": 127, "LU_HMD": "Western", "ROAD_NAME": "PO SHAN ROAD", "SPECIES_NAME": null, "TREE_ID": "RTR0033917"}, "type": "Feature"}, {"geometry": {"coordinates": [832730.4740000004, 815594.1640000008], "type": "Point"}, "properties": {"DBH": 276, "LU_HMD": "Western", "ROAD_NAME": "PO SHAN ROAD", "SPECIES_NAME": null, "TREE_ID": "RTR0034068"}, "type": "Feature"}, {"geometry": {"coordinates": [832743.2470000004, 815594.5810000002], "type": "Point"}, "properties": {"DBH": 124, "LU_HMD": "Western", "ROAD_NAME": "PO SHAN ROAD", "SPECIES_NAME": null, "TREE_ID": "RTR0034069"}, "type": "Feature"}, {"geometry": {"coordinates": [832739.5590000004, 815597.3719999995], "type": "Point"}, "properties": {"DBH": 172, "LU_HMD": "Western", "ROAD_NAME": "PO SHAN ROAD", "SPECIES_NAME": null, "TREE_ID": "RTR0034073"}, "type": "Feature"}, {"geometry": {"coordinates": [832704.4230000004, 815665.9670000002], "type": "Point"}, "properties": {"DBH": 96, "LU_HMD": "Western", "ROAD_NAME": "PO SHAN ROAD", "SPECIES_NAME": null, "TREE_ID": "RTR0032827"}, "type": "Feature"}, {"geometry": {"coordinates": [832737.0729999999, 815678.6669999994], "type": "Point"}, "properties": {"DBH": 96, "LU_HMD": "Western", "ROAD_NAME": "PO SHAN ROAD", "SPECIES_NAME": null, "TREE_ID": "RTR0032828"}, "type": "Feature"}, {"geometry": {"coordinates": [832711.9579999996, 815669.3670000006], "type": "Point"}, "properties": {"DBH": 96, "LU_HMD": "Western", "ROAD_NAME": "PO SHAN ROAD", "SPECIES_NAME": null, "TREE_ID": "RTR0032829"}, "type": "Feature"}, {"geometry": {"coordinates": [832705.3930000002, 815668.4470000006], "type": "Point"}, "properties": {"DBH": 96, "LU_HMD": "Western", "ROAD_NAME": "PO SHAN ROAD", "SPECIES_NAME": null, "TREE_ID": "RTR0032831"}, "type": "Feature"}, {"geometry": {"coordinates": [832713.8969999999, 815671.341], "type": "Point"}, "properties": {"DBH": 96, "LU_HMD": "Western", "ROAD_NAME": "PO SHAN ROAD", "SPECIES_NAME": null, "TREE_ID": "RTR0032832"}, "type": "Feature"}, {"geometry": {"coordinates": [832710.6490000002, 815616.9039999992], "type": "Point"}, "properties": {"DBH": 110, "LU_HMD": "Western", "ROAD_NAME": "PO SHAN ROAD", "SPECIES_NAME": null, "TREE_ID": "RTR0033718"}, "type": "Feature"}, {"geometry": {"coordinates": [832742.7599999998, 815635.6620000005], "type": "Point"}, "properties": {"DBH": 325, "LU_HMD": "Western", "ROAD_NAME": "PO SHAN ROAD", "SPECIES_NAME": null, "TREE_ID": "RTR0033719"}, "type": "Feature"}, {"geometry": {"coordinates": [832723.7029999997, 815640.9309999999], "type": "Point"}, "properties": {"DBH": 140, "LU_HMD": "Western", "ROAD_NAME": "PO SHAN ROAD", "SPECIES_NAME": null, "TREE_ID": "RTR0033720"}, "type": "Feature"}, {"geometry": {"coordinates": [832743.4840000002, 815632.352], "type": "Point"}, "properties": {"DBH": 261, "LU_HMD": "Western", "ROAD_NAME": "PO SHAN ROAD", "SPECIES_NAME": null, "TREE_ID": "RTR0033721"}, "type": "Feature"}, {"geometry": {"coordinates": [832678.108, 815664.4409999996], "type": "Point"}, "properties": {"DBH": 178, "LU_HMD": "Western", "ROAD_NAME": "PO SHAN ROAD", "SPECIES_NAME": null, "TREE_ID": "RTR0032522"}, "type": "Feature"}, {"geometry": {"coordinates": [832694.8899999997, 815673.3530000001], "type": "Point"}, "properties": {"DBH": 143, "LU_HMD": "Western", "ROAD_NAME": "PO SHAN ROAD", "SPECIES_NAME": null, "TREE_ID": "RTR0032523"}, "type": "Feature"}, {"geometry": {"coordinates": [832768.8300000001, 815695.3259999994], "type": "Point"}, "properties": {"DBH": 102, "LU_HMD": "Western", "ROAD_NAME": "PO SHAN ROAD", "SPECIES_NAME": null, "TREE_ID": "RTR0032524"}, "type": "Feature"}, {"geometry": {"coordinates": [832770.585, 815693.1549999993], "type": "Point"}, "properties": {"DBH": 268, "LU_HMD": "Western", "ROAD_NAME": "PO SHAN ROAD", "SPECIES_NAME": null, "TREE_ID": "RTR0032525"}, "type": "Feature"}, {"geometry": {"coordinates": [832691.9000000004, 815715.477], "type": "Point"}, "properties": {"DBH": 248, "LU_HMD": "Western", "ROAD_NAME": "PO SHAN ROAD", "SPECIES_NAME": null, "TREE_ID": "RTR0032456"}, "type": "Feature"}, {"geometry": {"coordinates": [832708.4359999998, 815717.3570000008], "type": "Point"}, "properties": {"DBH": 140, "LU_HMD": "Western", "ROAD_NAME": "PO SHAN ROAD", "SPECIES_NAME": null, "TREE_ID": "RTR0032457"}, "type": "Feature"}, {"geometry": {"coordinates": [832706.9199999999, 815718.3819999993], "type": "Point"}, "properties": {"DBH": 222, "LU_HMD": "Western", "ROAD_NAME": "PO SHAN ROAD", "SPECIES_NAME": null, "TREE_ID": "RTR0032459"}, "type": "Feature"}, {"geometry": {"coordinates": [832714.4139999999, 815716.5529999994], "type": "Point"}, "properties": {"DBH": 99, "LU_HMD": "Western", "ROAD_NAME": "PO SHAN ROAD", "SPECIES_NAME": null, "TREE_ID": "RTR0032461"}, "type": "Feature"}, {"geometry": {"coordinates": [832692.9859999996, 815716.9890000001], "type": "Point"}, "properties": {"DBH": 166, "LU_HMD": "Western", "ROAD_NAME": "PO SHAN ROAD", "SPECIES_NAME": null, "TREE_ID": "RTR0032465"}, "type": "Feature"}, {"geometry": {"coordinates": [833243.7259999998, 815851.4079999998], "type": "Point"}, "properties": {"DBH": 211, "LU_HMD": "Western", "ROAD_NAME": "CASTLE ROAD", "SPECIES_NAME": null, "TREE_ID": "RTR0034372"}, "type": "Feature"}, {"geometry": {"coordinates": [834060.341, 815585.9159999993], "type": "Point"}, "properties": {"DBH": 207, "LU_HMD": "Peak", "ROAD_NAME": " ", "SPECIES_NAME": null, "TREE_ID": "RTR0207084"}, "type": "Feature"}, {"geometry": {"coordinates": [834040.1799999997, 815588.7880000006], "type": "Point"}, "properties": {"DBH": 137, "LU_HMD": "Peak", "ROAD_NAME": " ", "SPECIES_NAME": null, "TREE_ID": "RTR0205654"}, "type": "Feature"}, {"geometry": {"coordinates": [834044.5930000003, 815587.4220000003], "type": "Point"}, "properties": {"DBH": 408, "LU_HMD": "Peak", "ROAD_NAME": " ", "SPECIES_NAME": null, "TREE_ID": "RTR0205657"}, "type": "Feature"}, {"geometry": {"coordinates": [834046.2929999996, 815589.7400000002], "type": "Point"}, "properties": {"DBH": 178, "LU_HMD": "Peak", "ROAD_NAME": " ", "SPECIES_NAME": null, "TREE_ID": "RTR0205658"}, "type": "Feature"}, {"geometry": {"coordinates": [834035.8909999998, 815587.307], "type": "Point"}, "properties": {"DBH": 121, "LU_HMD": "Peak", "ROAD_NAME": " ", "SPECIES_NAME": null, "TREE_ID": "RTR0205664"}, "type": "Feature"}, {"geometry": {"coordinates": [834051.6579999998, 815587.2410000004], "type": "Point"}, "properties": {"DBH": 210, "LU_HMD": "Peak", "ROAD_NAME": " ", "SPECIES_NAME": null, "TREE_ID": "RTR0205674"}, "type": "Feature"}, {"geometry": {"coordinates": [834057.2520000003, 815586.7809999995], "type": "Point"}, "properties": {"DBH": 232, "LU_HMD": "Peak", "ROAD_NAME": " ", "SPECIES_NAME": null, "TREE_ID": "RTR0205688"}, "type": "Feature"}, {"geometry": {"coordinates": [834054.6090000002, 815586.9580000006], "type": "Point"}, "properties": {"DBH": 197, "LU_HMD": "Peak", "ROAD_NAME": " ", "SPECIES_NAME": null, "TREE_ID": "RTR0205695"}, "type": "Feature"}, {"geometry": {"coordinates": [834056.7699999996, 815602.8839999996], "type": "Point"}, "properties": {"DBH": 102, "LU_HMD": "Central", "ROAD_NAME": "UPPER ALBERT ROAD", "SPECIES_NAME": null, "TREE_ID": "RTR0207099"}, "type": "Feature"}, {"geometry": {"coordinates": [832964.5590000004, 816233.9580000006], "type": "Point"}, "properties": {"DBH": 154, "LU_HMD": null, "ROAD_NAME": "BONHAM ROAD", "SPECIES_NAME": null, "TREE_ID": "RTR0033965"}, "type": "Feature"}, {"geometry": {"coordinates": [833414.3370000003, 816042.8790000007], "type": "Point"}, "properties": {"DBH": 579, "LU_HMD": "Western", "ROAD_NAME": " ", "SPECIES_NAME": null, "TREE_ID": "RTR0033626"}, "type": "Feature"}, {"geometry": {"coordinates": [833423.341, 816053.0739999991], "type": "Point"}, "properties": {"DBH": 310, "LU_HMD": "Western", "ROAD_NAME": " ", "SPECIES_NAME": null, "TREE_ID": "RTR0033640"}, "type": "Feature"}, {"geometry": {"coordinates": [833401.0750000002, 816123.3310000002], "type": "Point"}, "properties": {"DBH": 730, "LU_HMD": "Western", "ROAD_NAME": "KUI IN FONG", "SPECIES_NAME": null, "TREE_ID": "RTR0033831"}, "type": "Feature"}, {"geometry": {"coordinates": [833362.8449999997, 816084.0480000004], "type": "Point"}, "properties": {"DBH": 588, "LU_HMD": "Western", "ROAD_NAME": " ", "SPECIES_NAME": null, "TREE_ID": "RTR0033834"}, "type": "Feature"}, {"geometry": {"coordinates": [834175.6119999997, 815636.4450000003], "type": "Point"}, "properties": {"DBH": 147, "LU_HMD": "Central", "ROAD_NAME": "ICE HOUSE STREET", "SPECIES_NAME": null, "TREE_ID": "RTR0105398"}, "type": "Feature"}, {"geometry": {"coordinates": [834173.915, 815637.9900000002], "type": "Point"}, "properties": {"DBH": 111, "LU_HMD": "Central", "ROAD_NAME": "ICE HOUSE STREET", "SPECIES_NAME": null, "TREE_ID": "RTR0105403"}, "type": "Feature"}, {"geometry": {"coordinates": [833104.6430000002, 816242.2109999992], "type": "Point"}, "properties": {"DBH": 345, "LU_HMD": "Western", "ROAD_NAME": "HOSPITAL ROAD", "SPECIES_NAME": null, "TREE_ID": "RTR0033923"}, "type": "Feature"}, {"geometry": {"coordinates": [833103.7290000003, 816247.6429999992], "type": "Point"}, "properties": {"DBH": 414, "LU_HMD": "Western", "ROAD_NAME": "HOSPITAL ROAD", "SPECIES_NAME": null, "TREE_ID": "RTR0033925"}, "type": "Feature"}, {"geometry": {"coordinates": [833099.9740000004, 816256.6260000002], "type": "Point"}, "properties": {"DBH": 381, "LU_HMD": "Western", "ROAD_NAME": "HOSPITAL ROAD", "SPECIES_NAME": null, "TREE_ID": "RTR0033930"}, "type": "Feature"}, {"geometry": {"coordinates": [833082.96, 816279.9619999994], "type": "Point"}, "properties": {"DBH": 324, "LU_HMD": "Western", "ROAD_NAME": "HOSPITAL ROAD", "SPECIES_NAME": null, "TREE_ID": "RTR0033952"}, "type": "Feature"}, {"geometry": {"coordinates": [833103.2630000003, 816249.1119999997], "type": "Point"}, "properties": {"DBH": 827, "LU_HMD": "Western", "ROAD_NAME": "HOSPITAL ROAD", "SPECIES_NAME": null, "TREE_ID": "RTR0033966"}, "type": "Feature"}, {"geometry": {"coordinates": [833058.8540000003, 816016.1370000001], "type": "Point"}, "properties": {"DBH": 471, "LU_HMD": "Western", "ROAD_NAME": "ROBINSON ROAD", "SPECIES_NAME": null, "TREE_ID": "RTR0034380"}, "type": "Feature"}, {"geometry": {"coordinates": [833060.5290000001, 816015.2440000009], "type": "Point"}, "properties": {"DBH": 427, "LU_HMD": "Western", "ROAD_NAME": "ROBINSON ROAD", "SPECIES_NAME": null, "TREE_ID": "RTR0034384"}, "type": "Feature"}, {"geometry": {"coordinates": [833041.8940000003, 816023.1160000004], "type": "Point"}, "properties": {"DBH": 901, "LU_HMD": "Western", "ROAD_NAME": "ROBINSON ROAD", "SPECIES_NAME": null, "TREE_ID": "RTR0034411"}, "type": "Feature"}, {"geometry": {"coordinates": [833052.5669999998, 816019.1099999994], "type": "Point"}, "properties": {"DBH": 326, "LU_HMD": "Western", "ROAD_NAME": "ROBINSON ROAD", "SPECIES_NAME": null, "TREE_ID": "RTR0034418"}, "type": "Feature"}, {"geometry": {"coordinates": [832898.9460000005, 815747.1679999996], "type": "Point"}, "properties": {"DBH": 173, "LU_HMD": "Western", "ROAD_NAME": "PO SHAN ROAD", "SPECIES_NAME": null, "TREE_ID": "RTR0032971"}, "type": "Feature"}, {"geometry": {"coordinates": [832899.2470000004, 815748.7630000003], "type": "Point"}, "properties": {"DBH": 150, "LU_HMD": "Western", "ROAD_NAME": "PO SHAN ROAD", "SPECIES_NAME": null, "TREE_ID": "RTR0032979"}, "type": "Feature"}, {"geometry": {"coordinates": [832902.267, 815747.0030000005], "type": "Point"}, "properties": {"DBH": 210, "LU_HMD": "Western", "ROAD_NAME": "PO SHAN ROAD", "SPECIES_NAME": null, "TREE_ID": "RTR0032980"}, "type": "Feature"}, {"geometry": {"coordinates": [832902.6610000003, 815748.9130000006], "type": "Point"}, "properties": {"DBH": 200, "LU_HMD": "Western", "ROAD_NAME": "PO SHAN ROAD", "SPECIES_NAME": null, "TREE_ID": "RTR0032986"}, "type": "Feature"}, {"geometry": {"coordinates": [832884.2240000004, 815740.6180000007], "type": "Point"}, "properties": {"DBH": 178, "LU_HMD": "Western", "ROAD_NAME": "PO SHAN ROAD", "SPECIES_NAME": null, "TREE_ID": "RTR0032989"}, "type": "Feature"}, {"geometry": {"coordinates": [832884.8729999997, 815741.0510000009], "type": "Point"}, "properties": {"DBH": 191, "LU_HMD": "Western", "ROAD_NAME": "PO SHAN ROAD", "SPECIES_NAME": null, "TREE_ID": "RTR0033002"}, "type": "Feature"}, {"geometry": {"coordinates": [832886.875, 815733.8269999996], "type": "Point"}, "properties": {"DBH": 105, "LU_HMD": "Western", "ROAD_NAME": "PO SHAN ROAD", "SPECIES_NAME": null, "TREE_ID": "RTR0033517"}, "type": "Feature"}, {"geometry": {"coordinates": [832896.1409999998, 815744.5649999995], "type": "Point"}, "properties": {"DBH": 175, "LU_HMD": "Western", "ROAD_NAME": "PO SHAN ROAD", "SPECIES_NAME": null, "TREE_ID": "RTR0033519"}, "type": "Feature"}, {"geometry": {"coordinates": [832891.8339999998, 815740.5519999992], "type": "Point"}, "properties": {"DBH": 308, "LU_HMD": "Western", "ROAD_NAME": "PO SHAN ROAD", "SPECIES_NAME": null, "TREE_ID": "RTR0033520"}, "type": "Feature"}, {"geometry": {"coordinates": [832887.3799999999, 815739.9580000006], "type": "Point"}, "properties": {"DBH": 239, "LU_HMD": "Western", "ROAD_NAME": "PO SHAN ROAD", "SPECIES_NAME": null, "TREE_ID": "RTR0033524"}, "type": "Feature"}, {"geometry": {"coordinates": [832887.665, 815747.1319999993], "type": "Point"}, "properties": {"DBH": 215, "LU_HMD": "Western", "ROAD_NAME": "PO SHAN ROAD", "SPECIES_NAME": null, "TREE_ID": "RTR0033525"}, "type": "Feature"}, {"geometry": {"coordinates": [832891.7520000003, 815744.7799999993], "type": "Point"}, "properties": {"DBH": 232, "LU_HMD": "Western", "ROAD_NAME": "PO SHAN ROAD", "SPECIES_NAME": null, "TREE_ID": "RTR0033530"}, "type": "Feature"}, {"geometry": {"coordinates": [832883.0549999997, 815732.9499999993], "type": "Point"}, "properties": {"DBH": 137, "LU_HMD": "Western", "ROAD_NAME": "PO SHAN ROAD", "SPECIES_NAME": null, "TREE_ID": "RTR0033532"}, "type": "Feature"}, {"geometry": {"coordinates": [832883.5070000002, 815740.3939999994], "type": "Point"}, "properties": {"DBH": 354, "LU_HMD": "Western", "ROAD_NAME": "PO SHAN ROAD", "SPECIES_NAME": null, "TREE_ID": "RTR0033534"}, "type": "Feature"}, {"geometry": {"coordinates": [832895.9179999996, 815740.6679999996], "type": "Point"}, "properties": {"DBH": 99, "LU_HMD": "Western", "ROAD_NAME": "PO SHAN ROAD", "SPECIES_NAME": null, "TREE_ID": "RTR0033535"}, "type": "Feature"}, {"geometry": {"coordinates": [832895.6100000003, 815743.5879999995], "type": "Point"}, "properties": {"DBH": 194, "LU_HMD": "Western", "ROAD_NAME": "PO SHAN ROAD", "SPECIES_NAME": null, "TREE_ID": "RTR0033536"}, "type": "Feature"}, {"geometry": {"coordinates": [832884.8219999997, 815737.7249999996], "type": "Point"}, "properties": {"DBH": 143, "LU_HMD": "Western", "ROAD_NAME": "PO SHAN ROAD", "SPECIES_NAME": null, "TREE_ID": "RTR0033537"}, "type": "Feature"}, {"geometry": {"coordinates": [832898.051, 815743.5040000007], "type": "Point"}, "properties": {"DBH": 290, "LU_HMD": "Western", "ROAD_NAME": "PO SHAN ROAD", "SPECIES_NAME": null, "TREE_ID": "RTR0033542"}, "type": "Feature"}, {"geometry": {"coordinates": [832892.352, 815743.9739999995], "type": "Point"}, "properties": {"DBH": 343, "LU_HMD": "Western", "ROAD_NAME": "PO SHAN ROAD", "SPECIES_NAME": null, "TREE_ID": "RTR0033543"}, "type": "Feature"}, {"geometry": {"coordinates": [832881.8389999997, 815745.9629999995], "type": "Point"}, "properties": {"DBH": 310, "LU_HMD": "Western", "ROAD_NAME": "PO SHAN ROAD", "SPECIES_NAME": null, "TREE_ID": "RTR0033545"}, "type": "Feature"}, {"geometry": {"coordinates": [832891.3779999996, 815743.7909999993], "type": "Point"}, "properties": {"DBH": 207, "LU_HMD": "Western", "ROAD_NAME": "PO SHAN ROAD", "SPECIES_NAME": null, "TREE_ID": "RTR0033546"}, "type": "Feature"}, {"geometry": {"coordinates": [832882.5190000003, 815735.5199999996], "type": "Point"}, "properties": {"DBH": 115, "LU_HMD": "Western", "ROAD_NAME": "PO SHAN ROAD", "SPECIES_NAME": null, "TREE_ID": "RTR0033549"}, "type": "Feature"}, {"geometry": {"coordinates": [832895.3039999995, 815745.0050000008], "type": "Point"}, "properties": {"DBH": 134, "LU_HMD": "Western", "ROAD_NAME": "PO SHAN ROAD", "SPECIES_NAME": null, "TREE_ID": "RTR0033552"}, "type": "Feature"}, {"geometry": {"coordinates": [832887.0029999996, 815738.9240000006], "type": "Point"}, "properties": {"DBH": 156, "LU_HMD": "Western", "ROAD_NAME": "PO SHAN ROAD", "SPECIES_NAME": null, "TREE_ID": "RTR0033556"}, "type": "Feature"}, {"geometry": {"coordinates": [832887.1689999998, 815734.9289999995], "type": "Point"}, "properties": {"DBH": 99, "LU_HMD": "Western", "ROAD_NAME": "PO SHAN ROAD", "SPECIES_NAME": null, "TREE_ID": "RTR0033559"}, "type": "Feature"}, {"geometry": {"coordinates": [832885.8039999995, 815734.3780000005], "type": "Point"}, "properties": {"DBH": 258, "LU_HMD": "Western", "ROAD_NAME": "PO SHAN ROAD", "SPECIES_NAME": null, "TREE_ID": "RTR0033560"}, "type": "Feature"}, {"geometry": {"coordinates": [832893.9570000004, 815735.0649999995], "type": "Point"}, "properties": {"DBH": 213, "LU_HMD": "Western", "ROAD_NAME": "PO SHAN ROAD", "SPECIES_NAME": null, "TREE_ID": "RTR0033562"}, "type": "Feature"}, {"geometry": {"coordinates": [832631.0480000004, 815743.4570000004], "type": "Point"}, "properties": {"DBH": 176, "LU_HMD": "Western", "ROAD_NAME": null, "SPECIES_NAME": null, "TREE_ID": "RTR0032100"}, "type": "Feature"}, {"geometry": {"coordinates": [832668.5350000001, 815739.4159999993], "type": "Point"}, "properties": {"DBH": 166, "LU_HMD": "Western", "ROAD_NAME": null, "SPECIES_NAME": null, "TREE_ID": "RTR0032110"}, "type": "Feature"}, {"geometry": {"coordinates": [832670.4040000001, 815740.8990000002], "type": "Point"}, "properties": {"DBH": 121, "LU_HMD": "Western", "ROAD_NAME": null, "SPECIES_NAME": null, "TREE_ID": "RTR0032114"}, "type": "Feature"}, {"geometry": {"coordinates": [834166.5099999998, 815603.7449999992], "type": "Point"}, "properties": {"DBH": 230, "LU_HMD": "Central", "ROAD_NAME": null, "SPECIES_NAME": null, "TREE_ID": "RTR0098242"}, "type": "Feature"}, {"geometry": {"coordinates": [832967.9519999996, 815987.4299999997], "type": "Point"}, "properties": {"DBH": 430, "LU_HMD": "Western", "ROAD_NAME": null, "SPECIES_NAME": null, "TREE_ID": "RTR0206759"}, "type": "Feature"}, {"geometry": {"coordinates": [834167.1579999998, 815602.3049999997], "type": "Point"}, "properties": {"DBH": 162, "LU_HMD": "Central", "ROAD_NAME": null, "SPECIES_NAME": null, "TREE_ID": "RTR0098213"}, "type": "Feature"}, {"geometry": {"coordinates": [834343.1179999998, 815467.2569999993], "type": "Point"}, "properties": {"DBH": 110, "LU_HMD": "Central", "ROAD_NAME": null, "SPECIES_NAME": null, "TREE_ID": "RTR0098249"}, "type": "Feature"}, {"geometry": {"coordinates": [833076.8770000003, 816001.7899999991], "type": "Point"}, "properties": {"DBH": 424, "LU_HMD": "Western", "ROAD_NAME": null, "SPECIES_NAME": null, "TREE_ID": "RTR0034395"}, "type": "Feature"}, {"geometry": {"coordinates": [834005.3449999997, 815662.5350000001], "type": "Point"}, "properties": {"DBH": 249, "LU_HMD": "Central", "ROAD_NAME": null, "SPECIES_NAME": null, "TREE_ID": "RTR0095957"}, "type": "Feature"}, {"geometry": {"coordinates": [832968.7939999998, 815992.7939999998], "type": "Point"}, "properties": {"DBH": 163, "LU_HMD": "Western", "ROAD_NAME": null, "SPECIES_NAME": null, "TREE_ID": "RTR0209395"}, "type": "Feature"}, {"geometry": {"coordinates": [834275.0080000004, 815649.2410000004], "type": "Point"}, "properties": {"DBH": 153, "LU_HMD": "Central", "ROAD_NAME": null, "SPECIES_NAME": null, "TREE_ID": "RTR0097162"}, "type": "Feature"}, {"geometry": {"coordinates": [832684.7999999998, 815758.9670000002], "type": "Point"}, "properties": {"DBH": 105, "LU_HMD": "Western", "ROAD_NAME": null, "SPECIES_NAME": null, "TREE_ID": "RTR0032210"}, "type": "Feature"}, {"geometry": {"coordinates": [832843.4450000003, 815736.3929999992], "type": "Point"}, "properties": {"DBH": 111, "LU_HMD": "Western", "ROAD_NAME": null, "SPECIES_NAME": null, "TREE_ID": "RTR0033000"}, "type": "Feature"}, {"geometry": {"coordinates": [834279.9129999997, 815636.4260000009], "type": "Point"}, "properties": {"DBH": 236, "LU_HMD": "Central", "ROAD_NAME": null, "SPECIES_NAME": null, "TREE_ID": "RTR0097724"}, "type": "Feature"}, {"geometry": {"coordinates": [834278.2479999997, 815639.1559999995], "type": "Point"}, "properties": {"DBH": 118, "LU_HMD": "Central", "ROAD_NAME": null, "SPECIES_NAME": null, "TREE_ID": "RTR0097756"}, "type": "Feature"}, {"geometry": {"coordinates": [834175.79, 815621.1349999998], "type": "Point"}, "properties": {"DBH": 125, "LU_HMD": "Central", "ROAD_NAME": null, "SPECIES_NAME": null, "TREE_ID": "RTR0098038"}, "type": "Feature"}, {"geometry": {"coordinates": [832657.5460000001, 815762.2119999994], "type": "Point"}, "properties": {"DBH": 105, "LU_HMD": "Western", "ROAD_NAME": null, "SPECIES_NAME": null, "TREE_ID": "RTR0032641"}, "type": "Feature"}, {"geometry": {"coordinates": [832628.0690000001, 815792.2119999994], "type": "Point"}, "properties": {"DBH": 133, "LU_HMD": "Western", "ROAD_NAME": null, "SPECIES_NAME": null, "TREE_ID": "RTR0033293"}, "type": "Feature"}, {"geometry": {"coordinates": [832652.9550000001, 815850.727], "type": "Point"}, "properties": {"DBH": 134, "LU_HMD": "Western", "ROAD_NAME": null, "SPECIES_NAME": null, "TREE_ID": "RTR0033428"}, "type": "Feature"}, {"geometry": {"coordinates": [833372.051, 816041.3430000003], "type": "Point"}, "properties": {"DBH": 376, "LU_HMD": "Western", "ROAD_NAME": null, "SPECIES_NAME": null, "TREE_ID": "RTR0033641"}, "type": "Feature"}, {"geometry": {"coordinates": [833198.2790000001, 816130.0079999994], "type": "Point"}, "properties": {"DBH": 451, "LU_HMD": "Western", "ROAD_NAME": null, "SPECIES_NAME": null, "TREE_ID": "RTR0033861"}, "type": "Feature"}, {"geometry": {"coordinates": [834193.574, 815638.8819999993], "type": "Point"}, "properties": {"DBH": 796, "LU_HMD": "Central", "ROAD_NAME": null, "SPECIES_NAME": null, "TREE_ID": "RTR0098052"}, "type": "Feature"}, {"geometry": {"coordinates": [833171.4589999998, 816164.3619999997], "type": "Point"}, "properties": {"DBH": 150, "LU_HMD": "Western", "ROAD_NAME": null, "SPECIES_NAME": null, "TREE_ID": "RTR0033853"}, "type": "Feature"}, {"geometry": {"coordinates": [832969.8130000001, 816231.5109999999], "type": "Point"}, "properties": {"DBH": 310, "LU_HMD": "Western", "ROAD_NAME": null, "SPECIES_NAME": null, "TREE_ID": "RTR0033929"}, "type": "Feature"}, {"geometry": {"coordinates": [833202.1409999998, 816093.7970000003], "type": "Point"}, "properties": {"DBH": 562, "LU_HMD": "Western", "ROAD_NAME": null, "SPECIES_NAME": null, "TREE_ID": "RTR0033836"}, "type": "Feature"}, {"geometry": {"coordinates": [832702.6950000003, 816166.1429999992], "type": "Point"}, "properties": {"DBH": 446, "LU_HMD": "Western", "ROAD_NAME": null, "SPECIES_NAME": null, "TREE_ID": "RTR0033969"}, "type": "Feature"}, {"geometry": {"coordinates": [832668.5889999997, 816183.7219999991], "type": "Point"}, "properties": {"DBH": 417, "LU_HMD": "Western", "ROAD_NAME": null, "SPECIES_NAME": null, "TREE_ID": "RTR0033971"}, "type": "Feature"}, {"geometry": {"coordinates": [832683.71, 816176.1070000008], "type": "Point"}, "properties": {"DBH": 1269, "LU_HMD": "Western", "ROAD_NAME": null, "SPECIES_NAME": null, "TREE_ID": "RTR0033978"}, "type": "Feature"}, {"geometry": {"coordinates": [832710.0470000003, 816161.9069999997], "type": "Point"}, "properties": {"DBH": 545, "LU_HMD": "Western", "ROAD_NAME": null, "SPECIES_NAME": null, "TREE_ID": "RTR0033988"}, "type": "Feature"}, {"geometry": {"coordinates": [832947.0949999997, 816224.1349999998], "type": "Point"}, "properties": {"DBH": 180, "LU_HMD": "Western", "ROAD_NAME": null, "SPECIES_NAME": null, "TREE_ID": "RTR0033947"}, "type": "Feature"}, {"geometry": {"coordinates": [832707.2350000003, 816163.3699999992], "type": "Point"}, "properties": {"DBH": 543, "LU_HMD": "Western", "ROAD_NAME": null, "SPECIES_NAME": null, "TREE_ID": "RTR0034011"}, "type": "Feature"}, {"geometry": {"coordinates": [832699.966, 816167.7990000006], "type": "Point"}, "properties": {"DBH": 592, "LU_HMD": "Western", "ROAD_NAME": null, "SPECIES_NAME": null, "TREE_ID": "RTR0034016"}, "type": "Feature"}, {"geometry": {"coordinates": [833244.7110000001, 815852.6319999993], "type": "Point"}, "properties": {"DBH": 151, "LU_HMD": "Western", "ROAD_NAME": null, "SPECIES_NAME": null, "TREE_ID": "RTR0034412"}, "type": "Feature"}, {"geometry": {"coordinates": [832701.0700000003, 815727.8029999994], "type": "Point"}, "properties": {"DBH": 254, "LU_HMD": "Western", "ROAD_NAME": null, "SPECIES_NAME": null, "TREE_ID": "RTR0032386"}, "type": "Feature"}, {"geometry": {"coordinates": [832703.2620000001, 815727.8059999999], "type": "Point"}, "properties": {"DBH": 270, "LU_HMD": "Western", "ROAD_NAME": null, "SPECIES_NAME": null, "TREE_ID": "RTR0032391"}, "type": "Feature"}, {"geometry": {"coordinates": [832907.0820000004, 815846.2080000006], "type": "Point"}, "properties": {"DBH": 505, "LU_HMD": "Western", "ROAD_NAME": null, "SPECIES_NAME": null, "TREE_ID": "RTR0033013"}, "type": "Feature"}, {"geometry": {"coordinates": [832700.0329999998, 815762.8699999992], "type": "Point"}, "properties": {"DBH": 629, "LU_HMD": "Western", "ROAD_NAME": null, "SPECIES_NAME": null, "TREE_ID": "RTR0032905"}, "type": "Feature"}, {"geometry": {"coordinates": [833394.9620000003, 816116.4820000008], "type": "Point"}, "properties": {"DBH": 193, "LU_HMD": "Western", "ROAD_NAME": null, "SPECIES_NAME": null, "TREE_ID": "RTR0033850"}, "type": "Feature"}, {"geometry": {"coordinates": [832651.682, 815839.5170000009], "type": "Point"}, "properties": {"DBH": 261, "LU_HMD": "Western", "ROAD_NAME": null, "SPECIES_NAME": null, "TREE_ID": "RTR0033465"}, "type": "Feature"}, {"geometry": {"coordinates": [832647.5810000002, 815789.2029999997], "type": "Point"}, "properties": {"DBH": 197, "LU_HMD": "Western", "ROAD_NAME": null, "SPECIES_NAME": null, "TREE_ID": "RTR0033494"}, "type": "Feature"}, {"geometry": {"coordinates": [832629.1330000004, 815734.3939999994], "type": "Point"}, "properties": {"DBH": 608, "LU_HMD": "Western", "ROAD_NAME": null, "SPECIES_NAME": null, "TREE_ID": "RTR0033471"}, "type": "Feature"}, {"geometry": {"coordinates": [832671.1960000005, 815794.8499999996], "type": "Point"}, "properties": {"DBH": 111, "LU_HMD": "Western", "ROAD_NAME": null, "SPECIES_NAME": null, "TREE_ID": "RTR0033472"}, "type": "Feature"}, {"geometry": {"coordinates": [832629.9280000003, 815731.477], "type": "Point"}, "properties": {"DBH": 455, "LU_HMD": "Western", "ROAD_NAME": null, "SPECIES_NAME": null, "TREE_ID": "RTR0033513"}, "type": "Feature"}, {"geometry": {"coordinates": [832649.8770000003, 815732.7699999996], "type": "Point"}, "properties": {"DBH": 828, "LU_HMD": "Western", "ROAD_NAME": null, "SPECIES_NAME": null, "TREE_ID": "RTR0031063"}, "type": "Feature"}, {"geometry": {"coordinates": [833394.3150000004, 816046.9539999999], "type": "Point"}, "properties": {"DBH": 232, "LU_HMD": "Western", "ROAD_NAME": null, "SPECIES_NAME": null, "TREE_ID": "RTR0033659"}, "type": "Feature"}, {"geometry": {"coordinates": [833366.8289999999, 816028.1830000002], "type": "Point"}, "properties": {"DBH": 1023, "LU_HMD": "Western", "ROAD_NAME": null, "SPECIES_NAME": null, "TREE_ID": "RTR0033632"}, "type": "Feature"}, {"geometry": {"coordinates": [834003.2999999998, 815660], "type": "Point"}, "properties": {"DBH": 180, "LU_HMD": "Central", "ROAD_NAME": null, "SPECIES_NAME": null, "TREE_ID": "ETR0000285"}, "type": "Feature"}, {"geometry": {"coordinates": [833401.9699999997, 816032.5500000007], "type": "Point"}, "properties": {"DBH": 280, "LU_HMD": "Western", "ROAD_NAME": null, "SPECIES_NAME": null, "TREE_ID": "RTR0033658"}, "type": "Feature"}, {"geometry": {"coordinates": [832632.8279999997, 815826.6899999995], "type": "Point"}, "properties": {"DBH": 105, "LU_HMD": "Western", "ROAD_NAME": null, "SPECIES_NAME": null, "TREE_ID": "RTR0033427"}, "type": "Feature"}, {"geometry": {"coordinates": [832629.8159999996, 815824.2510000002], "type": "Point"}, "properties": {"DBH": 510, "LU_HMD": "Western", "ROAD_NAME": null, "SPECIES_NAME": null, "TREE_ID": "RTR0033443"}, "type": "Feature"}, {"geometry": {"coordinates": [832601.0049999999, 815816.1899999995], "type": "Point"}, "properties": {"DBH": 226, "LU_HMD": "Western", "ROAD_NAME": null, "SPECIES_NAME": null, "TREE_ID": "RTR0033522"}, "type": "Feature"}, {"geometry": {"coordinates": [832616.5310000004, 815821.7780000009], "type": "Point"}, "properties": {"DBH": 293, "LU_HMD": "Western", "ROAD_NAME": null, "SPECIES_NAME": null, "TREE_ID": "RTR0033547"}, "type": "Feature"}, {"geometry": {"coordinates": [832609.3969999999, 815818.0189999994], "type": "Point"}, "properties": {"DBH": 433, "LU_HMD": "Western", "ROAD_NAME": null, "SPECIES_NAME": null, "TREE_ID": "RTR0033553"}, "type": "Feature"}, {"geometry": {"coordinates": [832948.023, 815758.3619999997], "type": "Point"}, "properties": {"DBH": 220, "LU_HMD": "Western", "ROAD_NAME": null, "SPECIES_NAME": null, "TREE_ID": "RTR0214644"}, "type": "Feature"}, {"geometry": {"coordinates": [833268.6509999996, 816003.8550000004], "type": "Point"}, "properties": {"DBH": 175, "LU_HMD": "Western", "ROAD_NAME": null, "SPECIES_NAME": null, "TREE_ID": "RTR0033827"}, "type": "Feature"}, {"geometry": {"coordinates": [832649.1730000004, 815733.0749999993], "type": "Point"}, "properties": {"DBH": 303, "LU_HMD": "Western", "ROAD_NAME": null, "SPECIES_NAME": null, "TREE_ID": "RTR0031014"}, "type": "Feature"}, {"geometry": {"coordinates": [832661.1059999997, 815734.2259999998], "type": "Point"}, "properties": {"DBH": 146, "LU_HMD": "Western", "ROAD_NAME": null, "SPECIES_NAME": null, "TREE_ID": "RTR0031027"}, "type": "Feature"}, {"geometry": {"coordinates": [832671.0719999997, 815739.6669999994], "type": "Point"}, "properties": {"DBH": 102, "LU_HMD": "Western", "ROAD_NAME": null, "SPECIES_NAME": null, "TREE_ID": "RTR0031033"}, "type": "Feature"}, {"geometry": {"coordinates": [832646.9100000001, 815738.2510000002], "type": "Point"}, "properties": {"DBH": 226, "LU_HMD": "Western", "ROAD_NAME": null, "SPECIES_NAME": null, "TREE_ID": "RTR0031049"}, "type": "Feature"}, {"geometry": {"coordinates": [832655.2609999999, 815732.9360000007], "type": "Point"}, "properties": {"DBH": 111, "LU_HMD": "Western", "ROAD_NAME": null, "SPECIES_NAME": null, "TREE_ID": "RTR0031060"}, "type": "Feature"}, {"geometry": {"coordinates": [832605.1279999996, 815724.2640000004], "type": "Point"}, "properties": {"DBH": 168, "LU_HMD": null, "ROAD_NAME": null, "SPECIES_NAME": null, "TREE_ID": "RTR0033484"}, "type": "Feature"}, {"geometry": {"coordinates": [832609.7699999996, 815724.5250000004], "type": "Point"}, "properties": {"DBH": 323, "LU_HMD": null, "ROAD_NAME": null, "SPECIES_NAME": null, "TREE_ID": "RTR0033485"}, "type": "Feature"}, {"geometry": {"coordinates": [832610.7690000003, 815728.4539999999], "type": "Point"}, "properties": {"DBH": 162, "LU_HMD": null, "ROAD_NAME": null, "SPECIES_NAME": null, "TREE_ID": "RTR0033492"}, "type": "Feature"}, {"geometry": {"coordinates": [832602.5920000002, 815722.6030000001], "type": "Point"}, "properties": {"DBH": 152, "LU_HMD": null, "ROAD_NAME": null, "SPECIES_NAME": null, "TREE_ID": "RTR0033493"}, "type": "Feature"}, {"geometry": {"coordinates": [832604.6869999999, 815733.6449999996], "type": "Point"}, "properties": {"DBH": 178, "LU_HMD": null, "ROAD_NAME": null, "SPECIES_NAME": null, "TREE_ID": "RTR0033505"}, "type": "Feature"}, {"geometry": {"coordinates": [832604.4249999998, 815722.8460000008], "type": "Point"}, "properties": {"DBH": 185, "LU_HMD": null, "ROAD_NAME": null, "SPECIES_NAME": null, "TREE_ID": "RTR0033507"}, "type": "Feature"}, {"geometry": {"coordinates": [833685.8590000002, 815506.5800000001], "type": "Point"}, "properties": {"DBH": 172, "LU_HMD": "Western", "ROAD_NAME": "CONDUIT ROAD", "SPECIES_NAME": null, "TREE_ID": "RTR0034919"}, "type": "Feature"}, {"geometry": {"coordinates": [832614.7829999998, 815725.6329999994], "type": "Point"}, "properties": {"DBH": 105, "LU_HMD": null, "ROAD_NAME": null, "SPECIES_NAME": null, "TREE_ID": "RTR0033473"}, "type": "Feature"}, {"geometry": {"coordinates": [832606.5939999996, 815728.3220000006], "type": "Point"}, "properties": {"DBH": 380, "LU_HMD": null, "ROAD_NAME": null, "SPECIES_NAME": null, "TREE_ID": "RTR0033481"}, "type": "Feature"}, {"geometry": {"coordinates": [833042.9409999996, 816030.2609999999], "type": "Point"}, "properties": {"DBH": 607, "LU_HMD": null, "ROAD_NAME": null, "SPECIES_NAME": null, "TREE_ID": "RTR0034409"}, "type": "Feature"}, {"geometry": {"coordinates": [833592.1780000003, 816037.4230000004], "type": "Point"}, "properties": {"DBH": 127, "LU_HMD": "Central", "ROAD_NAME": null, "SPECIES_NAME": null, "TREE_ID": "RTR0095859"}, "type": "Feature"}, {"geometry": {"coordinates": [832616.6279999996, 815730.0710000005], "type": "Point"}, "properties": {"DBH": 573, "LU_HMD": null, "ROAD_NAME": null, "SPECIES_NAME": null, "TREE_ID": "RTR0033487"}, "type": "Feature"}, {"geometry": {"coordinates": [832617.5420000004, 815730.523], "type": "Point"}, "properties": {"DBH": 206, "LU_HMD": null, "ROAD_NAME": null, "SPECIES_NAME": null, "TREE_ID": "RTR0033500"}, "type": "Feature"}, {"geometry": {"coordinates": [832615.9979999997, 815727.5590000004], "type": "Point"}, "properties": {"DBH": 144, "LU_HMD": null, "ROAD_NAME": null, "SPECIES_NAME": null, "TREE_ID": "RTR0033510"}, "type": "Feature"}, {"geometry": {"coordinates": [832617.2819999997, 815742.2229999993], "type": "Point"}, "properties": {"DBH": 156, "LU_HMD": null, "ROAD_NAME": null, "SPECIES_NAME": null, "TREE_ID": "RTR0033466"}, "type": "Feature"}, {"geometry": {"coordinates": [832620.4900000002, 815742.5370000005], "type": "Point"}, "properties": {"DBH": 105, "LU_HMD": null, "ROAD_NAME": null, "SPECIES_NAME": null, "TREE_ID": "RTR0033477"}, "type": "Feature"}, {"geometry": {"coordinates": [832619.5240000002, 815733.1579999998], "type": "Point"}, "properties": {"DBH": 424, "LU_HMD": null, "ROAD_NAME": null, "SPECIES_NAME": null, "TREE_ID": "RTR0033480"}, "type": "Feature"}, {"geometry": {"coordinates": [832624.5559999999, 815821.5390000008], "type": "Point"}, "properties": {"DBH": 432, "LU_HMD": null, "ROAD_NAME": null, "SPECIES_NAME": null, "TREE_ID": "RTR0033420"}, "type": "Feature"}, {"geometry": {"coordinates": [832633.9519999996, 815825.6309999991], "type": "Point"}, "properties": {"DBH": 111, "LU_HMD": null, "ROAD_NAME": null, "SPECIES_NAME": null, "TREE_ID": "RTR0033458"}, "type": "Feature"}, {"geometry": {"coordinates": [832967.0489999996, 815754.8430000003], "type": "Point"}, "properties": {"DBH": 140, "LU_HMD": "Western", "ROAD_NAME": "PO SHAN ROAD", "SPECIES_NAME": null, "TREE_ID": "RTR0214642"}, "type": "Feature"}, {"geometry": {"coordinates": [832962.7570000002, 815769.0730000008], "type": "Point"}, "properties": {"DBH": 252, "LU_HMD": "Western", "ROAD_NAME": "PO SHAN ROAD", "SPECIES_NAME": null, "TREE_ID": "RTR0213706"}, "type": "Feature"}, {"geometry": {"coordinates": [832955.4699999997, 815764.4489999991], "type": "Point"}, "properties": {"DBH": 280, "LU_HMD": null, "ROAD_NAME": null, "SPECIES_NAME": null, "TREE_ID": "RTR0213712"}, "type": "Feature"}, {"geometry": {"coordinates": [832952.466, 815762.5710000005], "type": "Point"}, "properties": {"DBH": 422, "LU_HMD": null, "ROAD_NAME": null, "SPECIES_NAME": null, "TREE_ID": "RTR0213713"}, "type": "Feature"}, {"geometry": {"coordinates": [832955.2070000004, 815763.5040000007], "type": "Point"}, "properties": {"DBH": 182, "LU_HMD": null, "ROAD_NAME": null, "SPECIES_NAME": null, "TREE_ID": "RTR0213714"}, "type": "Feature"}, {"geometry": {"coordinates": [832960.6380000003, 815771.6879999992], "type": "Point"}, "properties": {"DBH": 240, "LU_HMD": "Western", "ROAD_NAME": "PO SHAN ROAD", "SPECIES_NAME": null, "TREE_ID": "RTR0213715"}, "type": "Feature"}, {"geometry": {"coordinates": [832962.0300000003, 815770.4049999993], "type": "Point"}, "properties": {"DBH": 439, "LU_HMD": "Western", "ROAD_NAME": "PO SHAN ROAD", "SPECIES_NAME": null, "TREE_ID": "RTR0213747"}, "type": "Feature"}, {"geometry": {"coordinates": [832961.8779999996, 815753.9570000004], "type": "Point"}, "properties": {"DBH": 182, "LU_HMD": null, "ROAD_NAME": null, "SPECIES_NAME": null, "TREE_ID": "RTR0214602"}, "type": "Feature"}, {"geometry": {"coordinates": [832952.8959999997, 815750.6710000001], "type": "Point"}, "properties": {"DBH": 133, "LU_HMD": null, "ROAD_NAME": null, "SPECIES_NAME": null, "TREE_ID": "RTR0214605"}, "type": "Feature"}, {"geometry": {"coordinates": [832966.0470000003, 815768.5600000005], "type": "Point"}, "properties": {"DBH": 401, "LU_HMD": "Western", "ROAD_NAME": "PO SHAN ROAD", "SPECIES_NAME": null, "TREE_ID": "RTR0214609"}, "type": "Feature"}, {"geometry": {"coordinates": [832964.0690000001, 815757.1290000007], "type": "Point"}, "properties": {"DBH": 233, "LU_HMD": "Western", "ROAD_NAME": "PO SHAN ROAD", "SPECIES_NAME": null, "TREE_ID": "RTR0214611"}, "type": "Feature"}, {"geometry": {"coordinates": [832958.0310000004, 815756.9000000004], "type": "Point"}, "properties": {"DBH": 280, "LU_HMD": null, "ROAD_NAME": null, "SPECIES_NAME": null, "TREE_ID": "RTR0214613"}, "type": "Feature"}, {"geometry": {"coordinates": [832950.9730000002, 815749.8029999994], "type": "Point"}, "properties": {"DBH": 201, "LU_HMD": null, "ROAD_NAME": null, "SPECIES_NAME": null, "TREE_ID": "RTR0214614"}, "type": "Feature"}, {"geometry": {"coordinates": [832956.233, 815758.1870000008], "type": "Point"}, "properties": {"DBH": 252, "LU_HMD": null, "ROAD_NAME": null, "SPECIES_NAME": null, "TREE_ID": "RTR0214616"}, "type": "Feature"}, {"geometry": {"coordinates": [832955.2130000005, 815747.9399999995], "type": "Point"}, "properties": {"DBH": 99, "LU_HMD": null, "ROAD_NAME": null, "SPECIES_NAME": null, "TREE_ID": "RTR0214617"}, "type": "Feature"}, {"geometry": {"coordinates": [832957.8859999999, 815746.4169999994], "type": "Point"}, "properties": {"DBH": 146, "LU_HMD": null, "ROAD_NAME": null, "SPECIES_NAME": null, "TREE_ID": "RTR0214618"}, "type": "Feature"}, {"geometry": {"coordinates": [832957.0549999997, 815750.1079999991], "type": "Point"}, "properties": {"DBH": 96, "LU_HMD": null, "ROAD_NAME": null, "SPECIES_NAME": null, "TREE_ID": "RTR0214619"}, "type": "Feature"}, {"geometry": {"coordinates": [832721.0549999997, 815754.2369999997], "type": "Point"}, "properties": {"DBH": 137, "LU_HMD": null, "ROAD_NAME": null, "SPECIES_NAME": null, "TREE_ID": "RTR0032749"}, "type": "Feature"}, {"geometry": {"coordinates": [832723.2829999998, 815762.3169999998], "type": "Point"}, "properties": {"DBH": 124, "LU_HMD": null, "ROAD_NAME": null, "SPECIES_NAME": null, "TREE_ID": "RTR0032753"}, "type": "Feature"}, {"geometry": {"coordinates": [832626.4550000001, 815728.3310000002], "type": "Point"}, "properties": {"DBH": 589, "LU_HMD": null, "ROAD_NAME": null, "SPECIES_NAME": null, "TREE_ID": "RTR0033475"}, "type": "Feature"}, {"geometry": {"coordinates": [832958.5659999996, 815761.4839999992], "type": "Point"}, "properties": {"DBH": 182, "LU_HMD": null, "ROAD_NAME": null, "SPECIES_NAME": null, "TREE_ID": "RTR0214624"}, "type": "Feature"}, {"geometry": {"coordinates": [832952.1880000001, 815759.9839999992], "type": "Point"}, "properties": {"DBH": 252, "LU_HMD": null, "ROAD_NAME": null, "SPECIES_NAME": null, "TREE_ID": "RTR0214630"}, "type": "Feature"}, {"geometry": {"coordinates": [832955.8770000003, 815753.6520000007], "type": "Point"}, "properties": {"DBH": 449, "LU_HMD": null, "ROAD_NAME": null, "SPECIES_NAME": null, "TREE_ID": "RTR0214631"}, "type": "Feature"}, {"geometry": {"coordinates": [832965.267, 815751.6720000003], "type": "Point"}, "properties": {"DBH": 99, "LU_HMD": null, "ROAD_NAME": null, "SPECIES_NAME": null, "TREE_ID": "RTR0214632"}, "type": "Feature"}, {"geometry": {"coordinates": [832957.25, 815762.8530000001], "type": "Point"}, "properties": {"DBH": 309, "LU_HMD": null, "ROAD_NAME": null, "SPECIES_NAME": null, "TREE_ID": "RTR0214633"}, "type": "Feature"}, {"geometry": {"coordinates": [832959.1940000001, 815759.9519999996], "type": "Point"}, "properties": {"DBH": 159, "LU_HMD": null, "ROAD_NAME": null, "SPECIES_NAME": null, "TREE_ID": "RTR0214634"}, "type": "Feature"}, {"geometry": {"coordinates": [832961.8300000001, 815749.0390000008], "type": "Point"}, "properties": {"DBH": 280, "LU_HMD": null, "ROAD_NAME": null, "SPECIES_NAME": null, "TREE_ID": "RTR0214635"}, "type": "Feature"}, {"geometry": {"coordinates": [832950.6550000003, 815752.4399999995], "type": "Point"}, "properties": {"DBH": 212, "LU_HMD": null, "ROAD_NAME": null, "SPECIES_NAME": null, "TREE_ID": "RTR0214638"}, "type": "Feature"}, {"geometry": {"coordinates": [832955.1320000002, 815746.3680000007], "type": "Point"}, "properties": {"DBH": 131, "LU_HMD": null, "ROAD_NAME": null, "SPECIES_NAME": null, "TREE_ID": "RTR0214640"}, "type": "Feature"}, {"geometry": {"coordinates": [832959.574, 815747.6410000008], "type": "Point"}, "properties": {"DBH": 210, "LU_HMD": null, "ROAD_NAME": null, "SPECIES_NAME": null, "TREE_ID": "RTR0214643"}, "type": "Feature"}, {"geometry": {"coordinates": [832963.6109999996, 815750.2929999996], "type": "Point"}, "properties": {"DBH": 108, "LU_HMD": null, "ROAD_NAME": null, "SPECIES_NAME": null, "TREE_ID": "RTR0214646"}, "type": "Feature"}, {"geometry": {"coordinates": [832950.4189999998, 815757.3320000004], "type": "Point"}, "properties": {"DBH": 96, "LU_HMD": null, "ROAD_NAME": null, "SPECIES_NAME": null, "TREE_ID": "RTR0214649"}, "type": "Feature"}, {"geometry": {"coordinates": [833401.0080000004, 816046.6469999999], "type": "Point"}, "properties": {"DBH": 398, "LU_HMD": null, "ROAD_NAME": null, "SPECIES_NAME": null, "TREE_ID": "ETR0610017"}, "type": "Feature"}, {"geometry": {"coordinates": [832954.0010000002, 815743.1760000009], "type": "Point"}, "properties": {"DBH": 159, "LU_HMD": null, "ROAD_NAME": null, "SPECIES_NAME": null, "TREE_ID": "RTR0226753"}, "type": "Feature"}, {"geometry": {"coordinates": [832946.5829999996, 815750.3770000003], "type": "Point"}, "properties": {"DBH": 115, "LU_HMD": null, "ROAD_NAME": null, "SPECIES_NAME": null, "TREE_ID": "RTR0226755"}, "type": "Feature"}, {"geometry": {"coordinates": [832944.6030000001, 815756.5950000007], "type": "Point"}, "properties": {"DBH": 147, "LU_HMD": null, "ROAD_NAME": null, "SPECIES_NAME": null, "TREE_ID": "RTR0226763"}, "type": "Feature"}, {"geometry": {"coordinates": [832945.8109999998, 815752.5219999999], "type": "Point"}, "properties": {"DBH": 220, "LU_HMD": null, "ROAD_NAME": null, "SPECIES_NAME": null, "TREE_ID": "RTR0226764"}, "type": "Feature"}, {"geometry": {"coordinates": [832952.5099999998, 815745.5889999997], "type": "Point"}, "properties": {"DBH": 169, "LU_HMD": null, "ROAD_NAME": null, "SPECIES_NAME": null, "TREE_ID": "RTR0226776"}, "type": "Feature"}, {"geometry": {"coordinates": [833070.8600000003, 816016.8310000002], "type": "Point"}, "properties": {"DBH": 146, "LU_HMD": "Western", "ROAD_NAME": null, "SPECIES_NAME": null, "TREE_ID": "RTR0034401"}, "type": "Feature"}, {"geometry": {"coordinates": [833697.0310000004, 815504.7369999997], "type": "Point"}, "properties": {"DBH": 191, "LU_HMD": "Western", "ROAD_NAME": "CONDUIT ROAD", "SPECIES_NAME": null, "TREE_ID": "RTR0034893"}, "type": "Feature"}, {"geometry": {"coordinates": [833700.6579999998, 815502.9550000001], "type": "Point"}, "properties": {"DBH": 134, "LU_HMD": "Western", "ROAD_NAME": "CONDUIT ROAD", "SPECIES_NAME": null, "TREE_ID": "RTR0034895"}, "type": "Feature"}, {"geometry": {"coordinates": [833704.3499999996, 815501.1559999995], "type": "Point"}, "properties": {"DBH": 239, "LU_HMD": "Western", "ROAD_NAME": "CONDUIT ROAD", "SPECIES_NAME": null, "TREE_ID": "RTR0034896"}, "type": "Feature"}, {"geometry": {"coordinates": [833719.665, 815491.1610000003], "type": "Point"}, "properties": {"DBH": 1600, "LU_HMD": "Western", "ROAD_NAME": "CONDUIT ROAD", "SPECIES_NAME": null, "TREE_ID": "RTR0034902"}, "type": "Feature"}, {"geometry": {"coordinates": [833693.2929999996, 815505.4389999993], "type": "Point"}, "properties": {"DBH": 642, "LU_HMD": "Western", "ROAD_NAME": "CONDUIT ROAD", "SPECIES_NAME": null, "TREE_ID": "RTR0034914"}, "type": "Feature"}, {"geometry": {"coordinates": [833424.9510000004, 816054.9199999999], "type": "Point"}, "properties": {"DBH": 256, "LU_HMD": "Western", "ROAD_NAME": null, "SPECIES_NAME": null, "TREE_ID": "ETR0630011"}, "type": "Feature"}, {"geometry": {"coordinates": [832647.79, 815768.8939999994], "type": "Point"}, "properties": {"DBH": 95, "LU_HMD": "Western", "ROAD_NAME": null, "SPECIES_NAME": null, "TREE_ID": "RTR0032627"}, "type": "Feature"}, {"geometry": {"coordinates": [832673.9469999997, 815777.2359999996], "type": "Point"}, "properties": {"DBH": 95, "LU_HMD": "Western", "ROAD_NAME": null, "SPECIES_NAME": null, "TREE_ID": "RTR0032643"}, "type": "Feature"}, {"geometry": {"coordinates": [832649.5880000005, 815768.8650000002], "type": "Point"}, "properties": {"DBH": 95, "LU_HMD": "Western", "ROAD_NAME": null, "SPECIES_NAME": null, "TREE_ID": "RTR0032654"}, "type": "Feature"}, {"geometry": {"coordinates": [832656.2740000002, 815792.4759999998], "type": "Point"}, "properties": {"DBH": 95, "LU_HMD": "Western", "ROAD_NAME": null, "SPECIES_NAME": null, "TREE_ID": "RTR0033467"}, "type": "Feature"}, {"geometry": {"coordinates": [832629.0920000002, 815840.3460000008], "type": "Point"}, "properties": {"DBH": 436, "LU_HMD": "Western", "ROAD_NAME": "KOTEWALL ROAD", "SPECIES_NAME": null, "TREE_ID": "RTR0033113"}, "type": "Feature"}, {"geometry": {"coordinates": [833202.4029999999, 816153.4839999992], "type": "Point"}, "properties": {"DBH": 420, "LU_HMD": "Western", "ROAD_NAME": "POUND LANE", "SPECIES_NAME": null, "TREE_ID": "RTR0033829"}, "type": "Feature"}, {"geometry": {"coordinates": [833195.8020000001, 816189.9030000009], "type": "Point"}, "properties": {"DBH": 625, "LU_HMD": "Western", "ROAD_NAME": " ", "SPECIES_NAME": null, "TREE_ID": "RTR0033855"}, "type": "Feature"}, {"geometry": {"coordinates": [833386.6299999999, 816106.9440000001], "type": "Point"}, "properties": {"DBH": 229, "LU_HMD": "Western", "ROAD_NAME": "KUI IN FONG", "SPECIES_NAME": null, "TREE_ID": "RTR0033841"}, "type": "Feature"}, {"geometry": {"coordinates": [832651.6100000003, 815962.3829999994], "type": "Point"}, "properties": {"DBH": 100, "LU_HMD": "Western", "ROAD_NAME": "BABINGTON PATH", "SPECIES_NAME": null, "TREE_ID": "RTR0033970"}, "type": "Feature"}, {"geometry": {"coordinates": [834012.2659999998, 815671.0120000001], "type": "Point"}, "properties": {"DBH": 258, "LU_HMD": "Central", "ROAD_NAME": "ARBUTHNOT ROAD", "SPECIES_NAME": null, "TREE_ID": "RTR0095920"}, "type": "Feature"}, {"geometry": {"coordinates": [833386.6299999999, 816106.9440000001], "type": "Point"}, "properties": {"DBH": 229, "LU_HMD": "Western", "ROAD_NAME": "KUI IN FONG", "SPECIES_NAME": null, "TREE_ID": "RTR0033841"}, "type": "Feature"}, {"geometry": {"coordinates": [833690.3039999995, 815505.8430000003], "type": "Point"}, "properties": {"DBH": 569, "LU_HMD": "Western", "ROAD_NAME": "CONDUIT ROAD", "SPECIES_NAME": null, "TREE_ID": "RTR0034911"}, "type": "Feature"}, {"geometry": {"coordinates": [832680.5719999997, 815776.9729999993], "type": "Point"}, "properties": {"DBH": 146, "LU_HMD": "Western", "ROAD_NAME": "PO SHAN ROAD", "SPECIES_NAME": null, "TREE_ID": "RTR0032885"}, "type": "Feature"}, {"geometry": {"coordinates": [832637.5539999995, 815774.7719999999], "type": "Point"}, "properties": {"DBH": 178, "LU_HMD": "Western", "ROAD_NAME": "PO SHAN ROAD", "SPECIES_NAME": null, "TREE_ID": "RTR0033273"}, "type": "Feature"}, {"geometry": {"coordinates": [832637.8890000004, 815796.3550000004], "type": "Point"}, "properties": {"DBH": 290, "LU_HMD": "Western", "ROAD_NAME": "PO SHAN ROAD", "SPECIES_NAME": null, "TREE_ID": "RTR0033282"}, "type": "Feature"}, {"geometry": {"coordinates": [832680.8530000001, 815767.2530000005], "type": "Point"}, "properties": {"DBH": 97, "LU_HMD": "Western", "ROAD_NAME": "PO SHAN ROAD", "SPECIES_NAME": null, "TREE_ID": "RTR0032871"}, "type": "Feature"}, {"geometry": {"coordinates": [832898.6809999999, 815737.818], "type": "Point"}, "properties": {"DBH": 283, "LU_HMD": "Western", "ROAD_NAME": "PO SHAN ROAD", "SPECIES_NAME": null, "TREE_ID": "RTR0033541"}, "type": "Feature"}, {"geometry": {"coordinates": [832949.7719999999, 815755.0969999991], "type": "Point"}, "properties": {"DBH": 150, "LU_HMD": null, "ROAD_NAME": null, "SPECIES_NAME": null, "TREE_ID": "RTR0214647"}, "type": "Feature"}, {"geometry": {"coordinates": [833070.8600000003, 816016.8310000002], "type": "Point"}, "properties": {"DBH": 130, "LU_HMD": "Western", "ROAD_NAME": "ROBINSON ROAD", "SPECIES_NAME": null, "TREE_ID": "RTR0034401"}, "type": "Feature"}, {"geometry": {"coordinates": [834063.1239999998, 815585.9149999991], "type": "Point"}, "properties": {"DBH": 189, "LU_HMD": "Peak", "ROAD_NAME": " ", "SPECIES_NAME": null, "TREE_ID": "RTR0207085"}, "type": "Feature"}, {"geometry": {"coordinates": [834159.4009999996, 815601.3910000008], "type": "Point"}, "properties": {"DBH": 180, "LU_HMD": "Central", "ROAD_NAME": "ALBERT PATH", "SPECIES_NAME": null, "TREE_ID": "RTR0097757"}, "type": "Feature"}, {"geometry": {"coordinates": [832655.1799999997, 815754.7870000005], "type": "Point"}, "properties": {"DBH": 150, "LU_HMD": "Western", "ROAD_NAME": "PO SHAN ROAD", "SPECIES_NAME": null, "TREE_ID": "RTR0032095"}, "type": "Feature"}, {"geometry": {"coordinates": [832660.8629999999, 815769.8210000005], "type": "Point"}, "properties": {"DBH": 153, "LU_HMD": "Western", "ROAD_NAME": "PO SHAN ROAD", "SPECIES_NAME": null, "TREE_ID": "RTR0032616"}, "type": "Feature"}, {"geometry": {"coordinates": [832627.7709999997, 815759.1339999996], "type": "Point"}, "properties": {"DBH": 354, "LU_HMD": "Western", "ROAD_NAME": "PO SHAN ROAD", "SPECIES_NAME": null, "TREE_ID": "RTR0032645"}, "type": "Feature"}, {"geometry": {"coordinates": [833382.3590000002, 816058.1970000006], "type": "Point"}, "properties": {"DBH": 143, "LU_HMD": "Western", "ROAD_NAME": " ", "SPECIES_NAME": null, "TREE_ID": "RTR0033622"}, "type": "Feature"}, {"geometry": {"coordinates": [833248.6399999997, 816020.2540000007], "type": "Point"}, "properties": {"DBH": 310, "LU_HMD": "Western", "ROAD_NAME": "SEYMOUR ROAD", "SPECIES_NAME": null, "TREE_ID": "RTR0033635"}, "type": "Feature"}, {"geometry": {"coordinates": [834256.9869999997, 815644.3059999999], "type": "Point"}, "properties": {"DBH": 175, "LU_HMD": "Central", "ROAD_NAME": "ICE HOUSE STREET", "SPECIES_NAME": null, "TREE_ID": "RTR0098690"}, "type": "Feature"}, {"geometry": {"coordinates": [832868.8360000001, 815738.4890000001], "type": "Point"}, "properties": {"DBH": 115, "LU_HMD": "Western", "ROAD_NAME": "PO SHAN ROAD", "SPECIES_NAME": null, "TREE_ID": "RTR0032976"}, "type": "Feature"}, {"geometry": {"coordinates": [832969.9029999999, 815996.0189999994], "type": "Point"}, "properties": {"DBH": 169, "LU_HMD": "Western", "ROAD_NAME": "ROAD 45042 NEAR ROBINSON ROAD (TEMPORARY)", "SPECIES_NAME": null, "TREE_ID": "RTR0210174"}, "type": "Feature"}, {"geometry": {"coordinates": [832649.119, 815774.4399999995], "type": "Point"}, "properties": {"DBH": 131, "LU_HMD": "Western", "ROAD_NAME": "PO SHAN ROAD", "SPECIES_NAME": null, "TREE_ID": "RTR0033307"}, "type": "Feature"}, {"geometry": {"coordinates": [832676.2010000004, 815767.9550000001], "type": "Point"}, "properties": {"DBH": 373, "LU_HMD": "Western", "ROAD_NAME": "PO SHAN ROAD", "SPECIES_NAME": null, "TREE_ID": "RTR0032909"}, "type": "Feature"}, {"geometry": {"coordinates": [832629.0920000002, 815840.3460000008], "type": "Point"}, "properties": {"DBH": 436, "LU_HMD": "Western", "ROAD_NAME": "KOTEWALL ROAD", "SPECIES_NAME": null, "TREE_ID": "RTR0033113"}, "type": "Feature"}, {"geometry": {"coordinates": [832626.4749999996, 815826.1500000004], "type": "Point"}, "properties": {"DBH": 217, "LU_HMD": "Western", "ROAD_NAME": "KOTEWALL ROAD", "SPECIES_NAME": null, "TREE_ID": "RTR0033432"}, "type": "Feature"}, {"geometry": {"coordinates": [832628.5389999999, 815823.2770000007], "type": "Point"}, "properties": {"DBH": 287, "LU_HMD": "Western", "ROAD_NAME": "KOTEWALL ROAD", "SPECIES_NAME": null, "TREE_ID": "RTR0033453"}, "type": "Feature"}, {"geometry": {"coordinates": [832617.8779999996, 815818.6459999997], "type": "Point"}, "properties": {"DBH": 456, "LU_HMD": "Western", "ROAD_NAME": "KOTEWALL ROAD", "SPECIES_NAME": null, "TREE_ID": "RTR0033539"}, "type": "Feature"}, {"geometry": {"coordinates": [834350.818, 815687.023], "type": "Point"}, "properties": {"DBH": 153, "LU_HMD": "Central", "ROAD_NAME": " ", "SPECIES_NAME": null, "TREE_ID": "RTR0102099"}, "type": "Feature"}, {"geometry": {"coordinates": [832990.2790000001, 815985.5250000004], "type": "Point"}, "properties": {"DBH": 213, "LU_HMD": null, "ROAD_NAME": null, "SPECIES_NAME": null, "TREE_ID": "RTR0034056"}, "type": "Feature"}, {"geometry": {"coordinates": [832979.3739999998, 815969.9049999993], "type": "Point"}, "properties": {"DBH": 1394, "LU_HMD": null, "ROAD_NAME": null, "SPECIES_NAME": null, "TREE_ID": "RTR0034065"}, "type": "Feature"}, {"geometry": {"coordinates": [832662.9170000004, 815792.0739999991], "type": "Point"}, "properties": {"DBH": 257, "LU_HMD": "Western", "ROAD_NAME": "PO SHAN ROAD", "SPECIES_NAME": null, "TREE_ID": "RTR0033474"}, "type": "Feature"}, {"geometry": {"coordinates": [832664.7759999996, 815745.7990000006], "type": "Point"}, "properties": {"DBH": 242, "LU_HMD": "Western", "ROAD_NAME": "PO SHAN ROAD", "SPECIES_NAME": null, "TREE_ID": "RTR0031031"}, "type": "Feature"}, {"geometry": {"coordinates": [832668.301, 815794.1030000001], "type": "Point"}, "properties": {"DBH": 318, "LU_HMD": "Western", "ROAD_NAME": "PO SHAN ROAD", "SPECIES_NAME": null, "TREE_ID": "RTR0033498"}, "type": "Feature"}, {"geometry": {"coordinates": [832655.2630000003, 815742.3129999992], "type": "Point"}, "properties": {"DBH": 115, "LU_HMD": "Western", "ROAD_NAME": "PO SHAN ROAD", "SPECIES_NAME": null, "TREE_ID": "RTR0031047"}, "type": "Feature"}, {"geometry": {"coordinates": [832671.7790000001, 815745.2559999991], "type": "Point"}, "properties": {"DBH": 150, "LU_HMD": "Western", "ROAD_NAME": "PO SHAN ROAD", "SPECIES_NAME": null, "TREE_ID": "RTR0031058"}, "type": "Feature"}, {"geometry": {"coordinates": [832856.2999999998, 815739.1349999998], "type": "Point"}, "properties": {"DBH": 99, "LU_HMD": "Western", "ROAD_NAME": "PO SHAN ROAD", "SPECIES_NAME": null, "TREE_ID": "RTR0032992"}, "type": "Feature"}, {"geometry": {"coordinates": [832932.3229999999, 815842.8169999998], "type": "Point"}, "properties": {"DBH": 180, "LU_HMD": "Western", "ROAD_NAME": "PO SHAN ROAD", "SPECIES_NAME": null, "TREE_ID": "RTR0033010"}, "type": "Feature"}, {"geometry": {"coordinates": [832720.818, 815769.7829999998], "type": "Point"}, "properties": {"DBH": 115, "LU_HMD": "Western", "ROAD_NAME": "PO SHAN ROAD", "SPECIES_NAME": null, "TREE_ID": "RTR0032740"}, "type": "Feature"}, {"geometry": {"coordinates": [834419.6069999998, 815665.0969999991], "type": "Point"}, "properties": {"DBH": 175, "LU_HMD": "Central", "ROAD_NAME": " ", "SPECIES_NAME": null, "TREE_ID": "RTR0102078"}, "type": "Feature"}, {"geometry": {"coordinates": [833401.0750000002, 816123.3310000002], "type": "Point"}, "properties": {"DBH": 662, "LU_HMD": "Western", "ROAD_NAME": " ", "SPECIES_NAME": null, "TREE_ID": "RTR0033831"}, "type": "Feature"}, {"geometry": {"coordinates": [833070.4620000003, 816016.4169999994], "type": "Point"}, "properties": {"DBH": 130, "LU_HMD": "Western", "ROAD_NAME": "ROBINSON ROAD", "SPECIES_NAME": null, "TREE_ID": "RTR0034401"}, "type": "Feature"}, {"geometry": {"coordinates": [833017.8710000003, 816232.1319999993], "type": "Point"}, "properties": {"DBH": 750, "LU_HMD": "Western", "ROAD_NAME": " ", "SPECIES_NAME": null, "TREE_ID": "RTR0033942"}, "type": "Feature"}, {"geometry": {"coordinates": [834007.9000000004, 815665.6999999993], "type": "Point"}, "properties": {"DBH": 180, "LU_HMD": "Central", "ROAD_NAME": null, "SPECIES_NAME": null, "TREE_ID": "ETR0000286"}, "type": "Feature"}, {"geometry": {"coordinates": [833985.6799999997, 815638.4910000004], "type": "Point"}, "properties": {"DBH": 605, "LU_HMD": "Central", "ROAD_NAME": "ARBUTHNOT ROAD", "SPECIES_NAME": null, "TREE_ID": "RTR0095929"}, "type": "Feature"}, {"geometry": {"coordinates": [834172.3289999999, 815598.9289999995], "type": "Point"}, "properties": {"DBH": 255, "LU_HMD": "Central", "ROAD_NAME": "ALBERT PATH", "SPECIES_NAME": null, "TREE_ID": "RTR0098226"}, "type": "Feature"}, {"geometry": {"coordinates": [834018.2810000004, 815809.7929999996], "type": "Point"}, "properties": {"DBH": 232, "LU_HMD": "Central", "ROAD_NAME": "WING WAH LANE", "SPECIES_NAME": null, "TREE_ID": "RTR0095955"}, "type": "Feature"}, {"geometry": {"coordinates": [833006.057, 816232.8859999999], "type": "Point"}, "properties": {"DBH": 732, "LU_HMD": "Western", "ROAD_NAME": " ", "SPECIES_NAME": null, "TREE_ID": "RTR0033962"}, "type": "Feature"}, {"geometry": {"coordinates": [833403.6459999997, 816132.7579999994], "type": "Point"}, "properties": {"DBH": 545, "LU_HMD": "Western", "ROAD_NAME": " ", "SPECIES_NAME": null, "TREE_ID": "RTR0033819"}, "type": "Feature"}, {"geometry": {"coordinates": [834166.9869999997, 815654.5399999991], "type": "Point"}, "properties": {"DBH": 210, "LU_HMD": "Central", "ROAD_NAME": "ICE HOUSE STREET", "SPECIES_NAME": null, "TREE_ID": "RTR0098047"}, "type": "Feature"}, {"geometry": {"coordinates": [833202.4029999999, 816153.4839999992], "type": "Point"}, "properties": {"DBH": 711, "LU_HMD": "Western", "ROAD_NAME": " ", "SPECIES_NAME": null, "TREE_ID": "RTR0033829"}, "type": "Feature"}, {"geometry": {"coordinates": [833086.2609999999, 816181.8379999995], "type": "Point"}, "properties": {"DBH": 1150, "LU_HMD": "Western", "ROAD_NAME": "HIGH STREET", "SPECIES_NAME": null, "TREE_ID": "RTR0033918"}, "type": "Feature"}, {"geometry": {"coordinates": [832638.176, 815828.9100000001], "type": "Point"}, "properties": {"DBH": 160, "LU_HMD": "Western", "ROAD_NAME": "KOTEWALL ROAD", "SPECIES_NAME": null, "TREE_ID": "RTR0033417"}, "type": "Feature"}, {"geometry": {"coordinates": [832711.983, 815684.6300000008], "type": "Point"}, "properties": {"DBH": 189, "LU_HMD": "Western", "ROAD_NAME": "PO SHAN ROAD", "SPECIES_NAME": null, "TREE_ID": "RTR0032547"}, "type": "Feature"}, {"geometry": {"coordinates": [832725.6459999997, 815606.5179999992], "type": "Point"}, "properties": {"DBH": 180, "LU_HMD": "Western", "ROAD_NAME": "PO SHAN ROAD", "SPECIES_NAME": null, "TREE_ID": "RTR0033809"}, "type": "Feature"}, {"geometry": {"coordinates": [832729.2989999996, 815633.9629999995], "type": "Point"}, "properties": {"DBH": 108, "LU_HMD": "Western", "ROAD_NAME": "PO SHAN ROAD", "SPECIES_NAME": null, "TREE_ID": "RTR0033743"}, "type": "Feature"}, {"geometry": {"coordinates": [832746.3720000004, 815664.3320000004], "type": "Point"}, "properties": {"DBH": 96, "LU_HMD": "Western", "ROAD_NAME": "PO SHAN ROAD", "SPECIES_NAME": null, "TREE_ID": "RTR0032931"}, "type": "Feature"}, {"geometry": {"coordinates": [832768.9699999997, 815620.9839999992], "type": "Point"}, "properties": {"DBH": 143, "LU_HMD": "Western", "ROAD_NAME": "PO SHAN ROAD", "SPECIES_NAME": null, "TREE_ID": "RTR0033768"}, "type": "Feature"}, {"geometry": {"coordinates": [832741.5970000001, 815668.2980000004], "type": "Point"}, "properties": {"DBH": 96, "LU_HMD": "Western", "ROAD_NAME": "PO SHAN ROAD", "SPECIES_NAME": null, "TREE_ID": "RTR0032958"}, "type": "Feature"}, {"geometry": {"coordinates": [832729.3269999996, 815697.3819999993], "type": "Point"}, "properties": {"DBH": 99, "LU_HMD": "Western", "ROAD_NAME": "PO SHAN ROAD", "SPECIES_NAME": null, "TREE_ID": "RTR0031548"}, "type": "Feature"}, {"geometry": {"coordinates": [832664.4129999997, 815682.7339999992], "type": "Point"}, "properties": {"DBH": 99, "LU_HMD": "Western", "ROAD_NAME": "PO SHAN ROAD", "SPECIES_NAME": null, "TREE_ID": "RTR0031561"}, "type": "Feature"}, {"geometry": {"coordinates": [832697.0149999997, 815709.7620000001], "type": "Point"}, "properties": {"DBH": 115, "LU_HMD": "Western", "ROAD_NAME": "PO SHAN ROAD", "SPECIES_NAME": null, "TREE_ID": "RTR0032445"}, "type": "Feature"}, {"geometry": {"coordinates": [833396.0959999999, 816041.8440000005], "type": "Point"}, "properties": {"DBH": 223, "LU_HMD": "Western", "ROAD_NAME": " ", "SPECIES_NAME": null, "TREE_ID": "RTR0033637"}, "type": "Feature"}, {"geometry": {"coordinates": [832749.8859999999, 815670.5999999996], "type": "Point"}, "properties": {"DBH": 223, "LU_HMD": "Western", "ROAD_NAME": "PO SHAN ROAD", "SPECIES_NAME": null, "TREE_ID": "RTR0033044"}, "type": "Feature"}, {"geometry": {"coordinates": [832727.3059999999, 815659.8859999999], "type": "Point"}, "properties": {"DBH": 96, "LU_HMD": "Western", "ROAD_NAME": "PO SHAN ROAD", "SPECIES_NAME": null, "TREE_ID": "RTR0033169"}, "type": "Feature"}, {"geometry": {"coordinates": [832776.0269999998, 815634.023], "type": "Point"}, "properties": {"DBH": 146, "LU_HMD": "Western", "ROAD_NAME": "PO SHAN ROAD", "SPECIES_NAME": null, "TREE_ID": "RTR0033891"}, "type": "Feature"}, {"geometry": {"coordinates": [832747.7719999999, 815681.1420000009], "type": "Point"}, "properties": {"DBH": 115, "LU_HMD": "Western", "ROAD_NAME": "PO SHAN ROAD", "SPECIES_NAME": null, "TREE_ID": "RTR0032775"}, "type": "Feature"}, {"geometry": {"coordinates": [832750.7920000004, 815594.0030000005], "type": "Point"}, "properties": {"DBH": 156, "LU_HMD": "Western", "ROAD_NAME": "PO SHAN ROAD", "SPECIES_NAME": null, "TREE_ID": "RTR0034334"}, "type": "Feature"}, {"geometry": {"coordinates": [834188.5480000004, 815618.4829999991], "type": "Point"}, "properties": {"DBH": 225, "LU_HMD": "Central", "ROAD_NAME": "ICE HOUSE STREET", "SPECIES_NAME": null, "TREE_ID": "RTR0098011"}, "type": "Feature"}, {"geometry": {"coordinates": [834250.7479999997, 815624.0830000006], "type": "Point"}, "properties": {"DBH": 267, "LU_HMD": "Central", "ROAD_NAME": "ICE HOUSE STREET", "SPECIES_NAME": null, "TREE_ID": "RTR0097751"}, "type": "Feature"}, {"geometry": {"coordinates": [834168.5729999999, 815594.7660000008], "type": "Point"}, "properties": {"DBH": 366, "LU_HMD": "Central", "ROAD_NAME": "ALBERT PATH", "SPECIES_NAME": null, "TREE_ID": "RTR0098211"}, "type": "Feature"}, {"geometry": {"coordinates": [832719.3059999999, 815606.2039999999], "type": "Point"}, "properties": {"DBH": 226, "LU_HMD": "Western", "ROAD_NAME": "PO SHAN ROAD", "SPECIES_NAME": null, "TREE_ID": "RTR0033914"}, "type": "Feature"}, {"geometry": {"coordinates": [832741.96, 815678.1850000005], "type": "Point"}, "properties": {"DBH": 136, "LU_HMD": "Western", "ROAD_NAME": "PO SHAN ROAD", "SPECIES_NAME": null, "TREE_ID": "RTR0032791"}, "type": "Feature"}, {"geometry": {"coordinates": [834200.6890000002, 815615.4000000004], "type": "Point"}, "properties": {"DBH": 102, "LU_HMD": "Central", "ROAD_NAME": "ICE HOUSE STREET", "SPECIES_NAME": null, "TREE_ID": "RTR0097895"}, "type": "Feature"}, {"geometry": {"coordinates": [834344.9819999998, 815457.7190000005], "type": "Point"}, "properties": {"DBH": 207, "LU_HMD": "Central", "ROAD_NAME": "UPPER ALBERT ROAD", "SPECIES_NAME": null, "TREE_ID": "RTR0098637"}, "type": "Feature"}, {"geometry": {"coordinates": [832983.5539999995, 815977.9010000005], "type": "Point"}, "properties": {"DBH": 127, "LU_HMD": null, "ROAD_NAME": null, "SPECIES_NAME": null, "TREE_ID": "RTR0034026"}, "type": "Feature"}, {"geometry": {"coordinates": [834202.2309999997, 815607.5920000002], "type": "Point"}, "properties": {"DBH": 343, "LU_HMD": "Central", "ROAD_NAME": "ICE HOUSE STREET", "SPECIES_NAME": null, "TREE_ID": "RTR0097870"}, "type": "Feature"}, {"geometry": {"coordinates": [834237.6660000002, 815632.2259999998], "type": "Point"}, "properties": {"DBH": 191, "LU_HMD": "Central", "ROAD_NAME": "ICE HOUSE STREET", "SPECIES_NAME": null, "TREE_ID": "RTR0098536"}, "type": "Feature"}, {"geometry": {"coordinates": [834270.8049999997, 815641.5050000008], "type": "Point"}, "properties": {"DBH": 127, "LU_HMD": "Central", "ROAD_NAME": "ICE HOUSE STREET", "SPECIES_NAME": null, "TREE_ID": "RTR0097735"}, "type": "Feature"}, {"geometry": {"coordinates": [834141.4069999997, 815606.3059999999], "type": "Point"}, "properties": {"DBH": 162, "LU_HMD": "Central", "ROAD_NAME": "ALBERT PATH", "SPECIES_NAME": null, "TREE_ID": "RTR0097352"}, "type": "Feature"}, {"geometry": {"coordinates": [832611.3830000004, 815731.6410000008], "type": "Point"}, "properties": {"DBH": 315, "LU_HMD": null, "ROAD_NAME": null, "SPECIES_NAME": null, "TREE_ID": "RTR0033483"}, "type": "Feature"}, {"geometry": {"coordinates": [833710.7139999997, 815497.5109999999], "type": "Point"}, "properties": {"DBH": 392, "LU_HMD": "Western", "ROAD_NAME": "CONDUIT ROAD", "SPECIES_NAME": null, "TREE_ID": "RTR0034913"}, "type": "Feature"}, {"geometry": {"coordinates": [832935.2910000002, 815877.0930000003], "type": "Point"}, "properties": {"DBH": 197, "LU_HMD": "Western", "ROAD_NAME": "PO SHAN ROAD", "SPECIES_NAME": null, "TREE_ID": "RTR0034035"}, "type": "Feature"}, {"geometry": {"coordinates": [834199.8329999996, 815617.8320000004], "type": "Point"}, "properties": {"DBH": 232, "LU_HMD": "Central", "ROAD_NAME": "ICE HOUSE STREET", "SPECIES_NAME": null, "TREE_ID": "RTR0097891"}, "type": "Feature"}, {"geometry": {"coordinates": [832968.358, 815762.3829999994], "type": "Point"}, "properties": {"DBH": 159, "LU_HMD": "Western", "ROAD_NAME": "PO SHAN ROAD", "SPECIES_NAME": null, "TREE_ID": "RTR0230200"}, "type": "Feature"}, {"geometry": {"coordinates": [832682.8360000001, 815757.5899999999], "type": "Point"}, "properties": {"DBH": 118, "LU_HMD": "Western", "ROAD_NAME": "PO SHAN ROAD", "SPECIES_NAME": null, "TREE_ID": "RTR0032194"}, "type": "Feature"}, {"geometry": {"coordinates": [834446.3720000004, 815652.3330000006], "type": "Point"}, "properties": {"DBH": 159, "LU_HMD": "Central", "ROAD_NAME": " ", "SPECIES_NAME": null, "TREE_ID": "RTR0098556"}, "type": "Feature"}, {"geometry": {"coordinates": [834452.7999999998, 815652.3579999991], "type": "Point"}, "properties": {"DBH": 310, "LU_HMD": "Central", "ROAD_NAME": " ", "SPECIES_NAME": null, "TREE_ID": "RTR0102061"}, "type": "Feature"}, {"geometry": {"coordinates": [834426.3590000002, 815664.3859999999], "type": "Point"}, "properties": {"DBH": 111, "LU_HMD": "Central", "ROAD_NAME": " ", "SPECIES_NAME": null, "TREE_ID": "RTR0102080"}, "type": "Feature"}, {"geometry": {"coordinates": [834165.6880000001, 815592.1769999992], "type": "Point"}, "properties": {"DBH": 137, "LU_HMD": "Central", "ROAD_NAME": "ALBERT PATH", "SPECIES_NAME": null, "TREE_ID": "RTR0097339"}, "type": "Feature"}, {"geometry": {"coordinates": [832763.6459999997, 815728.5810000002], "type": "Point"}, "properties": {"DBH": 140, "LU_HMD": "Western", "ROAD_NAME": "PO SHAN ROAD", "SPECIES_NAME": null, "TREE_ID": "RTR0032463"}, "type": "Feature"}, {"geometry": {"coordinates": [833003.932, 815989.6600000001], "type": "Point"}, "properties": {"DBH": 280, "LU_HMD": null, "ROAD_NAME": null, "SPECIES_NAME": null, "TREE_ID": "RTR0033583"}, "type": "Feature"}, {"geometry": {"coordinates": [832777.5369999995, 815667.9230000004], "type": "Point"}, "properties": {"DBH": 96, "LU_HMD": "Western", "ROAD_NAME": "PO SHAN ROAD", "SPECIES_NAME": null, "TREE_ID": "RTR0033053"}, "type": "Feature"}, {"geometry": {"coordinates": [832965.5250000004, 815757.1290000007], "type": "Point"}, "properties": {"DBH": 411, "LU_HMD": "Western", "ROAD_NAME": "PO SHAN ROAD", "SPECIES_NAME": null, "TREE_ID": "RTR0214607"}, "type": "Feature"}, {"geometry": {"coordinates": [832949.5480000004, 815760.6070000008], "type": "Point"}, "properties": {"DBH": 309, "LU_HMD": null, "ROAD_NAME": null, "SPECIES_NAME": null, "TREE_ID": "RTR0213709"}, "type": "Feature"}, {"geometry": {"coordinates": [833055.085, 816229.648], "type": "Point"}, "properties": {"DBH": 860, "LU_HMD": "Western", "ROAD_NAME": " ", "SPECIES_NAME": null, "TREE_ID": "RTR0033960"}, "type": "Feature"}, {"geometry": {"coordinates": [832741.1210000003, 815599.6699999999], "type": "Point"}, "properties": {"DBH": 128, "LU_HMD": "Western", "ROAD_NAME": "PO SHAN ROAD", "SPECIES_NAME": null, "TREE_ID": "RTR0034104"}, "type": "Feature"}, {"geometry": {"coordinates": [832750.6730000004, 815664.4260000009], "type": "Point"}, "properties": {"DBH": 137, "LU_HMD": "Western", "ROAD_NAME": "PO SHAN ROAD", "SPECIES_NAME": null, "TREE_ID": "RTR0033018"}, "type": "Feature"}, {"geometry": {"coordinates": [832768.773, 815622.8450000007], "type": "Point"}, "properties": {"DBH": 96, "LU_HMD": "Western", "ROAD_NAME": "PO SHAN ROAD", "SPECIES_NAME": null, "TREE_ID": "RTR0033801"}, "type": "Feature"}, {"geometry": {"coordinates": [832752.7719999999, 815716.5559999999], "type": "Point"}, "properties": {"DBH": 178, "LU_HMD": "Western", "ROAD_NAME": "PO SHAN ROAD", "SPECIES_NAME": null, "TREE_ID": "RTR0032574"}, "type": "Feature"}, {"geometry": {"coordinates": [832762.119, 815600.2109999992], "type": "Point"}, "properties": {"DBH": 105, "LU_HMD": "Western", "ROAD_NAME": "PO SHAN ROAD", "SPECIES_NAME": null, "TREE_ID": "RTR0033684"}, "type": "Feature"}, {"geometry": {"coordinates": [832744.6909999996, 815600.8039999995], "type": "Point"}, "properties": {"DBH": 102, "LU_HMD": "Western", "ROAD_NAME": "PO SHAN ROAD", "SPECIES_NAME": null, "TREE_ID": "RTR0034361"}, "type": "Feature"}, {"geometry": {"coordinates": [832688.915, 815656.1449999996], "type": "Point"}, "properties": {"DBH": 187, "LU_HMD": "Western", "ROAD_NAME": "PO SHAN ROAD", "SPECIES_NAME": null, "TREE_ID": "RTR0032821"}, "type": "Feature"}, {"geometry": {"coordinates": [832694.869, 815649.125], "type": "Point"}, "properties": {"DBH": 287, "LU_HMD": "Western", "ROAD_NAME": "PO SHAN ROAD", "SPECIES_NAME": null, "TREE_ID": "RTR0032830"}, "type": "Feature"}, {"geometry": {"coordinates": [832714.8169999998, 815673.6669999994], "type": "Point"}, "properties": {"DBH": 194, "LU_HMD": "Western", "ROAD_NAME": "PO SHAN ROAD", "SPECIES_NAME": null, "TREE_ID": "RTR0032837"}, "type": "Feature"}, {"geometry": {"coordinates": [832716.6200000001, 815669.0270000007], "type": "Point"}, "properties": {"DBH": 162, "LU_HMD": "Western", "ROAD_NAME": "PO SHAN ROAD", "SPECIES_NAME": null, "TREE_ID": "RTR0032863"}, "type": "Feature"}, {"geometry": {"coordinates": [832720.9850000003, 815696.7819999997], "type": "Point"}, "properties": {"DBH": 143, "LU_HMD": "Western", "ROAD_NAME": "PO SHAN ROAD", "SPECIES_NAME": null, "TREE_ID": "RTR0031523"}, "type": "Feature"}, {"geometry": {"coordinates": [832705.6409999998, 815689.284], "type": "Point"}, "properties": {"DBH": 115, "LU_HMD": "Western", "ROAD_NAME": "PO SHAN ROAD", "SPECIES_NAME": null, "TREE_ID": "RTR0031532"}, "type": "Feature"}, {"geometry": {"coordinates": [832746.4979999997, 815608.0120000001], "type": "Point"}, "properties": {"DBH": 121, "LU_HMD": "Western", "ROAD_NAME": "PO SHAN ROAD", "SPECIES_NAME": null, "TREE_ID": "RTR0033790"}, "type": "Feature"}, {"geometry": {"coordinates": [832719.551, 815597.7109999992], "type": "Point"}, "properties": {"DBH": 223, "LU_HMD": "Western", "ROAD_NAME": "PO SHAN ROAD", "SPECIES_NAME": null, "TREE_ID": "RTR0033770"}, "type": "Feature"}, {"geometry": {"coordinates": [834242.1210000003, 815625.8570000008], "type": "Point"}, "properties": {"DBH": 220, "LU_HMD": "Central", "ROAD_NAME": "ICE HOUSE STREET", "SPECIES_NAME": null, "TREE_ID": "RTR0098519"}, "type": "Feature"}, {"geometry": {"coordinates": [834290.6380000003, 815636.5], "type": "Point"}, "properties": {"DBH": 102, "LU_HMD": "Central", "ROAD_NAME": "ICE HOUSE STREET", "SPECIES_NAME": null, "TREE_ID": "RTR0097727"}, "type": "Feature"}, {"geometry": {"coordinates": [834218.8480000002, 815622.7200000007], "type": "Point"}, "properties": {"DBH": 164, "LU_HMD": "Central", "ROAD_NAME": "ICE HOUSE STREET", "SPECIES_NAME": null, "TREE_ID": "RTR0097878"}, "type": "Feature"}, {"geometry": {"coordinates": [834185.8779999996, 815625.1339999996], "type": "Point"}, "properties": {"DBH": 219, "LU_HMD": "Central", "ROAD_NAME": "ICE HOUSE STREET", "SPECIES_NAME": null, "TREE_ID": "RTR0098007"}, "type": "Feature"}, {"geometry": {"coordinates": [834170.4720000001, 815632.2070000004], "type": "Point"}, "properties": {"DBH": 127, "LU_HMD": "Central", "ROAD_NAME": "ICE HOUSE STREET", "SPECIES_NAME": null, "TREE_ID": "RTR0098028"}, "type": "Feature"}, {"geometry": {"coordinates": [834167.8839999996, 815610.8279999997], "type": "Point"}, "properties": {"DBH": 170, "LU_HMD": "Central", "ROAD_NAME": "LOWER ALBERT ROAD", "SPECIES_NAME": null, "TREE_ID": "RTR0098209"}, "type": "Feature"}, {"geometry": {"coordinates": [832691.2620000001, 815759.1079999991], "type": "Point"}, "properties": {"DBH": 96, "LU_HMD": "Western", "ROAD_NAME": "PO SHAN ROAD", "SPECIES_NAME": null, "TREE_ID": "RTR0032907"}, "type": "Feature"}, {"geometry": {"coordinates": [832768.307, 815658.6980000008], "type": "Point"}, "properties": {"DBH": 376, "LU_HMD": "Western", "ROAD_NAME": "PO SHAN ROAD", "SPECIES_NAME": null, "TREE_ID": "RTR0031743"}, "type": "Feature"}, {"geometry": {"coordinates": [832718.1749999998, 815715.3920000009], "type": "Point"}, "properties": {"DBH": 229, "LU_HMD": "Western", "ROAD_NAME": "PO SHAN ROAD", "SPECIES_NAME": null, "TREE_ID": "RTR0032455"}, "type": "Feature"}, {"geometry": {"coordinates": [834281.1639999999, 815648.9179999996], "type": "Point"}, "properties": {"DBH": 201, "LU_HMD": "Central", "ROAD_NAME": "ICE HOUSE STREET", "SPECIES_NAME": null, "TREE_ID": "RTR0097178"}, "type": "Feature"}, {"geometry": {"coordinates": [834177.4639999997, 815632.6319999993], "type": "Point"}, "properties": {"DBH": 198, "LU_HMD": "Central", "ROAD_NAME": "ICE HOUSE STREET", "SPECIES_NAME": null, "TREE_ID": "RTR0098050"}, "type": "Feature"}, {"geometry": {"coordinates": [834260.1610000003, 815650.7200000007], "type": "Point"}, "properties": {"DBH": 280, "LU_HMD": "Central", "ROAD_NAME": "ICE HOUSE STREET", "SPECIES_NAME": null, "TREE_ID": "RTR0098509"}, "type": "Feature"}, {"geometry": {"coordinates": [834242.057, 815634.4780000001], "type": "Point"}, "properties": {"DBH": 185, "LU_HMD": "Central", "ROAD_NAME": "ICE HOUSE STREET", "SPECIES_NAME": null, "TREE_ID": "RTR0098524"}, "type": "Feature"}, {"geometry": {"coordinates": [834199.5020000003, 815616.8920000009], "type": "Point"}, "properties": {"DBH": 250, "LU_HMD": "Central", "ROAD_NAME": "ICE HOUSE STREET", "SPECIES_NAME": null, "TREE_ID": "RTR0097874"}, "type": "Feature"}, {"geometry": {"coordinates": [834268.5930000003, 815635.6809999999], "type": "Point"}, "properties": {"DBH": 204, "LU_HMD": "Central", "ROAD_NAME": "ICE HOUSE STREET", "SPECIES_NAME": null, "TREE_ID": "RTR0097746"}, "type": "Feature"}, {"geometry": {"coordinates": [832740.0939999996, 815725.2579999994], "type": "Point"}, "properties": {"DBH": 137, "LU_HMD": "Western", "ROAD_NAME": "PO SHAN ROAD", "SPECIES_NAME": null, "TREE_ID": "RTR0032599"}, "type": "Feature"}, {"geometry": {"coordinates": [832737.0080000004, 815724.2029999997], "type": "Point"}, "properties": {"DBH": 137, "LU_HMD": "Western", "ROAD_NAME": "PO SHAN ROAD", "SPECIES_NAME": null, "TREE_ID": "RTR0032603"}, "type": "Feature"}, {"geometry": {"coordinates": [834170.1780000003, 815599.284], "type": "Point"}, "properties": {"DBH": 201, "LU_HMD": "Central", "ROAD_NAME": "ALBERT PATH", "SPECIES_NAME": null, "TREE_ID": "RTR0098215"}, "type": "Feature"}, {"geometry": {"coordinates": [834136.5070000002, 815612.9340000004], "type": "Point"}, "properties": {"DBH": 129, "LU_HMD": "Central", "ROAD_NAME": "ALBERT PATH", "SPECIES_NAME": null, "TREE_ID": "RTR0097342"}, "type": "Feature"}, {"geometry": {"coordinates": [832757.6849999996, 815639.1469999999], "type": "Point"}, "properties": {"DBH": 290, "LU_HMD": "Western", "ROAD_NAME": "PO SHAN ROAD", "SPECIES_NAME": null, "TREE_ID": "RTR0033884"}, "type": "Feature"}, {"geometry": {"coordinates": [832749.2529999996, 815708.9839999992], "type": "Point"}, "properties": {"DBH": 105, "LU_HMD": "Western", "ROAD_NAME": "PO SHAN ROAD", "SPECIES_NAME": null, "TREE_ID": "RTR0032590"}, "type": "Feature"}, {"geometry": {"coordinates": [832712.9450000003, 815609.3629999999], "type": "Point"}, "properties": {"DBH": 131, "LU_HMD": "Western", "ROAD_NAME": "PO SHAN ROAD", "SPECIES_NAME": null, "TREE_ID": "RTR0033905"}, "type": "Feature"}, {"geometry": {"coordinates": [832719.9790000003, 815652.9039999992], "type": "Point"}, "properties": {"DBH": 112, "LU_HMD": "Western", "ROAD_NAME": "PO SHAN ROAD", "SPECIES_NAME": null, "TREE_ID": "RTR0033191"}, "type": "Feature"}, {"geometry": {"coordinates": [832754.432, 815677.9550000001], "type": "Point"}, "properties": {"DBH": 159, "LU_HMD": "Western", "ROAD_NAME": "PO SHAN ROAD", "SPECIES_NAME": null, "TREE_ID": "RTR0032776"}, "type": "Feature"}, {"geometry": {"coordinates": [832734.8279999997, 815599.1569999997], "type": "Point"}, "properties": {"DBH": 111, "LU_HMD": "Western", "ROAD_NAME": "PO SHAN ROAD", "SPECIES_NAME": null, "TREE_ID": "RTR0034081"}, "type": "Feature"}, {"geometry": {"coordinates": [833739.5250000004, 815471.5720000006], "type": "Point"}, "properties": {"DBH": 520, "LU_HMD": "Western", "ROAD_NAME": "GLENEALY", "SPECIES_NAME": null, "TREE_ID": "ETR0630012"}, "type": "Feature"}, {"geometry": {"coordinates": [833085.4589999998, 816276.5669999998], "type": "Point"}, "properties": {"DBH": 419, "LU_HMD": "Western", "ROAD_NAME": "HOSPITAL ROAD", "SPECIES_NAME": null, "TREE_ID": "RTR0033649"}, "type": "Feature"}, {"geometry": {"coordinates": [833053.2489999998, 816027.6840000004], "type": "Point"}, "properties": {"DBH": 329, "LU_HMD": null, "ROAD_NAME": null, "SPECIES_NAME": null, "TREE_ID": "RTR0034407"}, "type": "Feature"}, {"geometry": {"coordinates": [833053.2489999998, 816027.6840000004], "type": "Point"}, "properties": {"DBH": 322, "LU_HMD": "Western", "ROAD_NAME": null, "SPECIES_NAME": null, "TREE_ID": "RTR0034407"}, "type": "Feature"}, {"geometry": {"coordinates": [833178.6969999997, 816090.8440000005], "type": "Point"}, "properties": {"DBH": 712, "LU_HMD": "Western", "ROAD_NAME": "HOSPITAL ROAD", "SPECIES_NAME": null, "TREE_ID": "RTR0033846"}, "type": "Feature"}, {"geometry": {"coordinates": [833086.2609999999, 816181.8379999995], "type": "Point"}, "properties": {"DBH": 1150, "LU_HMD": "Western", "ROAD_NAME": "HIGH STREET", "SPECIES_NAME": null, "TREE_ID": "RTR0033918"}, "type": "Feature"}, {"geometry": {"coordinates": [832868.8470000001, 815776.4739999995], "type": "Point"}, "properties": {"DBH": 160, "LU_HMD": "Western", "ROAD_NAME": "PO SHAN ROAD", "SPECIES_NAME": null, "TREE_ID": "RTR0033385"}, "type": "Feature"}, {"geometry": {"coordinates": [834346.5020000003, 815467.3550000004], "type": "Point"}, "properties": {"DBH": 322, "LU_HMD": "Central", "ROAD_NAME": "UPPER ALBERT ROAD", "SPECIES_NAME": null, "TREE_ID": "RTR0098644"}, "type": "Feature"}, {"geometry": {"coordinates": [834337.0530000003, 815451.9399999995], "type": "Point"}, "properties": {"DBH": 218, "LU_HMD": "Central", "ROAD_NAME": "UPPER ALBERT ROAD", "SPECIES_NAME": null, "TREE_ID": "RTR0098654"}, "type": "Feature"}, {"geometry": {"coordinates": [834141.4069999997, 815606.3059999999], "type": "Point"}, "properties": {"DBH": 170, "LU_HMD": "Central", "ROAD_NAME": "ALBERT PATH", "SPECIES_NAME": null, "TREE_ID": "RTR0097352"}, "type": "Feature"}, {"geometry": {"coordinates": [834150.006, 815678.2640000004], "type": "Point"}, "properties": {"DBH": 1131, "LU_HMD": "Central", "ROAD_NAME": null, "SPECIES_NAME": null, "TREE_ID": "RTR0098013"}, "type": "Feature"}, {"geometry": {"coordinates": [832759.6639999999, 815680.3670000006], "type": "Point"}, "properties": {"DBH": 108, "LU_HMD": "Western", "ROAD_NAME": "PO SHAN ROAD", "SPECIES_NAME": null, "TREE_ID": "RTR0032801"}, "type": "Feature"}, {"geometry": {"coordinates": [832655.1069999998, 815843.8460000008], "type": "Point"}, "properties": {"DBH": 345, "LU_HMD": "Western", "ROAD_NAME": "KOTEWALL ROAD", "SPECIES_NAME": null, "TREE_ID": "RTR0033439"}, "type": "Feature"}, {"geometry": {"coordinates": [834227.6270000003, 815627.0480000004], "type": "Point"}, "properties": {"DBH": 212, "LU_HMD": "Central", "ROAD_NAME": "ICE HOUSE STREET", "SPECIES_NAME": null, "TREE_ID": "RTR0097858"}, "type": "Feature"}, {"geometry": {"coordinates": [832873.9409999996, 815742.4289999995], "type": "Point"}, "properties": {"DBH": 226, "LU_HMD": "Western", "ROAD_NAME": "PO SHAN ROAD", "SPECIES_NAME": null, "TREE_ID": "RTR0032990"}, "type": "Feature"}, {"geometry": {"coordinates": [832601.5149999997, 815709.3579999991], "type": "Point"}, "properties": {"DBH": 270, "LU_HMD": "Western", "ROAD_NAME": "PO SHAN ROAD", "SPECIES_NAME": null, "TREE_ID": "RTR0031823"}, "type": "Feature"}, {"geometry": {"coordinates": [832876.4539999999, 815732.6260000002], "type": "Point"}, "properties": {"DBH": 156, "LU_HMD": "Western", "ROAD_NAME": "PO SHAN ROAD", "SPECIES_NAME": null, "TREE_ID": "RTR0033538"}, "type": "Feature"}, {"geometry": {"coordinates": [833028.5590000004, 816231.4250000007], "type": "Point"}, "properties": {"DBH": 456, "LU_HMD": "Western", "ROAD_NAME": " ", "SPECIES_NAME": null, "TREE_ID": "RTR0033957"}, "type": "Feature"}, {"geometry": {"coordinates": [832622.756, 815832.6899999995], "type": "Point"}, "properties": {"DBH": 140, "LU_HMD": "Western", "ROAD_NAME": "KOTEWALL ROAD", "SPECIES_NAME": null, "TREE_ID": "RTR0033066"}, "type": "Feature"}, {"geometry": {"coordinates": [832637.7280000001, 815839.3389999997], "type": "Point"}, "properties": {"DBH": 173, "LU_HMD": "Western", "ROAD_NAME": "KOTEWALL ROAD", "SPECIES_NAME": null, "TREE_ID": "RTR0033081"}, "type": "Feature"}, {"geometry": {"coordinates": [832899.7850000001, 815792.2489999998], "type": "Point"}, "properties": {"DBH": 398, "LU_HMD": "Western", "ROAD_NAME": "PO SHAN ROAD", "SPECIES_NAME": null, "TREE_ID": "RTR0033375"}, "type": "Feature"}, {"geometry": {"coordinates": [832866.7249999996, 815774.8300000001], "type": "Point"}, "properties": {"DBH": 169, "LU_HMD": "Western", "ROAD_NAME": "PO SHAN ROAD", "SPECIES_NAME": null, "TREE_ID": "RTR0033410"}, "type": "Feature"}, {"geometry": {"coordinates": [832650.057, 815854.523], "type": "Point"}, "properties": {"DBH": 150, "LU_HMD": "Western", "ROAD_NAME": "KOTEWALL ROAD", "SPECIES_NAME": null, "TREE_ID": "RTR0033430"}, "type": "Feature"}, {"geometry": {"coordinates": [832646.5010000002, 815832.8920000009], "type": "Point"}, "properties": {"DBH": 118, "LU_HMD": "Western", "ROAD_NAME": "KOTEWALL ROAD", "SPECIES_NAME": null, "TREE_ID": "RTR0033442"}, "type": "Feature"}, {"geometry": {"coordinates": [832656.0630000001, 815837.0329999998], "type": "Point"}, "properties": {"DBH": 491, "LU_HMD": "Western", "ROAD_NAME": "KOTEWALL ROAD", "SPECIES_NAME": null, "TREE_ID": "RTR0033450"}, "type": "Feature"}, {"geometry": {"coordinates": [832603.9340000004, 815816.2449999992], "type": "Point"}, "properties": {"DBH": 144, "LU_HMD": "Western", "ROAD_NAME": "KOTEWALL ROAD", "SPECIES_NAME": null, "TREE_ID": "RTR0033533"}, "type": "Feature"}, {"geometry": {"coordinates": [832752.2819999997, 815668.5739999991], "type": "Point"}, "properties": {"DBH": 121, "LU_HMD": "Western", "ROAD_NAME": "PO SHAN ROAD", "SPECIES_NAME": null, "TREE_ID": "RTR0033051"}, "type": "Feature"}, {"geometry": {"coordinates": [832771.8650000002, 815643.1229999997], "type": "Point"}, "properties": {"DBH": 127, "LU_HMD": "Western", "ROAD_NAME": "PO SHAN ROAD", "SPECIES_NAME": null, "TREE_ID": "RTR0033913"}, "type": "Feature"}, {"geometry": {"coordinates": [832769.2410000004, 815679.8540000003], "type": "Point"}, "properties": {"DBH": 153, "LU_HMD": "Western", "ROAD_NAME": "PO SHAN ROAD", "SPECIES_NAME": null, "TREE_ID": "RTR0032783"}, "type": "Feature"}, {"geometry": {"coordinates": [832696.4680000003, 815650.4130000006], "type": "Point"}, "properties": {"DBH": 96, "LU_HMD": "Western", "ROAD_NAME": "PO SHAN ROAD", "SPECIES_NAME": null, "TREE_ID": "RTR0032817"}, "type": "Feature"}, {"geometry": {"coordinates": [834452.7680000002, 815655.7139999997], "type": "Point"}, "properties": {"DBH": 120, "LU_HMD": "Central", "ROAD_NAME": " ", "SPECIES_NAME": null, "TREE_ID": "RTR0102063"}, "type": "Feature"}, {"geometry": {"coordinates": [832784.1799999997, 815985.3780000005], "type": "Point"}, "properties": {"DBH": 663, "LU_HMD": "Western", "ROAD_NAME": "ROBINSON ROAD", "SPECIES_NAME": null, "TREE_ID": "RTR0033972"}, "type": "Feature"}, {"geometry": {"coordinates": [832644.8770000003, 815778.6459999997], "type": "Point"}, "properties": {"DBH": 159, "LU_HMD": "Western", "ROAD_NAME": "PO SHAN ROAD", "SPECIES_NAME": null, "TREE_ID": "RTR0033296"}, "type": "Feature"}, {"geometry": {"coordinates": [832727.466, 815630.5789999999], "type": "Point"}, "properties": {"DBH": 99, "LU_HMD": "Western", "ROAD_NAME": "PO SHAN ROAD", "SPECIES_NAME": null, "TREE_ID": "RTR0033724"}, "type": "Feature"}, {"geometry": {"coordinates": [833395.4050000003, 816047.307], "type": "Point"}, "properties": {"DBH": 226, "LU_HMD": "Western", "ROAD_NAME": " ", "SPECIES_NAME": null, "TREE_ID": "RTR0033656"}, "type": "Feature"}, {"geometry": {"coordinates": [832645.0429999996, 815942.0850000009], "type": "Point"}, "properties": {"DBH": 470, "LU_HMD": "Western", "ROAD_NAME": "BABINGTON PATH", "SPECIES_NAME": null, "TREE_ID": "RTR0033973"}, "type": "Feature"}, {"geometry": {"coordinates": [833096.9249999998, 816141.9749999996], "type": "Point"}, "properties": {"DBH": 500, "LU_HMD": "Western", "ROAD_NAME": " ", "SPECIES_NAME": null, "TREE_ID": "RTR0033921"}, "type": "Feature"}, {"geometry": {"coordinates": [832724.7280000001, 815646.6150000002], "type": "Point"}, "properties": {"DBH": 96, "LU_HMD": "Western", "ROAD_NAME": "PO SHAN ROAD", "SPECIES_NAME": null, "TREE_ID": "RTR0033167"}, "type": "Feature"}, {"geometry": {"coordinates": [832772.4680000003, 815682.2229999993], "type": "Point"}, "properties": {"DBH": 140, "LU_HMD": "Western", "ROAD_NAME": "PO SHAN ROAD", "SPECIES_NAME": null, "TREE_ID": "RTR0032772"}, "type": "Feature"}, {"geometry": {"coordinates": [832746.3030000003, 815652.0610000007], "type": "Point"}, "properties": {"DBH": 334, "LU_HMD": "Western", "ROAD_NAME": "PO SHAN ROAD", "SPECIES_NAME": null, "TREE_ID": "RTR0033376"}, "type": "Feature"}, {"geometry": {"coordinates": [832745.4560000002, 815674.7990000006], "type": "Point"}, "properties": {"DBH": 105, "LU_HMD": "Western", "ROAD_NAME": "PO SHAN ROAD", "SPECIES_NAME": null, "TREE_ID": "RTR0032800"}, "type": "Feature"}, {"geometry": {"coordinates": [832716.2740000002, 815667.4389999993], "type": "Point"}, "properties": {"DBH": 127, "LU_HMD": "Western", "ROAD_NAME": "PO SHAN ROAD", "SPECIES_NAME": null, "TREE_ID": "RTR0032851"}, "type": "Feature"}, {"geometry": {"coordinates": [832725.8600000003, 815625.4130000006], "type": "Point"}, "properties": {"DBH": 232, "LU_HMD": "Western", "ROAD_NAME": "PO SHAN ROAD", "SPECIES_NAME": null, "TREE_ID": "RTR0033756"}, "type": "Feature"}, {"geometry": {"coordinates": [832745.6739999996, 815667.7740000002], "type": "Point"}, "properties": {"DBH": 126, "LU_HMD": "Western", "ROAD_NAME": "PO SHAN ROAD", "SPECIES_NAME": null, "TREE_ID": "RTR0032930"}, "type": "Feature"}, {"geometry": {"coordinates": [832743.6349999998, 815628.7249999996], "type": "Point"}, "properties": {"DBH": 240, "LU_HMD": "Western", "ROAD_NAME": "PO SHAN ROAD", "SPECIES_NAME": null, "TREE_ID": "RTR0033758"}, "type": "Feature"}, {"geometry": {"coordinates": [832747.1799999997, 815666.1469999999], "type": "Point"}, "properties": {"DBH": 111, "LU_HMD": "Western", "ROAD_NAME": "PO SHAN ROAD", "SPECIES_NAME": null, "TREE_ID": "RTR0032938"}, "type": "Feature"}, {"geometry": {"coordinates": [832716.5590000004, 815698.2579999994], "type": "Point"}, "properties": {"DBH": 119, "LU_HMD": "Western", "ROAD_NAME": "PO SHAN ROAD", "SPECIES_NAME": null, "TREE_ID": "RTR0031540"}, "type": "Feature"}, {"geometry": {"coordinates": [832703.4340000004, 815692.9460000005], "type": "Point"}, "properties": {"DBH": 111, "LU_HMD": "Western", "ROAD_NAME": "PO SHAN ROAD", "SPECIES_NAME": null, "TREE_ID": "RTR0031547"}, "type": "Feature"}, {"geometry": {"coordinates": [832981.5120000001, 815928.3489999995], "type": "Point"}, "properties": {"DBH": 300, "LU_HMD": "Western", "ROAD_NAME": "CONDUIT ROAD", "SPECIES_NAME": null, "TREE_ID": "RTR0034031"}, "type": "Feature"}, {"geometry": {"coordinates": [834134.0839999998, 815605.3230000008], "type": "Point"}, "properties": {"DBH": 223, "LU_HMD": "Central", "ROAD_NAME": "ALBERT PATH", "SPECIES_NAME": null, "TREE_ID": "RTR0097792"}, "type": "Feature"}, {"geometry": {"coordinates": [834187.5259999996, 815617.7359999996], "type": "Point"}, "properties": {"DBH": 176, "LU_HMD": "Central", "ROAD_NAME": "ICE HOUSE STREET", "SPECIES_NAME": null, "TREE_ID": "RTR0098008"}, "type": "Feature"}, {"geometry": {"coordinates": [834191.2189999996, 815618.4590000007], "type": "Point"}, "properties": {"DBH": 197, "LU_HMD": "Central", "ROAD_NAME": "ICE HOUSE STREET", "SPECIES_NAME": null, "TREE_ID": "RTR0098019"}, "type": "Feature"}, {"geometry": {"coordinates": [834228.6670000004, 815627.6659999993], "type": "Point"}, "properties": {"DBH": 270, "LU_HMD": "Central", "ROAD_NAME": "ICE HOUSE STREET", "SPECIES_NAME": null, "TREE_ID": "RTR0097863"}, "type": "Feature"}, {"geometry": {"coordinates": [834428.898, 815658.7660000008], "type": "Point"}, "properties": {"DBH": 162, "LU_HMD": "Central", "ROAD_NAME": " ", "SPECIES_NAME": null, "TREE_ID": "RTR0098568"}, "type": "Feature"}, {"geometry": {"coordinates": [834446.1179999998, 815654.1089999992], "type": "Point"}, "properties": {"DBH": 143, "LU_HMD": "Central", "ROAD_NAME": " ", "SPECIES_NAME": null, "TREE_ID": "RTR0098604"}, "type": "Feature"}, {"geometry": {"coordinates": [834136.0520000001, 815615.6999999993], "type": "Point"}, "properties": {"DBH": 268, "LU_HMD": "Central", "ROAD_NAME": "ALBERT PATH", "SPECIES_NAME": null, "TREE_ID": "RTR0097806"}, "type": "Feature"}, {"geometry": {"coordinates": [832777.0520000001, 815609.6730000004], "type": "Point"}, "properties": {"DBH": 338, "LU_HMD": "Western", "ROAD_NAME": "PO SHAN ROAD", "SPECIES_NAME": null, "TREE_ID": "RTR0033785"}, "type": "Feature"}, {"geometry": {"coordinates": [832711.4929999998, 815677.6750000007], "type": "Point"}, "properties": {"DBH": 127, "LU_HMD": "Western", "ROAD_NAME": "PO SHAN ROAD", "SPECIES_NAME": null, "TREE_ID": "RTR0032543"}, "type": "Feature"}, {"geometry": {"coordinates": [832758.3530000001, 815672.7740000002], "type": "Point"}, "properties": {"DBH": 118, "LU_HMD": "Western", "ROAD_NAME": "PO SHAN ROAD", "SPECIES_NAME": null, "TREE_ID": "RTR0033017"}, "type": "Feature"}, {"geometry": {"coordinates": [832814.869, 815959.2379999999], "type": "Point"}, "properties": {"DBH": 305, "LU_HMD": "Western", "ROAD_NAME": null, "SPECIES_NAME": null, "TREE_ID": "RTR0033977"}, "type": "Feature"}, {"geometry": {"coordinates": [834221.4809999997, 815625.1980000008], "type": "Point"}, "properties": {"DBH": 208, "LU_HMD": "Central", "ROAD_NAME": "ICE HOUSE STREET", "SPECIES_NAME": null, "TREE_ID": "RTR0097866"}, "type": "Feature"}, {"geometry": {"coordinates": [834257.2400000002, 815643.5529999994], "type": "Point"}, "properties": {"DBH": 111, "LU_HMD": "Central", "ROAD_NAME": "ICE HOUSE STREET", "SPECIES_NAME": null, "TREE_ID": "RTR0098702"}, "type": "Feature"}, {"geometry": {"coordinates": [834169.818, 815631.8010000009], "type": "Point"}, "properties": {"DBH": 127, "LU_HMD": "Central", "ROAD_NAME": "ICE HOUSE STREET", "SPECIES_NAME": null, "TREE_ID": "RTR0098046"}, "type": "Feature"}, {"geometry": {"coordinates": [834238.4740000004, 815626.9130000006], "type": "Point"}, "properties": {"DBH": 248, "LU_HMD": "Central", "ROAD_NAME": "ICE HOUSE STREET", "SPECIES_NAME": null, "TREE_ID": "RTR0098508"}, "type": "Feature"}, {"geometry": {"coordinates": [832717.1799999997, 815598.1980000008], "type": "Point"}, "properties": {"DBH": 248, "LU_HMD": "Western", "ROAD_NAME": "PO SHAN ROAD", "SPECIES_NAME": null, "TREE_ID": "RTR0033797"}, "type": "Feature"}, {"geometry": {"coordinates": [832753.6339999996, 815708.9979999997], "type": "Point"}, "properties": {"DBH": 115, "LU_HMD": "Western", "ROAD_NAME": "PO SHAN ROAD", "SPECIES_NAME": null, "TREE_ID": "RTR0032572"}, "type": "Feature"}, {"geometry": {"coordinates": [832747.1809999999, 815636.8269999996], "type": "Point"}, "properties": {"DBH": 254, "LU_HMD": "Western", "ROAD_NAME": "PO SHAN ROAD", "SPECIES_NAME": null, "TREE_ID": "RTR0033878"}, "type": "Feature"}, {"geometry": {"coordinates": [832752.318, 815716.5010000002], "type": "Point"}, "properties": {"DBH": 287, "LU_HMD": "Western", "ROAD_NAME": "PO SHAN ROAD", "SPECIES_NAME": null, "TREE_ID": "RTR0032588"}, "type": "Feature"}, {"geometry": {"coordinates": [832725.4230000004, 815707.7709999997], "type": "Point"}, "properties": {"DBH": 111, "LU_HMD": "Western", "ROAD_NAME": "PO SHAN ROAD", "SPECIES_NAME": null, "TREE_ID": "RTR0032600"}, "type": "Feature"}, {"geometry": {"coordinates": [832745.949, 815724.0050000008], "type": "Point"}, "properties": {"DBH": 96, "LU_HMD": "Western", "ROAD_NAME": "PO SHAN ROAD", "SPECIES_NAME": null, "TREE_ID": "RTR0032602"}, "type": "Feature"}, {"geometry": {"coordinates": [832708.7649999997, 815656.2650000006], "type": "Point"}, "properties": {"DBH": 111, "LU_HMD": "Western", "ROAD_NAME": "PO SHAN ROAD", "SPECIES_NAME": null, "TREE_ID": "RTR0033180"}, "type": "Feature"}, {"geometry": {"coordinates": [832730.1330000004, 815716.4069999997], "type": "Point"}, "properties": {"DBH": 105, "LU_HMD": "Western", "ROAD_NAME": "PO SHAN ROAD", "SPECIES_NAME": null, "TREE_ID": "RTR0032611"}, "type": "Feature"}, {"geometry": {"coordinates": [832695.9100000001, 815635.3760000002], "type": "Point"}, "properties": {"DBH": 220, "LU_HMD": "Western", "ROAD_NAME": "PO SHAN ROAD", "SPECIES_NAME": null, "TREE_ID": "RTR0033192"}, "type": "Feature"}, {"geometry": {"coordinates": [832730.6430000002, 815721.0629999992], "type": "Point"}, "properties": {"DBH": 131, "LU_HMD": "Western", "ROAD_NAME": "PO SHAN ROAD", "SPECIES_NAME": null, "TREE_ID": "RTR0032605"}, "type": "Feature"}, {"geometry": {"coordinates": [832650.7470000004, 815962.6150000002], "type": "Point"}, "properties": {"DBH": 470, "LU_HMD": "Western", "ROAD_NAME": "BABINGTON PATH", "SPECIES_NAME": null, "TREE_ID": "RTR0033999"}, "type": "Feature"}, {"geometry": {"coordinates": [832683.0130000003, 815779.7640000004], "type": "Point"}, "properties": {"DBH": 96, "LU_HMD": "Western", "ROAD_NAME": "PO SHAN ROAD", "SPECIES_NAME": null, "TREE_ID": "RTR0032910"}, "type": "Feature"}, {"geometry": {"coordinates": [834252.8030000003, 815642.9069999997], "type": "Point"}, "properties": {"DBH": 280, "LU_HMD": "Central", "ROAD_NAME": "ICE HOUSE STREET", "SPECIES_NAME": null, "TREE_ID": "RTR0098526"}, "type": "Feature"}, {"geometry": {"coordinates": [834226.7889999999, 815616.5580000002], "type": "Point"}, "properties": {"DBH": 175, "LU_HMD": "Central", "ROAD_NAME": "ICE HOUSE STREET", "SPECIES_NAME": null, "TREE_ID": "RTR0098537"}, "type": "Feature"}, {"geometry": {"coordinates": [834250.4680000003, 815643.6319999993], "type": "Point"}, "properties": {"DBH": 290, "LU_HMD": "Central", "ROAD_NAME": "ICE HOUSE STREET", "SPECIES_NAME": null, "TREE_ID": "RTR0098543"}, "type": "Feature"}, {"geometry": {"coordinates": [834235.5939999996, 815615.7440000009], "type": "Point"}, "properties": {"DBH": 159, "LU_HMD": "Central", "ROAD_NAME": "ICE HOUSE STREET", "SPECIES_NAME": null, "TREE_ID": "RTR0098518"}, "type": "Feature"}, {"geometry": {"coordinates": [834262.369, 815632.7650000006], "type": "Point"}, "properties": {"DBH": 229, "LU_HMD": "Central", "ROAD_NAME": "ICE HOUSE STREET", "SPECIES_NAME": null, "TREE_ID": "RTR0097722"}, "type": "Feature"}, {"geometry": {"coordinates": [834283.244, 815636.9140000008], "type": "Point"}, "properties": {"DBH": 260, "LU_HMD": "Central", "ROAD_NAME": "ICE HOUSE STREET", "SPECIES_NAME": null, "TREE_ID": "RTR0097733"}, "type": "Feature"}, {"geometry": {"coordinates": [834233.7249999996, 815620.2070000004], "type": "Point"}, "properties": {"DBH": 258, "LU_HMD": "Central", "ROAD_NAME": "ICE HOUSE STREET", "SPECIES_NAME": null, "TREE_ID": "RTR0098549"}, "type": "Feature"}, {"geometry": {"coordinates": [834175.6840000004, 815629.8570000008], "type": "Point"}, "properties": {"DBH": 255, "LU_HMD": "Central", "ROAD_NAME": "ICE HOUSE STREET", "SPECIES_NAME": null, "TREE_ID": "RTR0098039"}, "type": "Feature"}, {"geometry": {"coordinates": [832707.1679999996, 815655.0950000007], "type": "Point"}, "properties": {"DBH": 96, "LU_HMD": "Western", "ROAD_NAME": "PO SHAN ROAD", "SPECIES_NAME": null, "TREE_ID": "RTR0033209"}, "type": "Feature"}, {"geometry": {"coordinates": [832731.9029999999, 815588.8049999997], "type": "Point"}, "properties": {"DBH": 232, "LU_HMD": "Western", "ROAD_NAME": "PO SHAN ROAD", "SPECIES_NAME": null, "TREE_ID": "RTR0034099"}, "type": "Feature"}, {"geometry": {"coordinates": [832773.3339999998, 815596.4839999992], "type": "Point"}, "properties": {"DBH": 245, "LU_HMD": "Western", "ROAD_NAME": "PO SHAN ROAD", "SPECIES_NAME": null, "TREE_ID": "RTR0034329"}, "type": "Feature"}, {"geometry": {"coordinates": [832753.381, 815657.0600000005], "type": "Point"}, "properties": {"DBH": 137, "LU_HMD": "Western", "ROAD_NAME": "PO SHAN ROAD", "SPECIES_NAME": null, "TREE_ID": "RTR0033402"}, "type": "Feature"}, {"geometry": {"coordinates": [832750.1900000004, 815585.5629999992], "type": "Point"}, "properties": {"DBH": 296, "LU_HMD": "Western", "ROAD_NAME": "PO SHAN ROAD", "SPECIES_NAME": null, "TREE_ID": "RTR0034338"}, "type": "Feature"}, {"geometry": {"coordinates": [832750.6869999999, 815600.3269999996], "type": "Point"}, "properties": {"DBH": 140, "LU_HMD": "Western", "ROAD_NAME": "PO SHAN ROAD", "SPECIES_NAME": null, "TREE_ID": "RTR0033690"}, "type": "Feature"}, {"geometry": {"coordinates": [832758.1619999995, 815595.7060000002], "type": "Point"}, "properties": {"DBH": 137, "LU_HMD": "Western", "ROAD_NAME": "PO SHAN ROAD", "SPECIES_NAME": null, "TREE_ID": "RTR0034355"}, "type": "Feature"}, {"geometry": {"coordinates": [832768.9170000004, 815594.7440000009], "type": "Point"}, "properties": {"DBH": 96, "LU_HMD": "Western", "ROAD_NAME": "PO SHAN ROAD", "SPECIES_NAME": null, "TREE_ID": "RTR0034363"}, "type": "Feature"}, {"geometry": {"coordinates": [832692.5810000002, 815650.0899999999], "type": "Point"}, "properties": {"DBH": 153, "LU_HMD": "Western", "ROAD_NAME": "PO SHAN ROAD", "SPECIES_NAME": null, "TREE_ID": "RTR0032826"}, "type": "Feature"}, {"geometry": {"coordinates": [832970.2980000004, 815991.0179999992], "type": "Point"}, "properties": {"DBH": 264, "LU_HMD": "Western", "ROAD_NAME": "ROAD 45042 NEAR ROBINSON ROAD (TEMPORARY)", "SPECIES_NAME": null, "TREE_ID": "RTR0206774"}, "type": "Feature"}, {"geometry": {"coordinates": [834366.2139999997, 815685.1750000007], "type": "Point"}, "properties": {"DBH": 248, "LU_HMD": "Central", "ROAD_NAME": " ", "SPECIES_NAME": null, "TREE_ID": "RTR0102074"}, "type": "Feature"}, {"geometry": {"coordinates": [834210.9440000001, 815610.7699999996], "type": "Point"}, "properties": {"DBH": 260, "LU_HMD": "Central", "ROAD_NAME": "ICE HOUSE STREET", "SPECIES_NAME": null, "TREE_ID": "RTR0097887"}, "type": "Feature"}, {"geometry": {"coordinates": [834204.3109999998, 815606.7939999998], "type": "Point"}, "properties": {"DBH": 165, "LU_HMD": "Central", "ROAD_NAME": "ICE HOUSE STREET", "SPECIES_NAME": null, "TREE_ID": "RTR0097894"}, "type": "Feature"}, {"geometry": {"coordinates": [834193.8320000004, 815617.8790000007], "type": "Point"}, "properties": {"DBH": 245, "LU_HMD": "Central", "ROAD_NAME": "ICE HOUSE STREET", "SPECIES_NAME": null, "TREE_ID": "RTR0097905"}, "type": "Feature"}, {"geometry": {"coordinates": [834169.449, 815638.4230000004], "type": "Point"}, "properties": {"DBH": 179, "LU_HMD": "Central", "ROAD_NAME": "ICE HOUSE STREET", "SPECIES_NAME": null, "TREE_ID": "RTR0098023"}, "type": "Feature"}, {"geometry": {"coordinates": [834168.0700000003, 815612.0010000002], "type": "Point"}, "properties": {"DBH": 238, "LU_HMD": "Central", "ROAD_NAME": "LOWER ALBERT ROAD", "SPECIES_NAME": null, "TREE_ID": "RTR0098235"}, "type": "Feature"}, {"geometry": {"coordinates": [834155.6900000004, 815605.4900000002], "type": "Point"}, "properties": {"DBH": 118, "LU_HMD": "Central", "ROAD_NAME": "ALBERT PATH", "SPECIES_NAME": null, "TREE_ID": "RTR0098224"}, "type": "Feature"}, {"geometry": {"coordinates": [832735.3039999995, 815678.4590000007], "type": "Point"}, "properties": {"DBH": 99, "LU_HMD": "Western", "ROAD_NAME": "PO SHAN ROAD", "SPECIES_NAME": null, "TREE_ID": "RTR0032841"}, "type": "Feature"}, {"geometry": {"coordinates": [832709.983, 815705.8350000009], "type": "Point"}, "properties": {"DBH": 127, "LU_HMD": "Western", "ROAD_NAME": "PO SHAN ROAD", "SPECIES_NAME": null, "TREE_ID": "RTR0031514"}, "type": "Feature"}, {"geometry": {"coordinates": [832696.8260000004, 815682.8450000007], "type": "Point"}, "properties": {"DBH": 140, "LU_HMD": "Western", "ROAD_NAME": "PO SHAN ROAD", "SPECIES_NAME": null, "TREE_ID": "RTR0031525"}, "type": "Feature"}, {"geometry": {"coordinates": [832700.7110000001, 815709.352], "type": "Point"}, "properties": {"DBH": 281, "LU_HMD": "Western", "ROAD_NAME": "PO SHAN ROAD", "SPECIES_NAME": null, "TREE_ID": "RTR0032464"}, "type": "Feature"}, {"geometry": {"coordinates": [832736.7180000003, 815607.6840000004], "type": "Point"}, "properties": {"DBH": 131, "LU_HMD": "Western", "ROAD_NAME": "PO SHAN ROAD", "SPECIES_NAME": null, "TREE_ID": "RTR0033808"}, "type": "Feature"}, {"geometry": {"coordinates": [832756.4699999997, 815672.1209999993], "type": "Point"}, "properties": {"DBH": 111, "LU_HMD": "Western", "ROAD_NAME": "PO SHAN ROAD", "SPECIES_NAME": null, "TREE_ID": "RTR0033032"}, "type": "Feature"}, {"geometry": {"coordinates": [832763.7989999996, 815671.2520000003], "type": "Point"}, "properties": {"DBH": 99, "LU_HMD": "Western", "ROAD_NAME": "PO SHAN ROAD", "SPECIES_NAME": null, "TREE_ID": "RTR0033033"}, "type": "Feature"}, {"geometry": {"coordinates": [832729.3289999999, 815604.3100000005], "type": "Point"}, "properties": {"DBH": 153, "LU_HMD": "Western", "ROAD_NAME": "PO SHAN ROAD", "SPECIES_NAME": null, "TREE_ID": "RTR0033817"}, "type": "Feature"}, {"geometry": {"coordinates": [832752.6109999996, 815662.8350000009], "type": "Point"}, "properties": {"DBH": 129, "LU_HMD": "Western", "ROAD_NAME": "PO SHAN ROAD", "SPECIES_NAME": null, "TREE_ID": "RTR0033055"}, "type": "Feature"}, {"geometry": {"coordinates": [832733.1909999996, 815613.9839999992], "type": "Point"}, "properties": {"DBH": 152, "LU_HMD": "Western", "ROAD_NAME": "PO SHAN ROAD", "SPECIES_NAME": null, "TREE_ID": "RTR0033885"}, "type": "Feature"}, {"geometry": {"coordinates": [832734.0949999997, 815663.5950000007], "type": "Point"}, "properties": {"DBH": 105, "LU_HMD": "Western", "ROAD_NAME": "PO SHAN ROAD", "SPECIES_NAME": null, "TREE_ID": "RTR0033198"}, "type": "Feature"}, {"geometry": {"coordinates": [832749.5930000003, 815596.2559999991], "type": "Point"}, "properties": {"DBH": 220, "LU_HMD": "Western", "ROAD_NAME": "PO SHAN ROAD", "SPECIES_NAME": null, "TREE_ID": "RTR0034341"}, "type": "Feature"}, {"geometry": {"coordinates": [834170.801, 815605.5710000005], "type": "Point"}, "properties": {"DBH": 175, "LU_HMD": "Central", "ROAD_NAME": "ALBERT PATH", "SPECIES_NAME": null, "TREE_ID": "RTR0098238"}, "type": "Feature"}, {"geometry": {"coordinates": [834145.756, 815617.4790000003], "type": "Point"}, "properties": {"DBH": 239, "LU_HMD": "Central", "ROAD_NAME": "ALBERT PATH", "SPECIES_NAME": null, "TREE_ID": "RTR0098239"}, "type": "Feature"}, {"geometry": {"coordinates": [834153.8219999997, 815609.9480000008], "type": "Point"}, "properties": {"DBH": 243, "LU_HMD": "Central", "ROAD_NAME": "ALBERT PATH", "SPECIES_NAME": null, "TREE_ID": "RTR0098221"}, "type": "Feature"}, {"geometry": {"coordinates": [834138.784, 815608.9110000003], "type": "Point"}, "properties": {"DBH": 99, "LU_HMD": "Central", "ROAD_NAME": "ALBERT PATH", "SPECIES_NAME": null, "TREE_ID": "RTR0097337"}, "type": "Feature"}, {"geometry": {"coordinates": [834159.7470000004, 815583.7259999998], "type": "Point"}, "properties": {"DBH": 255, "LU_HMD": "Central", "ROAD_NAME": "ALBERT PATH", "SPECIES_NAME": null, "TREE_ID": "RTR0097317"}, "type": "Feature"}, {"geometry": {"coordinates": [834140.0640000002, 815598.6860000007], "type": "Point"}, "properties": {"DBH": 220, "LU_HMD": "Central", "ROAD_NAME": "ALBERT PATH", "SPECIES_NAME": null, "TREE_ID": "RTR0097761"}, "type": "Feature"}, {"geometry": {"coordinates": [834153.9249999998, 815574.0140000004], "type": "Point"}, "properties": {"DBH": 236, "LU_HMD": "Central", "ROAD_NAME": "ALBERT PATH", "SPECIES_NAME": null, "TREE_ID": "RTR0097770"}, "type": "Feature"}, {"geometry": {"coordinates": [834147.8190000001, 815583.2899999991], "type": "Point"}, "properties": {"DBH": 204, "LU_HMD": "Central", "ROAD_NAME": "ALBERT PATH", "SPECIES_NAME": null, "TREE_ID": "RTR0097771"}, "type": "Feature"}, {"geometry": {"coordinates": [834167.0360000003, 815593.6909999996], "type": "Point"}, "properties": {"DBH": 264, "LU_HMD": "Central", "ROAD_NAME": "ALBERT PATH", "SPECIES_NAME": null, "TREE_ID": "RTR0097350"}, "type": "Feature"}, {"geometry": {"coordinates": [832684.5319999997, 815651.8469999991], "type": "Point"}, "properties": {"DBH": 115, "LU_HMD": "Western", "ROAD_NAME": "PO SHAN ROAD", "SPECIES_NAME": null, "TREE_ID": "RTR0032845"}, "type": "Feature"}, {"geometry": {"coordinates": [832689.2340000002, 815650.8029999994], "type": "Point"}, "properties": {"DBH": 124, "LU_HMD": "Western", "ROAD_NAME": "PO SHAN ROAD", "SPECIES_NAME": null, "TREE_ID": "RTR0032857"}, "type": "Feature"}, {"geometry": {"coordinates": [832773.1100000003, 815608.2579999994], "type": "Point"}, "properties": {"DBH": 204, "LU_HMD": "Western", "ROAD_NAME": "PO SHAN ROAD", "SPECIES_NAME": null, "TREE_ID": "RTR0033774"}, "type": "Feature"}, {"geometry": {"coordinates": [832715.7580000004, 815709.7510000002], "type": "Point"}, "properties": {"DBH": 217, "LU_HMD": "Western", "ROAD_NAME": "PO SHAN ROAD", "SPECIES_NAME": null, "TREE_ID": "RTR0031560"}, "type": "Feature"}, {"geometry": {"coordinates": [834150.2139999997, 815584.1610000003], "type": "Point"}, "properties": {"DBH": 210, "LU_HMD": "Central", "ROAD_NAME": "ALBERT PATH", "SPECIES_NAME": null, "TREE_ID": "RTR0097782"}, "type": "Feature"}, {"geometry": {"coordinates": [832822.0980000002, 815961.5920000002], "type": "Point"}, "properties": {"DBH": 105, "LU_HMD": "Western", "ROAD_NAME": "KOTEWALL ROAD", "SPECIES_NAME": null, "TREE_ID": "RTR0033982"}, "type": "Feature"}, {"geometry": {"coordinates": [834222.4780000001, 815614.1610000003], "type": "Point"}, "properties": {"DBH": 245, "LU_HMD": "Central", "ROAD_NAME": "ICE HOUSE STREET", "SPECIES_NAME": null, "TREE_ID": "RTR0098546"}, "type": "Feature"}, {"geometry": {"coordinates": [832738.5800000001, 815720.3589999992], "type": "Point"}, "properties": {"DBH": 149, "LU_HMD": "Western", "ROAD_NAME": null, "SPECIES_NAME": null, "TREE_ID": "RTR0032578"}, "type": "Feature"}, {"geometry": {"coordinates": [834421.6030000001, 815662.3770000003], "type": "Point"}, "properties": {"DBH": 178, "LU_HMD": "Central", "ROAD_NAME": " ", "SPECIES_NAME": null, "TREE_ID": "RTR0102092"}, "type": "Feature"}, {"geometry": {"coordinates": [832707.7549999999, 816162.5840000007], "type": "Point"}, "properties": {"DBH": 155, "LU_HMD": "Western", "ROAD_NAME": null, "SPECIES_NAME": null, "TREE_ID": "ETR0610143"}, "type": "Feature"}, {"geometry": {"coordinates": [832705.9170000004, 816163.5500000007], "type": "Point"}, "properties": {"DBH": 255, "LU_HMD": "Western", "ROAD_NAME": null, "SPECIES_NAME": null, "TREE_ID": "ETR0610144"}, "type": "Feature"}, {"geometry": {"coordinates": [832702.3140000002, 816165.4879999999], "type": "Point"}, "properties": {"DBH": 198, "LU_HMD": "Western", "ROAD_NAME": null, "SPECIES_NAME": null, "TREE_ID": "ETR0610145"}, "type": "Feature"}, {"geometry": {"coordinates": [832664.1380000003, 816185.6370000001], "type": "Point"}, "properties": {"DBH": 258, "LU_HMD": "Western", "ROAD_NAME": null, "SPECIES_NAME": null, "TREE_ID": "ETR0610147"}, "type": "Feature"}, {"geometry": {"coordinates": [832608.7879999997, 815731.9539999999], "type": "Point"}, "properties": {"DBH": 115, "LU_HMD": null, "ROAD_NAME": null, "SPECIES_NAME": null, "TREE_ID": "RTR0033495"}, "type": "Feature"}, {"geometry": {"coordinates": [834012.0930000003, 815671.5030000005], "type": "Point"}, "properties": {"DBH": 405, "LU_HMD": "Central", "ROAD_NAME": null, "SPECIES_NAME": null, "TREE_ID": "ETR0610072"}, "type": "Feature"}, {"geometry": {"coordinates": [833381.0300000003, 816002.2390000001], "type": "Point"}, "properties": {"DBH": 453, "LU_HMD": "Western", "ROAD_NAME": null, "SPECIES_NAME": null, "TREE_ID": "ETR0610095"}, "type": "Feature"}, {"geometry": {"coordinates": [832650.0939999996, 815765.7440000009], "type": "Point"}, "properties": {"DBH": 201, "LU_HMD": "Western", "ROAD_NAME": "PO SHAN ROAD", "SPECIES_NAME": null, "TREE_ID": "RTR0032629"}, "type": "Feature"}, {"geometry": {"coordinates": [832701.6440000003, 815715.682], "type": "Point"}, "properties": {"DBH": 108, "LU_HMD": "Western", "ROAD_NAME": "PO SHAN ROAD", "SPECIES_NAME": null, "TREE_ID": "RTR0032458"}, "type": "Feature"}, {"geometry": {"coordinates": [832651.1169999996, 815741.2569999993], "type": "Point"}, "properties": {"DBH": 185, "LU_HMD": "Western", "ROAD_NAME": "PO SHAN ROAD", "SPECIES_NAME": null, "TREE_ID": "RTR0031017"}, "type": "Feature"}, {"geometry": {"coordinates": [832687.3870000001, 815692.1359999999], "type": "Point"}, "properties": {"DBH": 110, "LU_HMD": "Western", "ROAD_NAME": "PO SHAN ROAD", "SPECIES_NAME": null, "TREE_ID": "RTR0031515"}, "type": "Feature"}, {"geometry": {"coordinates": [832846.1370000001, 815735.682], "type": "Point"}, "properties": {"DBH": 143, "LU_HMD": "Western", "ROAD_NAME": "PO SHAN ROAD", "SPECIES_NAME": null, "TREE_ID": "RTR0033003"}, "type": "Feature"}, {"geometry": {"coordinates": [833374.2889999999, 816030.3550000004], "type": "Point"}, "properties": {"DBH": 1250, "LU_HMD": "Western", "ROAD_NAME": "CAINE ROAD", "SPECIES_NAME": null, "TREE_ID": "RTR0033654"}, "type": "Feature"}, {"geometry": {"coordinates": [833389.3219999997, 816032.4340000004], "type": "Point"}, "properties": {"DBH": 199, "LU_HMD": "Western", "ROAD_NAME": "CAINE ROAD", "SPECIES_NAME": null, "TREE_ID": "RTR0033652"}, "type": "Feature"}, {"geometry": {"coordinates": [832638.1969999997, 815794.1370000001], "type": "Point"}, "properties": {"DBH": 274, "LU_HMD": "Western", "ROAD_NAME": "PO SHAN ROAD", "SPECIES_NAME": null, "TREE_ID": "RTR0033297"}, "type": "Feature"}, {"geometry": {"coordinates": [832670.9469999997, 815780.8509999998], "type": "Point"}, "properties": {"DBH": 245, "LU_HMD": "Western", "ROAD_NAME": "PO SHAN ROAD", "SPECIES_NAME": null, "TREE_ID": "RTR0033309"}, "type": "Feature"}, {"geometry": {"coordinates": [832666.2850000001, 815741.7880000006], "type": "Point"}, "properties": {"DBH": 107, "LU_HMD": "Western", "ROAD_NAME": "PO SHAN ROAD", "SPECIES_NAME": null, "TREE_ID": "RTR0031022"}, "type": "Feature"}, {"geometry": {"coordinates": [832655.7620000001, 815790.2670000009], "type": "Point"}, "properties": {"DBH": 147, "LU_HMD": "Western", "ROAD_NAME": "PO SHAN ROAD", "SPECIES_NAME": null, "TREE_ID": "RTR0033488"}, "type": "Feature"}, {"geometry": {"coordinates": [832662.5750000002, 815744.8589999992], "type": "Point"}, "properties": {"DBH": 134, "LU_HMD": "Western", "ROAD_NAME": "PO SHAN ROAD", "SPECIES_NAME": null, "TREE_ID": "RTR0031036"}, "type": "Feature"}, {"geometry": {"coordinates": [832650.8679999998, 815790.0059999991], "type": "Point"}, "properties": {"DBH": 188, "LU_HMD": "Western", "ROAD_NAME": "PO SHAN ROAD", "SPECIES_NAME": null, "TREE_ID": "RTR0033501"}, "type": "Feature"}, {"geometry": {"coordinates": [832670.6869999999, 815746.9489999991], "type": "Point"}, "properties": {"DBH": 217, "LU_HMD": "Western", "ROAD_NAME": "PO SHAN ROAD", "SPECIES_NAME": null, "TREE_ID": "RTR0031051"}, "type": "Feature"}, {"geometry": {"coordinates": [834067.4639999997, 815587.1980000008], "type": "Point"}, "properties": {"DBH": 111, "LU_HMD": "Peak", "ROAD_NAME": " ", "SPECIES_NAME": null, "TREE_ID": "RTR0207600"}, "type": "Feature"}, {"geometry": {"coordinates": [832882.301, 815741.4600000009], "type": "Point"}, "properties": {"DBH": 185, "LU_HMD": "Western", "ROAD_NAME": "PO SHAN ROAD", "SPECIES_NAME": null, "TREE_ID": "RTR0032967"}, "type": "Feature"}, {"geometry": {"coordinates": [832883.1579999998, 815738.9250000007], "type": "Point"}, "properties": {"DBH": 191, "LU_HMD": "Western", "ROAD_NAME": "PO SHAN ROAD", "SPECIES_NAME": null, "TREE_ID": "RTR0033521"}, "type": "Feature"}, {"geometry": {"coordinates": [832710.9079999998, 815764.25], "type": "Point"}, "properties": {"DBH": 115, "LU_HMD": "Western", "ROAD_NAME": "PO SHAN ROAD", "SPECIES_NAME": null, "TREE_ID": "RTR0032870"}, "type": "Feature"}, {"geometry": {"coordinates": [833598, 815923.4000000004], "type": "Point"}, "properties": {"DBH": 435, "LU_HMD": "Western", "ROAD_NAME": "", "SPECIES_NAME": null, "TREE_ID": "RTR0136089"}, "type": "Feature"}, {"geometry": {"coordinates": [833012.2649999997, 816023.3709999993], "type": "Point"}, "properties": {"DBH": 227, "LU_HMD": "Western", "ROAD_NAME": "ROBINSON ROAD", "SPECIES_NAME": null, "TREE_ID": "RTR0034404"}, "type": "Feature"}, {"geometry": {"coordinates": [832693.6090000002, 815749.9220000003], "type": "Point"}, "properties": {"DBH": 217, "LU_HMD": "Western", "ROAD_NAME": "PO SHAN ROAD", "SPECIES_NAME": null, "TREE_ID": "RTR0032185"}, "type": "Feature"}, {"geometry": {"coordinates": [832717.2139999997, 815751.1370000001], "type": "Point"}, "properties": {"DBH": 191, "LU_HMD": "Western", "ROAD_NAME": "PO SHAN ROAD", "SPECIES_NAME": null, "TREE_ID": "RTR0032746"}, "type": "Feature"}, {"geometry": {"coordinates": [832663.4179999996, 815752.8389999997], "type": "Point"}, "properties": {"DBH": 169, "LU_HMD": "Western", "ROAD_NAME": "PO SHAN ROAD", "SPECIES_NAME": null, "TREE_ID": "RTR0032113"}, "type": "Feature"}, {"geometry": {"coordinates": [832647.8930000002, 815746.273], "type": "Point"}, "properties": {"DBH": 121, "LU_HMD": "Western", "ROAD_NAME": "PO SHAN ROAD", "SPECIES_NAME": null, "TREE_ID": "RTR0032074"}, "type": "Feature"}, {"geometry": {"coordinates": [832703.0470000003, 815743.0519999992], "type": "Point"}, "properties": {"DBH": 264, "LU_HMD": "Western", "ROAD_NAME": "PO SHAN ROAD", "SPECIES_NAME": null, "TREE_ID": "RTR0032759"}, "type": "Feature"}, {"geometry": {"coordinates": [832710.2649999997, 815762.5879999995], "type": "Point"}, "properties": {"DBH": 137, "LU_HMD": "Western", "ROAD_NAME": "PO SHAN ROAD", "SPECIES_NAME": null, "TREE_ID": "RTR0032877"}, "type": "Feature"}, {"geometry": {"coordinates": [832688.3470000001, 815770.5529999994], "type": "Point"}, "properties": {"DBH": 213, "LU_HMD": "Western", "ROAD_NAME": "PO SHAN ROAD", "SPECIES_NAME": null, "TREE_ID": "RTR0032893"}, "type": "Feature"}, {"geometry": {"coordinates": [832681.5939999996, 815746.5539999995], "type": "Point"}, "properties": {"DBH": 137, "LU_HMD": "Western", "ROAD_NAME": "PO SHAN ROAD", "SPECIES_NAME": null, "TREE_ID": "RTR0032196"}, "type": "Feature"}, {"geometry": {"coordinates": [832624.7819999997, 815772.0960000008], "type": "Point"}, "properties": {"DBH": 115, "LU_HMD": "Western", "ROAD_NAME": "PO SHAN ROAD", "SPECIES_NAME": null, "TREE_ID": "RTR0033285"}, "type": "Feature"}, {"geometry": {"coordinates": [832642.9170000004, 815740.5519999992], "type": "Point"}, "properties": {"DBH": 96, "LU_HMD": "Western", "ROAD_NAME": "PO SHAN ROAD", "SPECIES_NAME": null, "TREE_ID": "RTR0031062"}, "type": "Feature"}, {"geometry": {"coordinates": [832664.6390000004, 815749.8399999999], "type": "Point"}, "properties": {"DBH": 145, "LU_HMD": "Western", "ROAD_NAME": "PO SHAN ROAD", "SPECIES_NAME": null, "TREE_ID": "RTR0032075"}, "type": "Feature"}, {"geometry": {"coordinates": [832667.71, 815753.6099999994], "type": "Point"}, "properties": {"DBH": 217, "LU_HMD": "Western", "ROAD_NAME": "PO SHAN ROAD", "SPECIES_NAME": null, "TREE_ID": "RTR0032086"}, "type": "Feature"}, {"geometry": {"coordinates": [832891.1799999997, 815746.1449999996], "type": "Point"}, "properties": {"DBH": 106, "LU_HMD": "Western", "ROAD_NAME": "PO SHAN ROAD", "SPECIES_NAME": null, "TREE_ID": "RTR0033544"}, "type": "Feature"}, {"geometry": {"coordinates": [832668.9620000003, 815771.6490000002], "type": "Point"}, "properties": {"DBH": 255, "LU_HMD": "Western", "ROAD_NAME": "PO SHAN ROAD", "SPECIES_NAME": null, "TREE_ID": "RTR0032619"}, "type": "Feature"}, {"geometry": {"coordinates": [832634.8550000004, 815766.0130000003], "type": "Point"}, "properties": {"DBH": 276, "LU_HMD": "Western", "ROAD_NAME": "PO SHAN ROAD", "SPECIES_NAME": null, "TREE_ID": "RTR0032631"}, "type": "Feature"}, {"geometry": {"coordinates": [832651.4500000002, 815762.9529999997], "type": "Point"}, "properties": {"DBH": 127, "LU_HMD": "Western", "ROAD_NAME": "PO SHAN ROAD", "SPECIES_NAME": null, "TREE_ID": "RTR0032647"}, "type": "Feature"}, {"geometry": {"coordinates": [832629.9989999998, 815757.8340000007], "type": "Point"}, "properties": {"DBH": 137, "LU_HMD": "Western", "ROAD_NAME": "PO SHAN ROAD", "SPECIES_NAME": null, "TREE_ID": "RTR0032660"}, "type": "Feature"}, {"geometry": {"coordinates": [832933.267, 815875.2080000006], "type": "Point"}, "properties": {"DBH": 222, "LU_HMD": "Western", "ROAD_NAME": "PO SHAN ROAD", "SPECIES_NAME": null, "TREE_ID": "RTR0034049"}, "type": "Feature"}, {"geometry": {"coordinates": [832673.2939999998, 815754.3330000006], "type": "Point"}, "properties": {"DBH": 134, "LU_HMD": "Western", "ROAD_NAME": "PO SHAN ROAD", "SPECIES_NAME": null, "TREE_ID": "RTR0032166"}, "type": "Feature"}, {"geometry": {"coordinates": [833082.0930000003, 816019.0749999993], "type": "Point"}, "properties": {"DBH": 101, "LU_HMD": "Western", "ROAD_NAME": "PARK ROAD", "SPECIES_NAME": null, "TREE_ID": "RTR0034399"}, "type": "Feature"}, {"geometry": {"coordinates": [832645.5149999997, 815850.1429999992], "type": "Point"}, "properties": {"DBH": 96, "LU_HMD": "Western", "ROAD_NAME": "KOTEWALL ROAD", "SPECIES_NAME": null, "TREE_ID": "RTR0033114"}, "type": "Feature"}, {"geometry": {"coordinates": [833067.7690000003, 816010.1679999996], "type": "Point"}, "properties": {"DBH": 678, "LU_HMD": "Western", "ROAD_NAME": "ROBINSON ROAD", "SPECIES_NAME": null, "TREE_ID": "RTR0034383"}, "type": "Feature"}, {"geometry": {"coordinates": [833054.4349999996, 816018.2479999997], "type": "Point"}, "properties": {"DBH": 242, "LU_HMD": "Western", "ROAD_NAME": "ROBINSON ROAD", "SPECIES_NAME": null, "TREE_ID": "RTR0034397"}, "type": "Feature"}, {"geometry": {"coordinates": [833730.9900000002, 815456.7740000002], "type": "Point"}, "properties": {"DBH": 720, "LU_HMD": "Western", "ROAD_NAME": "HORNSEY ROAD", "SPECIES_NAME": null, "TREE_ID": "RTR0034738"}, "type": "Feature"}, {"geometry": {"coordinates": [832679.602, 815769.7119999994], "type": "Point"}, "properties": {"DBH": 258, "LU_HMD": "Western", "ROAD_NAME": "PO SHAN ROAD", "SPECIES_NAME": null, "TREE_ID": "RTR0032883"}, "type": "Feature"}, {"geometry": {"coordinates": [832898.0760000004, 815801.0439999998], "type": "Point"}, "properties": {"DBH": 180, "LU_HMD": "Western", "ROAD_NAME": "PO SHAN ROAD", "SPECIES_NAME": null, "TREE_ID": "RTR0033399"}, "type": "Feature"}, {"geometry": {"coordinates": [832679.2740000002, 815769.6380000003], "type": "Point"}, "properties": {"DBH": 150, "LU_HMD": "Western", "ROAD_NAME": "PO SHAN ROAD", "SPECIES_NAME": null, "TREE_ID": "RTR0032914"}, "type": "Feature"}, {"geometry": {"coordinates": [832675.2999999998, 815751.4979999997], "type": "Point"}, "properties": {"DBH": 162, "LU_HMD": "Western", "ROAD_NAME": "PO SHAN ROAD", "SPECIES_NAME": null, "TREE_ID": "RTR0032180"}, "type": "Feature"}, {"geometry": {"coordinates": [832663.8159999996, 815735.2780000009], "type": "Point"}, "properties": {"DBH": 182, "LU_HMD": "Western", "ROAD_NAME": "PO SHAN ROAD", "SPECIES_NAME": null, "TREE_ID": "RTR0032097"}, "type": "Feature"}, {"geometry": {"coordinates": [832716.4100000001, 815732.4759999998], "type": "Point"}, "properties": {"DBH": 105, "LU_HMD": "Western", "ROAD_NAME": "PO SHAN ROAD", "SPECIES_NAME": null, "TREE_ID": "RTR0032402"}, "type": "Feature"}, {"geometry": {"coordinates": [832711.8870000001, 815715.6989999991], "type": "Point"}, "properties": {"DBH": 282, "LU_HMD": "Western", "ROAD_NAME": "PO SHAN ROAD", "SPECIES_NAME": null, "TREE_ID": "RTR0032446"}, "type": "Feature"}, {"geometry": {"coordinates": [832935.648, 815876.1799999997], "type": "Point"}, "properties": {"DBH": 102, "LU_HMD": "Western", "ROAD_NAME": "PO SHAN ROAD", "SPECIES_NAME": null, "TREE_ID": "RTR0034051"}, "type": "Feature"}, {"geometry": {"coordinates": [832861.0659999996, 815740.2750000004], "type": "Point"}, "properties": {"DBH": 241, "LU_HMD": "Western", "ROAD_NAME": "PO SHAN ROAD", "SPECIES_NAME": null, "TREE_ID": "RTR0032977"}, "type": "Feature"}, {"geometry": {"coordinates": [833713.9670000002, 815493.7990000006], "type": "Point"}, "properties": {"DBH": 237, "LU_HMD": "Western", "ROAD_NAME": "CONDUIT ROAD", "SPECIES_NAME": null, "TREE_ID": "RTR0034909"}, "type": "Feature"}, {"geometry": {"coordinates": [832670.8339999998, 815790.034], "type": "Point"}, "properties": {"DBH": 303, "LU_HMD": "Western", "ROAD_NAME": "PO SHAN ROAD", "SPECIES_NAME": null, "TREE_ID": "RTR0033275"}, "type": "Feature"}, {"geometry": {"coordinates": [832685.0640000002, 815671.0280000009], "type": "Point"}, "properties": {"DBH": 115, "LU_HMD": "Western", "ROAD_NAME": "PO SHAN ROAD", "SPECIES_NAME": null, "TREE_ID": "RTR0032519"}, "type": "Feature"}, {"geometry": {"coordinates": [832709.2039999999, 815702.8249999993], "type": "Point"}, "properties": {"DBH": 131, "LU_HMD": "Western", "ROAD_NAME": "PO SHAN ROAD", "SPECIES_NAME": null, "TREE_ID": "RTR0031556"}, "type": "Feature"}, {"geometry": {"coordinates": [832755.3729999997, 815647.9370000008], "type": "Point"}, "properties": {"DBH": 99, "LU_HMD": "Western", "ROAD_NAME": "PO SHAN ROAD", "SPECIES_NAME": null, "TREE_ID": "RTR0031737"}, "type": "Feature"}, {"geometry": {"coordinates": [832678.8909999998, 815784.0380000006], "type": "Point"}, "properties": {"DBH": 143, "LU_HMD": "Western", "ROAD_NAME": "PO SHAN ROAD", "SPECIES_NAME": null, "TREE_ID": "RTR0032659"}, "type": "Feature"}, {"geometry": {"coordinates": [832759.4790000003, 815682.102], "type": "Point"}, "properties": {"DBH": 102, "LU_HMD": "Western", "ROAD_NAME": "PO SHAN ROAD", "SPECIES_NAME": null, "TREE_ID": "RTR0032813"}, "type": "Feature"}, {"geometry": {"coordinates": [832714.4009999996, 815725.3499999996], "type": "Point"}, "properties": {"DBH": 102, "LU_HMD": "Western", "ROAD_NAME": "PO SHAN ROAD", "SPECIES_NAME": null, "TREE_ID": "RTR0032411"}, "type": "Feature"}, {"geometry": {"coordinates": [832718.6109999996, 815747.7009999994], "type": "Point"}, "properties": {"DBH": 115, "LU_HMD": "Western", "ROAD_NAME": "PO SHAN ROAD", "SPECIES_NAME": null, "TREE_ID": "RTR0032731"}, "type": "Feature"}, {"geometry": {"coordinates": [834153.3940000003, 815597.4729999993], "type": "Point"}, "properties": {"DBH": 105, "LU_HMD": "Central", "ROAD_NAME": "ALBERT PATH", "SPECIES_NAME": null, "TREE_ID": "RTR0097319"}, "type": "Feature"}, {"geometry": {"coordinates": [832662.3830000004, 815751.1620000005], "type": "Point"}, "properties": {"DBH": 261, "LU_HMD": "Western", "ROAD_NAME": "PO SHAN ROAD", "SPECIES_NAME": null, "TREE_ID": "RTR0032081"}, "type": "Feature"}, {"geometry": {"coordinates": [833090.3300000001, 816154.8129999992], "type": "Point"}, "properties": {"DBH": 102, "LU_HMD": "Western", "ROAD_NAME": "HIGH STREET", "SPECIES_NAME": null, "TREE_ID": "RTR0033967"}, "type": "Feature"}, {"geometry": {"coordinates": [832672.335, 815756.6640000008], "type": "Point"}, "properties": {"DBH": 178, "LU_HMD": "Western", "ROAD_NAME": "PO SHAN ROAD", "SPECIES_NAME": null, "TREE_ID": "RTR0032214"}, "type": "Feature"}, {"geometry": {"coordinates": [832720.0899999999, 815757.6209999993], "type": "Point"}, "properties": {"DBH": 277, "LU_HMD": "Western", "ROAD_NAME": "PO SHAN ROAD", "SPECIES_NAME": null, "TREE_ID": "RTR0032717"}, "type": "Feature"}, {"geometry": {"coordinates": [832679.0199999996, 815752.4509999994], "type": "Point"}, "properties": {"DBH": 169, "LU_HMD": "Western", "ROAD_NAME": "PO SHAN ROAD", "SPECIES_NAME": null, "TREE_ID": "RTR0032175"}, "type": "Feature"}, {"geometry": {"coordinates": [832887.0209999997, 815837.4140000008], "type": "Point"}, "properties": {"DBH": 280, "LU_HMD": "Western", "ROAD_NAME": "PO SHAN ROAD", "SPECIES_NAME": null, "TREE_ID": "RTR0032972"}, "type": "Feature"}, {"geometry": {"coordinates": [832710.6069999998, 815629.9159999993], "type": "Point"}, "properties": {"DBH": 96, "LU_HMD": "Western", "ROAD_NAME": "PO SHAN ROAD", "SPECIES_NAME": null, "TREE_ID": "RTR0033727"}, "type": "Feature"}, {"geometry": {"coordinates": [832699.4869999997, 815750.7679999992], "type": "Point"}, "properties": {"DBH": 146, "LU_HMD": "Western", "ROAD_NAME": "PO SHAN ROAD", "SPECIES_NAME": null, "TREE_ID": "RTR0032741"}, "type": "Feature"}, {"geometry": {"coordinates": [832721.2589999996, 815768.9250000007], "type": "Point"}, "properties": {"DBH": 108, "LU_HMD": "Western", "ROAD_NAME": "PO SHAN ROAD", "SPECIES_NAME": null, "TREE_ID": "RTR0032888"}, "type": "Feature"}, {"geometry": {"coordinates": [832867.517, 815735.6469999999], "type": "Point"}, "properties": {"DBH": 324, "LU_HMD": "Western", "ROAD_NAME": "PO SHAN ROAD", "SPECIES_NAME": null, "TREE_ID": "RTR0033009"}, "type": "Feature"}, {"geometry": {"coordinates": [834048.6770000001, 815587.5380000006], "type": "Point"}, "properties": {"DBH": 191, "LU_HMD": "Peak", "ROAD_NAME": " ", "SPECIES_NAME": null, "TREE_ID": "RTR0205679"}, "type": "Feature"}, {"geometry": {"coordinates": [832690.693, 815752.2569999993], "type": "Point"}, "properties": {"DBH": 115, "LU_HMD": "Western", "ROAD_NAME": "PO SHAN ROAD", "SPECIES_NAME": null, "TREE_ID": "RTR0032215"}, "type": "Feature"}, {"geometry": {"coordinates": [832709.8119999999, 815751.2019999996], "type": "Point"}, "properties": {"DBH": 155, "LU_HMD": "Western", "ROAD_NAME": "PO SHAN ROAD", "SPECIES_NAME": null, "TREE_ID": "RTR0032725"}, "type": "Feature"}, {"geometry": {"coordinates": [832727.1600000001, 815776.4690000005], "type": "Point"}, "properties": {"DBH": 111, "LU_HMD": "Western", "ROAD_NAME": "PO SHAN ROAD", "SPECIES_NAME": null, "TREE_ID": "RTR0032765"}, "type": "Feature"}, {"geometry": {"coordinates": [832686.898, 815770.0160000008], "type": "Point"}, "properties": {"DBH": 115, "LU_HMD": "Western", "ROAD_NAME": "PO SHAN ROAD", "SPECIES_NAME": null, "TREE_ID": "RTR0032880"}, "type": "Feature"}, {"geometry": {"coordinates": [833391.9570000004, 816034.4120000005], "type": "Point"}, "properties": {"DBH": 140, "LU_HMD": "Western", "ROAD_NAME": "CAINE ROAD", "SPECIES_NAME": null, "TREE_ID": "RTR0033630"}, "type": "Feature"}, {"geometry": {"coordinates": [833621.9359999998, 816080.1640000008], "type": "Point"}, "properties": {"DBH": 306, "LU_HMD": "Central", "ROAD_NAME": " ", "SPECIES_NAME": null, "TREE_ID": "RTR0095902"}, "type": "Feature"}, {"geometry": {"coordinates": [832640.1849999996, 815766.2119999994], "type": "Point"}, "properties": {"DBH": 255, "LU_HMD": "Western", "ROAD_NAME": "PO SHAN ROAD", "SPECIES_NAME": null, "TREE_ID": "RTR0032657"}, "type": "Feature"}, {"geometry": {"coordinates": [832709.2209999999, 815654.2149999999], "type": "Point"}, "properties": {"DBH": 140, "LU_HMD": "Western", "ROAD_NAME": "PO SHAN ROAD", "SPECIES_NAME": null, "TREE_ID": "RTR0033183"}, "type": "Feature"}, {"geometry": {"coordinates": [832748.1169999996, 815719.9910000004], "type": "Point"}, "properties": {"DBH": 284, "LU_HMD": "Western", "ROAD_NAME": "PO SHAN ROAD", "SPECIES_NAME": null, "TREE_ID": "RTR0032612"}, "type": "Feature"}, {"geometry": {"coordinates": [832710.2999999998, 815652.534], "type": "Point"}, "properties": {"DBH": 159, "LU_HMD": "Western", "ROAD_NAME": "PO SHAN ROAD", "SPECIES_NAME": null, "TREE_ID": "RTR0033212"}, "type": "Feature"}, {"geometry": {"coordinates": [832770.7769999998, 815591.1170000006], "type": "Point"}, "properties": {"DBH": 105, "LU_HMD": "Western", "ROAD_NAME": "PO SHAN ROAD", "SPECIES_NAME": null, "TREE_ID": "RTR0034327"}, "type": "Feature"}, {"geometry": {"coordinates": [832703.3559999997, 815673.2119999994], "type": "Point"}, "properties": {"DBH": 99, "LU_HMD": "Western", "ROAD_NAME": "PO SHAN ROAD", "SPECIES_NAME": null, "TREE_ID": "RTR0032530"}, "type": "Feature"}, {"geometry": {"coordinates": [832743.0810000002, 815701.9940000009], "type": "Point"}, "properties": {"DBH": 105, "LU_HMD": "Western", "ROAD_NAME": "PO SHAN ROAD", "SPECIES_NAME": null, "TREE_ID": "RTR0032537"}, "type": "Feature"}, {"geometry": {"coordinates": [832695.4890000001, 815708.8969999999], "type": "Point"}, "properties": {"DBH": 191, "LU_HMD": "Western", "ROAD_NAME": "PO SHAN ROAD", "SPECIES_NAME": null, "TREE_ID": "RTR0032424"}, "type": "Feature"}, {"geometry": {"coordinates": [832712.5130000003, 815731.2719999999], "type": "Point"}, "properties": {"DBH": 96, "LU_HMD": "Western", "ROAD_NAME": "PO SHAN ROAD", "SPECIES_NAME": null, "TREE_ID": "RTR0032371"}, "type": "Feature"}, {"geometry": {"coordinates": [832760.3880000003, 815669.625], "type": "Point"}, "properties": {"DBH": 210, "LU_HMD": "Western", "ROAD_NAME": "PO SHAN ROAD", "SPECIES_NAME": null, "TREE_ID": "RTR0033030"}, "type": "Feature"}, {"geometry": {"coordinates": [832777.3909999998, 815638.3709999993], "type": "Point"}, "properties": {"DBH": 124, "LU_HMD": "Western", "ROAD_NAME": "PO SHAN ROAD", "SPECIES_NAME": null, "TREE_ID": "RTR0033868"}, "type": "Feature"}, {"geometry": {"coordinates": [832742.1900000004, 815650.7219999991], "type": "Point"}, "properties": {"DBH": 158, "LU_HMD": "Western", "ROAD_NAME": "PO SHAN ROAD", "SPECIES_NAME": null, "TREE_ID": "RTR0033413"}, "type": "Feature"}, {"geometry": {"coordinates": [832764.3679999998, 815588.3440000005], "type": "Point"}, "properties": {"DBH": 127, "LU_HMD": "Western", "ROAD_NAME": "PO SHAN ROAD", "SPECIES_NAME": null, "TREE_ID": "RTR0034345"}, "type": "Feature"}, {"geometry": {"coordinates": [832682.1509999996, 815654.5969999991], "type": "Point"}, "properties": {"DBH": 127, "LU_HMD": "Western", "ROAD_NAME": "PO SHAN ROAD", "SPECIES_NAME": null, "TREE_ID": "RTR0032858"}, "type": "Feature"}, {"geometry": {"coordinates": [832771.2060000002, 815654.6420000009], "type": "Point"}, "properties": {"DBH": 105, "LU_HMD": "Western", "ROAD_NAME": "PO SHAN ROAD", "SPECIES_NAME": null, "TREE_ID": "RTR0031718"}, "type": "Feature"}, {"geometry": {"coordinates": [833383.1619999995, 816050.4059999995], "type": "Point"}, "properties": {"DBH": 239, "LU_HMD": "Western", "ROAD_NAME": " ", "SPECIES_NAME": null, "TREE_ID": "RTR0033629"}, "type": "Feature"}, {"geometry": {"coordinates": [832874.7400000002, 815735.5179999992], "type": "Point"}, "properties": {"DBH": 174, "LU_HMD": "Western", "ROAD_NAME": "PO SHAN ROAD", "SPECIES_NAME": null, "TREE_ID": "RTR0033528"}, "type": "Feature"}, {"geometry": {"coordinates": [832749.2359999996, 815700.5109999999], "type": "Point"}, "properties": {"DBH": 110, "LU_HMD": "Western", "ROAD_NAME": "PO SHAN ROAD", "SPECIES_NAME": null, "TREE_ID": "RTR0032553"}, "type": "Feature"}, {"geometry": {"coordinates": [832737.0159999998, 815631.034], "type": "Point"}, "properties": {"DBH": 143, "LU_HMD": "Western", "ROAD_NAME": "PO SHAN ROAD", "SPECIES_NAME": null, "TREE_ID": "RTR0033731"}, "type": "Feature"}, {"geometry": {"coordinates": [833113.2999999998, 816011.6999999993], "type": "Point"}, "properties": {"DBH": 1010, "LU_HMD": null, "ROAD_NAME": " ", "SPECIES_NAME": null, "TREE_ID": "ITR0600007"}, "type": "Feature"}, {"geometry": {"coordinates": [833739.5, 815473.1999999993], "type": "Point"}, "properties": {"DBH": 502, "LU_HMD": null, "ROAD_NAME": "Glenealy", "SPECIES_NAME": null, "TREE_ID": "ITR0600114"}, "type": "Feature"}, {"geometry": {"coordinates": [834018.0999999996, 815847.5999999996], "type": "Point"}, "properties": {"DBH": 250, "LU_HMD": null, "ROAD_NAME": " ", "SPECIES_NAME": null, "TREE_ID": "ITR0600520"}, "type": "Feature"}, {"geometry": {"coordinates": [834165.5, 815593.5999999996], "type": "Point"}, "properties": {"DBH": 270, "LU_HMD": null, "ROAD_NAME": " ", "SPECIES_NAME": null, "TREE_ID": "ITR0600579"}, "type": "Feature"}, {"geometry": {"coordinates": [834170.5, 815596.5], "type": "Point"}, "properties": {"DBH": 250, "LU_HMD": null, "ROAD_NAME": " ", "SPECIES_NAME": null, "TREE_ID": "ITR0600580"}, "type": "Feature"}, {"geometry": {"coordinates": [832644, 816328], "type": "Point"}, "properties": {"DBH": 800, "LU_HMD": null, "ROAD_NAME": "TAK SING LANE", "SPECIES_NAME": null, "TREE_ID": "ITR0600581"}, "type": "Feature"}, {"geometry": {"coordinates": [833711, 815498], "type": "Point"}, "properties": {"DBH": 450, "LU_HMD": null, "ROAD_NAME": " ", "SPECIES_NAME": null, "TREE_ID": "ITR0600625"}, "type": "Feature"}, {"geometry": {"coordinates": [833709, 815500], "type": "Point"}, "properties": {"DBH": 428, "LU_HMD": null, "ROAD_NAME": " CONDUIT ROAD", "SPECIES_NAME": null, "TREE_ID": "ITR0600626"}, "type": "Feature"}, {"geometry": {"coordinates": [833691, 815508], "type": "Point"}, "properties": {"DBH": 800, "LU_HMD": null, "ROAD_NAME": " CONDUIT ROAD", "SPECIES_NAME": null, "TREE_ID": "ITR0600627"}, "type": "Feature"}, {"geometry": {"coordinates": [832955, 815887], "type": "Point"}, "properties": {"DBH": 250, "LU_HMD": null, "ROAD_NAME": "CONDUIT ROAD", "SPECIES_NAME": null, "TREE_ID": "ITR0600630"}, "type": "Feature"}, {"geometry": {"coordinates": [832986.2999999998, 815922.4000000004], "type": "Point"}, "properties": {"DBH": 330, "LU_HMD": null, "ROAD_NAME": " ", "SPECIES_NAME": null, "TREE_ID": "ITR0600635"}, "type": "Feature"}, {"geometry": {"coordinates": [833730.5, 815457.5999999996], "type": "Point"}, "properties": {"DBH": 720, "LU_HMD": null, "ROAD_NAME": " ", "SPECIES_NAME": null, "TREE_ID": "ITR0600640"}, "type": "Feature"}, {"geometry": {"coordinates": [832960.7000000002, 815986.3000000007], "type": "Point"}, "properties": {"DBH": 230, "LU_HMD": null, "ROAD_NAME": " ", "SPECIES_NAME": null, "TREE_ID": "ITR0600641"}, "type": "Feature"}, {"geometry": {"coordinates": [832960.7000000002, 815986.3000000007], "type": "Point"}, "properties": {"DBH": 230, "LU_HMD": null, "ROAD_NAME": " ", "SPECIES_NAME": null, "TREE_ID": "ITR0600642"}, "type": "Feature"}, {"geometry": {"coordinates": [832970.2999999998, 815990.6999999993], "type": "Point"}, "properties": {"DBH": 398, "LU_HMD": null, "ROAD_NAME": " ", "SPECIES_NAME": null, "TREE_ID": "ITR0600643"}, "type": "Feature"}, {"geometry": {"coordinates": [832648.7999999998, 815852.9000000004], "type": "Point"}, "properties": {"DBH": 306, "LU_HMD": null, "ROAD_NAME": " ", "SPECIES_NAME": null, "TREE_ID": "ITR0600645"}, "type": "Feature"}, {"geometry": {"coordinates": [832620.5, 815820.5999999996], "type": "Point"}, "properties": {"DBH": 450, "LU_HMD": null, "ROAD_NAME": " ", "SPECIES_NAME": null, "TREE_ID": "ITR0600646"}, "type": "Feature"}, {"geometry": {"coordinates": [832686, 815748], "type": "Point"}, "properties": {"DBH": 200, "LU_HMD": null, "ROAD_NAME": " ", "SPECIES_NAME": null, "TREE_ID": "ITR0600657"}, "type": "Feature"}, {"geometry": {"coordinates": [832690, 815741], "type": "Point"}, "properties": {"DBH": 280, "LU_HMD": null, "ROAD_NAME": " ", "SPECIES_NAME": null, "TREE_ID": "ITR0600658"}, "type": "Feature"}, {"geometry": {"coordinates": [832669, 815737], "type": "Point"}, "properties": {"DBH": 350, "LU_HMD": null, "ROAD_NAME": " ", "SPECIES_NAME": null, "TREE_ID": "ITR0600659"}, "type": "Feature"}, {"geometry": {"coordinates": [832638.0999999996, 815797.5], "type": "Point"}, "properties": {"DBH": 310, "LU_HMD": null, "ROAD_NAME": " ", "SPECIES_NAME": null, "TREE_ID": "ITR0600660"}, "type": "Feature"}, {"geometry": {"coordinates": [832631, 815794], "type": "Point"}, "properties": {"DBH": 340, "LU_HMD": null, "ROAD_NAME": " ", "SPECIES_NAME": null, "TREE_ID": "ITR0600661"}, "type": "Feature"}, {"geometry": {"coordinates": [832634, 815795], "type": "Point"}, "properties": {"DBH": 350, "LU_HMD": null, "ROAD_NAME": " ", "SPECIES_NAME": null, "TREE_ID": "ITR0600662"}, "type": "Feature"}, {"geometry": {"coordinates": [833226.2999999998, 816167], "type": "Point"}, "properties": {"DBH": 410, "LU_HMD": null, "ROAD_NAME": " ", "SPECIES_NAME": null, "TREE_ID": "ITR0600663"}, "type": "Feature"}, {"geometry": {"coordinates": [833390.5999999996, 816036.0999999996], "type": "Point"}, "properties": {"DBH": 230, "LU_HMD": null, "ROAD_NAME": "CAINE ROAD", "SPECIES_NAME": null, "TREE_ID": "ITR0600664"}, "type": "Feature"}, {"geometry": {"coordinates": [833087.9000000004, 816204.5999999996], "type": "Point"}, "properties": {"DBH": 500, "LU_HMD": null, "ROAD_NAME": " ", "SPECIES_NAME": null, "TREE_ID": "ITR0600665"}, "type": "Feature"}, {"geometry": {"coordinates": [833643.2999999998, 815879.1999999993], "type": "Point"}, "properties": {"DBH": 360, "LU_HMD": null, "ROAD_NAME": "CAINE ROAD", "SPECIES_NAME": null, "TREE_ID": "ITR0600669"}, "type": "Feature"}, {"geometry": {"coordinates": [833628, 815777], "type": "Point"}, "properties": {"DBH": 410, "LU_HMD": null, "ROAD_NAME": " ", "SPECIES_NAME": null, "TREE_ID": "ITR0600670"}, "type": "Feature"}, {"geometry": {"coordinates": [833633, 815791], "type": "Point"}, "properties": {"DBH": 398, "LU_HMD": null, "ROAD_NAME": " ", "SPECIES_NAME": null, "TREE_ID": "ITR0600671"}, "type": "Feature"}, {"geometry": {"coordinates": [833633, 815791], "type": "Point"}, "properties": {"DBH": 403, "LU_HMD": null, "ROAD_NAME": " ", "SPECIES_NAME": null, "TREE_ID": "ITR0600672"}, "type": "Feature"}, {"geometry": {"coordinates": [833089.9000000004, 816157.1999999993], "type": "Point"}, "properties": {"DBH": 690, "LU_HMD": null, "ROAD_NAME": " ", "SPECIES_NAME": null, "TREE_ID": "ITR0600673"}, "type": "Feature"}, {"geometry": {"coordinates": [832649.0999999996, 816327.9000000004], "type": "Point"}, "properties": {"DBH": 700, "LU_HMD": null, "ROAD_NAME": "TAK SING LANE", "SPECIES_NAME": null, "TREE_ID": "ITR0600674"}, "type": "Feature"}, {"geometry": {"coordinates": [834178.9000000004, 815600.4000000004], "type": "Point"}, "properties": {"DBH": 160, "LU_HMD": null, "ROAD_NAME": " ", "SPECIES_NAME": null, "TREE_ID": "ITR0600677"}, "type": "Feature"}, {"geometry": {"coordinates": [834361.2999999998, 815684.3000000007], "type": "Point"}, "properties": {"DBH": 310, "LU_HMD": null, "ROAD_NAME": " ", "SPECIES_NAME": null, "TREE_ID": "ITR0600678"}, "type": "Feature"}, {"geometry": {"coordinates": [834397.9000000004, 815675.4000000004], "type": "Point"}, "properties": {"DBH": 663, "LU_HMD": null, "ROAD_NAME": " ", "SPECIES_NAME": null, "TREE_ID": "ITR0600680"}, "type": "Feature"}, {"geometry": {"coordinates": [832635, 815829.3000000007], "type": "Point"}, "properties": {"DBH": 400, "LU_HMD": null, "ROAD_NAME": " ", "SPECIES_NAME": null, "TREE_ID": "ITR0600847"}, "type": "Feature"}, {"geometry": {"coordinates": [834155.2000000002, 815572.1999999993], "type": "Point"}, "properties": {"DBH": 330, "LU_HMD": null, "ROAD_NAME": " ", "SPECIES_NAME": null, "TREE_ID": "ITR0600864"}, "type": "Feature"}, {"geometry": {"coordinates": [832800.9210000001, 815983.6830000002], "type": "Point"}, "properties": {"DBH": 925, "LU_HMD": null, "ROAD_NAME": " ", "SPECIES_NAME": null, "TREE_ID": "ITR0600868"}, "type": "Feature"}, {"geometry": {"coordinates": [832931.5, 815822], "type": "Point"}, "properties": {"DBH": 250, "LU_HMD": null, "ROAD_NAME": "Po Shan Road", "SPECIES_NAME": null, "TREE_ID": "ITR0600900"}, "type": "Feature"}], "type": "FeatureCollection"}
