{"crs": {"properties": {"name": "urn:ogc:def:crs:EPSG::2326"}, "type": "name"}, "features": [{"geometry": {"coordinates": [833692.5949999997, 821048.2919999994], "type": "Point"}, "properties": {"DBH": 102, "LU_HMD": "Lai Chi Kok", "ROAD_NAME": null, "SPECIES_NAME": null, "TREE_ID": "RTR0115983"}, "type": "Feature"}, {"geometry": {"coordinates": [833700.8039999995, 821054.5010000002], "type": "Point"}, "properties": {"DBH": 163, "LU_HMD": "Lai Chi Kok", "ROAD_NAME": null, "SPECIES_NAME": null, "TREE_ID": "RTR0119421"}, "type": "Feature"}, {"geometry": {"coordinates": [833710.5379999997, 821066.9629999995], "type": "Point"}, "properties": {"DBH": 321, "LU_HMD": "Lai Chi Kok", "ROAD_NAME": null, "SPECIES_NAME": null, "TREE_ID": "RTR0119422"}, "type": "Feature"}, {"geometry": {"coordinates": [833716.2149999999, 821075.3289999999], "type": "Point"}, "properties": {"DBH": 201, "LU_HMD": "Lai Chi Kok", "ROAD_NAME": null, "SPECIES_NAME": null, "TREE_ID": "RTR0119423"}, "type": "Feature"}, {"geometry": {"coordinates": [833714.2539999997, 821071.2100000009], "type": "Point"}, "properties": {"DBH": 274, "LU_HMD": "Lai Chi Kok", "ROAD_NAME": null, "SPECIES_NAME": null, "TREE_ID": "RTR0119426"}, "type": "Feature"}, {"geometry": {"coordinates": [833715.7410000004, 821073.3080000002], "type": "Point"}, "properties": {"DBH": 162, "LU_HMD": "Lai Chi Kok", "ROAD_NAME": null, "SPECIES_NAME": null, "TREE_ID": "RTR0119435"}, "type": "Feature"}, {"geometry": {"coordinates": [833717.2489999998, 821076.4460000005], "type": "Point"}, "properties": {"DBH": 127, "LU_HMD": "Lai Chi Kok", "ROAD_NAME": null, "SPECIES_NAME": null, "TREE_ID": "RTR0119451"}, "type": "Feature"}, {"geometry": {"coordinates": [833717.8210000005, 821078.0250000004], "type": "Point"}, "properties": {"DBH": 96, "LU_HMD": "Lai Chi Kok", "ROAD_NAME": null, "SPECIES_NAME": null, "TREE_ID": "RTR0119411"}, "type": "Feature"}, {"geometry": {"coordinates": [833712.5159999998, 821070.7780000009], "type": "Point"}, "properties": {"DBH": 158, "LU_HMD": "Lai Chi Kok", "ROAD_NAME": null, "SPECIES_NAME": null, "TREE_ID": "RTR0119446"}, "type": "Feature"}, {"geometry": {"coordinates": [834690.057, 822026.5059999991], "type": "Point"}, "properties": {"DBH": 196, "LU_HMD": "Sham Shui Po", "ROAD_NAME": "PRATAS STREET", "SPECIES_NAME": null, "TREE_ID": "RTR0100774"}, "type": "Feature"}, {"geometry": {"coordinates": [834695.0820000004, 822042.6040000003], "type": "Point"}, "properties": {"DBH": 240, "LU_HMD": "Sham Shui Po", "ROAD_NAME": "PRATAS STREET", "SPECIES_NAME": null, "TREE_ID": "RTR0100809"}, "type": "Feature"}, {"geometry": {"coordinates": [834680.7369999997, 822028.7349999994], "type": "Point"}, "properties": {"DBH": 357, "LU_HMD": "Sham Shui Po", "ROAD_NAME": "PRATAS STREET", "SPECIES_NAME": null, "TREE_ID": "RTR0100791"}, "type": "Feature"}, {"geometry": {"coordinates": [834267.0480000004, 820229.3249999993], "type": "Point"}, "properties": {"DBH": 168, "LU_HMD": null, "ROAD_NAME": " ", "SPECIES_NAME": null, "TREE_ID": "RTR0096825"}, "type": "Feature"}, {"geometry": {"coordinates": [834912.0580000002, 822184.0519999992], "type": "Point"}, "properties": {"DBH": 195, "LU_HMD": "Sham Shui Po", "ROAD_NAME": " ", "SPECIES_NAME": null, "TREE_ID": "RTR0097005"}, "type": "Feature"}, {"geometry": {"coordinates": [834806.5219999999, 822078.3969999999], "type": "Point"}, "properties": {"DBH": 96, "LU_HMD": "Sham Shui Po", "ROAD_NAME": null, "SPECIES_NAME": null, "TREE_ID": "RTR0100769"}, "type": "Feature"}, {"geometry": {"coordinates": [834806.3830000004, 822078.9859999996], "type": "Point"}, "properties": {"DBH": 178, "LU_HMD": "Sham Shui Po", "ROAD_NAME": null, "SPECIES_NAME": null, "TREE_ID": "RTR0100770"}, "type": "Feature"}, {"geometry": {"coordinates": [834778.3389999997, 822052.3839999996], "type": "Point"}, "properties": {"DBH": 124, "LU_HMD": "Sham Shui Po", "ROAD_NAME": null, "SPECIES_NAME": null, "TREE_ID": "RTR0100785"}, "type": "Feature"}, {"geometry": {"coordinates": [834780.1179999998, 822054.8709999993], "type": "Point"}, "properties": {"DBH": 166, "LU_HMD": "Sham Shui Po", "ROAD_NAME": " ", "SPECIES_NAME": null, "TREE_ID": "RTR0100766"}, "type": "Feature"}, {"geometry": {"coordinates": [834790.1030000001, 822065.4039999992], "type": "Point"}, "properties": {"DBH": 102, "LU_HMD": "Sham Shui Po", "ROAD_NAME": " ", "SPECIES_NAME": null, "TREE_ID": "RTR0100781"}, "type": "Feature"}, {"geometry": {"coordinates": [834770.4450000003, 822041.5950000007], "type": "Point"}, "properties": {"DBH": 107, "LU_HMD": "Sham Shui Po", "ROAD_NAME": " ", "SPECIES_NAME": null, "TREE_ID": "RTR0100802"}, "type": "Feature"}, {"geometry": {"coordinates": [834763.8020000001, 822032.4979999997], "type": "Point"}, "properties": {"DBH": 96, "LU_HMD": "Sham Shui Po", "ROAD_NAME": " ", "SPECIES_NAME": null, "TREE_ID": "RTR0100807"}, "type": "Feature"}, {"geometry": {"coordinates": [835258.1679999996, 821139.4680000003], "type": "Point"}, "properties": {"DBH": 197, "LU_HMD": "Sham Shui Po", "ROAD_NAME": "SAI YEUNG CHOI LANE", "SPECIES_NAME": null, "TREE_ID": "RTR0115029"}, "type": "Feature"}, {"geometry": {"coordinates": [834784.2319999998, 822060.3289999999], "type": "Point"}, "properties": {"DBH": 96, "LU_HMD": "Sham Shui Po", "ROAD_NAME": " ", "SPECIES_NAME": null, "TREE_ID": "RTR0100784"}, "type": "Feature"}, {"geometry": {"coordinates": [834766.9119999995, 822036.1789999995], "type": "Point"}, "properties": {"DBH": 149, "LU_HMD": "Sham Shui Po", "ROAD_NAME": " ", "SPECIES_NAME": null, "TREE_ID": "RTR0100786"}, "type": "Feature"}, {"geometry": {"coordinates": [834168.0470000003, 820419.0610000007], "type": "Point"}, "properties": {"DBH": 150, "LU_HMD": "Mong Kok", "ROAD_NAME": " ", "SPECIES_NAME": null, "TREE_ID": "RTR0139403"}, "type": "Feature"}, {"geometry": {"coordinates": [834727.5029999996, 822068.7770000007], "type": "Point"}, "properties": {"DBH": 204, "LU_HMD": "Sham Shui Po", "ROAD_NAME": null, "SPECIES_NAME": null, "TREE_ID": "RTR0100664"}, "type": "Feature"}, {"geometry": {"coordinates": [834723.7970000003, 822065.0789999999], "type": "Point"}, "properties": {"DBH": 102, "LU_HMD": "Sham Shui Po", "ROAD_NAME": null, "SPECIES_NAME": null, "TREE_ID": "RTR0100665"}, "type": "Feature"}, {"geometry": {"coordinates": [834715.9869999997, 822063.3149999995], "type": "Point"}, "properties": {"DBH": 513, "LU_HMD": "Sham Shui Po", "ROAD_NAME": null, "SPECIES_NAME": null, "TREE_ID": "RTR0100685"}, "type": "Feature"}, {"geometry": {"coordinates": [834910.3039999995, 822190.9309999999], "type": "Point"}, "properties": {"DBH": 1084, "LU_HMD": "Sham Shui Po", "ROAD_NAME": " ", "SPECIES_NAME": null, "TREE_ID": "RTR0101927"}, "type": "Feature"}, {"geometry": {"coordinates": [834933.301, 822184.8509999998], "type": "Point"}, "properties": {"DBH": 115, "LU_HMD": "Sham Shui Po", "ROAD_NAME": "ROAD 903450 NORTH EAST OF TAI PO ROAD (TEMPORARY)", "SPECIES_NAME": null, "TREE_ID": "RTR0102969"}, "type": "Feature"}, {"geometry": {"coordinates": [834917.2290000003, 822194.8239999991], "type": "Point"}, "properties": {"DBH": 171, "LU_HMD": "Sham Shui Po", "ROAD_NAME": " ", "SPECIES_NAME": null, "TREE_ID": "RTR0102972"}, "type": "Feature"}, {"geometry": {"coordinates": [834920.8329999996, 822180.8870000001], "type": "Point"}, "properties": {"DBH": 153, "LU_HMD": "Sham Shui Po", "ROAD_NAME": " ", "SPECIES_NAME": null, "TREE_ID": "RTR0102977"}, "type": "Feature"}, {"geometry": {"coordinates": [834929.4570000004, 822168.3800000008], "type": "Point"}, "properties": {"DBH": 171, "LU_HMD": "Sham Shui Po", "ROAD_NAME": "ROAD 903450 NORTH EAST OF TAI PO ROAD (TEMPORARY)", "SPECIES_NAME": null, "TREE_ID": "RTR0102982"}, "type": "Feature"}, {"geometry": {"coordinates": [834915.5599999996, 822157.9260000009], "type": "Point"}, "properties": {"DBH": 309, "LU_HMD": "Sham Shui Po", "ROAD_NAME": "ROAD 903450 NORTH EAST OF TAI PO ROAD (TEMPORARY)", "SPECIES_NAME": null, "TREE_ID": "RTR0102990"}, "type": "Feature"}, {"geometry": {"coordinates": [834929.6619999995, 822187.0399999991], "type": "Point"}, "properties": {"DBH": 210, "LU_HMD": "Sham Shui Po", "ROAD_NAME": "ROAD 903450 NORTH EAST OF TAI PO ROAD (TEMPORARY)", "SPECIES_NAME": null, "TREE_ID": "RTR0102996"}, "type": "Feature"}, {"geometry": {"coordinates": [834912.5870000003, 822151.9340000004], "type": "Point"}, "properties": {"DBH": 296, "LU_HMD": "Sham Shui Po", "ROAD_NAME": "ROAD 903450 NORTH EAST OF TAI PO ROAD (TEMPORARY)", "SPECIES_NAME": null, "TREE_ID": "RTR0103005"}, "type": "Feature"}, {"geometry": {"coordinates": [834181.676, 820399.5419999994], "type": "Point"}, "properties": {"DBH": 200, "LU_HMD": "Mong Kok", "ROAD_NAME": " ", "SPECIES_NAME": null, "TREE_ID": "RTR0139437"}, "type": "Feature"}, {"geometry": {"coordinates": [833561.1500000004, 821079.1180000007], "type": "Point"}, "properties": {"DBH": 190, "LU_HMD": "Lai Chi Kok", "ROAD_NAME": " ", "SPECIES_NAME": null, "TREE_ID": "RTR0144448"}, "type": "Feature"}, {"geometry": {"coordinates": [834728.0779999997, 822051.3780000005], "type": "Point"}, "properties": {"DBH": 204, "LU_HMD": "Sham Shui Po", "ROAD_NAME": null, "SPECIES_NAME": null, "TREE_ID": "RTR0100834"}, "type": "Feature"}, {"geometry": {"coordinates": [834747.1629999997, 822059.4989999998], "type": "Point"}, "properties": {"DBH": 479, "LU_HMD": "Sham Shui Po", "ROAD_NAME": null, "SPECIES_NAME": null, "TREE_ID": "RTR0101424"}, "type": "Feature"}, {"geometry": {"coordinates": [834746.7180000003, 822059.8440000005], "type": "Point"}, "properties": {"DBH": 161, "LU_HMD": "Sham Shui Po", "ROAD_NAME": null, "SPECIES_NAME": null, "TREE_ID": "RTR0101449"}, "type": "Feature"}, {"geometry": {"coordinates": [834735.9170000004, 822063.8650000002], "type": "Point"}, "properties": {"DBH": 191, "LU_HMD": "Sham Shui Po", "ROAD_NAME": "TAI PO ROAD", "SPECIES_NAME": null, "TREE_ID": "RTR0100854"}, "type": "Feature"}, {"geometry": {"coordinates": [834735.0290000001, 822074.4210000001], "type": "Point"}, "properties": {"DBH": 121, "LU_HMD": "Sham Shui Po", "ROAD_NAME": "TAI PO ROAD", "SPECIES_NAME": null, "TREE_ID": "RTR0100856"}, "type": "Feature"}, {"geometry": {"coordinates": [834736.7070000004, 822080.9550000001], "type": "Point"}, "properties": {"DBH": 363, "LU_HMD": "Sham Shui Po", "ROAD_NAME": "TAI PO ROAD", "SPECIES_NAME": null, "TREE_ID": "RTR0100815"}, "type": "Feature"}, {"geometry": {"coordinates": [834741.8880000003, 822072.5059999991], "type": "Point"}, "properties": {"DBH": 119, "LU_HMD": "Sham Shui Po", "ROAD_NAME": "TAI PO ROAD", "SPECIES_NAME": null, "TREE_ID": "RTR0100825"}, "type": "Feature"}, {"geometry": {"coordinates": [834742.3439999996, 822075.2180000003], "type": "Point"}, "properties": {"DBH": 172, "LU_HMD": "Sham Shui Po", "ROAD_NAME": "TAI PO ROAD", "SPECIES_NAME": null, "TREE_ID": "RTR0100828"}, "type": "Feature"}, {"geometry": {"coordinates": [834735.4950000001, 822064.2379999999], "type": "Point"}, "properties": {"DBH": 194, "LU_HMD": "Sham Shui Po", "ROAD_NAME": "TAI PO ROAD", "SPECIES_NAME": null, "TREE_ID": "RTR0100835"}, "type": "Feature"}, {"geometry": {"coordinates": [833517.9270000001, 821107.6879999992], "type": "Point"}, "properties": {"DBH": 118, "LU_HMD": "Lai Chi Kok", "ROAD_NAME": " ", "SPECIES_NAME": null, "TREE_ID": "RTR0144458"}, "type": "Feature"}, {"geometry": {"coordinates": [833550.1500000004, 821085.0940000005], "type": "Point"}, "properties": {"DBH": 153, "LU_HMD": "Lai Chi Kok", "ROAD_NAME": " ", "SPECIES_NAME": null, "TREE_ID": "RTR0144459"}, "type": "Feature"}, {"geometry": {"coordinates": [833507.6160000004, 821111.25], "type": "Point"}, "properties": {"DBH": 248, "LU_HMD": "Lai Chi Kok", "ROAD_NAME": " ", "SPECIES_NAME": null, "TREE_ID": "RTR0144461"}, "type": "Feature"}, {"geometry": {"coordinates": [833553.852, 821083.6999999993], "type": "Point"}, "properties": {"DBH": 231, "LU_HMD": "Lai Chi Kok", "ROAD_NAME": " ", "SPECIES_NAME": null, "TREE_ID": "RTR0144468"}, "type": "Feature"}, {"geometry": {"coordinates": [833511.0039999997, 821112.3289999999], "type": "Point"}, "properties": {"DBH": 185, "LU_HMD": "Lai Chi Kok", "ROAD_NAME": " ", "SPECIES_NAME": null, "TREE_ID": "RTR0144474"}, "type": "Feature"}, {"geometry": {"coordinates": [833489.2290000003, 821123.5950000007], "type": "Point"}, "properties": {"DBH": 166, "LU_HMD": "Lai Chi Kok", "ROAD_NAME": " ", "SPECIES_NAME": null, "TREE_ID": "RTR0144475"}, "type": "Feature"}, {"geometry": {"coordinates": [833492.0010000002, 821122.625], "type": "Point"}, "properties": {"DBH": 213, "LU_HMD": "Lai Chi Kok", "ROAD_NAME": " ", "SPECIES_NAME": null, "TREE_ID": "RTR0144476"}, "type": "Feature"}, {"geometry": {"coordinates": [834726.9139999999, 822061.2599999998], "type": "Point"}, "properties": {"DBH": 268, "LU_HMD": "Sham Shui Po", "ROAD_NAME": "TAI PO ROAD", "SPECIES_NAME": null, "TREE_ID": "RTR0100671"}, "type": "Feature"}, {"geometry": {"coordinates": [834724.2699999996, 822059.7890000008], "type": "Point"}, "properties": {"DBH": 420, "LU_HMD": "Sham Shui Po", "ROAD_NAME": "TAI PO ROAD", "SPECIES_NAME": null, "TREE_ID": "RTR0100673"}, "type": "Feature"}, {"geometry": {"coordinates": [834729.2920000004, 822061.2329999991], "type": "Point"}, "properties": {"DBH": 134, "LU_HMD": "Sham Shui Po", "ROAD_NAME": "TAI PO ROAD", "SPECIES_NAME": null, "TREE_ID": "RTR0100678"}, "type": "Feature"}, {"geometry": {"coordinates": [834711.7319999998, 822052.6030000001], "type": "Point"}, "properties": {"DBH": 105, "LU_HMD": "Sham Shui Po", "ROAD_NAME": "TAI PO ROAD", "SPECIES_NAME": null, "TREE_ID": "RTR0100709"}, "type": "Feature"}, {"geometry": {"coordinates": [833498.3720000004, 821119.2809999995], "type": "Point"}, "properties": {"DBH": 264, "LU_HMD": "Lai Chi Kok", "ROAD_NAME": " ", "SPECIES_NAME": null, "TREE_ID": "RTR0144478"}, "type": "Feature"}, {"geometry": {"coordinates": [833530.8849999998, 821098.0289999992], "type": "Point"}, "properties": {"DBH": 210, "LU_HMD": "Lai Chi Kok", "ROAD_NAME": " ", "SPECIES_NAME": null, "TREE_ID": "RTR0144483"}, "type": "Feature"}, {"geometry": {"coordinates": [833525.6440000003, 821099.6439999994], "type": "Point"}, "properties": {"DBH": 204, "LU_HMD": "Lai Chi Kok", "ROAD_NAME": " ", "SPECIES_NAME": null, "TREE_ID": "RTR0144484"}, "type": "Feature"}, {"geometry": {"coordinates": [833503.9330000002, 821115.8739999998], "type": "Point"}, "properties": {"DBH": 229, "LU_HMD": "Lai Chi Kok", "ROAD_NAME": " ", "SPECIES_NAME": null, "TREE_ID": "RTR0144486"}, "type": "Feature"}, {"geometry": {"coordinates": [833528.9790000003, 821099.9210000001], "type": "Point"}, "properties": {"DBH": 164, "LU_HMD": "Lai Chi Kok", "ROAD_NAME": " ", "SPECIES_NAME": null, "TREE_ID": "RTR0144491"}, "type": "Feature"}, {"geometry": {"coordinates": [833475.3300000001, 821130.8169999998], "type": "Point"}, "properties": {"DBH": 185, "LU_HMD": "Lai Chi Kok", "ROAD_NAME": " ", "SPECIES_NAME": null, "TREE_ID": "RTR0144492"}, "type": "Feature"}, {"geometry": {"coordinates": [834746.5779999997, 822077.1579999998], "type": "Point"}, "properties": {"DBH": 245, "LU_HMD": "Sham Shui Po", "ROAD_NAME": null, "SPECIES_NAME": null, "TREE_ID": "RTR0100851"}, "type": "Feature"}, {"geometry": {"coordinates": [834737.6720000003, 822096.7280000001], "type": "Point"}, "properties": {"DBH": 631, "LU_HMD": "Sham Shui Po", "ROAD_NAME": null, "SPECIES_NAME": null, "TREE_ID": "RTR0100764"}, "type": "Feature"}, {"geometry": {"coordinates": [834747.2300000004, 822078.0480000004], "type": "Point"}, "properties": {"DBH": 96, "LU_HMD": "Sham Shui Po", "ROAD_NAME": null, "SPECIES_NAME": null, "TREE_ID": "RTR0100821"}, "type": "Feature"}, {"geometry": {"coordinates": [834749.6619999995, 822079.5390000008], "type": "Point"}, "properties": {"DBH": 121, "LU_HMD": "Sham Shui Po", "ROAD_NAME": "TAI PO ROAD", "SPECIES_NAME": null, "TREE_ID": "RTR0100667"}, "type": "Feature"}, {"geometry": {"coordinates": [834755.5880000005, 822083.0030000005], "type": "Point"}, "properties": {"DBH": 379, "LU_HMD": "Sham Shui Po", "ROAD_NAME": null, "SPECIES_NAME": null, "TREE_ID": "RTR0100672"}, "type": "Feature"}, {"geometry": {"coordinates": [834751.7199999997, 822087.6199999992], "type": "Point"}, "properties": {"DBH": 108, "LU_HMD": "Sham Shui Po", "ROAD_NAME": "TAI PO ROAD", "SPECIES_NAME": null, "TREE_ID": "RTR0100679"}, "type": "Feature"}, {"geometry": {"coordinates": [834750.006, 822080.7890000008], "type": "Point"}, "properties": {"DBH": 220, "LU_HMD": "Sham Shui Po", "ROAD_NAME": "TAI PO ROAD", "SPECIES_NAME": null, "TREE_ID": "RTR0100681"}, "type": "Feature"}, {"geometry": {"coordinates": [834750.0669999998, 822086.8719999995], "type": "Point"}, "properties": {"DBH": 344, "LU_HMD": "Sham Shui Po", "ROAD_NAME": "TAI PO ROAD", "SPECIES_NAME": null, "TREE_ID": "RTR0100684"}, "type": "Feature"}, {"geometry": {"coordinates": [834757.443, 821979.7640000004], "type": "Point"}, "properties": {"DBH": 107, "LU_HMD": "Sham Shui Po", "ROAD_NAME": null, "SPECIES_NAME": null, "TREE_ID": "RTR0097613"}, "type": "Feature"}, {"geometry": {"coordinates": [834761.1500000004, 821955.7430000007], "type": "Point"}, "properties": {"DBH": 248, "LU_HMD": "Sham Shui Po", "ROAD_NAME": " ", "SPECIES_NAME": null, "TREE_ID": "RTR0097615"}, "type": "Feature"}, {"geometry": {"coordinates": [834757.6399999997, 821956.4539999999], "type": "Point"}, "properties": {"DBH": 191, "LU_HMD": "Sham Shui Po", "ROAD_NAME": null, "SPECIES_NAME": null, "TREE_ID": "RTR0097618"}, "type": "Feature"}, {"geometry": {"coordinates": [834757.1560000004, 821960.1909999996], "type": "Point"}, "properties": {"DBH": 108, "LU_HMD": "Sham Shui Po", "ROAD_NAME": null, "SPECIES_NAME": null, "TREE_ID": "RTR0097620"}, "type": "Feature"}, {"geometry": {"coordinates": [834760.585, 821961.9350000005], "type": "Point"}, "properties": {"DBH": 157, "LU_HMD": "Sham Shui Po", "ROAD_NAME": " ", "SPECIES_NAME": null, "TREE_ID": "RTR0097624"}, "type": "Feature"}, {"geometry": {"coordinates": [834758.4759999998, 821957.8159999996], "type": "Point"}, "properties": {"DBH": 103, "LU_HMD": "Sham Shui Po", "ROAD_NAME": " ", "SPECIES_NAME": null, "TREE_ID": "RTR0097412"}, "type": "Feature"}, {"geometry": {"coordinates": [834786.96, 821975.1229999997], "type": "Point"}, "properties": {"DBH": 96, "LU_HMD": "Sham Shui Po", "ROAD_NAME": " ", "SPECIES_NAME": null, "TREE_ID": "RTR0100813"}, "type": "Feature"}, {"geometry": {"coordinates": [834772.2800000003, 821988.8640000001], "type": "Point"}, "properties": {"DBH": 115, "LU_HMD": "Sham Shui Po", "ROAD_NAME": " ", "SPECIES_NAME": null, "TREE_ID": "RTR0100820"}, "type": "Feature"}, {"geometry": {"coordinates": [834961.3039999995, 822213.2579999994], "type": "Point"}, "properties": {"DBH": 166, "LU_HMD": "Sham Shui Po", "ROAD_NAME": " ", "SPECIES_NAME": null, "TREE_ID": "RTR0103232"}, "type": "Feature"}, {"geometry": {"coordinates": [834978.0559999999, 822208.3660000004], "type": "Point"}, "properties": {"DBH": 99, "LU_HMD": "Sham Shui Po", "ROAD_NAME": " ", "SPECIES_NAME": null, "TREE_ID": "RTR0103244"}, "type": "Feature"}, {"geometry": {"coordinates": [834970.6459999997, 822208.648], "type": "Point"}, "properties": {"DBH": 315, "LU_HMD": "Sham Shui Po", "ROAD_NAME": " ", "SPECIES_NAME": null, "TREE_ID": "RTR0103256"}, "type": "Feature"}, {"geometry": {"coordinates": [834745.6359999999, 822085.8880000003], "type": "Point"}, "properties": {"DBH": 385, "LU_HMD": "Sham Shui Po", "ROAD_NAME": null, "SPECIES_NAME": null, "TREE_ID": "RTR0100686"}, "type": "Feature"}, {"geometry": {"coordinates": [834760.9579999996, 822078.6050000004], "type": "Point"}, "properties": {"DBH": 172, "LU_HMD": "Sham Shui Po", "ROAD_NAME": "TAI PO ROAD", "SPECIES_NAME": null, "TREE_ID": "RTR0100689"}, "type": "Feature"}, {"geometry": {"coordinates": [834746.835, 822089.3310000002], "type": "Point"}, "properties": {"DBH": 350, "LU_HMD": "Sham Shui Po", "ROAD_NAME": null, "SPECIES_NAME": null, "TREE_ID": "RTR0100692"}, "type": "Feature"}, {"geometry": {"coordinates": [834738.5219999999, 822098.6089999992], "type": "Point"}, "properties": {"DBH": 312, "LU_HMD": "Sham Shui Po", "ROAD_NAME": null, "SPECIES_NAME": null, "TREE_ID": "RTR0100789"}, "type": "Feature"}, {"geometry": {"coordinates": [834765.0920000002, 822087.068], "type": "Point"}, "properties": {"DBH": 411, "LU_HMD": "Sham Shui Po", "ROAD_NAME": null, "SPECIES_NAME": null, "TREE_ID": "RTR0100790"}, "type": "Feature"}, {"geometry": {"coordinates": [834747.75, 822084.3550000004], "type": "Point"}, "properties": {"DBH": 131, "LU_HMD": "Sham Shui Po", "ROAD_NAME": null, "SPECIES_NAME": null, "TREE_ID": "RTR0100700"}, "type": "Feature"}, {"geometry": {"coordinates": [834747.966, 822080.6160000004], "type": "Point"}, "properties": {"DBH": 236, "LU_HMD": "Sham Shui Po", "ROAD_NAME": null, "SPECIES_NAME": null, "TREE_ID": "RTR0100703"}, "type": "Feature"}, {"geometry": {"coordinates": [834773.3650000002, 821987.5999999996], "type": "Point"}, "properties": {"DBH": 102, "LU_HMD": "Sham Shui Po", "ROAD_NAME": null, "SPECIES_NAME": null, "TREE_ID": "RTR0100824"}, "type": "Feature"}, {"geometry": {"coordinates": [834771.6550000003, 821981.0739999991], "type": "Point"}, "properties": {"DBH": 108, "LU_HMD": "Sham Shui Po", "ROAD_NAME": " ", "SPECIES_NAME": null, "TREE_ID": "RTR0100826"}, "type": "Feature"}, {"geometry": {"coordinates": [834757.818, 821974.3870000001], "type": "Point"}, "properties": {"DBH": 127, "LU_HMD": "Sham Shui Po", "ROAD_NAME": " ", "SPECIES_NAME": null, "TREE_ID": "RTR0097631"}, "type": "Feature"}, {"geometry": {"coordinates": [834758.869, 821961.4780000001], "type": "Point"}, "properties": {"DBH": 138, "LU_HMD": "Sham Shui Po", "ROAD_NAME": " ", "SPECIES_NAME": null, "TREE_ID": "RTR0097632"}, "type": "Feature"}, {"geometry": {"coordinates": [834758.5880000005, 821970.5800000001], "type": "Point"}, "properties": {"DBH": 115, "LU_HMD": "Sham Shui Po", "ROAD_NAME": " ", "SPECIES_NAME": null, "TREE_ID": "RTR0097637"}, "type": "Feature"}, {"geometry": {"coordinates": [834757.4500000002, 821985.1359999999], "type": "Point"}, "properties": {"DBH": 102, "LU_HMD": "Sham Shui Po", "ROAD_NAME": " ", "SPECIES_NAME": null, "TREE_ID": "RTR0097641"}, "type": "Feature"}, {"geometry": {"coordinates": [834758.3899999997, 821986.2770000007], "type": "Point"}, "properties": {"DBH": 131, "LU_HMD": "Sham Shui Po", "ROAD_NAME": " ", "SPECIES_NAME": null, "TREE_ID": "RTR0097644"}, "type": "Feature"}, {"geometry": {"coordinates": [834770.7290000003, 821991.1339999996], "type": "Point"}, "properties": {"DBH": 111, "LU_HMD": "Sham Shui Po", "ROAD_NAME": null, "SPECIES_NAME": null, "TREE_ID": "RTR0100837"}, "type": "Feature"}, {"geometry": {"coordinates": [834767.8499999996, 821984.8939999994], "type": "Point"}, "properties": {"DBH": 149, "LU_HMD": "Sham Shui Po", "ROAD_NAME": null, "SPECIES_NAME": null, "TREE_ID": "RTR0100839"}, "type": "Feature"}, {"geometry": {"coordinates": [834876.2989999996, 822135.3010000009], "type": "Point"}, "properties": {"DBH": 138, "LU_HMD": "Sham Shui Po", "ROAD_NAME": " ", "SPECIES_NAME": null, "TREE_ID": "RTR0096979"}, "type": "Feature"}, {"geometry": {"coordinates": [834836.0369999995, 822109.3159999996], "type": "Point"}, "properties": {"DBH": 547, "LU_HMD": "Sham Shui Po", "ROAD_NAME": " ", "SPECIES_NAME": null, "TREE_ID": "RTR0100793"}, "type": "Feature"}, {"geometry": {"coordinates": [834757.1050000004, 821969.1989999991], "type": "Point"}, "properties": {"DBH": 182, "LU_HMD": "Sham Shui Po", "ROAD_NAME": " ", "SPECIES_NAME": null, "TREE_ID": "RTR0097650"}, "type": "Feature"}, {"geometry": {"coordinates": [834756.5089999996, 821964.6160000004], "type": "Point"}, "properties": {"DBH": 99, "LU_HMD": "Sham Shui Po", "ROAD_NAME": " ", "SPECIES_NAME": null, "TREE_ID": "RTR0097653"}, "type": "Feature"}, {"geometry": {"coordinates": [834756.1179999998, 821979.307], "type": "Point"}, "properties": {"DBH": 120, "LU_HMD": "Sham Shui Po", "ROAD_NAME": " ", "SPECIES_NAME": null, "TREE_ID": "RTR0097656"}, "type": "Feature"}, {"geometry": {"coordinates": [834772.9910000004, 821985.4330000002], "type": "Point"}, "properties": {"DBH": 121, "LU_HMD": "Sham Shui Po", "ROAD_NAME": " ", "SPECIES_NAME": null, "TREE_ID": "RTR0100848"}, "type": "Feature"}, {"geometry": {"coordinates": [834767.943, 821981.4120000005], "type": "Point"}, "properties": {"DBH": 118, "LU_HMD": "Sham Shui Po", "ROAD_NAME": " ", "SPECIES_NAME": null, "TREE_ID": "RTR0100849"}, "type": "Feature"}, {"geometry": {"coordinates": [834768.8899999997, 821982.1909999996], "type": "Point"}, "properties": {"DBH": 104, "LU_HMD": "Sham Shui Po", "ROAD_NAME": " ", "SPECIES_NAME": null, "TREE_ID": "RTR0100850"}, "type": "Feature"}, {"geometry": {"coordinates": [834778.8219999997, 821978.0869999994], "type": "Point"}, "properties": {"DBH": 173, "LU_HMD": "Sham Shui Po", "ROAD_NAME": " ", "SPECIES_NAME": null, "TREE_ID": "RTR0098727"}, "type": "Feature"}, {"geometry": {"coordinates": [834782.1260000002, 821977.8739999998], "type": "Point"}, "properties": {"DBH": 143, "LU_HMD": "Sham Shui Po", "ROAD_NAME": " ", "SPECIES_NAME": null, "TREE_ID": "RTR0098731"}, "type": "Feature"}, {"geometry": {"coordinates": [834781.8969999999, 821976.9710000008], "type": "Point"}, "properties": {"DBH": 153, "LU_HMD": "Sham Shui Po", "ROAD_NAME": " ", "SPECIES_NAME": null, "TREE_ID": "RTR0098741"}, "type": "Feature"}, {"geometry": {"coordinates": [834778.9840000002, 821974.1750000007], "type": "Point"}, "properties": {"DBH": 178, "LU_HMD": "Sham Shui Po", "ROAD_NAME": " ", "SPECIES_NAME": null, "TREE_ID": "RTR0098742"}, "type": "Feature"}, {"geometry": {"coordinates": [834283.1780000003, 820224.9839999992], "type": "Point"}, "properties": {"DBH": 210, "LU_HMD": "Mong Kok", "ROAD_NAME": null, "SPECIES_NAME": null, "TREE_ID": "RTR0139020"}, "type": "Feature"}, {"geometry": {"coordinates": [834861.9910000004, 822122.9670000002], "type": "Point"}, "properties": {"DBH": 153, "LU_HMD": "Sham Shui Po", "ROAD_NAME": " ", "SPECIES_NAME": null, "TREE_ID": "RTR0096972"}, "type": "Feature"}, {"geometry": {"coordinates": [834968.5080000004, 822211.0529999994], "type": "Point"}, "properties": {"DBH": 137, "LU_HMD": "Sham Shui Po", "ROAD_NAME": " ", "SPECIES_NAME": null, "TREE_ID": "RTR0103219"}, "type": "Feature"}, {"geometry": {"coordinates": [834974.3779999996, 822208.1510000005], "type": "Point"}, "properties": {"DBH": 306, "LU_HMD": "Sham Shui Po", "ROAD_NAME": " ", "SPECIES_NAME": null, "TREE_ID": "RTR0103238"}, "type": "Feature"}, {"geometry": {"coordinates": [834957.7089999998, 822211.7100000009], "type": "Point"}, "properties": {"DBH": 131, "LU_HMD": "Sham Shui Po", "ROAD_NAME": " ", "SPECIES_NAME": null, "TREE_ID": "RTR0103239"}, "type": "Feature"}, {"geometry": {"coordinates": [834980.6780000003, 822208.3100000005], "type": "Point"}, "properties": {"DBH": 146, "LU_HMD": "Sham Shui Po", "ROAD_NAME": " ", "SPECIES_NAME": null, "TREE_ID": "RTR0103246"}, "type": "Feature"}, {"geometry": {"coordinates": [834727.5029999996, 822068.7770000007], "type": "Point"}, "properties": {"DBH": 204, "LU_HMD": "Sham Shui Po", "ROAD_NAME": null, "SPECIES_NAME": null, "TREE_ID": "RTR0100664"}, "type": "Feature"}, {"geometry": {"coordinates": [834806.5219999999, 822078.3969999999], "type": "Point"}, "properties": {"DBH": 96, "LU_HMD": "Sham Shui Po", "ROAD_NAME": null, "SPECIES_NAME": null, "TREE_ID": "RTR0100769"}, "type": "Feature"}, {"geometry": {"coordinates": [834806.3830000004, 822078.9859999996], "type": "Point"}, "properties": {"DBH": 178, "LU_HMD": "Sham Shui Po", "ROAD_NAME": null, "SPECIES_NAME": null, "TREE_ID": "RTR0100770"}, "type": "Feature"}, {"geometry": {"coordinates": [834778.3389999997, 822052.3839999996], "type": "Point"}, "properties": {"DBH": 124, "LU_HMD": "Sham Shui Po", "ROAD_NAME": null, "SPECIES_NAME": null, "TREE_ID": "RTR0100785"}, "type": "Feature"}, {"geometry": {"coordinates": [834779.3159999996, 822053.8159999996], "type": "Point"}, "properties": {"DBH": 166, "LU_HMD": "Sham Shui Po", "ROAD_NAME": null, "SPECIES_NAME": null, "TREE_ID": "RTR0100788"}, "type": "Feature"}, {"geometry": {"coordinates": [834771.2010000004, 822044.4629999995], "type": "Point"}, "properties": {"DBH": 210, "LU_HMD": "Sham Shui Po", "ROAD_NAME": " ", "SPECIES_NAME": null, "TREE_ID": "RTR0100763"}, "type": "Feature"}, {"geometry": {"coordinates": [834763.1449999996, 822030.6290000007], "type": "Point"}, "properties": {"DBH": 102, "LU_HMD": "Sham Shui Po", "ROAD_NAME": " ", "SPECIES_NAME": null, "TREE_ID": "RTR0100765"}, "type": "Feature"}, {"geometry": {"coordinates": [834961.4960000003, 822212.3149999995], "type": "Point"}, "properties": {"DBH": 108, "LU_HMD": "Sham Shui Po", "ROAD_NAME": " ", "SPECIES_NAME": null, "TREE_ID": "RTR0103254"}, "type": "Feature"}, {"geometry": {"coordinates": [834723.7970000003, 822065.0789999999], "type": "Point"}, "properties": {"DBH": 102, "LU_HMD": "Sham Shui Po", "ROAD_NAME": null, "SPECIES_NAME": null, "TREE_ID": "RTR0100665"}, "type": "Feature"}, {"geometry": {"coordinates": [834715.9869999997, 822063.3149999995], "type": "Point"}, "properties": {"DBH": 513, "LU_HMD": "Sham Shui Po", "ROAD_NAME": null, "SPECIES_NAME": null, "TREE_ID": "RTR0100685"}, "type": "Feature"}, {"geometry": {"coordinates": [834728.0779999997, 822051.3780000005], "type": "Point"}, "properties": {"DBH": 204, "LU_HMD": "Sham Shui Po", "ROAD_NAME": null, "SPECIES_NAME": null, "TREE_ID": "RTR0100834"}, "type": "Feature"}, {"geometry": {"coordinates": [834746.7180000003, 822059.8440000005], "type": "Point"}, "properties": {"DBH": 161, "LU_HMD": "Sham Shui Po", "ROAD_NAME": null, "SPECIES_NAME": null, "TREE_ID": "RTR0101449"}, "type": "Feature"}, {"geometry": {"coordinates": [834732.733, 822062.7249999996], "type": "Point"}, "properties": {"DBH": 178, "LU_HMD": "Sham Shui Po", "ROAD_NAME": "TAI PO ROAD", "SPECIES_NAME": null, "TREE_ID": "RTR0100853"}, "type": "Feature"}, {"geometry": {"coordinates": [834740.5999999996, 822069.6549999993], "type": "Point"}, "properties": {"DBH": 194, "LU_HMD": "Sham Shui Po", "ROAD_NAME": "TAI PO ROAD", "SPECIES_NAME": null, "TREE_ID": "RTR0100812"}, "type": "Feature"}, {"geometry": {"coordinates": [834738.2699999996, 822075.2650000006], "type": "Point"}, "properties": {"DBH": 172, "LU_HMD": "Sham Shui Po", "ROAD_NAME": "TAI PO ROAD", "SPECIES_NAME": null, "TREE_ID": "RTR0100818"}, "type": "Feature"}, {"geometry": {"coordinates": [834733.3609999996, 822062.4930000007], "type": "Point"}, "properties": {"DBH": 111, "LU_HMD": "Sham Shui Po", "ROAD_NAME": "TAI PO ROAD", "SPECIES_NAME": null, "TREE_ID": "RTR0100840"}, "type": "Feature"}, {"geometry": {"coordinates": [834737.8779999996, 822079.2990000006], "type": "Point"}, "properties": {"DBH": 334, "LU_HMD": "Sham Shui Po", "ROAD_NAME": "TAI PO ROAD", "SPECIES_NAME": null, "TREE_ID": "RTR0100843"}, "type": "Feature"}, {"geometry": {"coordinates": [834765.4900000002, 822034.6219999995], "type": "Point"}, "properties": {"DBH": 108, "LU_HMD": "Sham Shui Po", "ROAD_NAME": " ", "SPECIES_NAME": null, "TREE_ID": "RTR0100767"}, "type": "Feature"}, {"geometry": {"coordinates": [834785.3949999996, 822059.1809999999], "type": "Point"}, "properties": {"DBH": 162, "LU_HMD": "Sham Shui Po", "ROAD_NAME": " ", "SPECIES_NAME": null, "TREE_ID": "RTR0100771"}, "type": "Feature"}, {"geometry": {"coordinates": [834787.7599999998, 822062.7139999997], "type": "Point"}, "properties": {"DBH": 127, "LU_HMD": "Sham Shui Po", "ROAD_NAME": " ", "SPECIES_NAME": null, "TREE_ID": "RTR0100777"}, "type": "Feature"}, {"geometry": {"coordinates": [834802.7699999996, 822074.9539999999], "type": "Point"}, "properties": {"DBH": 150, "LU_HMD": "Sham Shui Po", "ROAD_NAME": " ", "SPECIES_NAME": null, "TREE_ID": "RTR0100783"}, "type": "Feature"}, {"geometry": {"coordinates": [834788.54, 822062.5059999991], "type": "Point"}, "properties": {"DBH": 136, "LU_HMD": "Sham Shui Po", "ROAD_NAME": " ", "SPECIES_NAME": null, "TREE_ID": "RTR0100795"}, "type": "Feature"}, {"geometry": {"coordinates": [834776.0379999997, 822050.3149999995], "type": "Point"}, "properties": {"DBH": 134, "LU_HMD": "Sham Shui Po", "ROAD_NAME": " ", "SPECIES_NAME": null, "TREE_ID": "RTR0100760"}, "type": "Feature"}, {"geometry": {"coordinates": [834731.4069999997, 822059.7719999999], "type": "Point"}, "properties": {"DBH": 99, "LU_HMD": "Sham Shui Po", "ROAD_NAME": "TAI PO ROAD", "SPECIES_NAME": null, "TREE_ID": "RTR0100844"}, "type": "Feature"}, {"geometry": {"coordinates": [834728.0240000002, 822066.4700000007], "type": "Point"}, "properties": {"DBH": 284, "LU_HMD": "Sham Shui Po", "ROAD_NAME": "TAI PO ROAD", "SPECIES_NAME": null, "TREE_ID": "RTR0100845"}, "type": "Feature"}, {"geometry": {"coordinates": [834743.7470000004, 822073.602], "type": "Point"}, "properties": {"DBH": 208, "LU_HMD": "Sham Shui Po", "ROAD_NAME": "TAI PO ROAD", "SPECIES_NAME": null, "TREE_ID": "RTR0100846"}, "type": "Feature"}, {"geometry": {"coordinates": [834717.6320000002, 822065.7630000003], "type": "Point"}, "properties": {"DBH": 220, "LU_HMD": "Sham Shui Po", "ROAD_NAME": "TAI PO ROAD", "SPECIES_NAME": null, "TREE_ID": "RTR0100677"}, "type": "Feature"}, {"geometry": {"coordinates": [834726.5820000004, 822064.8300000001], "type": "Point"}, "properties": {"DBH": 118, "LU_HMD": "Sham Shui Po", "ROAD_NAME": "TAI PO ROAD", "SPECIES_NAME": null, "TREE_ID": "RTR0100695"}, "type": "Feature"}, {"geometry": {"coordinates": [834726.6579999998, 822063.432], "type": "Point"}, "properties": {"DBH": 206, "LU_HMD": "Sham Shui Po", "ROAD_NAME": "TAI PO ROAD", "SPECIES_NAME": null, "TREE_ID": "RTR0100697"}, "type": "Feature"}, {"geometry": {"coordinates": [834729.7149999999, 822060.0170000009], "type": "Point"}, "properties": {"DBH": 156, "LU_HMD": "Sham Shui Po", "ROAD_NAME": "TAI PO ROAD", "SPECIES_NAME": null, "TREE_ID": "RTR0100698"}, "type": "Feature"}, {"geometry": {"coordinates": [834715.585, 822052.2430000007], "type": "Point"}, "properties": {"DBH": 183, "LU_HMD": "Sham Shui Po", "ROAD_NAME": "TAI PO ROAD", "SPECIES_NAME": null, "TREE_ID": "RTR0100699"}, "type": "Feature"}, {"geometry": {"coordinates": [834718.8150000004, 822054.4110000003], "type": "Point"}, "properties": {"DBH": 104, "LU_HMD": "Sham Shui Po", "ROAD_NAME": "TAI PO ROAD", "SPECIES_NAME": null, "TREE_ID": "RTR0100702"}, "type": "Feature"}, {"geometry": {"coordinates": [834746.5779999997, 822077.1579999998], "type": "Point"}, "properties": {"DBH": 245, "LU_HMD": "Sham Shui Po", "ROAD_NAME": null, "SPECIES_NAME": null, "TREE_ID": "RTR0100851"}, "type": "Feature"}, {"geometry": {"coordinates": [834737.6720000003, 822096.7280000001], "type": "Point"}, "properties": {"DBH": 631, "LU_HMD": "Sham Shui Po", "ROAD_NAME": null, "SPECIES_NAME": null, "TREE_ID": "RTR0100764"}, "type": "Feature"}, {"geometry": {"coordinates": [834747.2300000004, 822078.0480000004], "type": "Point"}, "properties": {"DBH": 96, "LU_HMD": "Sham Shui Po", "ROAD_NAME": null, "SPECIES_NAME": null, "TREE_ID": "RTR0100821"}, "type": "Feature"}, {"geometry": {"coordinates": [834753.7419999996, 822088.227], "type": "Point"}, "properties": {"DBH": 262, "LU_HMD": "Sham Shui Po", "ROAD_NAME": "TAI PO ROAD", "SPECIES_NAME": null, "TREE_ID": "RTR0100666"}, "type": "Feature"}, {"geometry": {"coordinates": [834752.659, 822083.0869999994], "type": "Point"}, "properties": {"DBH": 390, "LU_HMD": "Sham Shui Po", "ROAD_NAME": "TAI PO ROAD", "SPECIES_NAME": null, "TREE_ID": "RTR0100676"}, "type": "Feature"}, {"geometry": {"coordinates": [834750.8360000001, 822077.8719999995], "type": "Point"}, "properties": {"DBH": 115, "LU_HMD": "Sham Shui Po", "ROAD_NAME": "TAI PO ROAD", "SPECIES_NAME": null, "TREE_ID": "RTR0100683"}, "type": "Feature"}, {"geometry": {"coordinates": [834745.6359999999, 822085.8880000003], "type": "Point"}, "properties": {"DBH": 385, "LU_HMD": "Sham Shui Po", "ROAD_NAME": null, "SPECIES_NAME": null, "TREE_ID": "RTR0100686"}, "type": "Feature"}, {"geometry": {"coordinates": [834954.523, 822182.7660000008], "type": "Point"}, "properties": {"DBH": 99, "LU_HMD": "Sham Shui Po", "ROAD_NAME": "ROAD 45219 NEAR CHAK ON ROAD (TEMPORARY)", "SPECIES_NAME": null, "TREE_ID": "RTR0097006"}, "type": "Feature"}, {"geometry": {"coordinates": [834910.0410000002, 822149.3619999997], "type": "Point"}, "properties": {"DBH": 197, "LU_HMD": "Sham Shui Po", "ROAD_NAME": "ROAD 903450 NORTH EAST OF TAI PO ROAD (TEMPORARY)", "SPECIES_NAME": null, "TREE_ID": "RTR0102989"}, "type": "Feature"}, {"geometry": {"coordinates": [834746.835, 822089.3310000002], "type": "Point"}, "properties": {"DBH": 350, "LU_HMD": "Sham Shui Po", "ROAD_NAME": null, "SPECIES_NAME": null, "TREE_ID": "RTR0100692"}, "type": "Feature"}, {"geometry": {"coordinates": [834738.5219999999, 822098.6089999992], "type": "Point"}, "properties": {"DBH": 312, "LU_HMD": "Sham Shui Po", "ROAD_NAME": null, "SPECIES_NAME": null, "TREE_ID": "RTR0100789"}, "type": "Feature"}, {"geometry": {"coordinates": [834765.0920000002, 822087.068], "type": "Point"}, "properties": {"DBH": 411, "LU_HMD": "Sham Shui Po", "ROAD_NAME": null, "SPECIES_NAME": null, "TREE_ID": "RTR0100790"}, "type": "Feature"}, {"geometry": {"coordinates": [834747.75, 822084.3550000004], "type": "Point"}, "properties": {"DBH": 131, "LU_HMD": "Sham Shui Po", "ROAD_NAME": null, "SPECIES_NAME": null, "TREE_ID": "RTR0100700"}, "type": "Feature"}, {"geometry": {"coordinates": [834747.966, 822080.6160000004], "type": "Point"}, "properties": {"DBH": 236, "LU_HMD": "Sham Shui Po", "ROAD_NAME": null, "SPECIES_NAME": null, "TREE_ID": "RTR0100703"}, "type": "Feature"}, {"geometry": {"coordinates": [834283.1780000003, 820224.9839999992], "type": "Point"}, "properties": {"DBH": 210, "LU_HMD": "Mong Kok", "ROAD_NAME": null, "SPECIES_NAME": null, "TREE_ID": "RTR0139020"}, "type": "Feature"}, {"geometry": {"coordinates": [835261.3090000004, 821148.9140000008], "type": "Point"}, "properties": {"DBH": 102, "LU_HMD": "Sham Shui Po", "ROAD_NAME": "SAI YEUNG CHOI LANE", "SPECIES_NAME": null, "TREE_ID": "RTR0115033"}, "type": "Feature"}, {"geometry": {"coordinates": [834759.8899999997, 821954.6300000008], "type": "Point"}, "properties": {"DBH": 151, "LU_HMD": "Sham Shui Po", "ROAD_NAME": " ", "SPECIES_NAME": null, "TREE_ID": "RTR0097609"}, "type": "Feature"}, {"geometry": {"coordinates": [834763.4210000001, 821958.1740000006], "type": "Point"}, "properties": {"DBH": 166, "LU_HMD": "Sham Shui Po", "ROAD_NAME": " ", "SPECIES_NAME": null, "TREE_ID": "RTR0097610"}, "type": "Feature"}, {"geometry": {"coordinates": [834759.1569999997, 821966.3230000008], "type": "Point"}, "properties": {"DBH": 224, "LU_HMD": "Sham Shui Po", "ROAD_NAME": " ", "SPECIES_NAME": null, "TREE_ID": "RTR0097611"}, "type": "Feature"}, {"geometry": {"coordinates": [834757.1200000001, 821963.9039999992], "type": "Point"}, "properties": {"DBH": 99, "LU_HMD": "Sham Shui Po", "ROAD_NAME": " ", "SPECIES_NAME": null, "TREE_ID": "RTR0097612"}, "type": "Feature"}, {"geometry": {"coordinates": [834757.443, 821979.7640000004], "type": "Point"}, "properties": {"DBH": 107, "LU_HMD": "Sham Shui Po", "ROAD_NAME": null, "SPECIES_NAME": null, "TREE_ID": "RTR0097613"}, "type": "Feature"}, {"geometry": {"coordinates": [834757.9050000003, 821976.2339999992], "type": "Point"}, "properties": {"DBH": 118, "LU_HMD": "Sham Shui Po", "ROAD_NAME": " ", "SPECIES_NAME": null, "TREE_ID": "RTR0097617"}, "type": "Feature"}, {"geometry": {"coordinates": [834757.6399999997, 821956.4539999999], "type": "Point"}, "properties": {"DBH": 191, "LU_HMD": "Sham Shui Po", "ROAD_NAME": null, "SPECIES_NAME": null, "TREE_ID": "RTR0097618"}, "type": "Feature"}, {"geometry": {"coordinates": [834757.1560000004, 821960.1909999996], "type": "Point"}, "properties": {"DBH": 108, "LU_HMD": "Sham Shui Po", "ROAD_NAME": null, "SPECIES_NAME": null, "TREE_ID": "RTR0097620"}, "type": "Feature"}, {"geometry": {"coordinates": [834759.2400000002, 821966.6889999993], "type": "Point"}, "properties": {"DBH": 168, "LU_HMD": "Sham Shui Po", "ROAD_NAME": " ", "SPECIES_NAME": null, "TREE_ID": "RTR0097622"}, "type": "Feature"}, {"geometry": {"coordinates": [834757.4800000004, 821962.9000000004], "type": "Point"}, "properties": {"DBH": 105, "LU_HMD": "Sham Shui Po", "ROAD_NAME": " ", "SPECIES_NAME": null, "TREE_ID": "RTR0097623"}, "type": "Feature"}, {"geometry": {"coordinates": [834773.3190000001, 821986.6579999998], "type": "Point"}, "properties": {"DBH": 127, "LU_HMD": "Sham Shui Po", "ROAD_NAME": " ", "SPECIES_NAME": null, "TREE_ID": "RTR0100852"}, "type": "Feature"}, {"geometry": {"coordinates": [834766.2609999999, 821983.6510000005], "type": "Point"}, "properties": {"DBH": 96, "LU_HMD": "Sham Shui Po", "ROAD_NAME": " ", "SPECIES_NAME": null, "TREE_ID": "RTR0100857"}, "type": "Feature"}, {"geometry": {"coordinates": [834789.7680000002, 821977.5470000003], "type": "Point"}, "properties": {"DBH": 173, "LU_HMD": "Sham Shui Po", "ROAD_NAME": " ", "SPECIES_NAME": null, "TREE_ID": "RTR0100859"}, "type": "Feature"}, {"geometry": {"coordinates": [834771.1449999996, 821982.3660000004], "type": "Point"}, "properties": {"DBH": 99, "LU_HMD": "Sham Shui Po", "ROAD_NAME": " ", "SPECIES_NAME": null, "TREE_ID": "RTR0100810"}, "type": "Feature"}, {"geometry": {"coordinates": [834772.3990000002, 821977.5069999993], "type": "Point"}, "properties": {"DBH": 127, "LU_HMD": "Sham Shui Po", "ROAD_NAME": " ", "SPECIES_NAME": null, "TREE_ID": "RTR0100816"}, "type": "Feature"}, {"geometry": {"coordinates": [834756.9500000002, 821973.2019999996], "type": "Point"}, "properties": {"DBH": 179, "LU_HMD": "Sham Shui Po", "ROAD_NAME": " ", "SPECIES_NAME": null, "TREE_ID": "RTR0097627"}, "type": "Feature"}, {"geometry": {"coordinates": [834757.6739999996, 821984.8059999999], "type": "Point"}, "properties": {"DBH": 118, "LU_HMD": "Sham Shui Po", "ROAD_NAME": " ", "SPECIES_NAME": null, "TREE_ID": "RTR0097628"}, "type": "Feature"}, {"geometry": {"coordinates": [834772.1409999998, 821984.4140000008], "type": "Point"}, "properties": {"DBH": 96, "LU_HMD": "Sham Shui Po", "ROAD_NAME": " ", "SPECIES_NAME": null, "TREE_ID": "RTR0100822"}, "type": "Feature"}, {"geometry": {"coordinates": [834773.3650000002, 821987.5999999996], "type": "Point"}, "properties": {"DBH": 102, "LU_HMD": "Sham Shui Po", "ROAD_NAME": null, "SPECIES_NAME": null, "TREE_ID": "RTR0100824"}, "type": "Feature"}, {"geometry": {"coordinates": [834767.2580000004, 821982.5730000008], "type": "Point"}, "properties": {"DBH": 131, "LU_HMD": "Sham Shui Po", "ROAD_NAME": " ", "SPECIES_NAME": null, "TREE_ID": "RTR0100829"}, "type": "Feature"}, {"geometry": {"coordinates": [834762.9110000003, 821988.7369999997], "type": "Point"}, "properties": {"DBH": 171, "LU_HMD": "Sham Shui Po", "ROAD_NAME": " ", "SPECIES_NAME": null, "TREE_ID": "RTR0097633"}, "type": "Feature"}, {"geometry": {"coordinates": [834758.8459999999, 821963.3660000004], "type": "Point"}, "properties": {"DBH": 108, "LU_HMD": "Sham Shui Po", "ROAD_NAME": " ", "SPECIES_NAME": null, "TREE_ID": "RTR0097636"}, "type": "Feature"}, {"geometry": {"coordinates": [834763.0250000004, 821960.7479999997], "type": "Point"}, "properties": {"DBH": 151, "LU_HMD": "Sham Shui Po", "ROAD_NAME": " ", "SPECIES_NAME": null, "TREE_ID": "RTR0097639"}, "type": "Feature"}, {"geometry": {"coordinates": [834759.659, 821962.1620000005], "type": "Point"}, "properties": {"DBH": 102, "LU_HMD": "Sham Shui Po", "ROAD_NAME": " ", "SPECIES_NAME": null, "TREE_ID": "RTR0097642"}, "type": "Feature"}, {"geometry": {"coordinates": [834758.6699999999, 821979.3579999991], "type": "Point"}, "properties": {"DBH": 198, "LU_HMD": "Sham Shui Po", "ROAD_NAME": " ", "SPECIES_NAME": null, "TREE_ID": "RTR0097645"}, "type": "Feature"}, {"geometry": {"coordinates": [834774.4560000002, 821981.9619999994], "type": "Point"}, "properties": {"DBH": 99, "LU_HMD": "Sham Shui Po", "ROAD_NAME": " ", "SPECIES_NAME": null, "TREE_ID": "RTR0100836"}, "type": "Feature"}, {"geometry": {"coordinates": [834770.7290000003, 821991.1339999996], "type": "Point"}, "properties": {"DBH": 111, "LU_HMD": "Sham Shui Po", "ROAD_NAME": null, "SPECIES_NAME": null, "TREE_ID": "RTR0100837"}, "type": "Feature"}, {"geometry": {"coordinates": [834771.2110000001, 821983.4000000004], "type": "Point"}, "properties": {"DBH": 96, "LU_HMD": "Sham Shui Po", "ROAD_NAME": " ", "SPECIES_NAME": null, "TREE_ID": "RTR0100838"}, "type": "Feature"}, {"geometry": {"coordinates": [834767.8499999996, 821984.8939999994], "type": "Point"}, "properties": {"DBH": 149, "LU_HMD": "Sham Shui Po", "ROAD_NAME": null, "SPECIES_NAME": null, "TREE_ID": "RTR0100839"}, "type": "Feature"}, {"geometry": {"coordinates": [834772.3169999998, 821978.4289999995], "type": "Point"}, "properties": {"DBH": 166, "LU_HMD": "Sham Shui Po", "ROAD_NAME": " ", "SPECIES_NAME": null, "TREE_ID": "RTR0100842"}, "type": "Feature"}, {"geometry": {"coordinates": [834757.4230000004, 821968.2679999992], "type": "Point"}, "properties": {"DBH": 106, "LU_HMD": "Sham Shui Po", "ROAD_NAME": " ", "SPECIES_NAME": null, "TREE_ID": "RTR0097646"}, "type": "Feature"}, {"geometry": {"coordinates": [834758.3370000003, 821964.648], "type": "Point"}, "properties": {"DBH": 150, "LU_HMD": "Sham Shui Po", "ROAD_NAME": " ", "SPECIES_NAME": null, "TREE_ID": "RTR0097647"}, "type": "Feature"}, {"geometry": {"coordinates": [834761.4249999998, 821989.3890000004], "type": "Point"}, "properties": {"DBH": 108, "LU_HMD": "Sham Shui Po", "ROAD_NAME": " ", "SPECIES_NAME": null, "TREE_ID": "RTR0097648"}, "type": "Feature"}, {"geometry": {"coordinates": [834763.3710000003, 821955.1569999997], "type": "Point"}, "properties": {"DBH": 176, "LU_HMD": "Sham Shui Po", "ROAD_NAME": " ", "SPECIES_NAME": null, "TREE_ID": "RTR0097649"}, "type": "Feature"}, {"geometry": {"coordinates": [834756.2089999998, 821972.5730000008], "type": "Point"}, "properties": {"DBH": 99, "LU_HMD": "Sham Shui Po", "ROAD_NAME": " ", "SPECIES_NAME": null, "TREE_ID": "RTR0097652"}, "type": "Feature"}, {"geometry": {"coordinates": [834758.9249999998, 821975.4039999992], "type": "Point"}, "properties": {"DBH": 114, "LU_HMD": "Sham Shui Po", "ROAD_NAME": " ", "SPECIES_NAME": null, "TREE_ID": "RTR0097655"}, "type": "Feature"}, {"geometry": {"coordinates": [834756.1619999995, 821974.9389999993], "type": "Point"}, "properties": {"DBH": 181, "LU_HMD": "Sham Shui Po", "ROAD_NAME": " ", "SPECIES_NAME": null, "TREE_ID": "RTR0097608"}, "type": "Feature"}, {"geometry": {"coordinates": [834762.7690000003, 821967.5120000001], "type": "Point"}, "properties": {"DBH": 108, "LU_HMD": "Sham Shui Po", "ROAD_NAME": " ", "SPECIES_NAME": null, "TREE_ID": "RTR0097626"}, "type": "Feature"}, {"geometry": {"coordinates": [834779.4110000003, 821976.5240000002], "type": "Point"}, "properties": {"DBH": 222, "LU_HMD": "Sham Shui Po", "ROAD_NAME": " ", "SPECIES_NAME": null, "TREE_ID": "RTR0098753"}, "type": "Feature"}, {"geometry": {"coordinates": [834922.1459999997, 822194.2239999995], "type": "Point"}, "properties": {"DBH": 195, "LU_HMD": "Sham Shui Po", "ROAD_NAME": " ", "SPECIES_NAME": null, "TREE_ID": "RTR0102983"}, "type": "Feature"}, {"geometry": {"coordinates": [834925.4589999998, 822183.4890000001], "type": "Point"}, "properties": {"DBH": 186, "LU_HMD": "Sham Shui Po", "ROAD_NAME": "ROAD 903450 NORTH EAST OF TAI PO ROAD (TEMPORARY)", "SPECIES_NAME": null, "TREE_ID": "RTR0102995"}, "type": "Feature"}, {"geometry": {"coordinates": [834924.9139999999, 822185.8540000003], "type": "Point"}, "properties": {"DBH": 131, "LU_HMD": "Sham Shui Po", "ROAD_NAME": "ROAD 903450 NORTH EAST OF TAI PO ROAD (TEMPORARY)", "SPECIES_NAME": null, "TREE_ID": "RTR0102997"}, "type": "Feature"}, {"geometry": {"coordinates": [834913.9699999997, 822153.3650000002], "type": "Point"}, "properties": {"DBH": 99, "LU_HMD": "Sham Shui Po", "ROAD_NAME": "ROAD 903450 NORTH EAST OF TAI PO ROAD (TEMPORARY)", "SPECIES_NAME": null, "TREE_ID": "RTR0102999"}, "type": "Feature"}, {"geometry": {"coordinates": [834931.0439999998, 822183.5840000007], "type": "Point"}, "properties": {"DBH": 238, "LU_HMD": "Sham Shui Po", "ROAD_NAME": "ROAD 903450 NORTH EAST OF TAI PO ROAD (TEMPORARY)", "SPECIES_NAME": null, "TREE_ID": "RTR0103006"}, "type": "Feature"}, {"geometry": {"coordinates": [834927.3990000002, 822169.0979999993], "type": "Point"}, "properties": {"DBH": 102, "LU_HMD": "Sham Shui Po", "ROAD_NAME": "ROAD 903450 NORTH EAST OF TAI PO ROAD (TEMPORARY)", "SPECIES_NAME": null, "TREE_ID": "RTR0103007"}, "type": "Feature"}, {"geometry": {"coordinates": [833650.7980000004, 820922.8690000009], "type": "Point"}, "properties": {"DBH": 226, "LU_HMD": "Sham Shui Po", "ROAD_NAME": "ROAD 45201 NEAR LIN CHEUNG ROAD (TEMPORARY)", "SPECIES_NAME": null, "TREE_ID": "RTR0119994"}, "type": "Feature"}, {"geometry": {"coordinates": [833672.0559999999, 820904.5050000008], "type": "Point"}, "properties": {"DBH": 102, "LU_HMD": "Sham Shui Po", "ROAD_NAME": "ROAD 45201 NEAR LIN CHEUNG ROAD (TEMPORARY)", "SPECIES_NAME": null, "TREE_ID": "RTR0119995"}, "type": "Feature"}, {"geometry": {"coordinates": [833680.7589999996, 820891.6500000004], "type": "Point"}, "properties": {"DBH": 213, "LU_HMD": "Lai Chi Kok", "ROAD_NAME": null, "SPECIES_NAME": null, "TREE_ID": "RTR0119998"}, "type": "Feature"}, {"geometry": {"coordinates": [833725.841, 820862.5519999992], "type": "Point"}, "properties": {"DBH": 153, "LU_HMD": "Lai Chi Kok", "ROAD_NAME": null, "SPECIES_NAME": null, "TREE_ID": "RTR0120000"}, "type": "Feature"}, {"geometry": {"coordinates": [833701.5700000003, 820880.5150000006], "type": "Point"}, "properties": {"DBH": 96, "LU_HMD": "Lai Chi Kok", "ROAD_NAME": null, "SPECIES_NAME": null, "TREE_ID": "RTR0119358"}, "type": "Feature"}, {"geometry": {"coordinates": [833697.3370000003, 820876.8279999997], "type": "Point"}, "properties": {"DBH": 201, "LU_HMD": "Lai Chi Kok", "ROAD_NAME": null, "SPECIES_NAME": null, "TREE_ID": "RTR0119360"}, "type": "Feature"}, {"geometry": {"coordinates": [833702.6399999997, 820873.1209999993], "type": "Point"}, "properties": {"DBH": 134, "LU_HMD": "Lai Chi Kok", "ROAD_NAME": null, "SPECIES_NAME": null, "TREE_ID": "RTR0119363"}, "type": "Feature"}, {"geometry": {"coordinates": [833717.6869999999, 820866.2780000009], "type": "Point"}, "properties": {"DBH": 507, "LU_HMD": "Lai Chi Kok", "ROAD_NAME": null, "SPECIES_NAME": null, "TREE_ID": "RTR0119364"}, "type": "Feature"}, {"geometry": {"coordinates": [833701.4189999998, 820874.1319999993], "type": "Point"}, "properties": {"DBH": 131, "LU_HMD": "Lai Chi Kok", "ROAD_NAME": null, "SPECIES_NAME": null, "TREE_ID": "RTR0119368"}, "type": "Feature"}, {"geometry": {"coordinates": [834276.3629999999, 820225.9719999991], "type": "Point"}, "properties": {"DBH": 197, "LU_HMD": "Mong Kok", "ROAD_NAME": " ", "SPECIES_NAME": null, "TREE_ID": "RTR0139043"}, "type": "Feature"}, {"geometry": {"coordinates": [833715.3729999997, 821069.9030000009], "type": "Point"}, "properties": {"DBH": 99, "LU_HMD": "Lai Chi Kok", "ROAD_NAME": "ROAD 45186 NEAR SHAM MONG ROAD (TEMPORARY)", "SPECIES_NAME": null, "TREE_ID": "RTR0119404"}, "type": "Feature"}, {"geometry": {"coordinates": [833697.8990000002, 820879.9550000001], "type": "Point"}, "properties": {"DBH": 172, "LU_HMD": "Lai Chi Kok", "ROAD_NAME": null, "SPECIES_NAME": null, "TREE_ID": "RTR0119371"}, "type": "Feature"}, {"geometry": {"coordinates": [833706.5530000003, 820874.8159999996], "type": "Point"}, "properties": {"DBH": 169, "LU_HMD": "Lai Chi Kok", "ROAD_NAME": null, "SPECIES_NAME": null, "TREE_ID": "RTR0119382"}, "type": "Feature"}, {"geometry": {"coordinates": [833702.4960000003, 820878.9110000003], "type": "Point"}, "properties": {"DBH": 164, "LU_HMD": "Lai Chi Kok", "ROAD_NAME": null, "SPECIES_NAME": null, "TREE_ID": "RTR0119385"}, "type": "Feature"}, {"geometry": {"coordinates": [833709.3219999997, 820868.977], "type": "Point"}, "properties": {"DBH": 155, "LU_HMD": "Sham Shui Po", "ROAD_NAME": "ROAD 45201 NEAR LIN CHEUNG ROAD (TEMPORARY)", "SPECIES_NAME": null, "TREE_ID": "RTR0119386"}, "type": "Feature"}, {"geometry": {"coordinates": [833698.7539999997, 820874.3650000002], "type": "Point"}, "properties": {"DBH": 175, "LU_HMD": "Lai Chi Kok", "ROAD_NAME": null, "SPECIES_NAME": null, "TREE_ID": "RTR0119388"}, "type": "Feature"}, {"geometry": {"coordinates": [833702.4529999997, 820874.4509999994], "type": "Point"}, "properties": {"DBH": 124, "LU_HMD": "Lai Chi Kok", "ROAD_NAME": null, "SPECIES_NAME": null, "TREE_ID": "RTR0119390"}, "type": "Feature"}, {"geometry": {"coordinates": [833704.1500000004, 820872.0189999994], "type": "Point"}, "properties": {"DBH": 182, "LU_HMD": "Lai Chi Kok", "ROAD_NAME": null, "SPECIES_NAME": null, "TREE_ID": "RTR0119397"}, "type": "Feature"}, {"geometry": {"coordinates": [833712.0609999998, 820865.2379999999], "type": "Point"}, "properties": {"DBH": 108, "LU_HMD": "Lai Chi Kok", "ROAD_NAME": null, "SPECIES_NAME": null, "TREE_ID": "RTR0119400"}, "type": "Feature"}, {"geometry": {"coordinates": [833708.818, 820872.9030000009], "type": "Point"}, "properties": {"DBH": 146, "LU_HMD": "Lai Chi Kok", "ROAD_NAME": null, "SPECIES_NAME": null, "TREE_ID": "RTR0119403"}, "type": "Feature"}, {"geometry": {"coordinates": [833710.25, 821063.3739999998], "type": "Point"}, "properties": {"DBH": 312, "LU_HMD": "Lai Chi Kok", "ROAD_NAME": "ROAD 45186 NEAR SHAM MONG ROAD (TEMPORARY)", "SPECIES_NAME": null, "TREE_ID": "RTR0119405"}, "type": "Feature"}, {"geometry": {"coordinates": [833715.216, 821063.1199999992], "type": "Point"}, "properties": {"DBH": 137, "LU_HMD": "Lai Chi Kok", "ROAD_NAME": "ROAD 45186 NEAR SHAM MONG ROAD (TEMPORARY)", "SPECIES_NAME": null, "TREE_ID": "RTR0119406"}, "type": "Feature"}, {"geometry": {"coordinates": [833707.1490000002, 821053.8000000007], "type": "Point"}, "properties": {"DBH": 102, "LU_HMD": "Lai Chi Kok", "ROAD_NAME": "ROAD 45186 NEAR SHAM MONG ROAD (TEMPORARY)", "SPECIES_NAME": null, "TREE_ID": "RTR0119408"}, "type": "Feature"}, {"geometry": {"coordinates": [833702.5690000001, 821046.057], "type": "Point"}, "properties": {"DBH": 245, "LU_HMD": "Lai Chi Kok", "ROAD_NAME": "ROAD 45186 NEAR SHAM MONG ROAD (TEMPORARY)", "SPECIES_NAME": null, "TREE_ID": "RTR0119410"}, "type": "Feature"}, {"geometry": {"coordinates": [833725.5810000002, 821076.1879999992], "type": "Point"}, "properties": {"DBH": 298, "LU_HMD": "Lai Chi Kok", "ROAD_NAME": "ROAD 45186 NEAR SHAM MONG ROAD (TEMPORARY)", "SPECIES_NAME": null, "TREE_ID": "RTR0119415"}, "type": "Feature"}, {"geometry": {"coordinates": [833708.5899999999, 821061.7239999995], "type": "Point"}, "properties": {"DBH": 238, "LU_HMD": "Lai Chi Kok", "ROAD_NAME": "ROAD 45186 NEAR SHAM MONG ROAD (TEMPORARY)", "SPECIES_NAME": null, "TREE_ID": "RTR0119417"}, "type": "Feature"}, {"geometry": {"coordinates": [833721.0650000004, 821074.5600000005], "type": "Point"}, "properties": {"DBH": 322, "LU_HMD": "Lai Chi Kok", "ROAD_NAME": "ROAD 45186 NEAR SHAM MONG ROAD (TEMPORARY)", "SPECIES_NAME": null, "TREE_ID": "RTR0119418"}, "type": "Feature"}, {"geometry": {"coordinates": [833634.3169999998, 820940.2530000005], "type": "Point"}, "properties": {"DBH": 215, "LU_HMD": "Sham Shui Po", "ROAD_NAME": "ROAD 45201 NEAR LIN CHEUNG ROAD (TEMPORARY)", "SPECIES_NAME": null, "TREE_ID": "RTR0119860"}, "type": "Feature"}, {"geometry": {"coordinates": [833657.9689999996, 820921.9629999995], "type": "Point"}, "properties": {"DBH": 234, "LU_HMD": "Sham Shui Po", "ROAD_NAME": "ROAD 45201 NEAR LIN CHEUNG ROAD (TEMPORARY)", "SPECIES_NAME": null, "TREE_ID": "RTR0119862"}, "type": "Feature"}, {"geometry": {"coordinates": [833672.3720000004, 820907.7719999999], "type": "Point"}, "properties": {"DBH": 102, "LU_HMD": "Lai Chi Kok", "ROAD_NAME": null, "SPECIES_NAME": null, "TREE_ID": "RTR0119868"}, "type": "Feature"}, {"geometry": {"coordinates": [833660.443, 820915.4440000001], "type": "Point"}, "properties": {"DBH": 277, "LU_HMD": "Sham Shui Po", "ROAD_NAME": "ROAD 45201 NEAR LIN CHEUNG ROAD (TEMPORARY)", "SPECIES_NAME": null, "TREE_ID": "RTR0119873"}, "type": "Feature"}, {"geometry": {"coordinates": [833645.1330000004, 820933.7520000003], "type": "Point"}, "properties": {"DBH": 179, "LU_HMD": "Sham Shui Po", "ROAD_NAME": "ROAD 45201 NEAR LIN CHEUNG ROAD (TEMPORARY)", "SPECIES_NAME": null, "TREE_ID": "RTR0119876"}, "type": "Feature"}, {"geometry": {"coordinates": [833649.057, 820925.5309999995], "type": "Point"}, "properties": {"DBH": 197, "LU_HMD": "Sham Shui Po", "ROAD_NAME": "ROAD 45201 NEAR LIN CHEUNG ROAD (TEMPORARY)", "SPECIES_NAME": null, "TREE_ID": "RTR0119878"}, "type": "Feature"}, {"geometry": {"coordinates": [833650.9029999999, 820927.9680000003], "type": "Point"}, "properties": {"DBH": 383, "LU_HMD": "Sham Shui Po", "ROAD_NAME": "ROAD 45201 NEAR LIN CHEUNG ROAD (TEMPORARY)", "SPECIES_NAME": null, "TREE_ID": "RTR0119880"}, "type": "Feature"}, {"geometry": {"coordinates": [833663.5690000001, 820917.2029999997], "type": "Point"}, "properties": {"DBH": 262, "LU_HMD": "Sham Shui Po", "ROAD_NAME": "ROAD 45201 NEAR LIN CHEUNG ROAD (TEMPORARY)", "SPECIES_NAME": null, "TREE_ID": "RTR0119881"}, "type": "Feature"}, {"geometry": {"coordinates": [834955.6399999997, 822180.1109999996], "type": "Point"}, "properties": {"DBH": 514, "LU_HMD": "Sham Shui Po", "ROAD_NAME": "ROAD 45219 NEAR CHAK ON ROAD (TEMPORARY)", "SPECIES_NAME": null, "TREE_ID": "RTR0102970"}, "type": "Feature"}, {"geometry": {"coordinates": [834956.5839999998, 822180.3010000009], "type": "Point"}, "properties": {"DBH": 315, "LU_HMD": "Sham Shui Po", "ROAD_NAME": "ROAD 45219 NEAR CHAK ON ROAD (TEMPORARY)", "SPECIES_NAME": null, "TREE_ID": "RTR0102975"}, "type": "Feature"}, {"geometry": {"coordinates": [834941.4119999995, 822186.4419999998], "type": "Point"}, "properties": {"DBH": 304, "LU_HMD": "Sham Shui Po", "ROAD_NAME": "ROAD 45219 NEAR CHAK ON ROAD (TEMPORARY)", "SPECIES_NAME": null, "TREE_ID": "RTR0102978"}, "type": "Feature"}, {"geometry": {"coordinates": [834957.2989999996, 822180.7190000005], "type": "Point"}, "properties": {"DBH": 598, "LU_HMD": "Sham Shui Po", "ROAD_NAME": "ROAD 45219 NEAR CHAK ON ROAD (TEMPORARY)", "SPECIES_NAME": null, "TREE_ID": "RTR0102979"}, "type": "Feature"}, {"geometry": {"coordinates": [834941.1050000004, 822182.0079999994], "type": "Point"}, "properties": {"DBH": 282, "LU_HMD": "Sham Shui Po", "ROAD_NAME": "ROAD 45219 NEAR CHAK ON ROAD (TEMPORARY)", "SPECIES_NAME": null, "TREE_ID": "RTR0102988"}, "type": "Feature"}, {"geometry": {"coordinates": [833709.8499999996, 821055.9829999991], "type": "Point"}, "properties": {"DBH": 214, "LU_HMD": "Lai Chi Kok", "ROAD_NAME": "ROAD 45186 NEAR SHAM MONG ROAD (TEMPORARY)", "SPECIES_NAME": null, "TREE_ID": "RTR0119419"}, "type": "Feature"}, {"geometry": {"coordinates": [833703.6540000001, 821048.0250000004], "type": "Point"}, "properties": {"DBH": 465, "LU_HMD": "Lai Chi Kok", "ROAD_NAME": "ROAD 45186 NEAR SHAM MONG ROAD (TEMPORARY)", "SPECIES_NAME": null, "TREE_ID": "RTR0119420"}, "type": "Feature"}, {"geometry": {"coordinates": [833707.7819999997, 821058.3169999998], "type": "Point"}, "properties": {"DBH": 346, "LU_HMD": "Lai Chi Kok", "ROAD_NAME": "ROAD 45186 NEAR SHAM MONG ROAD (TEMPORARY)", "SPECIES_NAME": null, "TREE_ID": "RTR0119436"}, "type": "Feature"}, {"geometry": {"coordinates": [833723.6770000001, 821073.9010000005], "type": "Point"}, "properties": {"DBH": 124, "LU_HMD": "Lai Chi Kok", "ROAD_NAME": "ROAD 45186 NEAR SHAM MONG ROAD (TEMPORARY)", "SPECIES_NAME": null, "TREE_ID": "RTR0119439"}, "type": "Feature"}, {"geometry": {"coordinates": [833723.3540000003, 821076.0160000008], "type": "Point"}, "properties": {"DBH": 289, "LU_HMD": "Lai Chi Kok", "ROAD_NAME": "ROAD 45186 NEAR SHAM MONG ROAD (TEMPORARY)", "SPECIES_NAME": null, "TREE_ID": "RTR0119441"}, "type": "Feature"}, {"geometry": {"coordinates": [833713.1809999999, 821066.4340000004], "type": "Point"}, "properties": {"DBH": 344, "LU_HMD": "Lai Chi Kok", "ROAD_NAME": "ROAD 45186 NEAR SHAM MONG ROAD (TEMPORARY)", "SPECIES_NAME": null, "TREE_ID": "RTR0119442"}, "type": "Feature"}, {"geometry": {"coordinates": [833725.9840000002, 821080.7870000005], "type": "Point"}, "properties": {"DBH": 309, "LU_HMD": "Lai Chi Kok", "ROAD_NAME": "ROAD 45186 NEAR SHAM MONG ROAD (TEMPORARY)", "SPECIES_NAME": null, "TREE_ID": "RTR0119449"}, "type": "Feature"}, {"geometry": {"coordinates": [833659.4060000004, 820924.5859999992], "type": "Point"}, "properties": {"DBH": 359, "LU_HMD": "Lai Chi Kok", "ROAD_NAME": null, "SPECIES_NAME": null, "TREE_ID": "RTR0119885"}, "type": "Feature"}, {"geometry": {"coordinates": [833639.2920000004, 820929.9900000002], "type": "Point"}, "properties": {"DBH": 115, "LU_HMD": "Sham Shui Po", "ROAD_NAME": "ROAD 45201 NEAR LIN CHEUNG ROAD (TEMPORARY)", "SPECIES_NAME": null, "TREE_ID": "RTR0119886"}, "type": "Feature"}, {"geometry": {"coordinates": [833634.5700000003, 820932.852], "type": "Point"}, "properties": {"DBH": 135, "LU_HMD": "Sham Shui Po", "ROAD_NAME": "ROAD 45201 NEAR LIN CHEUNG ROAD (TEMPORARY)", "SPECIES_NAME": null, "TREE_ID": "RTR0119887"}, "type": "Feature"}, {"geometry": {"coordinates": [833676.1679999996, 820905.0079999994], "type": "Point"}, "properties": {"DBH": 294, "LU_HMD": "Sham Shui Po", "ROAD_NAME": "ROAD 45201 NEAR LIN CHEUNG ROAD (TEMPORARY)", "SPECIES_NAME": null, "TREE_ID": "RTR0120001"}, "type": "Feature"}, {"geometry": {"coordinates": [833690.5999999996, 820888.1710000001], "type": "Point"}, "properties": {"DBH": 378, "LU_HMD": "Sham Shui Po", "ROAD_NAME": "ROAD 45201 NEAR LIN CHEUNG ROAD (TEMPORARY)", "SPECIES_NAME": null, "TREE_ID": "RTR0120003"}, "type": "Feature"}, {"geometry": {"coordinates": [833668.3210000005, 820908.6099999994], "type": "Point"}, "properties": {"DBH": 121, "LU_HMD": "Lai Chi Kok", "ROAD_NAME": null, "SPECIES_NAME": null, "TREE_ID": "RTR0120005"}, "type": "Feature"}, {"geometry": {"coordinates": [833638.4519999996, 820937.5539999995], "type": "Point"}, "properties": {"DBH": 317, "LU_HMD": "Sham Shui Po", "ROAD_NAME": "ROAD 45201 NEAR LIN CHEUNG ROAD (TEMPORARY)", "SPECIES_NAME": null, "TREE_ID": "RTR0119890"}, "type": "Feature"}, {"geometry": {"coordinates": [833629.1979999999, 820937.2329999991], "type": "Point"}, "properties": {"DBH": 127, "LU_HMD": "Sham Shui Po", "ROAD_NAME": "ROAD 45201 NEAR LIN CHEUNG ROAD (TEMPORARY)", "SPECIES_NAME": null, "TREE_ID": "RTR0119893"}, "type": "Feature"}, {"geometry": {"coordinates": [834949.5279999999, 822183.3029999994], "type": "Point"}, "properties": {"DBH": 376, "LU_HMD": "Sham Shui Po", "ROAD_NAME": "ROAD 45219 NEAR CHAK ON ROAD (TEMPORARY)", "SPECIES_NAME": null, "TREE_ID": "RTR0102994"}, "type": "Feature"}, {"geometry": {"coordinates": [834940.9060000004, 822184.0470000003], "type": "Point"}, "properties": {"DBH": 228, "LU_HMD": "Sham Shui Po", "ROAD_NAME": "ROAD 45219 NEAR CHAK ON ROAD (TEMPORARY)", "SPECIES_NAME": null, "TREE_ID": "RTR0102998"}, "type": "Feature"}, {"geometry": {"coordinates": [834270.7309999997, 820219.8300000001], "type": "Point"}, "properties": {"DBH": 124, "LU_HMD": "Mong Kok", "ROAD_NAME": " ", "SPECIES_NAME": null, "TREE_ID": "RTR0139398"}, "type": "Feature"}, {"geometry": {"coordinates": [833712.4349999996, 821064.7599999998], "type": "Point"}, "properties": {"DBH": 237, "LU_HMD": "Lai Chi Kok", "ROAD_NAME": "ROAD 45186 NEAR SHAM MONG ROAD (TEMPORARY)", "SPECIES_NAME": null, "TREE_ID": "RTR0119440"}, "type": "Feature"}, {"geometry": {"coordinates": [834790.8609999996, 822064.5739999991], "type": "Point"}, "properties": {"DBH": 575, "LU_HMD": "Sham Shui Po", "ROAD_NAME": " ", "SPECIES_NAME": null, "TREE_ID": "RTR0100803"}, "type": "Feature"}, {"geometry": {"coordinates": [834774.6809999999, 822048.3289999999], "type": "Point"}, "properties": {"DBH": 181, "LU_HMD": "Sham Shui Po", "ROAD_NAME": " ", "SPECIES_NAME": null, "TREE_ID": "RTR0100780"}, "type": "Feature"}, {"geometry": {"coordinates": [833630.6569999997, 820938.8920000009], "type": "Point"}, "properties": {"DBH": 120, "LU_HMD": "Sham Shui Po", "ROAD_NAME": "ROAD 45201 NEAR LIN CHEUNG ROAD (TEMPORARY)", "SPECIES_NAME": null, "TREE_ID": "RTR0119896"}, "type": "Feature"}, {"geometry": {"coordinates": [833633.6239999998, 820936.8670000006], "type": "Point"}, "properties": {"DBH": 182, "LU_HMD": "Sham Shui Po", "ROAD_NAME": "ROAD 45201 NEAR LIN CHEUNG ROAD (TEMPORARY)", "SPECIES_NAME": null, "TREE_ID": "RTR0119898"}, "type": "Feature"}, {"geometry": {"coordinates": [833643.2769999998, 820925.4039999992], "type": "Point"}, "properties": {"DBH": 190, "LU_HMD": "Lai Chi Kok", "ROAD_NAME": null, "SPECIES_NAME": null, "TREE_ID": "RTR0119900"}, "type": "Feature"}, {"geometry": {"coordinates": [833638.051, 820932.0519999992], "type": "Point"}, "properties": {"DBH": 283, "LU_HMD": "Sham Shui Po", "ROAD_NAME": "ROAD 45201 NEAR LIN CHEUNG ROAD (TEMPORARY)", "SPECIES_NAME": null, "TREE_ID": "RTR0119902"}, "type": "Feature"}, {"geometry": {"coordinates": [833603.6500000004, 820956.0999999996], "type": "Point"}, "properties": {"DBH": 197, "LU_HMD": "Sham Shui Po", "ROAD_NAME": "ROAD 45201 NEAR LIN CHEUNG ROAD (TEMPORARY)", "SPECIES_NAME": null, "TREE_ID": "RTR0121458"}, "type": "Feature"}, {"geometry": {"coordinates": [833595.1399999997, 820963.2339999992], "type": "Point"}, "properties": {"DBH": 352, "LU_HMD": "Sham Shui Po", "ROAD_NAME": "ROAD 45201 NEAR LIN CHEUNG ROAD (TEMPORARY)", "SPECIES_NAME": null, "TREE_ID": "RTR0121467"}, "type": "Feature"}, {"geometry": {"coordinates": [833615.2300000004, 820946.7850000001], "type": "Point"}, "properties": {"DBH": 140, "LU_HMD": "Sham Shui Po", "ROAD_NAME": "ROAD 45201 NEAR LIN CHEUNG ROAD (TEMPORARY)", "SPECIES_NAME": null, "TREE_ID": "RTR0121472"}, "type": "Feature"}, {"geometry": {"coordinates": [833615.8300000001, 820950.5189999994], "type": "Point"}, "properties": {"DBH": 235, "LU_HMD": "Sham Shui Po", "ROAD_NAME": "ROAD 45201 NEAR LIN CHEUNG ROAD (TEMPORARY)", "SPECIES_NAME": null, "TREE_ID": "RTR0121478"}, "type": "Feature"}, {"geometry": {"coordinates": [834269.9970000004, 820221.5309999995], "type": "Point"}, "properties": {"DBH": 385, "LU_HMD": "Mong Kok", "ROAD_NAME": " ", "SPECIES_NAME": null, "TREE_ID": "RTR0139408"}, "type": "Feature"}, {"geometry": {"coordinates": [834271.0460000001, 820224.6490000002], "type": "Point"}, "properties": {"DBH": 101, "LU_HMD": "Mong Kok", "ROAD_NAME": " ", "SPECIES_NAME": null, "TREE_ID": "RTR0138998"}, "type": "Feature"}, {"geometry": {"coordinates": [834283.6600000001, 820218.4900000002], "type": "Point"}, "properties": {"DBH": 255, "LU_HMD": "Mong Kok", "ROAD_NAME": " ", "SPECIES_NAME": null, "TREE_ID": "RTR0138999"}, "type": "Feature"}, {"geometry": {"coordinates": [834289.392, 820221.5580000002], "type": "Point"}, "properties": {"DBH": 328, "LU_HMD": "Mong kok", "ROAD_NAME": " ", "SPECIES_NAME": null, "TREE_ID": "RTR0139009"}, "type": "Feature"}, {"geometry": {"coordinates": [833634.6009999998, 820935.8010000009], "type": "Point"}, "properties": {"DBH": 270, "LU_HMD": "Lai Chi Kok", "ROAD_NAME": null, "SPECIES_NAME": null, "TREE_ID": "RTR0121481"}, "type": "Feature"}, {"geometry": {"coordinates": [833617.0920000002, 820945.5280000009], "type": "Point"}, "properties": {"DBH": 341, "LU_HMD": "Lai Chi Kok", "ROAD_NAME": null, "SPECIES_NAME": null, "TREE_ID": "RTR0121482"}, "type": "Feature"}, {"geometry": {"coordinates": [833624.3530000001, 820943.8640000001], "type": "Point"}, "properties": {"DBH": 222, "LU_HMD": "Sham Shui Po", "ROAD_NAME": "ROAD 45201 NEAR LIN CHEUNG ROAD (TEMPORARY)", "SPECIES_NAME": null, "TREE_ID": "RTR0121483"}, "type": "Feature"}, {"geometry": {"coordinates": [833615.727, 820946.5879999995], "type": "Point"}, "properties": {"DBH": 224, "LU_HMD": "Sham Shui Po", "ROAD_NAME": "ROAD 45201 NEAR LIN CHEUNG ROAD (TEMPORARY)", "SPECIES_NAME": null, "TREE_ID": "RTR0121484"}, "type": "Feature"}, {"geometry": {"coordinates": [833627.9840000002, 820947.0989999995], "type": "Point"}, "properties": {"DBH": 197, "LU_HMD": "Sham Shui Po", "ROAD_NAME": "ROAD 45201 NEAR LIN CHEUNG ROAD (TEMPORARY)", "SPECIES_NAME": null, "TREE_ID": "RTR0121485"}, "type": "Feature"}, {"geometry": {"coordinates": [833610.8700000001, 820950.2880000006], "type": "Point"}, "properties": {"DBH": 197, "LU_HMD": "Sham Shui Po", "ROAD_NAME": "ROAD 45201 NEAR LIN CHEUNG ROAD (TEMPORARY)", "SPECIES_NAME": null, "TREE_ID": "RTR0121491"}, "type": "Feature"}, {"geometry": {"coordinates": [833638.4189999998, 820935.8509999998], "type": "Point"}, "properties": {"DBH": 102, "LU_HMD": "Lai Chi Kok", "ROAD_NAME": null, "SPECIES_NAME": null, "TREE_ID": "RTR0121492"}, "type": "Feature"}, {"geometry": {"coordinates": [833609.6380000003, 820948.2329999991], "type": "Point"}, "properties": {"DBH": 127, "LU_HMD": "Lai Chi Kok", "ROAD_NAME": null, "SPECIES_NAME": null, "TREE_ID": "RTR0121493"}, "type": "Feature"}, {"geometry": {"coordinates": [833610.5279999999, 820952.6319999993], "type": "Point"}, "properties": {"DBH": 279, "LU_HMD": "Sham Shui Po", "ROAD_NAME": "ROAD 45201 NEAR LIN CHEUNG ROAD (TEMPORARY)", "SPECIES_NAME": null, "TREE_ID": "RTR0121494"}, "type": "Feature"}, {"geometry": {"coordinates": [834231.6960000005, 820320.8530000001], "type": "Point"}, "properties": {"DBH": 105, "LU_HMD": "Mong Kok", "ROAD_NAME": " ", "SPECIES_NAME": null, "TREE_ID": "RTR0139399"}, "type": "Feature"}, {"geometry": {"coordinates": [834245.7860000003, 820286.9079999998], "type": "Point"}, "properties": {"DBH": 120, "LU_HMD": "Mong Kok", "ROAD_NAME": " ", "SPECIES_NAME": null, "TREE_ID": "RTR0139402"}, "type": "Feature"}, {"geometry": {"coordinates": [834243.7939999998, 820297.5170000009], "type": "Point"}, "properties": {"DBH": 108, "LU_HMD": "Mong Kok", "ROAD_NAME": " ", "SPECIES_NAME": null, "TREE_ID": "RTR0139406"}, "type": "Feature"}, {"geometry": {"coordinates": [834173.0149999997, 820411.5800000001], "type": "Point"}, "properties": {"DBH": 137, "LU_HMD": "Mong Kok", "ROAD_NAME": " ", "SPECIES_NAME": null, "TREE_ID": "RTR0139407"}, "type": "Feature"}, {"geometry": {"coordinates": [834278.2970000003, 820219.7510000002], "type": "Point"}, "properties": {"DBH": 223, "LU_HMD": "Mong Kok", "ROAD_NAME": " ", "SPECIES_NAME": null, "TREE_ID": "RTR0139010"}, "type": "Feature"}, {"geometry": {"coordinates": [834281.602, 820220.9529999997], "type": "Point"}, "properties": {"DBH": 248, "LU_HMD": "Mong kok", "ROAD_NAME": " ", "SPECIES_NAME": null, "TREE_ID": "RTR0139013"}, "type": "Feature"}, {"geometry": {"coordinates": [834277.4050000003, 820222.3369999994], "type": "Point"}, "properties": {"DBH": 242, "LU_HMD": "Mong Kok", "ROAD_NAME": " ", "SPECIES_NAME": null, "TREE_ID": "RTR0139015"}, "type": "Feature"}, {"geometry": {"coordinates": [834279.9100000001, 820224.9680000003], "type": "Point"}, "properties": {"DBH": 447, "LU_HMD": "Mong Kok", "ROAD_NAME": " ", "SPECIES_NAME": null, "TREE_ID": "RTR0139017"}, "type": "Feature"}, {"geometry": {"coordinates": [834271.5870000003, 820226.0899999999], "type": "Point"}, "properties": {"DBH": 230, "LU_HMD": "Mong Kok", "ROAD_NAME": " ", "SPECIES_NAME": null, "TREE_ID": "RTR0139045"}, "type": "Feature"}, {"geometry": {"coordinates": [834269.0839999998, 820223.3560000006], "type": "Point"}, "properties": {"DBH": 111, "LU_HMD": "Mong Kok", "ROAD_NAME": " ", "SPECIES_NAME": null, "TREE_ID": "RTR0139347"}, "type": "Feature"}, {"geometry": {"coordinates": [833608.2920000004, 820950.9240000006], "type": "Point"}, "properties": {"DBH": 132, "LU_HMD": "Sham Shui Po", "ROAD_NAME": "ROAD 45201 NEAR LIN CHEUNG ROAD (TEMPORARY)", "SPECIES_NAME": null, "TREE_ID": "RTR0226562"}, "type": "Feature"}, {"geometry": {"coordinates": [833697.9749999996, 820872.6710000001], "type": "Point"}, "properties": {"DBH": 108, "LU_HMD": "Lai Chi Kok", "ROAD_NAME": null, "SPECIES_NAME": null, "TREE_ID": "RTR0226565"}, "type": "Feature"}, {"geometry": {"coordinates": [833631.2910000002, 820942.1260000002], "type": "Point"}, "properties": {"DBH": 246, "LU_HMD": "Sham Shui Po", "ROAD_NAME": "ROAD 45201 NEAR LIN CHEUNG ROAD (TEMPORARY)", "SPECIES_NAME": null, "TREE_ID": "RTR0226567"}, "type": "Feature"}, {"geometry": {"coordinates": [833626.6500000004, 820941.6830000002], "type": "Point"}, "properties": {"DBH": 262, "LU_HMD": "Sham Shui Po", "ROAD_NAME": "ROAD 45201 NEAR LIN CHEUNG ROAD (TEMPORARY)", "SPECIES_NAME": null, "TREE_ID": "RTR0226569"}, "type": "Feature"}, {"geometry": {"coordinates": [833735.7149999999, 820855.1559999995], "type": "Point"}, "properties": {"DBH": 254, "LU_HMD": "Sham Shui Po", "ROAD_NAME": "ROAD 45201 NEAR LIN CHEUNG ROAD (TEMPORARY)", "SPECIES_NAME": null, "TREE_ID": "RTR0226572"}, "type": "Feature"}, {"geometry": {"coordinates": [833737.9450000003, 820852.3949999996], "type": "Point"}, "properties": {"DBH": 196, "LU_HMD": "Sham Shui Po", "ROAD_NAME": "ROAD 45201 NEAR LIN CHEUNG ROAD (TEMPORARY)", "SPECIES_NAME": null, "TREE_ID": "RTR0226582"}, "type": "Feature"}, {"geometry": {"coordinates": [833737.7019999996, 820852.7850000001], "type": "Point"}, "properties": {"DBH": 159, "LU_HMD": "Sham Shui Po", "ROAD_NAME": "ROAD 45201 NEAR LIN CHEUNG ROAD (TEMPORARY)", "SPECIES_NAME": null, "TREE_ID": "RTR0226583"}, "type": "Feature"}, {"geometry": {"coordinates": [833691.875, 820882.6129999999], "type": "Point"}, "properties": {"DBH": 208, "LU_HMD": "Sham Shui Po", "ROAD_NAME": "ROAD 45201 NEAR LIN CHEUNG ROAD (TEMPORARY)", "SPECIES_NAME": null, "TREE_ID": "RTR0226585"}, "type": "Feature"}, {"geometry": {"coordinates": [834225.2980000004, 820245.3499999996], "type": "Point"}, "properties": {"DBH": 134, "LU_HMD": "Mong Kok", "ROAD_NAME": " ", "SPECIES_NAME": null, "TREE_ID": "RTR0139409"}, "type": "Feature"}, {"geometry": {"coordinates": [834176.4910000004, 820403.2799999993], "type": "Point"}, "properties": {"DBH": 197, "LU_HMD": "Mong Kok", "ROAD_NAME": " ", "SPECIES_NAME": null, "TREE_ID": "RTR0139410"}, "type": "Feature"}, {"geometry": {"coordinates": [834240.398, 820283.6640000008], "type": "Point"}, "properties": {"DBH": 258, "LU_HMD": "Mong Kok", "ROAD_NAME": " ", "SPECIES_NAME": null, "TREE_ID": "RTR0139411"}, "type": "Feature"}, {"geometry": {"coordinates": [834210.392, 820226.1390000004], "type": "Point"}, "properties": {"DBH": 188, "LU_HMD": "Mong Kok", "ROAD_NAME": " ", "SPECIES_NAME": null, "TREE_ID": "RTR0139412"}, "type": "Feature"}, {"geometry": {"coordinates": [834239.5630000001, 820287.8880000003], "type": "Point"}, "properties": {"DBH": 268, "LU_HMD": "Mong kok", "ROAD_NAME": " ", "SPECIES_NAME": null, "TREE_ID": "RTR0139413"}, "type": "Feature"}, {"geometry": {"coordinates": [834166.852, 820421.3399999999], "type": "Point"}, "properties": {"DBH": 127, "LU_HMD": "Mong Kok", "ROAD_NAME": " ", "SPECIES_NAME": null, "TREE_ID": "RTR0139428"}, "type": "Feature"}, {"geometry": {"coordinates": [834178.9579999996, 820402.6300000008], "type": "Point"}, "properties": {"DBH": 172, "LU_HMD": "Mong Kok", "ROAD_NAME": " ", "SPECIES_NAME": null, "TREE_ID": "RTR0139431"}, "type": "Feature"}, {"geometry": {"coordinates": [834170.0659999996, 820413.0710000005], "type": "Point"}, "properties": {"DBH": 153, "LU_HMD": "Mong Kok", "ROAD_NAME": " ", "SPECIES_NAME": null, "TREE_ID": "RTR0139433"}, "type": "Feature"}, {"geometry": {"coordinates": [834215.0820000004, 820232.3670000006], "type": "Point"}, "properties": {"DBH": 213, "LU_HMD": "Mong Kok", "ROAD_NAME": " ", "SPECIES_NAME": null, "TREE_ID": "RTR0139416"}, "type": "Feature"}, {"geometry": {"coordinates": [834267.8499999996, 820219.3330000006], "type": "Point"}, "properties": {"DBH": 185, "LU_HMD": "Mong Kok", "ROAD_NAME": " ", "SPECIES_NAME": null, "TREE_ID": "RTR0139360"}, "type": "Feature"}, {"geometry": {"coordinates": [834261.1100000003, 820223.3389999997], "type": "Point"}, "properties": {"DBH": 225, "LU_HMD": "Mong Kok", "ROAD_NAME": " ", "SPECIES_NAME": null, "TREE_ID": "RTR0139364"}, "type": "Feature"}, {"geometry": {"coordinates": [834258.0049999999, 820219.6669999994], "type": "Point"}, "properties": {"DBH": 404, "LU_HMD": "Mong kok", "ROAD_NAME": " ", "SPECIES_NAME": null, "TREE_ID": "RTR0139365"}, "type": "Feature"}, {"geometry": {"coordinates": [833693.0489999996, 820875.2780000009], "type": "Point"}, "properties": {"DBH": 131, "LU_HMD": "Lai Chi Kok", "ROAD_NAME": null, "SPECIES_NAME": null, "TREE_ID": "RTR0226588"}, "type": "Feature"}, {"geometry": {"coordinates": [833715, 820866.6999999993], "type": "Point"}, "properties": {"DBH": 200, "LU_HMD": "Sham Shui Po", "ROAD_NAME": "ROAD 45201 NEAR LIN CHEUNG ROAD (TEMPORARY)", "SPECIES_NAME": null, "TREE_ID": "RTR0226551"}, "type": "Feature"}, {"geometry": {"coordinates": [833709.3300000001, 820869.7630000003], "type": "Point"}, "properties": {"DBH": 127, "LU_HMD": "Lai Chi Kok", "ROAD_NAME": null, "SPECIES_NAME": null, "TREE_ID": "RTR0226553"}, "type": "Feature"}, {"geometry": {"coordinates": [833721.8669999996, 820864.5360000003], "type": "Point"}, "properties": {"DBH": 335, "LU_HMD": "Sham Shui Po", "ROAD_NAME": "ROAD 45201 NEAR LIN CHEUNG ROAD (TEMPORARY)", "SPECIES_NAME": null, "TREE_ID": "RTR0226556"}, "type": "Feature"}, {"geometry": {"coordinates": [833645.6880000001, 820935.1669999994], "type": "Point"}, "properties": {"DBH": 115, "LU_HMD": "Sham Shui Po", "ROAD_NAME": "ROAD 45201 NEAR LIN CHEUNG ROAD (TEMPORARY)", "SPECIES_NAME": null, "TREE_ID": "RTR0226560"}, "type": "Feature"}, {"geometry": {"coordinates": [833692.5180000002, 820885.4629999995], "type": "Point"}, "properties": {"DBH": 149, "LU_HMD": "Sham Shui Po", "ROAD_NAME": "ROAD 45201 NEAR LIN CHEUNG ROAD (TEMPORARY)", "SPECIES_NAME": null, "TREE_ID": "RTR0226595"}, "type": "Feature"}, {"geometry": {"coordinates": [833696.1689999998, 820884.2280000001], "type": "Point"}, "properties": {"DBH": 104, "LU_HMD": "Sham Shui Po", "ROAD_NAME": "ROAD 45201 NEAR LIN CHEUNG ROAD (TEMPORARY)", "SPECIES_NAME": null, "TREE_ID": "RTR0226596"}, "type": "Feature"}, {"geometry": {"coordinates": [833618.2800000003, 820953.6070000008], "type": "Point"}, "properties": {"DBH": 246, "LU_HMD": "Sham Shui Po", "ROAD_NAME": "ROAD 45201 NEAR LIN CHEUNG ROAD (TEMPORARY)", "SPECIES_NAME": null, "TREE_ID": "RTR0226600"}, "type": "Feature"}, {"geometry": {"coordinates": [834239.9309999999, 820267.5989999995], "type": "Point"}, "properties": {"DBH": 306, "LU_HMD": "Mong kok", "ROAD_NAME": " ", "SPECIES_NAME": null, "TREE_ID": "RTR0139418"}, "type": "Feature"}, {"geometry": {"coordinates": [834240.398, 820277.3680000007], "type": "Point"}, "properties": {"DBH": 150, "LU_HMD": "Mong Kok", "ROAD_NAME": " ", "SPECIES_NAME": null, "TREE_ID": "RTR0139425"}, "type": "Feature"}, {"geometry": {"coordinates": [834185.648, 820391.7170000002], "type": "Point"}, "properties": {"DBH": 182, "LU_HMD": "Mong Kok", "ROAD_NAME": " ", "SPECIES_NAME": null, "TREE_ID": "RTR0139438"}, "type": "Feature"}, {"geometry": {"coordinates": [834226.9809999997, 820327.3619999997], "type": "Point"}, "properties": {"DBH": 121, "LU_HMD": "Mong kok", "ROAD_NAME": " ", "SPECIES_NAME": null, "TREE_ID": "RTR0139439"}, "type": "Feature"}, {"geometry": {"coordinates": [834168.193, 820415.8469999991], "type": "Point"}, "properties": {"DBH": 185, "LU_HMD": "Mong Kok", "ROAD_NAME": " ", "SPECIES_NAME": null, "TREE_ID": "RTR0139440"}, "type": "Feature"}, {"geometry": {"coordinates": [834269.3320000004, 820224.2540000007], "type": "Point"}, "properties": {"DBH": 115, "LU_HMD": "Mong Kok", "ROAD_NAME": " ", "SPECIES_NAME": null, "TREE_ID": "RTR0139368"}, "type": "Feature"}, {"geometry": {"coordinates": [834257.6150000002, 820222.2219999991], "type": "Point"}, "properties": {"DBH": 363, "LU_HMD": "Mong kok", "ROAD_NAME": " ", "SPECIES_NAME": null, "TREE_ID": "RTR0139370"}, "type": "Feature"}, {"geometry": {"coordinates": [834265.9060000004, 820219.5109999999], "type": "Point"}, "properties": {"DBH": 357, "LU_HMD": "Mong Kok", "ROAD_NAME": " ", "SPECIES_NAME": null, "TREE_ID": "RTR0139372"}, "type": "Feature"}, {"geometry": {"coordinates": [834257.6500000004, 820220.9739999995], "type": "Point"}, "properties": {"DBH": 124, "LU_HMD": "Mong kok", "ROAD_NAME": " ", "SPECIES_NAME": null, "TREE_ID": "RTR0139381"}, "type": "Feature"}, {"geometry": {"coordinates": [834346.8640000001, 820311.4140000008], "type": "Point"}, "properties": {"DBH": 211, "LU_HMD": "Mong Kok", "ROAD_NAME": " ", "SPECIES_NAME": null, "TREE_ID": "RTR0139019"}, "type": "Feature"}, {"geometry": {"coordinates": [835458.9000000004, 821361.1119999997], "type": "Point"}, "properties": {"DBH": 111, "LU_HMD": "Sham Shui Po", "ROAD_NAME": "WOH CHAI STREET", "SPECIES_NAME": null, "TREE_ID": "RTR0145468"}, "type": "Feature"}, {"geometry": {"coordinates": [834960.8459999999, 822210.2180000003], "type": "Point"}, "properties": {"DBH": 222, "LU_HMD": "Sham Shui Po", "ROAD_NAME": " ", "SPECIES_NAME": null, "TREE_ID": "RTR0103231"}, "type": "Feature"}, {"geometry": {"coordinates": [834962.0489999996, 822210.1610000003], "type": "Point"}, "properties": {"DBH": 261, "LU_HMD": "Sham Shui Po", "ROAD_NAME": " ", "SPECIES_NAME": null, "TREE_ID": "RTR0103247"}, "type": "Feature"}, {"geometry": {"coordinates": [834958.8540000003, 822215.8579999991], "type": "Point"}, "properties": {"DBH": 182, "LU_HMD": "Sham Shui Po", "ROAD_NAME": " ", "SPECIES_NAME": null, "TREE_ID": "RTR0102964"}, "type": "Feature"}, {"geometry": {"coordinates": [835457.165, 821362.4030000009], "type": "Point"}, "properties": {"DBH": 140, "LU_HMD": "Sham Shui Po", "ROAD_NAME": "WOH CHAI STREET", "SPECIES_NAME": null, "TREE_ID": "RTR0145490"}, "type": "Feature"}, {"geometry": {"coordinates": [835411.7259999998, 821379.7100000009], "type": "Point"}, "properties": {"DBH": 150, "LU_HMD": "Sham Shui Po", "ROAD_NAME": "WOH CHAI STREET", "SPECIES_NAME": null, "TREE_ID": "RTR0115478"}, "type": "Feature"}, {"geometry": {"coordinates": [835409.7949999999, 821379.5869999994], "type": "Point"}, "properties": {"DBH": 161, "LU_HMD": "Sham Shui Po", "ROAD_NAME": "WOH CHAI STREET", "SPECIES_NAME": null, "TREE_ID": "RTR0115495"}, "type": "Feature"}, {"geometry": {"coordinates": [834758.9380000001, 821945.6750000007], "type": "Point"}, "properties": {"DBH": 167, "LU_HMD": "Sham Shui Po", "ROAD_NAME": " ", "SPECIES_NAME": null, "TREE_ID": "RTR0101629"}, "type": "Feature"}, {"geometry": {"coordinates": [834956.4550000001, 822211.9260000009], "type": "Point"}, "properties": {"DBH": 165, "LU_HMD": "Sham Shui Po", "ROAD_NAME": " ", "SPECIES_NAME": null, "TREE_ID": "RTR0103258"}, "type": "Feature"}, {"geometry": {"coordinates": [834957.3119999999, 822215.8430000003], "type": "Point"}, "properties": {"DBH": 160, "LU_HMD": "Sham Shui Po", "ROAD_NAME": " ", "SPECIES_NAME": null, "TREE_ID": "RTR0102961"}, "type": "Feature"}, {"geometry": {"coordinates": [834959.0650000004, 822210.9210000001], "type": "Point"}, "properties": {"DBH": 205, "LU_HMD": "Sham Shui Po", "ROAD_NAME": " ", "SPECIES_NAME": null, "TREE_ID": "RTR0103233"}, "type": "Feature"}, {"geometry": {"coordinates": [833675.1210000003, 820907.6060000006], "type": "Point"}, "properties": {"DBH": 170, "LU_HMD": "Sham Shui Po", "ROAD_NAME": "ROAD 45201 NEAR LIN CHEUNG ROAD (TEMPORARY)", "SPECIES_NAME": null, "TREE_ID": "RTR0119957"}, "type": "Feature"}, {"geometry": {"coordinates": [833679.1440000003, 820905.5079999994], "type": "Point"}, "properties": {"DBH": 337, "LU_HMD": "Sham Shui Po", "ROAD_NAME": "ROAD 45201 NEAR LIN CHEUNG ROAD (TEMPORARY)", "SPECIES_NAME": null, "TREE_ID": "RTR0119960"}, "type": "Feature"}, {"geometry": {"coordinates": [833667.8159999996, 820907.4700000007], "type": "Point"}, "properties": {"DBH": 201, "LU_HMD": "Lai Chi Kok", "ROAD_NAME": null, "SPECIES_NAME": null, "TREE_ID": "RTR0119962"}, "type": "Feature"}, {"geometry": {"coordinates": [833681.8550000004, 820900.4600000009], "type": "Point"}, "properties": {"DBH": 190, "LU_HMD": "Sham Shui Po", "ROAD_NAME": "ROAD 45201 NEAR LIN CHEUNG ROAD (TEMPORARY)", "SPECIES_NAME": null, "TREE_ID": "RTR0119964"}, "type": "Feature"}, {"geometry": {"coordinates": [833672.2170000002, 820906.0150000006], "type": "Point"}, "properties": {"DBH": 175, "LU_HMD": "Sham Shui Po", "ROAD_NAME": "ROAD 45201 NEAR LIN CHEUNG ROAD (TEMPORARY)", "SPECIES_NAME": null, "TREE_ID": "RTR0119968"}, "type": "Feature"}, {"geometry": {"coordinates": [833666.5199999996, 820911.0109999999], "type": "Point"}, "properties": {"DBH": 164, "LU_HMD": "Sham Shui Po", "ROAD_NAME": "ROAD 45201 NEAR LIN CHEUNG ROAD (TEMPORARY)", "SPECIES_NAME": null, "TREE_ID": "RTR0119972"}, "type": "Feature"}, {"geometry": {"coordinates": [833665.0410000002, 820911.0889999997], "type": "Point"}, "properties": {"DBH": 188, "LU_HMD": "Sham Shui Po", "ROAD_NAME": "ROAD 45201 NEAR LIN CHEUNG ROAD (TEMPORARY)", "SPECIES_NAME": null, "TREE_ID": "RTR0119974"}, "type": "Feature"}, {"geometry": {"coordinates": [834821.5199999996, 822096.693], "type": "Point"}, "properties": {"DBH": 629, "LU_HMD": "Sham Shui Po", "ROAD_NAME": null, "SPECIES_NAME": null, "TREE_ID": "RTR0101956"}, "type": "Feature"}, {"geometry": {"coordinates": [834418.4210000001, 820440.3680000007], "type": "Point"}, "properties": {"DBH": 350, "LU_HMD": "Sham Shui Po", "ROAD_NAME": "HOI FAI ROAD", "SPECIES_NAME": null, "TREE_ID": "RTR0138470"}, "type": "Feature"}, {"geometry": {"coordinates": [834413.7130000005, 820419.7180000003], "type": "Point"}, "properties": {"DBH": 175, "LU_HMD": "Sham Shui Po", "ROAD_NAME": "HOI FAI ROAD", "SPECIES_NAME": null, "TREE_ID": "RTR0138479"}, "type": "Feature"}, {"geometry": {"coordinates": [834385.3799999999, 820357.6640000008], "type": "Point"}, "properties": {"DBH": 275, "LU_HMD": "Sham Shui Po", "ROAD_NAME": "HOI FAI ROAD", "SPECIES_NAME": null, "TREE_ID": "RTR0138480"}, "type": "Feature"}, {"geometry": {"coordinates": [834410.5410000002, 820414.6170000006], "type": "Point"}, "properties": {"DBH": 258, "LU_HMD": "Sham Shui Po", "ROAD_NAME": "HOI FAI ROAD", "SPECIES_NAME": null, "TREE_ID": "RTR0138482"}, "type": "Feature"}, {"geometry": {"coordinates": [834387.5159999998, 820361.5130000003], "type": "Point"}, "properties": {"DBH": 143, "LU_HMD": "Sham Shui Po", "ROAD_NAME": "HOI FAI ROAD", "SPECIES_NAME": null, "TREE_ID": "RTR0138492"}, "type": "Feature"}, {"geometry": {"coordinates": [834386.5619999999, 820365.4470000006], "type": "Point"}, "properties": {"DBH": 577, "LU_HMD": "Sham Shui Po", "ROAD_NAME": "HOI FAI ROAD", "SPECIES_NAME": null, "TREE_ID": "RTR0138454"}, "type": "Feature"}, {"geometry": {"coordinates": [834400.9529999997, 820392.9409999996], "type": "Point"}, "properties": {"DBH": 417, "LU_HMD": "Sham Shui Po", "ROAD_NAME": "HOI FAI ROAD", "SPECIES_NAME": null, "TREE_ID": "RTR0138463"}, "type": "Feature"}, {"geometry": {"coordinates": [834415.051, 820424.3059999999], "type": "Point"}, "properties": {"DBH": 236, "LU_HMD": "Sham Shui Po", "ROAD_NAME": "HOI FAI ROAD", "SPECIES_NAME": null, "TREE_ID": "RTR0138468"}, "type": "Feature"}, {"geometry": {"coordinates": [833652.449, 820922.9820000008], "type": "Point"}, "properties": {"DBH": 191, "LU_HMD": "Sham Shui Po", "ROAD_NAME": "ROAD 45201 NEAR LIN CHEUNG ROAD (TEMPORARY)", "SPECIES_NAME": null, "TREE_ID": "RTR0119975"}, "type": "Feature"}, {"geometry": {"coordinates": [833687.5789999999, 820893.8530000001], "type": "Point"}, "properties": {"DBH": 137, "LU_HMD": "Lai Chi Kok", "ROAD_NAME": null, "SPECIES_NAME": null, "TREE_ID": "RTR0119976"}, "type": "Feature"}, {"geometry": {"coordinates": [833690.6030000001, 820889.4609999992], "type": "Point"}, "properties": {"DBH": 167, "LU_HMD": "Lai Chi Kok", "ROAD_NAME": null, "SPECIES_NAME": null, "TREE_ID": "RTR0119977"}, "type": "Feature"}, {"geometry": {"coordinates": [833670.3899999997, 820903.8479999993], "type": "Point"}, "properties": {"DBH": 188, "LU_HMD": "Sham Shui Po", "ROAD_NAME": "ROAD 45201 NEAR LIN CHEUNG ROAD (TEMPORARY)", "SPECIES_NAME": null, "TREE_ID": "RTR0119981"}, "type": "Feature"}, {"geometry": {"coordinates": [833674.5319999997, 820914.0160000008], "type": "Point"}, "properties": {"DBH": 182, "LU_HMD": "Sham Shui Po", "ROAD_NAME": "ROAD 45201 NEAR LIN CHEUNG ROAD (TEMPORARY)", "SPECIES_NAME": null, "TREE_ID": "RTR0119985"}, "type": "Feature"}, {"geometry": {"coordinates": [833706.2549999999, 820873.4079999998], "type": "Point"}, "properties": {"DBH": 143, "LU_HMD": "Lai Chi Kok", "ROAD_NAME": null, "SPECIES_NAME": null, "TREE_ID": "RTR0119356"}, "type": "Feature"}, {"geometry": {"coordinates": [833686.9040000001, 820895.1300000008], "type": "Point"}, "properties": {"DBH": 102, "LU_HMD": "Sham Shui Po", "ROAD_NAME": "ROAD 45201 NEAR LIN CHEUNG ROAD (TEMPORARY)", "SPECIES_NAME": null, "TREE_ID": "RTR0119989"}, "type": "Feature"}, {"geometry": {"coordinates": [833673.148, 820908.2799999993], "type": "Point"}, "properties": {"DBH": 291, "LU_HMD": "Sham Shui Po", "ROAD_NAME": "ROAD 45201 NEAR LIN CHEUNG ROAD (TEMPORARY)", "SPECIES_NAME": null, "TREE_ID": "RTR0119990"}, "type": "Feature"}, {"geometry": {"coordinates": [833688.6519999998, 820892.0940000005], "type": "Point"}, "properties": {"DBH": 194, "LU_HMD": "Lai Chi Kok", "ROAD_NAME": null, "SPECIES_NAME": null, "TREE_ID": "RTR0119991"}, "type": "Feature"}, {"geometry": {"coordinates": [834415.7050000001, 820428.1620000005], "type": "Point"}, "properties": {"DBH": 250, "LU_HMD": "Sham Shui Po", "ROAD_NAME": "HOI FAI ROAD", "SPECIES_NAME": null, "TREE_ID": "RTR0138459"}, "type": "Feature"}, {"geometry": {"coordinates": [834401.7529999996, 820395.4910000004], "type": "Point"}, "properties": {"DBH": 201, "LU_HMD": "Sham Shui Po", "ROAD_NAME": "HOI FAI ROAD", "SPECIES_NAME": null, "TREE_ID": "RTR0138488"}, "type": "Feature"}, {"geometry": {"coordinates": [834373.0140000004, 820346.6630000006], "type": "Point"}, "properties": {"DBH": 134, "LU_HMD": "Sham Shui Po", "ROAD_NAME": "HOI FAI ROAD", "SPECIES_NAME": null, "TREE_ID": "RTR0174072"}, "type": "Feature"}, {"geometry": {"coordinates": [834407.3559999997, 820399.1140000001], "type": "Point"}, "properties": {"DBH": 150, "LU_HMD": "Sham Shui Po", "ROAD_NAME": "HOI FAI ROAD", "SPECIES_NAME": null, "TREE_ID": "RTR0138466"}, "type": "Feature"}, {"geometry": {"coordinates": [834405.6430000002, 820394.4969999995], "type": "Point"}, "properties": {"DBH": 260, "LU_HMD": "Sham Shui Po", "ROAD_NAME": "HOI FAI ROAD", "SPECIES_NAME": null, "TREE_ID": "RTR0138453"}, "type": "Feature"}, {"geometry": {"coordinates": [834876.9390000002, 822135.0580000002], "type": "Point"}, "properties": {"DBH": 115, "LU_HMD": "Sham Shui Po", "ROAD_NAME": " ", "SPECIES_NAME": null, "TREE_ID": "RTR0101923"}, "type": "Feature"}, {"geometry": {"coordinates": [834876.4270000001, 822134.6879999992], "type": "Point"}, "properties": {"DBH": 127, "LU_HMD": "Sham Shui Po", "ROAD_NAME": " ", "SPECIES_NAME": null, "TREE_ID": "RTR0101931"}, "type": "Feature"}, {"geometry": {"coordinates": [834765.8880000003, 821963.5930000003], "type": "Point"}, "properties": {"DBH": 140, "LU_HMD": "Sham Shui Po", "ROAD_NAME": " ", "SPECIES_NAME": null, "TREE_ID": "RTR0101012"}, "type": "Feature"}, {"geometry": {"coordinates": [834771.2120000003, 821966.0150000006], "type": "Point"}, "properties": {"DBH": 110, "LU_HMD": "Sham Shui Po", "ROAD_NAME": " ", "SPECIES_NAME": null, "TREE_ID": "RTR0101013"}, "type": "Feature"}, {"geometry": {"coordinates": [834771.0410000002, 821963.8939999994], "type": "Point"}, "properties": {"DBH": 115, "LU_HMD": "Sham Shui Po", "ROAD_NAME": " ", "SPECIES_NAME": null, "TREE_ID": "RTR0101015"}, "type": "Feature"}, {"geometry": {"coordinates": [834768.892, 821962.1630000006], "type": "Point"}, "properties": {"DBH": 156, "LU_HMD": "Sham Shui Po", "ROAD_NAME": " ", "SPECIES_NAME": null, "TREE_ID": "RTR0101018"}, "type": "Feature"}, {"geometry": {"coordinates": [834765.4510000004, 821984.6070000008], "type": "Point"}, "properties": {"DBH": 124, "LU_HMD": "Sham Shui Po", "ROAD_NAME": " ", "SPECIES_NAME": null, "TREE_ID": "RTR0101022"}, "type": "Feature"}, {"geometry": {"coordinates": [834765.5449999999, 821978.8599999994], "type": "Point"}, "properties": {"DBH": 120, "LU_HMD": "Sham Shui Po", "ROAD_NAME": " ", "SPECIES_NAME": null, "TREE_ID": "RTR0101025"}, "type": "Feature"}, {"geometry": {"coordinates": [834770.1660000002, 821965.6309999991], "type": "Point"}, "properties": {"DBH": 108, "LU_HMD": "Sham Shui Po", "ROAD_NAME": " ", "SPECIES_NAME": null, "TREE_ID": "RTR0101027"}, "type": "Feature"}, {"geometry": {"coordinates": [834767.7570000002, 821979.8929999992], "type": "Point"}, "properties": {"DBH": 102, "LU_HMD": "Sham Shui Po", "ROAD_NAME": " ", "SPECIES_NAME": null, "TREE_ID": "RTR0101028"}, "type": "Feature"}, {"geometry": {"coordinates": [834962.7359999996, 822216.2620000001], "type": "Point"}, "properties": {"DBH": 312, "LU_HMD": "Sham Shui Po", "ROAD_NAME": " ", "SPECIES_NAME": null, "TREE_ID": "RTR0102962"}, "type": "Feature"}, {"geometry": {"coordinates": [834950.6220000004, 822214.125], "type": "Point"}, "properties": {"DBH": 121, "LU_HMD": "Sham Shui Po", "ROAD_NAME": " ", "SPECIES_NAME": null, "TREE_ID": "RTR0102965"}, "type": "Feature"}, {"geometry": {"coordinates": [834877.4189999998, 822135.3760000002], "type": "Point"}, "properties": {"DBH": 131, "LU_HMD": "Sham Shui Po", "ROAD_NAME": " ", "SPECIES_NAME": null, "TREE_ID": "RTR0101935"}, "type": "Feature"}, {"geometry": {"coordinates": [834776.1529999999, 821968.5280000009], "type": "Point"}, "properties": {"DBH": 144, "LU_HMD": "Sham Shui Po", "ROAD_NAME": " ", "SPECIES_NAME": null, "TREE_ID": "RTR0101415"}, "type": "Feature"}, {"geometry": {"coordinates": [834766.5710000005, 821973.3149999995], "type": "Point"}, "properties": {"DBH": 121, "LU_HMD": "Sham Shui Po", "ROAD_NAME": " ", "SPECIES_NAME": null, "TREE_ID": "RTR0101031"}, "type": "Feature"}, {"geometry": {"coordinates": [834771.0190000003, 821966.7339999992], "type": "Point"}, "properties": {"DBH": 102, "LU_HMD": "Sham Shui Po", "ROAD_NAME": " ", "SPECIES_NAME": null, "TREE_ID": "RTR0101035"}, "type": "Feature"}, {"geometry": {"coordinates": [834770.432, 821980.7430000007], "type": "Point"}, "properties": {"DBH": 110, "LU_HMD": "Sham Shui Po", "ROAD_NAME": " ", "SPECIES_NAME": null, "TREE_ID": "RTR0101036"}, "type": "Feature"}, {"geometry": {"coordinates": [834771.9950000001, 821965.8420000002], "type": "Point"}, "properties": {"DBH": 120, "LU_HMD": "Sham Shui Po", "ROAD_NAME": " ", "SPECIES_NAME": null, "TREE_ID": "RTR0101040"}, "type": "Feature"}, {"geometry": {"coordinates": [834762.5729999999, 821995.7829999998], "type": "Point"}, "properties": {"DBH": 185, "LU_HMD": "Sham Shui Po", "ROAD_NAME": null, "SPECIES_NAME": null, "TREE_ID": "RTR0101418"}, "type": "Feature"}, {"geometry": {"coordinates": [834779.2769999998, 821984.6539999992], "type": "Point"}, "properties": {"DBH": 108, "LU_HMD": "Sham Shui Po", "ROAD_NAME": null, "SPECIES_NAME": null, "TREE_ID": "RTR0101419"}, "type": "Feature"}, {"geometry": {"coordinates": [834787.6030000001, 821978.2259999998], "type": "Point"}, "properties": {"DBH": 258, "LU_HMD": "Sham Shui Po", "ROAD_NAME": " ", "SPECIES_NAME": null, "TREE_ID": "RTR0101421"}, "type": "Feature"}, {"geometry": {"coordinates": [834776.2709999997, 821981.0020000003], "type": "Point"}, "properties": {"DBH": 96, "LU_HMD": "Sham Shui Po", "ROAD_NAME": " ", "SPECIES_NAME": null, "TREE_ID": "RTR0101422"}, "type": "Feature"}, {"geometry": {"coordinates": [834757.6009999998, 821987.0280000009], "type": "Point"}, "properties": {"DBH": 168, "LU_HMD": "Sham Shui Po", "ROAD_NAME": " ", "SPECIES_NAME": null, "TREE_ID": "RTR0101426"}, "type": "Feature"}, {"geometry": {"coordinates": [834764.7680000002, 821982.0140000004], "type": "Point"}, "properties": {"DBH": 114, "LU_HMD": "Sham Shui Po", "ROAD_NAME": " ", "SPECIES_NAME": null, "TREE_ID": "RTR0101046"}, "type": "Feature"}, {"geometry": {"coordinates": [834767.0789999999, 821969.8010000009], "type": "Point"}, "properties": {"DBH": 134, "LU_HMD": "Sham Shui Po", "ROAD_NAME": " ", "SPECIES_NAME": null, "TREE_ID": "RTR0101047"}, "type": "Feature"}, {"geometry": {"coordinates": [834770.665, 821970.2489999998], "type": "Point"}, "properties": {"DBH": 96, "LU_HMD": "Sham Shui Po", "ROAD_NAME": " ", "SPECIES_NAME": null, "TREE_ID": "RTR0101048"}, "type": "Feature"}, {"geometry": {"coordinates": [834769.8669999996, 821961.9639999997], "type": "Point"}, "properties": {"DBH": 102, "LU_HMD": "Sham Shui Po", "ROAD_NAME": " ", "SPECIES_NAME": null, "TREE_ID": "RTR0101050"}, "type": "Feature"}, {"geometry": {"coordinates": [834769.2620000001, 821978.2060000002], "type": "Point"}, "properties": {"DBH": 124, "LU_HMD": "Sham Shui Po", "ROAD_NAME": " ", "SPECIES_NAME": null, "TREE_ID": "RTR0101051"}, "type": "Feature"}, {"geometry": {"coordinates": [834768.9349999996, 821973.9379999992], "type": "Point"}, "properties": {"DBH": 137, "LU_HMD": "Sham Shui Po", "ROAD_NAME": " ", "SPECIES_NAME": null, "TREE_ID": "RTR0101052"}, "type": "Feature"}, {"geometry": {"coordinates": [834768.9759999998, 821971.6209999993], "type": "Point"}, "properties": {"DBH": 96, "LU_HMD": "Sham Shui Po", "ROAD_NAME": " ", "SPECIES_NAME": null, "TREE_ID": "RTR0101055"}, "type": "Feature"}, {"geometry": {"coordinates": [835397.682, 821347.4220000003], "type": "Point"}, "properties": {"DBH": 102, "LU_HMD": "Sham Shui Po", "ROAD_NAME": "WOH CHAI STREET", "SPECIES_NAME": null, "TREE_ID": "RTR0116046"}, "type": "Feature"}, {"geometry": {"coordinates": [835396.5219999999, 821362.9409999996], "type": "Point"}, "properties": {"DBH": 105, "LU_HMD": "Sham Shui Po", "ROAD_NAME": "WOH CHAI STREET", "SPECIES_NAME": null, "TREE_ID": "RTR0116049"}, "type": "Feature"}, {"geometry": {"coordinates": [835403.6560000004, 821347.2660000008], "type": "Point"}, "properties": {"DBH": 137, "LU_HMD": "Sham Shui Po", "ROAD_NAME": "WOH CHAI STREET", "SPECIES_NAME": null, "TREE_ID": "RTR0116050"}, "type": "Feature"}, {"geometry": {"coordinates": [835416.8720000004, 821353.2650000006], "type": "Point"}, "properties": {"DBH": 96, "LU_HMD": "Sham Shui Po", "ROAD_NAME": "WOH CHAI STREET", "SPECIES_NAME": null, "TREE_ID": "RTR0116054"}, "type": "Feature"}, {"geometry": {"coordinates": [834762.3269999996, 821993.3230000008], "type": "Point"}, "properties": {"DBH": 285, "LU_HMD": "Sham Shui Po", "ROAD_NAME": null, "SPECIES_NAME": null, "TREE_ID": "RTR0101439"}, "type": "Feature"}, {"geometry": {"coordinates": [834781.7130000005, 821986.4130000006], "type": "Point"}, "properties": {"DBH": 140, "LU_HMD": "Sham Shui Po", "ROAD_NAME": null, "SPECIES_NAME": null, "TREE_ID": "RTR0101440"}, "type": "Feature"}, {"geometry": {"coordinates": [834758.1009999998, 821987.9609999992], "type": "Point"}, "properties": {"DBH": 108, "LU_HMD": "Sham Shui Po", "ROAD_NAME": " ", "SPECIES_NAME": null, "TREE_ID": "RTR0101441"}, "type": "Feature"}, {"geometry": {"coordinates": [834764.818, 821983.6260000002], "type": "Point"}, "properties": {"DBH": 121, "LU_HMD": "Sham Shui Po", "ROAD_NAME": " ", "SPECIES_NAME": null, "TREE_ID": "RTR0101058"}, "type": "Feature"}, {"geometry": {"coordinates": [834759.5279999999, 821998.0240000002], "type": "Point"}, "properties": {"DBH": 223, "LU_HMD": "Sham Shui Po", "ROAD_NAME": null, "SPECIES_NAME": null, "TREE_ID": "RTR0101443"}, "type": "Feature"}, {"geometry": {"coordinates": [834762.4079999998, 821991.8450000007], "type": "Point"}, "properties": {"DBH": 102, "LU_HMD": "Sham Shui Po", "ROAD_NAME": " ", "SPECIES_NAME": null, "TREE_ID": "RTR0101446"}, "type": "Feature"}, {"geometry": {"coordinates": [834775.3219999997, 821967.3670000006], "type": "Point"}, "properties": {"DBH": 175, "LU_HMD": "Sham Shui Po", "ROAD_NAME": " ", "SPECIES_NAME": null, "TREE_ID": "RTR0101450"}, "type": "Feature"}, {"geometry": {"coordinates": [834757.2810000004, 821988.5470000003], "type": "Point"}, "properties": {"DBH": 96, "LU_HMD": "Sham Shui Po", "ROAD_NAME": " ", "SPECIES_NAME": null, "TREE_ID": "RTR0101451"}, "type": "Feature"}, {"geometry": {"coordinates": [834779.909, 821983.6679999996], "type": "Point"}, "properties": {"DBH": 175, "LU_HMD": "Sham Shui Po", "ROAD_NAME": " ", "SPECIES_NAME": null, "TREE_ID": "RTR0101455"}, "type": "Feature"}, {"geometry": {"coordinates": [834694.8459999999, 822055.4869999997], "type": "Point"}, "properties": {"DBH": 549, "LU_HMD": "Sham Shui Po", "ROAD_NAME": "PRATAS STREET", "SPECIES_NAME": null, "TREE_ID": "RTR0100800"}, "type": "Feature"}, {"geometry": {"coordinates": [835421.7240000004, 821353.4199999999], "type": "Point"}, "properties": {"DBH": 350, "LU_HMD": "Sham Shui Po", "ROAD_NAME": "WOH CHAI STREET", "SPECIES_NAME": null, "TREE_ID": "RTR0116055"}, "type": "Feature"}, {"geometry": {"coordinates": [835417.6090000002, 821341.7239999995], "type": "Point"}, "properties": {"DBH": 182, "LU_HMD": "Sham Shui Po", "ROAD_NAME": "WOH CHAI STREET", "SPECIES_NAME": null, "TREE_ID": "RTR0116059"}, "type": "Feature"}, {"geometry": {"coordinates": [834760.9349999996, 821972.9979999997], "type": "Point"}, "properties": {"DBH": 161, "LU_HMD": "Sham Shui Po", "ROAD_NAME": " ", "SPECIES_NAME": null, "TREE_ID": "RTR0101517"}, "type": "Feature"}, {"geometry": {"coordinates": [834760.4790000003, 821976.4940000009], "type": "Point"}, "properties": {"DBH": 105, "LU_HMD": "Sham Shui Po", "ROAD_NAME": " ", "SPECIES_NAME": null, "TREE_ID": "RTR0101521"}, "type": "Feature"}, {"geometry": {"coordinates": [834760.3859999999, 821985.1349999998], "type": "Point"}, "properties": {"DBH": 131, "LU_HMD": "Sham Shui Po", "ROAD_NAME": " ", "SPECIES_NAME": null, "TREE_ID": "RTR0101554"}, "type": "Feature"}, {"geometry": {"coordinates": [834760.8679999998, 821983.3739999998], "type": "Point"}, "properties": {"DBH": 111, "LU_HMD": "Sham Shui Po", "ROAD_NAME": " ", "SPECIES_NAME": null, "TREE_ID": "RTR0101556"}, "type": "Feature"}, {"geometry": {"coordinates": [834760.9249999998, 821986.8090000004], "type": "Point"}, "properties": {"DBH": 150, "LU_HMD": "Sham Shui Po", "ROAD_NAME": " ", "SPECIES_NAME": null, "TREE_ID": "RTR0101558"}, "type": "Feature"}, {"geometry": {"coordinates": [834775.9119999995, 821962.2119999994], "type": "Point"}, "properties": {"DBH": 153, "LU_HMD": "Sham Shui Po", "ROAD_NAME": " ", "SPECIES_NAME": null, "TREE_ID": "RTR0101611"}, "type": "Feature"}, {"geometry": {"coordinates": [834766.9950000001, 821949.1140000001], "type": "Point"}, "properties": {"DBH": 156, "LU_HMD": "Sham Shui Po", "ROAD_NAME": " ", "SPECIES_NAME": null, "TREE_ID": "RTR0101612"}, "type": "Feature"}, {"geometry": {"coordinates": [834771.7999999998, 821958.6870000008], "type": "Point"}, "properties": {"DBH": 99, "LU_HMD": "Sham Shui Po", "ROAD_NAME": " ", "SPECIES_NAME": null, "TREE_ID": "RTR0101614"}, "type": "Feature"}, {"geometry": {"coordinates": [834670.9009999996, 822024.7109999992], "type": "Point"}, "properties": {"DBH": 180, "LU_HMD": "Sham Shui Po", "ROAD_NAME": "PRATAS STREET", "SPECIES_NAME": null, "TREE_ID": "RTR0100806"}, "type": "Feature"}, {"geometry": {"coordinates": [834676.1169999996, 822031.1459999997], "type": "Point"}, "properties": {"DBH": 164, "LU_HMD": "Sham Shui Po", "ROAD_NAME": "PRATAS STREET", "SPECIES_NAME": null, "TREE_ID": "RTR0100761"}, "type": "Feature"}, {"geometry": {"coordinates": [834687.392, 822044.7899999991], "type": "Point"}, "properties": {"DBH": 220, "LU_HMD": "Sham Shui Po", "ROAD_NAME": "PRATAS STREET", "SPECIES_NAME": null, "TREE_ID": "RTR0100796"}, "type": "Feature"}, {"geometry": {"coordinates": [833696.1100000003, 821043.5549999997], "type": "Point"}, "properties": {"DBH": 188, "LU_HMD": "Lai Chi Kok", "ROAD_NAME": "ROAD 45186 NEAR SHAM MONG ROAD (TEMPORARY)", "SPECIES_NAME": null, "TREE_ID": "RTR0115962"}, "type": "Feature"}, {"geometry": {"coordinates": [833691.3269999996, 821035.6789999995], "type": "Point"}, "properties": {"DBH": 226, "LU_HMD": "Lai Chi Kok", "ROAD_NAME": "ROAD 45186 NEAR SHAM MONG ROAD (TEMPORARY)", "SPECIES_NAME": null, "TREE_ID": "RTR0115965"}, "type": "Feature"}, {"geometry": {"coordinates": [833727.4970000004, 821081.3829999994], "type": "Point"}, "properties": {"DBH": 449, "LU_HMD": "Lai Chi Kok", "ROAD_NAME": "ROAD 45186 NEAR SHAM MONG ROAD (TEMPORARY)", "SPECIES_NAME": null, "TREE_ID": "RTR0116334"}, "type": "Feature"}, {"geometry": {"coordinates": [833727.602, 821087.7129999995], "type": "Point"}, "properties": {"DBH": 210, "LU_HMD": "Lai Chi Kok", "ROAD_NAME": "ROAD 45186 NEAR SHAM MONG ROAD (TEMPORARY)", "SPECIES_NAME": null, "TREE_ID": "RTR0116337"}, "type": "Feature"}, {"geometry": {"coordinates": [833724.5080000004, 821085.5999999996], "type": "Point"}, "properties": {"DBH": 433, "LU_HMD": "Lai Chi Kok", "ROAD_NAME": "ROAD 45186 NEAR SHAM MONG ROAD (TEMPORARY)", "SPECIES_NAME": null, "TREE_ID": "RTR0116340"}, "type": "Feature"}, {"geometry": {"coordinates": [833693.0760000004, 821035.8249999993], "type": "Point"}, "properties": {"DBH": 392, "LU_HMD": "Lai Chi Kok", "ROAD_NAME": "ROAD 45186 NEAR SHAM MONG ROAD (TEMPORARY)", "SPECIES_NAME": null, "TREE_ID": "RTR0116000"}, "type": "Feature"}, {"geometry": {"coordinates": [833698.4950000001, 821046.8509999998], "type": "Point"}, "properties": {"DBH": 96, "LU_HMD": "Lai Chi Kok", "ROAD_NAME": "ROAD 45186 NEAR SHAM MONG ROAD (TEMPORARY)", "SPECIES_NAME": null, "TREE_ID": "RTR0115977"}, "type": "Feature"}, {"geometry": {"coordinates": [835413.4009999996, 821341.6960000005], "type": "Point"}, "properties": {"DBH": 96, "LU_HMD": "Sham Shui Po", "ROAD_NAME": "WOH CHAI STREET", "SPECIES_NAME": null, "TREE_ID": "RTR0116085"}, "type": "Feature"}, {"geometry": {"coordinates": [835401.6449999996, 821340.9539999999], "type": "Point"}, "properties": {"DBH": 96, "LU_HMD": "Sham Shui Po", "ROAD_NAME": "WOH CHAI STREET", "SPECIES_NAME": null, "TREE_ID": "RTR0116088"}, "type": "Feature"}, {"geometry": {"coordinates": [835424.3839999996, 821341.4330000002], "type": "Point"}, "properties": {"DBH": 185, "LU_HMD": "Sham Shui Po", "ROAD_NAME": "WOH CHAI STREET", "SPECIES_NAME": null, "TREE_ID": "RTR0116091"}, "type": "Feature"}, {"geometry": {"coordinates": [835407.3470000001, 821340.6980000008], "type": "Point"}, "properties": {"DBH": 359, "LU_HMD": "Sham Shui Po", "ROAD_NAME": "WOH CHAI STREET", "SPECIES_NAME": null, "TREE_ID": "RTR0116093"}, "type": "Feature"}, {"geometry": {"coordinates": [834766.2029999997, 821957.0460000001], "type": "Point"}, "properties": {"DBH": 134, "LU_HMD": "Sham Shui Po", "ROAD_NAME": " ", "SPECIES_NAME": null, "TREE_ID": "RTR0101619"}, "type": "Feature"}, {"geometry": {"coordinates": [834780.8399999999, 821968.9949999992], "type": "Point"}, "properties": {"DBH": 110, "LU_HMD": "Sham Shui Po", "ROAD_NAME": " ", "SPECIES_NAME": null, "TREE_ID": "RTR0101622"}, "type": "Feature"}, {"geometry": {"coordinates": [834767.4879999999, 821958.0050000008], "type": "Point"}, "properties": {"DBH": 137, "LU_HMD": "Sham Shui Po", "ROAD_NAME": " ", "SPECIES_NAME": null, "TREE_ID": "RTR0101623"}, "type": "Feature"}, {"geometry": {"coordinates": [834777.2180000003, 821967.216], "type": "Point"}, "properties": {"DBH": 154, "LU_HMD": "Sham Shui Po", "ROAD_NAME": " ", "SPECIES_NAME": null, "TREE_ID": "RTR0101624"}, "type": "Feature"}, {"geometry": {"coordinates": [834768.7209999999, 821954.1339999996], "type": "Point"}, "properties": {"DBH": 127, "LU_HMD": "Sham Shui Po", "ROAD_NAME": " ", "SPECIES_NAME": null, "TREE_ID": "RTR0101625"}, "type": "Feature"}, {"geometry": {"coordinates": [834779.0470000003, 821964.9079999998], "type": "Point"}, "properties": {"DBH": 229, "LU_HMD": "Sham Shui Po", "ROAD_NAME": " ", "SPECIES_NAME": null, "TREE_ID": "RTR0101627"}, "type": "Feature"}, {"geometry": {"coordinates": [834761.6799999997, 821938.5020000003], "type": "Point"}, "properties": {"DBH": 299, "LU_HMD": "Sham Shui Po", "ROAD_NAME": " ", "SPECIES_NAME": null, "TREE_ID": "RTR0101628"}, "type": "Feature"}, {"geometry": {"coordinates": [834769.9400000004, 821953.5399999991], "type": "Point"}, "properties": {"DBH": 105, "LU_HMD": "Sham Shui Po", "ROAD_NAME": " ", "SPECIES_NAME": null, "TREE_ID": "RTR0101630"}, "type": "Feature"}, {"geometry": {"coordinates": [835457.398, 821358.7469999995], "type": "Point"}, "properties": {"DBH": 222, "LU_HMD": "Sham Shui Po", "ROAD_NAME": "WOH CHAI STREET", "SPECIES_NAME": null, "TREE_ID": "RTR0116105"}, "type": "Feature"}, {"geometry": {"coordinates": [835376.727, 821379.398], "type": "Point"}, "properties": {"DBH": 239, "LU_HMD": "Sham Shui Po", "ROAD_NAME": "WOH CHAI STREET", "SPECIES_NAME": null, "TREE_ID": "RTR0116356"}, "type": "Feature"}, {"geometry": {"coordinates": [835387.6239999998, 821370.1060000006], "type": "Point"}, "properties": {"DBH": 146, "LU_HMD": "Sham Shui Po", "ROAD_NAME": "WOH CHAI STREET", "SPECIES_NAME": null, "TREE_ID": "RTR0116362"}, "type": "Feature"}, {"geometry": {"coordinates": [835384.8020000001, 821361.4829999991], "type": "Point"}, "properties": {"DBH": 420, "LU_HMD": "Sham Shui Po", "ROAD_NAME": "WOH CHAI STREET", "SPECIES_NAME": null, "TREE_ID": "RTR0116364"}, "type": "Feature"}, {"geometry": {"coordinates": [834779.4500000002, 821969.5519999992], "type": "Point"}, "properties": {"DBH": 127, "LU_HMD": "Sham Shui Po", "ROAD_NAME": " ", "SPECIES_NAME": null, "TREE_ID": "RTR0101631"}, "type": "Feature"}, {"geometry": {"coordinates": [834779.4539999999, 821972.6060000006], "type": "Point"}, "properties": {"DBH": 99, "LU_HMD": "Sham Shui Po", "ROAD_NAME": " ", "SPECIES_NAME": null, "TREE_ID": "RTR0101632"}, "type": "Feature"}, {"geometry": {"coordinates": [834775.994, 821961.398], "type": "Point"}, "properties": {"DBH": 96, "LU_HMD": "Sham Shui Po", "ROAD_NAME": " ", "SPECIES_NAME": null, "TREE_ID": "RTR0101633"}, "type": "Feature"}, {"geometry": {"coordinates": [834777.5860000001, 821968.6239999998], "type": "Point"}, "properties": {"DBH": 118, "LU_HMD": "Sham Shui Po", "ROAD_NAME": " ", "SPECIES_NAME": null, "TREE_ID": "RTR0101635"}, "type": "Feature"}, {"geometry": {"coordinates": [834773.159, 821958.1050000004], "type": "Point"}, "properties": {"DBH": 127, "LU_HMD": "Sham Shui Po", "ROAD_NAME": " ", "SPECIES_NAME": null, "TREE_ID": "RTR0101638"}, "type": "Feature"}, {"geometry": {"coordinates": [834767.398, 821953.3650000002], "type": "Point"}, "properties": {"DBH": 181, "LU_HMD": "Sham Shui Po", "ROAD_NAME": " ", "SPECIES_NAME": null, "TREE_ID": "RTR0101639"}, "type": "Feature"}, {"geometry": {"coordinates": [834772.8269999996, 821958.5969999991], "type": "Point"}, "properties": {"DBH": 102, "LU_HMD": "Sham Shui Po", "ROAD_NAME": " ", "SPECIES_NAME": null, "TREE_ID": "RTR0101641"}, "type": "Feature"}, {"geometry": {"coordinates": [834771.4179999996, 821963.4309999999], "type": "Point"}, "properties": {"DBH": 124, "LU_HMD": "Sham Shui Po", "ROAD_NAME": " ", "SPECIES_NAME": null, "TREE_ID": "RTR0101646"}, "type": "Feature"}, {"geometry": {"coordinates": [835395.4720000001, 821351.4790000003], "type": "Point"}, "properties": {"DBH": 121, "LU_HMD": "Sham Shui Po", "ROAD_NAME": "WOH CHAI STREET", "SPECIES_NAME": null, "TREE_ID": "RTR0116370"}, "type": "Feature"}, {"geometry": {"coordinates": [835379.8080000002, 821373.9330000002], "type": "Point"}, "properties": {"DBH": 699, "LU_HMD": "Sham Shui Po", "ROAD_NAME": "WOH CHAI STREET", "SPECIES_NAME": null, "TREE_ID": "RTR0116372"}, "type": "Feature"}, {"geometry": {"coordinates": [835375.3470000001, 821373.3780000005], "type": "Point"}, "properties": {"DBH": 459, "LU_HMD": "Sham Shui Po", "ROAD_NAME": "WOH CHAI STREET", "SPECIES_NAME": null, "TREE_ID": "RTR0116373"}, "type": "Feature"}, {"geometry": {"coordinates": [835381.3370000003, 821360.6439999994], "type": "Point"}, "properties": {"DBH": 235, "LU_HMD": "Sham Shui Po", "ROAD_NAME": "WOH CHAI STREET", "SPECIES_NAME": null, "TREE_ID": "RTR0116378"}, "type": "Feature"}, {"geometry": {"coordinates": [835380.0449999999, 821372.3249999993], "type": "Point"}, "properties": {"DBH": 167, "LU_HMD": "Sham Shui Po", "ROAD_NAME": "WOH CHAI STREET", "SPECIES_NAME": null, "TREE_ID": "RTR0116380"}, "type": "Feature"}, {"geometry": {"coordinates": [835398, 821353.9230000004], "type": "Point"}, "properties": {"DBH": 96, "LU_HMD": "Sham Shui Po", "ROAD_NAME": "WOH CHAI STREET", "SPECIES_NAME": null, "TREE_ID": "RTR0116384"}, "type": "Feature"}, {"geometry": {"coordinates": [835402.2690000003, 821351.4169999994], "type": "Point"}, "properties": {"DBH": 96, "LU_HMD": "Sham Shui Po", "ROAD_NAME": "WOH CHAI STREET", "SPECIES_NAME": null, "TREE_ID": "RTR0116386"}, "type": "Feature"}, {"geometry": {"coordinates": [835385.2699999996, 821357.3420000002], "type": "Point"}, "properties": {"DBH": 96, "LU_HMD": "Sham Shui Po", "ROAD_NAME": "WOH CHAI STREET", "SPECIES_NAME": null, "TREE_ID": "RTR0116388"}, "type": "Feature"}, {"geometry": {"coordinates": [834760.8640000001, 821948.8039999995], "type": "Point"}, "properties": {"DBH": 138, "LU_HMD": "Sham Shui Po", "ROAD_NAME": " ", "SPECIES_NAME": null, "TREE_ID": "RTR0101649"}, "type": "Feature"}, {"geometry": {"coordinates": [834764.5329999998, 821944.9810000006], "type": "Point"}, "properties": {"DBH": 118, "LU_HMD": "Sham Shui Po", "ROAD_NAME": " ", "SPECIES_NAME": null, "TREE_ID": "RTR0101650"}, "type": "Feature"}, {"geometry": {"coordinates": [834776.5650000004, 821964.9130000006], "type": "Point"}, "properties": {"DBH": 121, "LU_HMD": "Sham Shui Po", "ROAD_NAME": " ", "SPECIES_NAME": null, "TREE_ID": "RTR0101651"}, "type": "Feature"}, {"geometry": {"coordinates": [834761.8159999996, 821944.7540000007], "type": "Point"}, "properties": {"DBH": 214, "LU_HMD": "Sham Shui Po", "ROAD_NAME": " ", "SPECIES_NAME": null, "TREE_ID": "RTR0101652"}, "type": "Feature"}, {"geometry": {"coordinates": [834777.159, 821969.0059999991], "type": "Point"}, "properties": {"DBH": 111, "LU_HMD": "Sham Shui Po", "ROAD_NAME": " ", "SPECIES_NAME": null, "TREE_ID": "RTR0101653"}, "type": "Feature"}, {"geometry": {"coordinates": [834761.1100000003, 821941.148], "type": "Point"}, "properties": {"DBH": 263, "LU_HMD": "Sham Shui Po", "ROAD_NAME": " ", "SPECIES_NAME": null, "TREE_ID": "RTR0101655"}, "type": "Feature"}, {"geometry": {"coordinates": [834781.2489999998, 821973.5649999995], "type": "Point"}, "properties": {"DBH": 109, "LU_HMD": "Sham Shui Po", "ROAD_NAME": " ", "SPECIES_NAME": null, "TREE_ID": "RTR0101656"}, "type": "Feature"}, {"geometry": {"coordinates": [834762.4469999997, 821944.6840000004], "type": "Point"}, "properties": {"DBH": 99, "LU_HMD": "Sham Shui Po", "ROAD_NAME": " ", "SPECIES_NAME": null, "TREE_ID": "RTR0101659"}, "type": "Feature"}, {"geometry": {"coordinates": [834911.2450000001, 822166.2689999994], "type": "Point"}, "properties": {"DBH": 186, "LU_HMD": "Sham Shui Po", "ROAD_NAME": " ", "SPECIES_NAME": null, "TREE_ID": "RTR0101937"}, "type": "Feature"}, {"geometry": {"coordinates": [835408.2869999995, 821351.3110000007], "type": "Point"}, "properties": {"DBH": 188, "LU_HMD": "Sham Shui Po", "ROAD_NAME": "WOH CHAI STREET", "SPECIES_NAME": null, "TREE_ID": "RTR0116006"}, "type": "Feature"}, {"geometry": {"coordinates": [835401.4079999998, 821350.5600000005], "type": "Point"}, "properties": {"DBH": 102, "LU_HMD": "Sham Shui Po", "ROAD_NAME": "WOH CHAI STREET", "SPECIES_NAME": null, "TREE_ID": "RTR0116392"}, "type": "Feature"}, {"geometry": {"coordinates": [835388.398, 821366.7349999994], "type": "Point"}, "properties": {"DBH": 178, "LU_HMD": "Sham Shui Po", "ROAD_NAME": "WOH CHAI STREET", "SPECIES_NAME": null, "TREE_ID": "RTR0116395"}, "type": "Feature"}, {"geometry": {"coordinates": [835379.6109999996, 821368.6950000003], "type": "Point"}, "properties": {"DBH": 342, "LU_HMD": "Sham Shui Po", "ROAD_NAME": "WOH CHAI STREET", "SPECIES_NAME": null, "TREE_ID": "RTR0116404"}, "type": "Feature"}, {"geometry": {"coordinates": [835400.4469999997, 821345.4199999999], "type": "Point"}, "properties": {"DBH": 302, "LU_HMD": "Sham Shui Po", "ROAD_NAME": "WOH CHAI STREET", "SPECIES_NAME": null, "TREE_ID": "RTR0116007"}, "type": "Feature"}, {"geometry": {"coordinates": [835404.2850000001, 821352.7679999992], "type": "Point"}, "properties": {"DBH": 159, "LU_HMD": "Sham Shui Po", "ROAD_NAME": "WOH CHAI STREET", "SPECIES_NAME": null, "TREE_ID": "RTR0116008"}, "type": "Feature"}, {"geometry": {"coordinates": [835400.1129999999, 821359.5360000003], "type": "Point"}, "properties": {"DBH": 150, "LU_HMD": "Sham Shui Po", "ROAD_NAME": "WOH CHAI STREET", "SPECIES_NAME": null, "TREE_ID": "RTR0116009"}, "type": "Feature"}, {"geometry": {"coordinates": [835413.5480000004, 821355.9859999996], "type": "Point"}, "properties": {"DBH": 217, "LU_HMD": "Sham Shui Po", "ROAD_NAME": "WOH CHAI STREET", "SPECIES_NAME": null, "TREE_ID": "RTR0116010"}, "type": "Feature"}, {"geometry": {"coordinates": [835397.852, 821344.443], "type": "Point"}, "properties": {"DBH": 180, "LU_HMD": "Sham Shui Po", "ROAD_NAME": "WOH CHAI STREET", "SPECIES_NAME": null, "TREE_ID": "RTR0116011"}, "type": "Feature"}, {"geometry": {"coordinates": [835404.0290000001, 821357.3269999996], "type": "Point"}, "properties": {"DBH": 223, "LU_HMD": "Sham Shui Po", "ROAD_NAME": "WOH CHAI STREET", "SPECIES_NAME": null, "TREE_ID": "RTR0116012"}, "type": "Feature"}, {"geometry": {"coordinates": [835414.1140000001, 821361.0099999998], "type": "Point"}, "properties": {"DBH": 96, "LU_HMD": "Sham Shui Po", "ROAD_NAME": "WOH CHAI STREET", "SPECIES_NAME": null, "TREE_ID": "RTR0116022"}, "type": "Feature"}, {"geometry": {"coordinates": [835422.7649999997, 821355.5170000009], "type": "Point"}, "properties": {"DBH": 312, "LU_HMD": "Sham Shui Po", "ROAD_NAME": "WOH CHAI STREET", "SPECIES_NAME": null, "TREE_ID": "RTR0116023"}, "type": "Feature"}, {"geometry": {"coordinates": [835424.3679999998, 821349.5109999999], "type": "Point"}, "properties": {"DBH": 131, "LU_HMD": "Sham Shui Po", "ROAD_NAME": "WOH CHAI STREET", "SPECIES_NAME": null, "TREE_ID": "RTR0116025"}, "type": "Feature"}, {"geometry": {"coordinates": [835413.9989999998, 821350.4959999993], "type": "Point"}, "properties": {"DBH": 334, "LU_HMD": "Sham Shui Po", "ROAD_NAME": "WOH CHAI STREET", "SPECIES_NAME": null, "TREE_ID": "RTR0116026"}, "type": "Feature"}, {"geometry": {"coordinates": [835414.2400000002, 821357.4600000009], "type": "Point"}, "properties": {"DBH": 124, "LU_HMD": "Sham Shui Po", "ROAD_NAME": "WOH CHAI STREET", "SPECIES_NAME": null, "TREE_ID": "RTR0116027"}, "type": "Feature"}, {"geometry": {"coordinates": [835413.4859999996, 821354.0500000007], "type": "Point"}, "properties": {"DBH": 191, "LU_HMD": "Sham Shui Po", "ROAD_NAME": "WOH CHAI STREET", "SPECIES_NAME": null, "TREE_ID": "RTR0116028"}, "type": "Feature"}, {"geometry": {"coordinates": [835414.0810000002, 821360.5270000007], "type": "Point"}, "properties": {"DBH": 115, "LU_HMD": "Sham Shui Po", "ROAD_NAME": "WOH CHAI STREET", "SPECIES_NAME": null, "TREE_ID": "RTR0116035"}, "type": "Feature"}, {"geometry": {"coordinates": [835431.0329999998, 821355.0559999999], "type": "Point"}, "properties": {"DBH": 185, "LU_HMD": "Sham Shui Po", "ROAD_NAME": "WOH CHAI STREET", "SPECIES_NAME": null, "TREE_ID": "RTR0116037"}, "type": "Feature"}, {"geometry": {"coordinates": [835412.4510000004, 821377.3479999993], "type": "Point"}, "properties": {"DBH": 127, "LU_HMD": "Sham Shui Po", "ROAD_NAME": "WOH CHAI STREET", "SPECIES_NAME": null, "TREE_ID": "RTR0115466"}, "type": "Feature"}, {"geometry": {"coordinates": [835457.71, 821378.4230000004], "type": "Point"}, "properties": {"DBH": 179, "LU_HMD": "Sham Shui Po", "ROAD_NAME": "WOH CHAI STREET", "SPECIES_NAME": null, "TREE_ID": "RTR0115469"}, "type": "Feature"}, {"geometry": {"coordinates": [835393.4189999998, 821375.8210000005], "type": "Point"}, "properties": {"DBH": 239, "LU_HMD": "Sham Shui Po", "ROAD_NAME": "WOH CHAI STREET", "SPECIES_NAME": null, "TREE_ID": "RTR0115482"}, "type": "Feature"}, {"geometry": {"coordinates": [835425.1550000003, 821368.4440000001], "type": "Point"}, "properties": {"DBH": 184, "LU_HMD": "Sham Shui Po", "ROAD_NAME": "WOH CHAI STREET", "SPECIES_NAME": null, "TREE_ID": "RTR0115488"}, "type": "Feature"}, {"geometry": {"coordinates": [835429.4179999996, 821358.7329999991], "type": "Point"}, "properties": {"DBH": 178, "LU_HMD": "Sham Shui Po", "ROAD_NAME": "WOH CHAI STREET", "SPECIES_NAME": null, "TREE_ID": "RTR0115500"}, "type": "Feature"}, {"geometry": {"coordinates": [835407.6679999996, 821360.8080000002], "type": "Point"}, "properties": {"DBH": 166, "LU_HMD": "Sham Shui Po", "ROAD_NAME": "WOH CHAI STREET", "SPECIES_NAME": null, "TREE_ID": "RTR0115501"}, "type": "Feature"}, {"geometry": {"coordinates": [835460.8609999996, 821378.1349999998], "type": "Point"}, "properties": {"DBH": 215, "LU_HMD": "Sham Shui Po", "ROAD_NAME": "WOH CHAI STREET", "SPECIES_NAME": null, "TREE_ID": "RTR0115502"}, "type": "Feature"}, {"geometry": {"coordinates": [834751.8049999997, 822075.0889999997], "type": "Point"}, "properties": {"DBH": 229, "LU_HMD": "Sham Shui Po", "ROAD_NAME": null, "SPECIES_NAME": null, "TREE_ID": "RTR0101410"}, "type": "Feature"}, {"geometry": {"coordinates": [834750.1050000004, 822073.8969999999], "type": "Point"}, "properties": {"DBH": 108, "LU_HMD": "Sham Shui Po", "ROAD_NAME": "TAI PO ROAD", "SPECIES_NAME": null, "TREE_ID": "RTR0101430"}, "type": "Feature"}, {"geometry": {"coordinates": [834743.6119999997, 822063.4189999998], "type": "Point"}, "properties": {"DBH": 137, "LU_HMD": "Sham Shui Po", "ROAD_NAME": "TAI PO ROAD", "SPECIES_NAME": null, "TREE_ID": "RTR0101414"}, "type": "Feature"}, {"geometry": {"coordinates": [834941.1519999998, 822179.5610000007], "type": "Point"}, "properties": {"DBH": 96, "LU_HMD": "Sham Shui Po", "ROAD_NAME": "ROAD 45219 NEAR CHAK ON ROAD (TEMPORARY)", "SPECIES_NAME": null, "TREE_ID": "RTR0102986"}, "type": "Feature"}, {"geometry": {"coordinates": [834946.6150000002, 822180.0700000003], "type": "Point"}, "properties": {"DBH": 236, "LU_HMD": "Sham Shui Po", "ROAD_NAME": "ROAD 45219 NEAR CHAK ON ROAD (TEMPORARY)", "SPECIES_NAME": null, "TREE_ID": "RTR0103001"}, "type": "Feature"}, {"geometry": {"coordinates": [834947.4409999996, 822182.443], "type": "Point"}, "properties": {"DBH": 113, "LU_HMD": "Sham Shui Po", "ROAD_NAME": "ROAD 45219 NEAR CHAK ON ROAD (TEMPORARY)", "SPECIES_NAME": null, "TREE_ID": "RTR0103002"}, "type": "Feature"}, {"geometry": {"coordinates": [834946.6619999995, 822180.977], "type": "Point"}, "properties": {"DBH": 163, "LU_HMD": "Sham Shui Po", "ROAD_NAME": "ROAD 45219 NEAR CHAK ON ROAD (TEMPORARY)", "SPECIES_NAME": null, "TREE_ID": "RTR0103008"}, "type": "Feature"}, {"geometry": {"coordinates": [834747.375, 822068.7050000001], "type": "Point"}, "properties": {"DBH": 201, "LU_HMD": "Sham Shui Po", "ROAD_NAME": "TAI PO ROAD", "SPECIES_NAME": null, "TREE_ID": "RTR0101423"}, "type": "Feature"}, {"geometry": {"coordinates": [834741.0250000004, 822065.4279999994], "type": "Point"}, "properties": {"DBH": 146, "LU_HMD": "Sham Shui Po", "ROAD_NAME": "TAI PO ROAD", "SPECIES_NAME": null, "TREE_ID": "RTR0101425"}, "type": "Feature"}, {"geometry": {"coordinates": [834745.0319999997, 822064.3049999997], "type": "Point"}, "properties": {"DBH": 185, "LU_HMD": "Sham Shui Po", "ROAD_NAME": "TAI PO ROAD", "SPECIES_NAME": null, "TREE_ID": "RTR0101427"}, "type": "Feature"}, {"geometry": {"coordinates": [834736.2800000003, 822055.8729999997], "type": "Point"}, "properties": {"DBH": 424, "LU_HMD": "Sham Shui Po", "ROAD_NAME": "TAI PO ROAD", "SPECIES_NAME": null, "TREE_ID": "RTR0101429"}, "type": "Feature"}, {"geometry": {"coordinates": [834744.6129999999, 822065.4250000007], "type": "Point"}, "properties": {"DBH": 191, "LU_HMD": "Sham Shui Po", "ROAD_NAME": "TAI PO ROAD", "SPECIES_NAME": null, "TREE_ID": "RTR0101433"}, "type": "Feature"}, {"geometry": {"coordinates": [834746.0350000001, 822061.6889999993], "type": "Point"}, "properties": {"DBH": 301, "LU_HMD": "Sham Shui Po", "ROAD_NAME": "TAI PO ROAD", "SPECIES_NAME": null, "TREE_ID": "RTR0101448"}, "type": "Feature"}, {"geometry": {"coordinates": [834736.8360000001, 822047.3289999999], "type": "Point"}, "properties": {"DBH": 134, "LU_HMD": "Sham Shui Po", "ROAD_NAME": "TAI PO ROAD", "SPECIES_NAME": null, "TREE_ID": "RTR0101452"}, "type": "Feature"}, {"geometry": {"coordinates": [834747.131, 822063.6290000007], "type": "Point"}, "properties": {"DBH": 217, "LU_HMD": "Sham Shui Po", "ROAD_NAME": "TAI PO ROAD", "SPECIES_NAME": null, "TREE_ID": "RTR0101457"}, "type": "Feature"}, {"geometry": {"coordinates": [834351.7810000004, 820293.1999999993], "type": "Point"}, "properties": {"DBH": 143, "LU_HMD": "Mong Kok", "ROAD_NAME": " ", "SPECIES_NAME": null, "TREE_ID": "RTR0138484"}, "type": "Feature"}, {"geometry": {"coordinates": [834354.5970000001, 820293.1999999993], "type": "Point"}, "properties": {"DBH": 373, "LU_HMD": "Mong Kok", "ROAD_NAME": " ", "SPECIES_NAME": null, "TREE_ID": "RTR0138493"}, "type": "Feature"}, {"geometry": {"coordinates": [834353.7819999997, 820301.1150000002], "type": "Point"}, "properties": {"DBH": 232, "LU_HMD": "Mong Kok", "ROAD_NAME": " ", "SPECIES_NAME": null, "TREE_ID": "RTR0138461"}, "type": "Feature"}, {"geometry": {"coordinates": [834339.1560000004, 820312.2149999999], "type": "Point"}, "properties": {"DBH": 165, "LU_HMD": "Mong Kok", "ROAD_NAME": " ", "SPECIES_NAME": null, "TREE_ID": "RTR0139014"}, "type": "Feature"}, {"geometry": {"coordinates": [834346.4009999996, 820311.9910000004], "type": "Point"}, "properties": {"DBH": 325, "LU_HMD": "Mong Kok", "ROAD_NAME": " ", "SPECIES_NAME": null, "TREE_ID": "RTR0139023"}, "type": "Feature"}, {"geometry": {"coordinates": [834339.5800000001, 820314.8110000007], "type": "Point"}, "properties": {"DBH": 178, "LU_HMD": "Mong Kok", "ROAD_NAME": " ", "SPECIES_NAME": null, "TREE_ID": "RTR0139041"}, "type": "Feature"}, {"geometry": {"coordinates": [833688.7290000003, 821034.6659999993], "type": "Point"}, "properties": {"DBH": 207, "LU_HMD": "Lai Chi Kok", "ROAD_NAME": "ROAD 45186 NEAR SHAM MONG ROAD (TEMPORARY)", "SPECIES_NAME": null, "TREE_ID": "RTR0115992"}, "type": "Feature"}, {"geometry": {"coordinates": [833686.4009999996, 821033.8660000004], "type": "Point"}, "properties": {"DBH": 204, "LU_HMD": "Lai Chi Kok", "ROAD_NAME": "ROAD 45186 NEAR SHAM MONG ROAD (TEMPORARY)", "SPECIES_NAME": null, "TREE_ID": "RTR0115993"}, "type": "Feature"}, {"geometry": {"coordinates": [833690.415, 821033.5639999993], "type": "Point"}, "properties": {"DBH": 131, "LU_HMD": "Lai Chi Kok", "ROAD_NAME": "ROAD 45186 NEAR SHAM MONG ROAD (TEMPORARY)", "SPECIES_NAME": null, "TREE_ID": "RTR0115987"}, "type": "Feature"}, {"geometry": {"coordinates": [833674.7980000004, 821041.3440000005], "type": "Point"}, "properties": {"DBH": 118, "LU_HMD": "Lai Chi Kok", "ROAD_NAME": "ROAD 45186 NEAR SHAM MONG ROAD (TEMPORARY)", "SPECIES_NAME": null, "TREE_ID": "RTR0115998"}, "type": "Feature"}, {"geometry": {"coordinates": [833679.0839999998, 821036.5399999991], "type": "Point"}, "properties": {"DBH": 153, "LU_HMD": "Lai Chi Kok", "ROAD_NAME": "ROAD 45186 NEAR SHAM MONG ROAD (TEMPORARY)", "SPECIES_NAME": null, "TREE_ID": "RTR0116001"}, "type": "Feature"}, {"geometry": {"coordinates": [833680.6229999997, 821035.5289999992], "type": "Point"}, "properties": {"DBH": 105, "LU_HMD": "Lai Chi Kok", "ROAD_NAME": "ROAD 45186 NEAR SHAM MONG ROAD (TEMPORARY)", "SPECIES_NAME": null, "TREE_ID": "RTR0116003"}, "type": "Feature"}, {"geometry": {"coordinates": [833690.415, 821034.5590000004], "type": "Point"}, "properties": {"DBH": 105, "LU_HMD": "Lai Chi Kok", "ROAD_NAME": "ROAD 45186 NEAR SHAM MONG ROAD (TEMPORARY)", "SPECIES_NAME": null, "TREE_ID": "RTR0115971"}, "type": "Feature"}, {"geometry": {"coordinates": [834346.5080000004, 820303.5920000002], "type": "Point"}, "properties": {"DBH": 245, "LU_HMD": "Mong Kok", "ROAD_NAME": " ", "SPECIES_NAME": null, "TREE_ID": "RTR0139044"}, "type": "Feature"}, {"geometry": {"coordinates": [834772.1200000001, 821961.9690000005], "type": "Point"}, "properties": {"DBH": 96, "LU_HMD": "Sham Shui Po", "ROAD_NAME": " ", "SPECIES_NAME": null, "TREE_ID": "RTR0101011"}, "type": "Feature"}, {"geometry": {"coordinates": [835037.5209999997, 821851.5189999994], "type": "Point"}, "properties": {"DBH": 182, "LU_HMD": "Sham Shui Po", "ROAD_NAME": "PUI TAK STREET", "SPECIES_NAME": null, "TREE_ID": "RTR0224646"}, "type": "Feature"}, {"geometry": {"coordinates": [835040.0099999998, 821851.1720000003], "type": "Point"}, "properties": {"DBH": 169, "LU_HMD": "Sham Shui Po", "ROAD_NAME": "PUI TAK STREET", "SPECIES_NAME": null, "TREE_ID": "RTR0224622"}, "type": "Feature"}, {"geometry": {"coordinates": [835380.0949999997, 821362.1799999997], "type": "Point"}, "properties": {"DBH": 99, "LU_HMD": "Sham Shui Po", "ROAD_NAME": "WOH CHAI STREET", "SPECIES_NAME": null, "TREE_ID": "RTR0116398"}, "type": "Feature"}, {"geometry": {"coordinates": [835375.04, 821373.5559999999], "type": "Point"}, "properties": {"DBH": 108, "LU_HMD": "Sham Shui Po", "ROAD_NAME": "WOH CHAI STREET", "SPECIES_NAME": null, "TREE_ID": "RTR0116402"}, "type": "Feature"}, {"geometry": {"coordinates": [835407.7000000002, 821347.9010000005], "type": "Point"}, "properties": {"DBH": 159, "LU_HMD": "Sham Shui Po", "ROAD_NAME": "WOH CHAI STREET", "SPECIES_NAME": null, "TREE_ID": "RTR0116013"}, "type": "Feature"}, {"geometry": {"coordinates": [835423.568, 821349.6290000007], "type": "Point"}, "properties": {"DBH": 290, "LU_HMD": "Sham Shui Po", "ROAD_NAME": "WOH CHAI STREET", "SPECIES_NAME": null, "TREE_ID": "RTR0116014"}, "type": "Feature"}, {"geometry": {"coordinates": [835408.7910000002, 821353.0289999992], "type": "Point"}, "properties": {"DBH": 255, "LU_HMD": "Sham Shui Po", "ROAD_NAME": "WOH CHAI STREET", "SPECIES_NAME": null, "TREE_ID": "RTR0116017"}, "type": "Feature"}, {"geometry": {"coordinates": [835422.3320000004, 821351.6809999999], "type": "Point"}, "properties": {"DBH": 140, "LU_HMD": "Sham Shui Po", "ROAD_NAME": "WOH CHAI STREET", "SPECIES_NAME": null, "TREE_ID": "RTR0116020"}, "type": "Feature"}, {"geometry": {"coordinates": [835396.6210000003, 821362.8660000004], "type": "Point"}, "properties": {"DBH": 113, "LU_HMD": "Sham Shui Po", "ROAD_NAME": "WOH CHAI STREET", "SPECIES_NAME": null, "TREE_ID": "RTR0116032"}, "type": "Feature"}, {"geometry": {"coordinates": [835396.6440000003, 821345.8900000006], "type": "Point"}, "properties": {"DBH": 188, "LU_HMD": "Sham Shui Po", "ROAD_NAME": "WOH CHAI STREET", "SPECIES_NAME": null, "TREE_ID": "RTR0116033"}, "type": "Feature"}, {"geometry": {"coordinates": [834955.4500000002, 822179.4159999993], "type": "Point"}, "properties": {"DBH": 108, "LU_HMD": "Sham Shui Po", "ROAD_NAME": "ROAD 45219 NEAR CHAK ON ROAD (TEMPORARY)", "SPECIES_NAME": null, "TREE_ID": "RTR0102971"}, "type": "Feature"}, {"geometry": {"coordinates": [834944.0860000001, 822179.9389999993], "type": "Point"}, "properties": {"DBH": 166, "LU_HMD": "Sham Shui Po", "ROAD_NAME": "ROAD 45219 NEAR CHAK ON ROAD (TEMPORARY)", "SPECIES_NAME": null, "TREE_ID": "RTR0102973"}, "type": "Feature"}, {"geometry": {"coordinates": [834958.0259999996, 822180.5010000002], "type": "Point"}, "properties": {"DBH": 123, "LU_HMD": "Sham Shui Po", "ROAD_NAME": "ROAD 45219 NEAR CHAK ON ROAD (TEMPORARY)", "SPECIES_NAME": null, "TREE_ID": "RTR0102985"}, "type": "Feature"}, {"geometry": {"coordinates": [834682.1179999998, 822038.6140000001], "type": "Point"}, "properties": {"DBH": 220, "LU_HMD": "Sham Shui Po", "ROAD_NAME": "PRATAS STREET", "SPECIES_NAME": null, "TREE_ID": "RTR0100799"}, "type": "Feature"}, {"geometry": {"coordinates": [834684.1880000001, 822041.3320000004], "type": "Point"}, "properties": {"DBH": 279, "LU_HMD": "Sham Shui Po", "ROAD_NAME": "PRATAS STREET", "SPECIES_NAME": null, "TREE_ID": "RTR0100775"}, "type": "Feature"}, {"geometry": {"coordinates": [834678.2829999998, 822033.3289999999], "type": "Point"}, "properties": {"DBH": 171, "LU_HMD": "Sham Shui Po", "ROAD_NAME": "PRATAS STREET", "SPECIES_NAME": null, "TREE_ID": "RTR0100787"}, "type": "Feature"}, {"geometry": {"coordinates": [834673.523, 822027.6309999991], "type": "Point"}, "properties": {"DBH": 170, "LU_HMD": "Sham Shui Po", "ROAD_NAME": "PRATAS STREET", "SPECIES_NAME": null, "TREE_ID": "RTR0100797"}, "type": "Feature"}, {"geometry": {"coordinates": [835418.2640000004, 821356.1539999992], "type": "Point"}, "properties": {"DBH": 217, "LU_HMD": "Sham Shui Po", "ROAD_NAME": "WOH CHAI STREET", "SPECIES_NAME": null, "TREE_ID": "RTR0116034"}, "type": "Feature"}, {"geometry": {"coordinates": [835398.5760000004, 821360.5099999998], "type": "Point"}, "properties": {"DBH": 134, "LU_HMD": "Sham Shui Po", "ROAD_NAME": "WOH CHAI STREET", "SPECIES_NAME": null, "TREE_ID": "RTR0116040"}, "type": "Feature"}, {"geometry": {"coordinates": [835409.682, 821350.7029999997], "type": "Point"}, "properties": {"DBH": 96, "LU_HMD": "Sham Shui Po", "ROAD_NAME": "WOH CHAI STREET", "SPECIES_NAME": null, "TREE_ID": "RTR0116041"}, "type": "Feature"}, {"geometry": {"coordinates": [835411.9369999999, 821350.7369999997], "type": "Point"}, "properties": {"DBH": 370, "LU_HMD": "Sham Shui Po", "ROAD_NAME": "WOH CHAI STREET", "SPECIES_NAME": null, "TREE_ID": "RTR0116043"}, "type": "Feature"}, {"geometry": {"coordinates": [835407.2410000004, 821377.6630000006], "type": "Point"}, "properties": {"DBH": 203, "LU_HMD": "Sham Shui Po", "ROAD_NAME": "WOH CHAI STREET", "SPECIES_NAME": null, "TREE_ID": "RTR0115494"}, "type": "Feature"}, {"geometry": {"coordinates": [835411.2620000001, 821375.1980000008], "type": "Point"}, "properties": {"DBH": 378, "LU_HMD": "Sham Shui Po", "ROAD_NAME": "WOH CHAI STREET", "SPECIES_NAME": null, "TREE_ID": "RTR0115503"}, "type": "Feature"}, {"geometry": {"coordinates": [834910.2350000003, 822175.9409999996], "type": "Point"}, "properties": {"DBH": 219, "LU_HMD": "Sham Shui Po", "ROAD_NAME": " ", "SPECIES_NAME": null, "TREE_ID": "RTR0101930"}, "type": "Feature"}, {"geometry": {"coordinates": [834852.5669999998, 822117.8509999998], "type": "Point"}, "properties": {"DBH": 309, "LU_HMD": "Sham Shui Po", "ROAD_NAME": " ", "SPECIES_NAME": null, "TREE_ID": "RTR0101925"}, "type": "Feature"}, {"geometry": {"coordinates": [834850.8279999997, 822116.6300000008], "type": "Point"}, "properties": {"DBH": 390, "LU_HMD": "Sham Shui Po", "ROAD_NAME": " ", "SPECIES_NAME": null, "TREE_ID": "RTR0101943"}, "type": "Feature"}, {"geometry": {"coordinates": [834954.8609999996, 822215.9340000004], "type": "Point"}, "properties": {"DBH": 121, "LU_HMD": "Sham Shui Po", "ROAD_NAME": " ", "SPECIES_NAME": null, "TREE_ID": "RTR0102968"}, "type": "Feature"}, {"geometry": {"coordinates": [834751.8049999997, 822075.0889999997], "type": "Point"}, "properties": {"DBH": 229, "LU_HMD": "Sham Shui Po", "ROAD_NAME": null, "SPECIES_NAME": null, "TREE_ID": "RTR0101410"}, "type": "Feature"}, {"geometry": {"coordinates": [834767.2419999996, 821977.2569999993], "type": "Point"}, "properties": {"DBH": 124, "LU_HMD": "Sham Shui Po", "ROAD_NAME": " ", "SPECIES_NAME": null, "TREE_ID": "RTR0101010"}, "type": "Feature"}, {"geometry": {"coordinates": [834772.9919999996, 821962.9790000003], "type": "Point"}, "properties": {"DBH": 105, "LU_HMD": "Sham Shui Po", "ROAD_NAME": " ", "SPECIES_NAME": null, "TREE_ID": "RTR0101014"}, "type": "Feature"}, {"geometry": {"coordinates": [834345.9989999998, 820302.5810000002], "type": "Point"}, "properties": {"DBH": 146, "LU_HMD": "Mong Kok", "ROAD_NAME": " ", "SPECIES_NAME": null, "TREE_ID": "RTR0139024"}, "type": "Feature"}, {"geometry": {"coordinates": [834341.1090000002, 820312.4959999993], "type": "Point"}, "properties": {"DBH": 264, "LU_HMD": "Mong Kok", "ROAD_NAME": " ", "SPECIES_NAME": null, "TREE_ID": "RTR0139029"}, "type": "Feature"}, {"geometry": {"coordinates": [834349.3269999996, 820302.5810000002], "type": "Point"}, "properties": {"DBH": 232, "LU_HMD": "Mong Kok", "ROAD_NAME": " ", "SPECIES_NAME": null, "TREE_ID": "RTR0139033"}, "type": "Feature"}, {"geometry": {"coordinates": [834348.6919999998, 820301.841], "type": "Point"}, "properties": {"DBH": 153, "LU_HMD": "Mong Kok", "ROAD_NAME": " ", "SPECIES_NAME": null, "TREE_ID": "RTR0139035"}, "type": "Feature"}, {"geometry": {"coordinates": [834734.466, 822064.2740000002], "type": "Point"}, "properties": {"DBH": 96, "LU_HMD": "Sham Shui Po", "ROAD_NAME": "TAI PO ROAD", "SPECIES_NAME": null, "TREE_ID": "RTR0101030"}, "type": "Feature"}, {"geometry": {"coordinates": [834733.2319999998, 822045.0419999994], "type": "Point"}, "properties": {"DBH": 109, "LU_HMD": "Sham Shui Po", "ROAD_NAME": "TAI PO ROAD", "SPECIES_NAME": null, "TREE_ID": "RTR0101411"}, "type": "Feature"}, {"geometry": {"coordinates": [834722.2819999997, 822040.1970000006], "type": "Point"}, "properties": {"DBH": 252, "LU_HMD": "Sham Shui Po", "ROAD_NAME": "TAI PO ROAD", "SPECIES_NAME": null, "TREE_ID": "RTR0101039"}, "type": "Feature"}, {"geometry": {"coordinates": [834733.2369999997, 822054.5270000007], "type": "Point"}, "properties": {"DBH": 299, "LU_HMD": "Sham Shui Po", "ROAD_NAME": "TAI PO ROAD", "SPECIES_NAME": null, "TREE_ID": "RTR0101435"}, "type": "Feature"}, {"geometry": {"coordinates": [834742.6449999996, 822068.6750000007], "type": "Point"}, "properties": {"DBH": 204, "LU_HMD": "Sham Shui Po", "ROAD_NAME": "TAI PO ROAD", "SPECIES_NAME": null, "TREE_ID": "RTR0101436"}, "type": "Feature"}, {"geometry": {"coordinates": [834739.0530000003, 822060.2119999994], "type": "Point"}, "properties": {"DBH": 265, "LU_HMD": "Sham Shui Po", "ROAD_NAME": "TAI PO ROAD", "SPECIES_NAME": null, "TREE_ID": "RTR0101438"}, "type": "Feature"}, {"geometry": {"coordinates": [833691.3949999996, 821034.0299999993], "type": "Point"}, "properties": {"DBH": 182, "LU_HMD": "Lai Chi Kok", "ROAD_NAME": "ROAD 45186 NEAR SHAM MONG ROAD (TEMPORARY)", "SPECIES_NAME": null, "TREE_ID": "RTR0115995"}, "type": "Feature"}, {"geometry": {"coordinates": [833689.5130000003, 821035.352], "type": "Point"}, "properties": {"DBH": 242, "LU_HMD": "Lai Chi Kok", "ROAD_NAME": "ROAD 45186 NEAR SHAM MONG ROAD (TEMPORARY)", "SPECIES_NAME": null, "TREE_ID": "RTR0115988"}, "type": "Feature"}, {"geometry": {"coordinates": [834771.4749999996, 821965.8279999997], "type": "Point"}, "properties": {"DBH": 102, "LU_HMD": "Sham Shui Po", "ROAD_NAME": " ", "SPECIES_NAME": null, "TREE_ID": "RTR0101016"}, "type": "Feature"}, {"geometry": {"coordinates": [834767.6040000003, 821979.2870000005], "type": "Point"}, "properties": {"DBH": 134, "LU_HMD": "Sham Shui Po", "ROAD_NAME": " ", "SPECIES_NAME": null, "TREE_ID": "RTR0101020"}, "type": "Feature"}, {"geometry": {"coordinates": [834772.8269999996, 821962.3829999994], "type": "Point"}, "properties": {"DBH": 102, "LU_HMD": "Sham Shui Po", "ROAD_NAME": " ", "SPECIES_NAME": null, "TREE_ID": "RTR0101021"}, "type": "Feature"}, {"geometry": {"coordinates": [834767.7869999995, 821969.9409999996], "type": "Point"}, "properties": {"DBH": 140, "LU_HMD": "Sham Shui Po", "ROAD_NAME": " ", "SPECIES_NAME": null, "TREE_ID": "RTR0101024"}, "type": "Feature"}, {"geometry": {"coordinates": [834769.2769999998, 821975.0600000005], "type": "Point"}, "properties": {"DBH": 156, "LU_HMD": "Sham Shui Po", "ROAD_NAME": " ", "SPECIES_NAME": null, "TREE_ID": "RTR0101026"}, "type": "Feature"}, {"geometry": {"coordinates": [834757.0599999996, 821990.7880000006], "type": "Point"}, "properties": {"DBH": 115, "LU_HMD": "Sham Shui Po", "ROAD_NAME": " ", "SPECIES_NAME": null, "TREE_ID": "RTR0101412"}, "type": "Feature"}, {"geometry": {"coordinates": [834766.7479999997, 821977.4810000006], "type": "Point"}, "properties": {"DBH": 169, "LU_HMD": "Sham Shui Po", "ROAD_NAME": " ", "SPECIES_NAME": null, "TREE_ID": "RTR0101032"}, "type": "Feature"}, {"geometry": {"coordinates": [834767.0549999997, 821979.7870000005], "type": "Point"}, "properties": {"DBH": 96, "LU_HMD": "Sham Shui Po", "ROAD_NAME": " ", "SPECIES_NAME": null, "TREE_ID": "RTR0101033"}, "type": "Feature"}, {"geometry": {"coordinates": [835085.3480000002, 821846.3120000008], "type": "Point"}, "properties": {"DBH": 341, "LU_HMD": "Sham Shui Po", "ROAD_NAME": "PUI TAK STREET", "SPECIES_NAME": null, "TREE_ID": "RTR0224607"}, "type": "Feature"}, {"geometry": {"coordinates": [833679.7989999996, 821038.4539999999], "type": "Point"}, "properties": {"DBH": 137, "LU_HMD": "Lai Chi Kok", "ROAD_NAME": "ROAD 45186 NEAR SHAM MONG ROAD (TEMPORARY)", "SPECIES_NAME": null, "TREE_ID": "RTR0115958"}, "type": "Feature"}, {"geometry": {"coordinates": [833682.682, 821036.2489999998], "type": "Point"}, "properties": {"DBH": 115, "LU_HMD": "Lai Chi Kok", "ROAD_NAME": "ROAD 45186 NEAR SHAM MONG ROAD (TEMPORARY)", "SPECIES_NAME": null, "TREE_ID": "RTR0115960"}, "type": "Feature"}, {"geometry": {"coordinates": [833677.3020000001, 821040.784], "type": "Point"}, "properties": {"DBH": 150, "LU_HMD": "Lai Chi Kok", "ROAD_NAME": "ROAD 45186 NEAR SHAM MONG ROAD (TEMPORARY)", "SPECIES_NAME": null, "TREE_ID": "RTR0115978"}, "type": "Feature"}, {"geometry": {"coordinates": [833690.5860000001, 821035.1040000003], "type": "Point"}, "properties": {"DBH": 96, "LU_HMD": "Lai Chi Kok", "ROAD_NAME": "ROAD 45186 NEAR SHAM MONG ROAD (TEMPORARY)", "SPECIES_NAME": null, "TREE_ID": "RTR0115981"}, "type": "Feature"}, {"geometry": {"coordinates": [834769.9570000004, 821963.0490000006], "type": "Point"}, "properties": {"DBH": 105, "LU_HMD": "Sham Shui Po", "ROAD_NAME": " ", "SPECIES_NAME": null, "TREE_ID": "RTR0101038"}, "type": "Feature"}, {"geometry": {"coordinates": [834766.7529999996, 821979.5439999998], "type": "Point"}, "properties": {"DBH": 115, "LU_HMD": "Sham Shui Po", "ROAD_NAME": " ", "SPECIES_NAME": null, "TREE_ID": "RTR0101041"}, "type": "Feature"}, {"geometry": {"coordinates": [834765.1639999999, 821980.5309999995], "type": "Point"}, "properties": {"DBH": 150, "LU_HMD": "Sham Shui Po", "ROAD_NAME": " ", "SPECIES_NAME": null, "TREE_ID": "RTR0101042"}, "type": "Feature"}, {"geometry": {"coordinates": [834765.9529999997, 821970.4330000002], "type": "Point"}, "properties": {"DBH": 96, "LU_HMD": "Sham Shui Po", "ROAD_NAME": " ", "SPECIES_NAME": null, "TREE_ID": "RTR0101043"}, "type": "Feature"}, {"geometry": {"coordinates": [834758.3990000002, 821995.6439999994], "type": "Point"}, "properties": {"DBH": 170, "LU_HMD": "Sham Shui Po", "ROAD_NAME": " ", "SPECIES_NAME": null, "TREE_ID": "RTR0101416"}, "type": "Feature"}, {"geometry": {"coordinates": [834759.2429999998, 821991.8969999999], "type": "Point"}, "properties": {"DBH": 195, "LU_HMD": "Sham Shui Po", "ROAD_NAME": " ", "SPECIES_NAME": null, "TREE_ID": "RTR0101417"}, "type": "Feature"}, {"geometry": {"coordinates": [834762.5729999999, 821995.7829999998], "type": "Point"}, "properties": {"DBH": 185, "LU_HMD": "Sham Shui Po", "ROAD_NAME": null, "SPECIES_NAME": null, "TREE_ID": "RTR0101418"}, "type": "Feature"}, {"geometry": {"coordinates": [834779.2769999998, 821984.6539999992], "type": "Point"}, "properties": {"DBH": 108, "LU_HMD": "Sham Shui Po", "ROAD_NAME": null, "SPECIES_NAME": null, "TREE_ID": "RTR0101419"}, "type": "Feature"}, {"geometry": {"coordinates": [834766.0259999996, 821964.4399999995], "type": "Point"}, "properties": {"DBH": 131, "LU_HMD": "Sham Shui Po", "ROAD_NAME": " ", "SPECIES_NAME": null, "TREE_ID": "RTR0101044"}, "type": "Feature"}, {"geometry": {"coordinates": [834771.3059999999, 821968.8709999993], "type": "Point"}, "properties": {"DBH": 108, "LU_HMD": "Sham Shui Po", "ROAD_NAME": " ", "SPECIES_NAME": null, "TREE_ID": "RTR0101049"}, "type": "Feature"}, {"geometry": {"coordinates": [834768.5130000003, 821956.4199999999], "type": "Point"}, "properties": {"DBH": 147, "LU_HMD": "Sham Shui Po", "ROAD_NAME": " ", "SPECIES_NAME": null, "TREE_ID": "RTR0101054"}, "type": "Feature"}, {"geometry": {"coordinates": [834765.6390000004, 821968.8010000009], "type": "Point"}, "properties": {"DBH": 135, "LU_HMD": "Sham Shui Po", "ROAD_NAME": " ", "SPECIES_NAME": null, "TREE_ID": "RTR0101056"}, "type": "Feature"}, {"geometry": {"coordinates": [834757.9280000003, 821992.6309999991], "type": "Point"}, "properties": {"DBH": 182, "LU_HMD": "Sham Shui Po", "ROAD_NAME": " ", "SPECIES_NAME": null, "TREE_ID": "RTR0101431"}, "type": "Feature"}, {"geometry": {"coordinates": [834762.3269999996, 821993.3230000008], "type": "Point"}, "properties": {"DBH": 285, "LU_HMD": "Sham Shui Po", "ROAD_NAME": null, "SPECIES_NAME": null, "TREE_ID": "RTR0101439"}, "type": "Feature"}, {"geometry": {"coordinates": [834781.7130000005, 821986.4130000006], "type": "Point"}, "properties": {"DBH": 140, "LU_HMD": "Sham Shui Po", "ROAD_NAME": null, "SPECIES_NAME": null, "TREE_ID": "RTR0101440"}, "type": "Feature"}, {"geometry": {"coordinates": [834771.7759999996, 821981.5280000009], "type": "Point"}, "properties": {"DBH": 108, "LU_HMD": "Sham Shui Po", "ROAD_NAME": " ", "SPECIES_NAME": null, "TREE_ID": "RTR0101057"}, "type": "Feature"}, {"geometry": {"coordinates": [834767.1739999996, 821966.1620000005], "type": "Point"}, "properties": {"DBH": 127, "LU_HMD": "Sham Shui Po", "ROAD_NAME": " ", "SPECIES_NAME": null, "TREE_ID": "RTR0101059"}, "type": "Feature"}, {"geometry": {"coordinates": [834761.7489999998, 821996.2349999994], "type": "Point"}, "properties": {"DBH": 127, "LU_HMD": "Sham Shui Po", "ROAD_NAME": " ", "SPECIES_NAME": null, "TREE_ID": "RTR0101442"}, "type": "Feature"}, {"geometry": {"coordinates": [834759.5279999999, 821998.0240000002], "type": "Point"}, "properties": {"DBH": 223, "LU_HMD": "Sham Shui Po", "ROAD_NAME": null, "SPECIES_NAME": null, "TREE_ID": "RTR0101443"}, "type": "Feature"}, {"geometry": {"coordinates": [834758.0360000003, 821994.0539999995], "type": "Point"}, "properties": {"DBH": 219, "LU_HMD": "Sham Shui Po", "ROAD_NAME": " ", "SPECIES_NAME": null, "TREE_ID": "RTR0101447"}, "type": "Feature"}, {"geometry": {"coordinates": [834786.0539999995, 821978.0629999992], "type": "Point"}, "properties": {"DBH": 146, "LU_HMD": "Sham Shui Po", "ROAD_NAME": " ", "SPECIES_NAME": null, "TREE_ID": "RTR0101453"}, "type": "Feature"}, {"geometry": {"coordinates": [834758.744, 821993.4580000006], "type": "Point"}, "properties": {"DBH": 115, "LU_HMD": "Sham Shui Po", "ROAD_NAME": " ", "SPECIES_NAME": null, "TREE_ID": "RTR0101454"}, "type": "Feature"}, {"geometry": {"coordinates": [834786.5580000002, 821971.3599999994], "type": "Point"}, "properties": {"DBH": 204, "LU_HMD": "Sham Shui Po", "ROAD_NAME": " ", "SPECIES_NAME": null, "TREE_ID": "RTR0101456"}, "type": "Feature"}, {"geometry": {"coordinates": [834778.5609999998, 821981.7339999992], "type": "Point"}, "properties": {"DBH": 153, "LU_HMD": "Sham Shui Po", "ROAD_NAME": " ", "SPECIES_NAME": null, "TREE_ID": "RTR0101458"}, "type": "Feature"}, {"geometry": {"coordinates": [834762.869, 821949.8269999996], "type": "Point"}, "properties": {"DBH": 189, "LU_HMD": "Sham Shui Po", "ROAD_NAME": " ", "SPECIES_NAME": null, "TREE_ID": "RTR0101513"}, "type": "Feature"}, {"geometry": {"coordinates": [833682.8439999996, 821041.4900000002], "type": "Point"}, "properties": {"DBH": 182, "LU_HMD": "Lai Chi Kok", "ROAD_NAME": "ROAD 45186 NEAR SHAM MONG ROAD (TEMPORARY)", "SPECIES_NAME": null, "TREE_ID": "RTR0115991"}, "type": "Feature"}, {"geometry": {"coordinates": [833730.199, 821086.2530000005], "type": "Point"}, "properties": {"DBH": 404, "LU_HMD": "Lai Chi Kok", "ROAD_NAME": "ROAD 45186 NEAR SHAM MONG ROAD (TEMPORARY)", "SPECIES_NAME": null, "TREE_ID": "RTR0116311"}, "type": "Feature"}, {"geometry": {"coordinates": [833728.7060000002, 821084.8059999999], "type": "Point"}, "properties": {"DBH": 201, "LU_HMD": "Lai Chi Kok", "ROAD_NAME": "ROAD 45186 NEAR SHAM MONG ROAD (TEMPORARY)", "SPECIES_NAME": null, "TREE_ID": "RTR0116330"}, "type": "Feature"}, {"geometry": {"coordinates": [833699.9199999999, 821042.6060000006], "type": "Point"}, "properties": {"DBH": 360, "LU_HMD": "Lai Chi Kok", "ROAD_NAME": "ROAD 45186 NEAR SHAM MONG ROAD (TEMPORARY)", "SPECIES_NAME": null, "TREE_ID": "RTR0116002"}, "type": "Feature"}, {"geometry": {"coordinates": [833693.835, 821037.9670000002], "type": "Point"}, "properties": {"DBH": 175, "LU_HMD": "Lai Chi Kok", "ROAD_NAME": "ROAD 45186 NEAR SHAM MONG ROAD (TEMPORARY)", "SPECIES_NAME": null, "TREE_ID": "RTR0116004"}, "type": "Feature"}, {"geometry": {"coordinates": [833692.8880000003, 821042.8000000007], "type": "Point"}, "properties": {"DBH": 96, "LU_HMD": "Lai Chi Kok", "ROAD_NAME": "ROAD 45186 NEAR SHAM MONG ROAD (TEMPORARY)", "SPECIES_NAME": null, "TREE_ID": "RTR0116005"}, "type": "Feature"}, {"geometry": {"coordinates": [834760.9780000001, 821970.8719999995], "type": "Point"}, "properties": {"DBH": 108, "LU_HMD": "Sham Shui Po", "ROAD_NAME": " ", "SPECIES_NAME": null, "TREE_ID": "RTR0101514"}, "type": "Feature"}, {"geometry": {"coordinates": [834763.5149999997, 821949.5040000007], "type": "Point"}, "properties": {"DBH": 115, "LU_HMD": "Sham Shui Po", "ROAD_NAME": " ", "SPECIES_NAME": null, "TREE_ID": "RTR0101518"}, "type": "Feature"}, {"geometry": {"coordinates": [834761.1909999996, 821980.9719999991], "type": "Point"}, "properties": {"DBH": 96, "LU_HMD": "Sham Shui Po", "ROAD_NAME": " ", "SPECIES_NAME": null, "TREE_ID": "RTR0101519"}, "type": "Feature"}, {"geometry": {"coordinates": [834761.8420000002, 821987.9389999993], "type": "Point"}, "properties": {"DBH": 96, "LU_HMD": "Sham Shui Po", "ROAD_NAME": " ", "SPECIES_NAME": null, "TREE_ID": "RTR0101526"}, "type": "Feature"}, {"geometry": {"coordinates": [834762.1770000001, 821949.5020000003], "type": "Point"}, "properties": {"DBH": 127, "LU_HMD": "Sham Shui Po", "ROAD_NAME": " ", "SPECIES_NAME": null, "TREE_ID": "RTR0101527"}, "type": "Feature"}, {"geometry": {"coordinates": [834762.7110000001, 821950.8019999992], "type": "Point"}, "properties": {"DBH": 170, "LU_HMD": "Sham Shui Po", "ROAD_NAME": " ", "SPECIES_NAME": null, "TREE_ID": "RTR0101534"}, "type": "Feature"}, {"geometry": {"coordinates": [834768.96, 821957.9820000008], "type": "Point"}, "properties": {"DBH": 112, "LU_HMD": "Sham Shui Po", "ROAD_NAME": " ", "SPECIES_NAME": null, "TREE_ID": "RTR0101610"}, "type": "Feature"}, {"geometry": {"coordinates": [834762.9330000002, 821943.0940000005], "type": "Point"}, "properties": {"DBH": 163, "LU_HMD": "Sham Shui Po", "ROAD_NAME": " ", "SPECIES_NAME": null, "TREE_ID": "RTR0101613"}, "type": "Feature"}, {"geometry": {"coordinates": [834769.5029999996, 821958.1699999999], "type": "Point"}, "properties": {"DBH": 120, "LU_HMD": "Sham Shui Po", "ROAD_NAME": " ", "SPECIES_NAME": null, "TREE_ID": "RTR0101616"}, "type": "Feature"}, {"geometry": {"coordinates": [834768.3930000002, 821952.9169999994], "type": "Point"}, "properties": {"DBH": 150, "LU_HMD": "Sham Shui Po", "ROAD_NAME": " ", "SPECIES_NAME": null, "TREE_ID": "RTR0101620"}, "type": "Feature"}, {"geometry": {"coordinates": [834778.165, 821968.6009999998], "type": "Point"}, "properties": {"DBH": 102, "LU_HMD": "Sham Shui Po", "ROAD_NAME": " ", "SPECIES_NAME": null, "TREE_ID": "RTR0101621"}, "type": "Feature"}, {"geometry": {"coordinates": [834771.4759999998, 821957.1099999994], "type": "Point"}, "properties": {"DBH": 111, "LU_HMD": "Sham Shui Po", "ROAD_NAME": " ", "SPECIES_NAME": null, "TREE_ID": "RTR0101626"}, "type": "Feature"}, {"geometry": {"coordinates": [834760.7319999998, 821942.4440000001], "type": "Point"}, "properties": {"DBH": 123, "LU_HMD": "Sham Shui Po", "ROAD_NAME": " ", "SPECIES_NAME": null, "TREE_ID": "RTR0101642"}, "type": "Feature"}, {"geometry": {"coordinates": [834765.5880000005, 821946.5559999999], "type": "Point"}, "properties": {"DBH": 167, "LU_HMD": "Sham Shui Po", "ROAD_NAME": " ", "SPECIES_NAME": null, "TREE_ID": "RTR0101643"}, "type": "Feature"}, {"geometry": {"coordinates": [834778.4469999997, 821965.9100000001], "type": "Point"}, "properties": {"DBH": 118, "LU_HMD": "Sham Shui Po", "ROAD_NAME": " ", "SPECIES_NAME": null, "TREE_ID": "RTR0101645"}, "type": "Feature"}, {"geometry": {"coordinates": [834777.9510000004, 821966.6649999991], "type": "Point"}, "properties": {"DBH": 146, "LU_HMD": "Sham Shui Po", "ROAD_NAME": " ", "SPECIES_NAME": null, "TREE_ID": "RTR0101647"}, "type": "Feature"}, {"geometry": {"coordinates": [834763.7589999996, 821947.7919999994], "type": "Point"}, "properties": {"DBH": 160, "LU_HMD": "Sham Shui Po", "ROAD_NAME": " ", "SPECIES_NAME": null, "TREE_ID": "RTR0101657"}, "type": "Feature"}, {"geometry": {"coordinates": [834777.1699999999, 821962.4499999993], "type": "Point"}, "properties": {"DBH": 99, "LU_HMD": "Sham Shui Po", "ROAD_NAME": " ", "SPECIES_NAME": null, "TREE_ID": "RTR0101658"}, "type": "Feature"}, {"geometry": {"coordinates": [835399.5180000002, 821362.0720000006], "type": "Point"}, "properties": {"DBH": 102, "LU_HMD": "Sham Shui Po", "ROAD_NAME": "WOH CHAI STREET", "SPECIES_NAME": null, "TREE_ID": "RTR0116047"}, "type": "Feature"}, {"geometry": {"coordinates": [835420.4340000004, 821352.2939999998], "type": "Point"}, "properties": {"DBH": 196, "LU_HMD": "Sham Shui Po", "ROAD_NAME": "WOH CHAI STREET", "SPECIES_NAME": null, "TREE_ID": "RTR0116048"}, "type": "Feature"}, {"geometry": {"coordinates": [835407.0999999996, 821356.6339999996], "type": "Point"}, "properties": {"DBH": 96, "LU_HMD": "Sham Shui Po", "ROAD_NAME": "WOH CHAI STREET", "SPECIES_NAME": null, "TREE_ID": "RTR0116051"}, "type": "Feature"}, {"geometry": {"coordinates": [835396.534, 821346.2430000007], "type": "Point"}, "properties": {"DBH": 96, "LU_HMD": "Sham Shui Po", "ROAD_NAME": "WOH CHAI STREET", "SPECIES_NAME": null, "TREE_ID": "RTR0116052"}, "type": "Feature"}, {"geometry": {"coordinates": [835413.1689999998, 821337.6760000009], "type": "Point"}, "properties": {"DBH": 96, "LU_HMD": "Sham Shui Po", "ROAD_NAME": "WOH CHAI STREET", "SPECIES_NAME": null, "TREE_ID": "RTR0116080"}, "type": "Feature"}, {"geometry": {"coordinates": [835385.4199999999, 821365.5470000003], "type": "Point"}, "properties": {"DBH": 449, "LU_HMD": "Sham Shui Po", "ROAD_NAME": "WOH CHAI STREET", "SPECIES_NAME": null, "TREE_ID": "RTR0116357"}, "type": "Feature"}, {"geometry": {"coordinates": [835372.4400000004, 821379.7770000007], "type": "Point"}, "properties": {"DBH": 509, "LU_HMD": "Sham Shui Po", "ROAD_NAME": "WOH CHAI STREET", "SPECIES_NAME": null, "TREE_ID": "RTR0116358"}, "type": "Feature"}, {"geometry": {"coordinates": [835385.6679999996, 821367.5549999997], "type": "Point"}, "properties": {"DBH": 115, "LU_HMD": "Sham Shui Po", "ROAD_NAME": "WOH CHAI STREET", "SPECIES_NAME": null, "TREE_ID": "RTR0116359"}, "type": "Feature"}, {"geometry": {"coordinates": [835376.3870000001, 821364.3920000009], "type": "Point"}, "properties": {"DBH": 156, "LU_HMD": "Sham Shui Po", "ROAD_NAME": "WOH CHAI STREET", "SPECIES_NAME": null, "TREE_ID": "RTR0116360"}, "type": "Feature"}, {"geometry": {"coordinates": [835403.6260000002, 821349.6889999993], "type": "Point"}, "properties": {"DBH": 121, "LU_HMD": "Sham Shui Po", "ROAD_NAME": "WOH CHAI STREET", "SPECIES_NAME": null, "TREE_ID": "RTR0116361"}, "type": "Feature"}, {"geometry": {"coordinates": [835370.2740000002, 821380.1129999999], "type": "Point"}, "properties": {"DBH": 96, "LU_HMD": "Sham Shui Po", "ROAD_NAME": "WOH CHAI STREET", "SPECIES_NAME": null, "TREE_ID": "RTR0116371"}, "type": "Feature"}, {"geometry": {"coordinates": [835398.7130000005, 821351.2119999994], "type": "Point"}, "properties": {"DBH": 166, "LU_HMD": "Sham Shui Po", "ROAD_NAME": "WOH CHAI STREET", "SPECIES_NAME": null, "TREE_ID": "RTR0116385"}, "type": "Feature"}, {"geometry": {"coordinates": [835402.9469999997, 821352.2050000001], "type": "Point"}, "properties": {"DBH": 102, "LU_HMD": "Sham Shui Po", "ROAD_NAME": "WOH CHAI STREET", "SPECIES_NAME": null, "TREE_ID": "RTR0116389"}, "type": "Feature"}, {"geometry": {"coordinates": [835379.0609999998, 821362.4529999997], "type": "Point"}, "properties": {"DBH": 124, "LU_HMD": "Sham Shui Po", "ROAD_NAME": "WOH CHAI STREET", "SPECIES_NAME": null, "TREE_ID": "RTR0116393"}, "type": "Feature"}, {"geometry": {"coordinates": [835398.3329999996, 821348.9890000001], "type": "Point"}, "properties": {"DBH": 393, "LU_HMD": "Sham Shui Po", "ROAD_NAME": "WOH CHAI STREET", "SPECIES_NAME": null, "TREE_ID": "RTR0116396"}, "type": "Feature"}, {"geometry": {"coordinates": [833680.8210000005, 820895.4250000007], "type": "Point"}, "properties": {"DBH": 175, "LU_HMD": "Sham Shui Po", "ROAD_NAME": "ROAD 45201 NEAR LIN CHEUNG ROAD (TEMPORARY)", "SPECIES_NAME": null, "TREE_ID": "RTR0119987"}, "type": "Feature"}, {"geometry": {"coordinates": [833688.6519999998, 820892.0940000005], "type": "Point"}, "properties": {"DBH": 194, "LU_HMD": "Lai Chi Kok", "ROAD_NAME": null, "SPECIES_NAME": null, "TREE_ID": "RTR0119991"}, "type": "Feature"}, {"geometry": {"coordinates": [833680.7589999996, 820891.6500000004], "type": "Point"}, "properties": {"DBH": 213, "LU_HMD": "Lai Chi Kok", "ROAD_NAME": null, "SPECIES_NAME": null, "TREE_ID": "RTR0119998"}, "type": "Feature"}, {"geometry": {"coordinates": [833670.7340000002, 820909.8550000004], "type": "Point"}, "properties": {"DBH": 270, "LU_HMD": "Sham Shui Po", "ROAD_NAME": "ROAD 45201 NEAR LIN CHEUNG ROAD (TEMPORARY)", "SPECIES_NAME": null, "TREE_ID": "RTR0119999"}, "type": "Feature"}, {"geometry": {"coordinates": [833725.841, 820862.5519999992], "type": "Point"}, "properties": {"DBH": 153, "LU_HMD": "Lai Chi Kok", "ROAD_NAME": null, "SPECIES_NAME": null, "TREE_ID": "RTR0120000"}, "type": "Feature"}, {"geometry": {"coordinates": [833697.3370000003, 820876.8279999997], "type": "Point"}, "properties": {"DBH": 201, "LU_HMD": "Lai Chi Kok", "ROAD_NAME": null, "SPECIES_NAME": null, "TREE_ID": "RTR0119360"}, "type": "Feature"}, {"geometry": {"coordinates": [833702.6399999997, 820873.1209999993], "type": "Point"}, "properties": {"DBH": 134, "LU_HMD": "Lai Chi Kok", "ROAD_NAME": null, "SPECIES_NAME": null, "TREE_ID": "RTR0119363"}, "type": "Feature"}, {"geometry": {"coordinates": [833717.6869999999, 820866.2780000009], "type": "Point"}, "properties": {"DBH": 507, "LU_HMD": "Lai Chi Kok", "ROAD_NAME": null, "SPECIES_NAME": null, "TREE_ID": "RTR0119364"}, "type": "Feature"}, {"geometry": {"coordinates": [833701.4189999998, 820874.1319999993], "type": "Point"}, "properties": {"DBH": 131, "LU_HMD": "Lai Chi Kok", "ROAD_NAME": null, "SPECIES_NAME": null, "TREE_ID": "RTR0119368"}, "type": "Feature"}, {"geometry": {"coordinates": [833709.2920000004, 820869.5010000002], "type": "Point"}, "properties": {"DBH": 99, "LU_HMD": "Sham Shui Po", "ROAD_NAME": "ROAD 45201 NEAR LIN CHEUNG ROAD (TEMPORARY)", "SPECIES_NAME": null, "TREE_ID": "RTR0119375"}, "type": "Feature"}, {"geometry": {"coordinates": [833714.5319999997, 820871.727], "type": "Point"}, "properties": {"DBH": 131, "LU_HMD": "Sham Shui Po", "ROAD_NAME": "ROAD 45201 NEAR LIN CHEUNG ROAD (TEMPORARY)", "SPECIES_NAME": null, "TREE_ID": "RTR0119379"}, "type": "Feature"}, {"geometry": {"coordinates": [833706.5530000003, 820874.8159999996], "type": "Point"}, "properties": {"DBH": 169, "LU_HMD": "Lai Chi Kok", "ROAD_NAME": null, "SPECIES_NAME": null, "TREE_ID": "RTR0119382"}, "type": "Feature"}, {"geometry": {"coordinates": [833698.7539999997, 820874.3650000002], "type": "Point"}, "properties": {"DBH": 175, "LU_HMD": "Lai Chi Kok", "ROAD_NAME": null, "SPECIES_NAME": null, "TREE_ID": "RTR0119388"}, "type": "Feature"}, {"geometry": {"coordinates": [833702.4529999997, 820874.4509999994], "type": "Point"}, "properties": {"DBH": 124, "LU_HMD": "Lai Chi Kok", "ROAD_NAME": null, "SPECIES_NAME": null, "TREE_ID": "RTR0119390"}, "type": "Feature"}, {"geometry": {"coordinates": [833704.1500000004, 820872.0189999994], "type": "Point"}, "properties": {"DBH": 182, "LU_HMD": "Lai Chi Kok", "ROAD_NAME": null, "SPECIES_NAME": null, "TREE_ID": "RTR0119397"}, "type": "Feature"}, {"geometry": {"coordinates": [833712.0609999998, 820865.2379999999], "type": "Point"}, "properties": {"DBH": 108, "LU_HMD": "Lai Chi Kok", "ROAD_NAME": null, "SPECIES_NAME": null, "TREE_ID": "RTR0119400"}, "type": "Feature"}, {"geometry": {"coordinates": [833708.818, 820872.9030000009], "type": "Point"}, "properties": {"DBH": 146, "LU_HMD": "Lai Chi Kok", "ROAD_NAME": null, "SPECIES_NAME": null, "TREE_ID": "RTR0119403"}, "type": "Feature"}, {"geometry": {"coordinates": [833659.1009999998, 820914.9030000009], "type": "Point"}, "properties": {"DBH": 134, "LU_HMD": "Sham Shui Po", "ROAD_NAME": "ROAD 45201 NEAR LIN CHEUNG ROAD (TEMPORARY)", "SPECIES_NAME": null, "TREE_ID": "RTR0119857"}, "type": "Feature"}, {"geometry": {"coordinates": [833636.869, 820940.3460000008], "type": "Point"}, "properties": {"DBH": 127, "LU_HMD": "Sham Shui Po", "ROAD_NAME": "ROAD 45201 NEAR LIN CHEUNG ROAD (TEMPORARY)", "SPECIES_NAME": null, "TREE_ID": "RTR0119859"}, "type": "Feature"}, {"geometry": {"coordinates": [834959.1579999998, 822212.1300000008], "type": "Point"}, "properties": {"DBH": 204, "LU_HMD": "Sham Shui Po", "ROAD_NAME": " ", "SPECIES_NAME": null, "TREE_ID": "RTR0103245"}, "type": "Feature"}, {"geometry": {"coordinates": [834766.8430000003, 822084.9379999992], "type": "Point"}, "properties": {"DBH": 380, "LU_HMD": "Sham Shui Po", "ROAD_NAME": "TAI PO ROAD", "SPECIES_NAME": null, "TREE_ID": "RTR0100801"}, "type": "Feature"}, {"geometry": {"coordinates": [833643, 820930.7170000002], "type": "Point"}, "properties": {"DBH": 172, "LU_HMD": "Sham Shui Po", "ROAD_NAME": "ROAD 45201 NEAR LIN CHEUNG ROAD (TEMPORARY)", "SPECIES_NAME": null, "TREE_ID": "RTR0119863"}, "type": "Feature"}, {"geometry": {"coordinates": [833643.2379999999, 820932.3709999993], "type": "Point"}, "properties": {"DBH": 140, "LU_HMD": "Sham Shui Po", "ROAD_NAME": "ROAD 45201 NEAR LIN CHEUNG ROAD (TEMPORARY)", "SPECIES_NAME": null, "TREE_ID": "RTR0119865"}, "type": "Feature"}, {"geometry": {"coordinates": [833651.5319999997, 820921.4690000005], "type": "Point"}, "properties": {"DBH": 235, "LU_HMD": "Sham Shui Po", "ROAD_NAME": "ROAD 45201 NEAR LIN CHEUNG ROAD (TEMPORARY)", "SPECIES_NAME": null, "TREE_ID": "RTR0119867"}, "type": "Feature"}, {"geometry": {"coordinates": [833672.3720000004, 820907.7719999999], "type": "Point"}, "properties": {"DBH": 102, "LU_HMD": "Lai Chi Kok", "ROAD_NAME": null, "SPECIES_NAME": null, "TREE_ID": "RTR0119868"}, "type": "Feature"}, {"geometry": {"coordinates": [833653.7989999996, 820930.148], "type": "Point"}, "properties": {"DBH": 118, "LU_HMD": "Sham Shui Po", "ROAD_NAME": "ROAD 45201 NEAR LIN CHEUNG ROAD (TEMPORARY)", "SPECIES_NAME": null, "TREE_ID": "RTR0119871"}, "type": "Feature"}, {"geometry": {"coordinates": [833616.5070000002, 820947.4079999998], "type": "Point"}, "properties": {"DBH": 158, "LU_HMD": "Sham Shui Po", "ROAD_NAME": "ROAD 45201 NEAR LIN CHEUNG ROAD (TEMPORARY)", "SPECIES_NAME": null, "TREE_ID": "RTR0119879"}, "type": "Feature"}, {"geometry": {"coordinates": [833654.6749999998, 820918.2489999998], "type": "Point"}, "properties": {"DBH": 134, "LU_HMD": "Sham Shui Po", "ROAD_NAME": "ROAD 45201 NEAR LIN CHEUNG ROAD (TEMPORARY)", "SPECIES_NAME": null, "TREE_ID": "RTR0119882"}, "type": "Feature"}, {"geometry": {"coordinates": [833679.1679999996, 820895.2320000008], "type": "Point"}, "properties": {"DBH": 362, "LU_HMD": "Sham Shui Po", "ROAD_NAME": "ROAD 45201 NEAR LIN CHEUNG ROAD (TEMPORARY)", "SPECIES_NAME": null, "TREE_ID": "RTR0120002"}, "type": "Feature"}, {"geometry": {"coordinates": [834953.8329999996, 822211.5899999999], "type": "Point"}, "properties": {"DBH": 431, "LU_HMD": "Sham Shui Po", "ROAD_NAME": " ", "SPECIES_NAME": null, "TREE_ID": "RTR0102974"}, "type": "Feature"}, {"geometry": {"coordinates": [833668.3210000005, 820908.6099999994], "type": "Point"}, "properties": {"DBH": 121, "LU_HMD": "Lai Chi Kok", "ROAD_NAME": null, "SPECIES_NAME": null, "TREE_ID": "RTR0120005"}, "type": "Feature"}, {"geometry": {"coordinates": [833682.841, 820896.6170000006], "type": "Point"}, "properties": {"DBH": 258, "LU_HMD": "Sham Shui Po", "ROAD_NAME": "ROAD 45201 NEAR LIN CHEUNG ROAD (TEMPORARY)", "SPECIES_NAME": null, "TREE_ID": "RTR0120006"}, "type": "Feature"}, {"geometry": {"coordinates": [833648.0020000003, 820935.1889999993], "type": "Point"}, "properties": {"DBH": 127, "LU_HMD": "Sham Shui Po", "ROAD_NAME": "ROAD 45201 NEAR LIN CHEUNG ROAD (TEMPORARY)", "SPECIES_NAME": null, "TREE_ID": "RTR0119891"}, "type": "Feature"}, {"geometry": {"coordinates": [833641.6710000001, 820938.1640000008], "type": "Point"}, "properties": {"DBH": 220, "LU_HMD": "Sham Shui Po", "ROAD_NAME": "ROAD 45201 NEAR LIN CHEUNG ROAD (TEMPORARY)", "SPECIES_NAME": null, "TREE_ID": "RTR0119899"}, "type": "Feature"}, {"geometry": {"coordinates": [833643.2769999998, 820925.4039999992], "type": "Point"}, "properties": {"DBH": 190, "LU_HMD": "Lai Chi Kok", "ROAD_NAME": null, "SPECIES_NAME": null, "TREE_ID": "RTR0119900"}, "type": "Feature"}, {"geometry": {"coordinates": [833657.0829999996, 820923.8809999991], "type": "Point"}, "properties": {"DBH": 251, "LU_HMD": "Sham Shui Po", "ROAD_NAME": "ROAD 45201 NEAR LIN CHEUNG ROAD (TEMPORARY)", "SPECIES_NAME": null, "TREE_ID": "RTR0119901"}, "type": "Feature"}, {"geometry": {"coordinates": [833630.3770000003, 820941.6309999991], "type": "Point"}, "properties": {"DBH": 201, "LU_HMD": "Sham Shui Po", "ROAD_NAME": "ROAD 45201 NEAR LIN CHEUNG ROAD (TEMPORARY)", "SPECIES_NAME": null, "TREE_ID": "RTR0119906"}, "type": "Feature"}, {"geometry": {"coordinates": [833613.3959999997, 820946.7829999998], "type": "Point"}, "properties": {"DBH": 274, "LU_HMD": "Sham Shui Po", "ROAD_NAME": "ROAD 45201 NEAR LIN CHEUNG ROAD (TEMPORARY)", "SPECIES_NAME": null, "TREE_ID": "RTR0121503"}, "type": "Feature"}, {"geometry": {"coordinates": [833650.9740000004, 820932.2719999999], "type": "Point"}, "properties": {"DBH": 360, "LU_HMD": "Sham Shui Po", "ROAD_NAME": "ROAD 45201 NEAR LIN CHEUNG ROAD (TEMPORARY)", "SPECIES_NAME": null, "TREE_ID": "RTR0119875"}, "type": "Feature"}, {"geometry": {"coordinates": [833699.8169999998, 821045.7149999999], "type": "Point"}, "properties": {"DBH": 312, "LU_HMD": "Lai Chi Kok", "ROAD_NAME": "ROAD 45186 NEAR SHAM MONG ROAD (TEMPORARY)", "SPECIES_NAME": null, "TREE_ID": "RTR0119409"}, "type": "Feature"}, {"geometry": {"coordinates": [833703.6069999998, 821053.4389999993], "type": "Point"}, "properties": {"DBH": 178, "LU_HMD": "Lai Chi Kok", "ROAD_NAME": "ROAD 45186 NEAR SHAM MONG ROAD (TEMPORARY)", "SPECIES_NAME": null, "TREE_ID": "RTR0119412"}, "type": "Feature"}, {"geometry": {"coordinates": [833702.6579999998, 821047.6520000007], "type": "Point"}, "properties": {"DBH": 270, "LU_HMD": "Lai Chi Kok", "ROAD_NAME": "ROAD 45186 NEAR SHAM MONG ROAD (TEMPORARY)", "SPECIES_NAME": null, "TREE_ID": "RTR0119413"}, "type": "Feature"}, {"geometry": {"coordinates": [833599.8229999999, 820956.9470000006], "type": "Point"}, "properties": {"DBH": 121, "LU_HMD": "Sham Shui Po", "ROAD_NAME": "ROAD 45201 NEAR LIN CHEUNG ROAD (TEMPORARY)", "SPECIES_NAME": null, "TREE_ID": "RTR0121460"}, "type": "Feature"}, {"geometry": {"coordinates": [833591.5389999999, 820963.8550000004], "type": "Point"}, "properties": {"DBH": 262, "LU_HMD": "Sham Shui Po", "ROAD_NAME": "ROAD 45201 NEAR LIN CHEUNG ROAD (TEMPORARY)", "SPECIES_NAME": null, "TREE_ID": "RTR0121463"}, "type": "Feature"}, {"geometry": {"coordinates": [833597.1710000001, 820961.6390000004], "type": "Point"}, "properties": {"DBH": 180, "LU_HMD": "Sham Shui Po", "ROAD_NAME": "ROAD 45201 NEAR LIN CHEUNG ROAD (TEMPORARY)", "SPECIES_NAME": null, "TREE_ID": "RTR0121469"}, "type": "Feature"}, {"geometry": {"coordinates": [833619.4050000003, 820951.3719999995], "type": "Point"}, "properties": {"DBH": 229, "LU_HMD": "Sham Shui Po", "ROAD_NAME": "ROAD 45201 NEAR LIN CHEUNG ROAD (TEMPORARY)", "SPECIES_NAME": null, "TREE_ID": "RTR0121471"}, "type": "Feature"}, {"geometry": {"coordinates": [833616.8150000004, 820945.1109999996], "type": "Point"}, "properties": {"DBH": 127, "LU_HMD": "Sham Shui Po", "ROAD_NAME": "ROAD 45201 NEAR LIN CHEUNG ROAD (TEMPORARY)", "SPECIES_NAME": null, "TREE_ID": "RTR0121473"}, "type": "Feature"}, {"geometry": {"coordinates": [833621.0449999999, 820946.9910000004], "type": "Point"}, "properties": {"DBH": 387, "LU_HMD": "Sham Shui Po", "ROAD_NAME": "ROAD 45201 NEAR LIN CHEUNG ROAD (TEMPORARY)", "SPECIES_NAME": null, "TREE_ID": "RTR0121477"}, "type": "Feature"}, {"geometry": {"coordinates": [833634.6009999998, 820935.8010000009], "type": "Point"}, "properties": {"DBH": 270, "LU_HMD": "Lai Chi Kok", "ROAD_NAME": null, "SPECIES_NAME": null, "TREE_ID": "RTR0121481"}, "type": "Feature"}, {"geometry": {"coordinates": [833617.0920000002, 820945.5280000009], "type": "Point"}, "properties": {"DBH": 341, "LU_HMD": "Lai Chi Kok", "ROAD_NAME": null, "SPECIES_NAME": null, "TREE_ID": "RTR0121482"}, "type": "Feature"}, {"geometry": {"coordinates": [833705.7450000001, 821056.4499999993], "type": "Point"}, "properties": {"DBH": 217, "LU_HMD": "Lai Chi Kok", "ROAD_NAME": "ROAD 45186 NEAR SHAM MONG ROAD (TEMPORARY)", "SPECIES_NAME": null, "TREE_ID": "RTR0119424"}, "type": "Feature"}, {"geometry": {"coordinates": [833708.1679999996, 821054.7369999997], "type": "Point"}, "properties": {"DBH": 236, "LU_HMD": "Lai Chi Kok", "ROAD_NAME": "ROAD 45186 NEAR SHAM MONG ROAD (TEMPORARY)", "SPECIES_NAME": null, "TREE_ID": "RTR0119427"}, "type": "Feature"}, {"geometry": {"coordinates": [833709.352, 821059.4370000008], "type": "Point"}, "properties": {"DBH": 280, "LU_HMD": "Lai Chi Kok", "ROAD_NAME": "ROAD 45186 NEAR SHAM MONG ROAD (TEMPORARY)", "SPECIES_NAME": null, "TREE_ID": "RTR0119428"}, "type": "Feature"}, {"geometry": {"coordinates": [833705.2779999999, 821059.0480000004], "type": "Point"}, "properties": {"DBH": 229, "LU_HMD": "Lai Chi Kok", "ROAD_NAME": "ROAD 45186 NEAR SHAM MONG ROAD (TEMPORARY)", "SPECIES_NAME": null, "TREE_ID": "RTR0119429"}, "type": "Feature"}, {"geometry": {"coordinates": [833716.1200000001, 821068.5030000005], "type": "Point"}, "properties": {"DBH": 178, "LU_HMD": "Lai Chi Kok", "ROAD_NAME": "ROAD 45186 NEAR SHAM MONG ROAD (TEMPORARY)", "SPECIES_NAME": null, "TREE_ID": "RTR0119430"}, "type": "Feature"}, {"geometry": {"coordinates": [833705.7139999997, 821060.3699999992], "type": "Point"}, "properties": {"DBH": 322, "LU_HMD": "Lai Chi Kok", "ROAD_NAME": "ROAD 45186 NEAR SHAM MONG ROAD (TEMPORARY)", "SPECIES_NAME": null, "TREE_ID": "RTR0119431"}, "type": "Feature"}, {"geometry": {"coordinates": [833724.0300000003, 821080.5979999993], "type": "Point"}, "properties": {"DBH": 115, "LU_HMD": "Lai Chi Kok", "ROAD_NAME": "ROAD 45186 NEAR SHAM MONG ROAD (TEMPORARY)", "SPECIES_NAME": null, "TREE_ID": "RTR0119432"}, "type": "Feature"}, {"geometry": {"coordinates": [833712.8849999998, 821068.9230000004], "type": "Point"}, "properties": {"DBH": 150, "LU_HMD": "Lai Chi Kok", "ROAD_NAME": "ROAD 45186 NEAR SHAM MONG ROAD (TEMPORARY)", "SPECIES_NAME": null, "TREE_ID": "RTR0119434"}, "type": "Feature"}, {"geometry": {"coordinates": [833601.2769999998, 820955.9230000004], "type": "Point"}, "properties": {"DBH": 264, "LU_HMD": "Sham Shui Po", "ROAD_NAME": "ROAD 45201 NEAR LIN CHEUNG ROAD (TEMPORARY)", "SPECIES_NAME": null, "TREE_ID": "RTR0121489"}, "type": "Feature"}, {"geometry": {"coordinates": [833638.4189999998, 820935.8509999998], "type": "Point"}, "properties": {"DBH": 102, "LU_HMD": "Lai Chi Kok", "ROAD_NAME": null, "SPECIES_NAME": null, "TREE_ID": "RTR0121492"}, "type": "Feature"}, {"geometry": {"coordinates": [833598.0970000001, 820958.5859999992], "type": "Point"}, "properties": {"DBH": 96, "LU_HMD": "Sham Shui Po", "ROAD_NAME": "ROAD 45201 NEAR LIN CHEUNG ROAD (TEMPORARY)", "SPECIES_NAME": null, "TREE_ID": "RTR0121498"}, "type": "Feature"}, {"geometry": {"coordinates": [833599.5599999996, 820961.7660000008], "type": "Point"}, "properties": {"DBH": 207, "LU_HMD": "Sham Shui Po", "ROAD_NAME": "ROAD 45201 NEAR LIN CHEUNG ROAD (TEMPORARY)", "SPECIES_NAME": null, "TREE_ID": "RTR0227630"}, "type": "Feature"}, {"geometry": {"coordinates": [833612.6349999998, 820955.8780000005], "type": "Point"}, "properties": {"DBH": 287, "LU_HMD": "Sham Shui Po", "ROAD_NAME": "ROAD 45201 NEAR LIN CHEUNG ROAD (TEMPORARY)", "SPECIES_NAME": null, "TREE_ID": "RTR0226561"}, "type": "Feature"}, {"geometry": {"coordinates": [833697.9749999996, 820872.6710000001], "type": "Point"}, "properties": {"DBH": 108, "LU_HMD": "Lai Chi Kok", "ROAD_NAME": null, "SPECIES_NAME": null, "TREE_ID": "RTR0226565"}, "type": "Feature"}, {"geometry": {"coordinates": [833647.6279999996, 820933.6689999998], "type": "Point"}, "properties": {"DBH": 385, "LU_HMD": "Sham Shui Po", "ROAD_NAME": "ROAD 45201 NEAR LIN CHEUNG ROAD (TEMPORARY)", "SPECIES_NAME": null, "TREE_ID": "RTR0226575"}, "type": "Feature"}, {"geometry": {"coordinates": [833630.3200000003, 820936.4149999991], "type": "Point"}, "properties": {"DBH": 202, "LU_HMD": "Sham Shui Po", "ROAD_NAME": "ROAD 45201 NEAR LIN CHEUNG ROAD (TEMPORARY)", "SPECIES_NAME": null, "TREE_ID": "RTR0226584"}, "type": "Feature"}, {"geometry": {"coordinates": [833693.0489999996, 820875.2780000009], "type": "Point"}, "properties": {"DBH": 131, "LU_HMD": "Lai Chi Kok", "ROAD_NAME": null, "SPECIES_NAME": null, "TREE_ID": "RTR0226588"}, "type": "Feature"}, {"geometry": {"coordinates": [833722.7520000003, 821083.6199999992], "type": "Point"}, "properties": {"DBH": 111, "LU_HMD": "Lai Chi Kok", "ROAD_NAME": "ROAD 45186 NEAR SHAM MONG ROAD (TEMPORARY)", "SPECIES_NAME": null, "TREE_ID": "RTR0119438"}, "type": "Feature"}, {"geometry": {"coordinates": [833720.4919999996, 821071.6449999996], "type": "Point"}, "properties": {"DBH": 248, "LU_HMD": "Lai Chi Kok", "ROAD_NAME": "ROAD 45186 NEAR SHAM MONG ROAD (TEMPORARY)", "SPECIES_NAME": null, "TREE_ID": "RTR0119444"}, "type": "Feature"}, {"geometry": {"coordinates": [833722.0420000004, 821073.1999999993], "type": "Point"}, "properties": {"DBH": 128, "LU_HMD": "Lai Chi Kok", "ROAD_NAME": "ROAD 45186 NEAR SHAM MONG ROAD (TEMPORARY)", "SPECIES_NAME": null, "TREE_ID": "RTR0119447"}, "type": "Feature"}, {"geometry": {"coordinates": [833714.6739999996, 821067.7890000008], "type": "Point"}, "properties": {"DBH": 191, "LU_HMD": "Lai Chi Kok", "ROAD_NAME": "ROAD 45186 NEAR SHAM MONG ROAD (TEMPORARY)", "SPECIES_NAME": null, "TREE_ID": "RTR0119448"}, "type": "Feature"}, {"geometry": {"coordinates": [833703.5640000002, 821055.9230000004], "type": "Point"}, "properties": {"DBH": 309, "LU_HMD": "Lai Chi Kok", "ROAD_NAME": "ROAD 45186 NEAR SHAM MONG ROAD (TEMPORARY)", "SPECIES_NAME": null, "TREE_ID": "RTR0119450"}, "type": "Feature"}, {"geometry": {"coordinates": [833719.0219999999, 821074.7660000008], "type": "Point"}, "properties": {"DBH": 236, "LU_HMD": "Lai Chi Kok", "ROAD_NAME": "ROAD 45186 NEAR SHAM MONG ROAD (TEMPORARY)", "SPECIES_NAME": null, "TREE_ID": "RTR0119453"}, "type": "Feature"}, {"geometry": {"coordinates": [834801.3090000004, 822078.4039999992], "type": "Point"}, "properties": {"DBH": 190, "LU_HMD": "Sham Shui Po", "ROAD_NAME": " ", "SPECIES_NAME": null, "TREE_ID": "RTR0100805"}, "type": "Feature"}, {"geometry": {"coordinates": [833709.3300000001, 820869.7630000003], "type": "Point"}, "properties": {"DBH": 127, "LU_HMD": "Lai Chi Kok", "ROAD_NAME": null, "SPECIES_NAME": null, "TREE_ID": "RTR0226553"}, "type": "Feature"}, {"geometry": {"coordinates": [833656.6840000004, 820923.3680000007], "type": "Point"}, "properties": {"DBH": 140, "LU_HMD": "Sham Shui Po", "ROAD_NAME": "ROAD 45201 NEAR LIN CHEUNG ROAD (TEMPORARY)", "SPECIES_NAME": null, "TREE_ID": "RTR0226558"}, "type": "Feature"}, {"geometry": {"coordinates": [833612.1490000002, 820950.693], "type": "Point"}, "properties": {"DBH": 247, "LU_HMD": "Sham Shui Po", "ROAD_NAME": "ROAD 45201 NEAR LIN CHEUNG ROAD (TEMPORARY)", "SPECIES_NAME": null, "TREE_ID": "RTR0226598"}, "type": "Feature"}, {"geometry": {"coordinates": [833663.5130000003, 820908.6219999995], "type": "Point"}, "properties": {"DBH": 99, "LU_HMD": "Sham Shui Po", "ROAD_NAME": "ROAD 45201 NEAR LIN CHEUNG ROAD (TEMPORARY)", "SPECIES_NAME": null, "TREE_ID": "RTR0226599"}, "type": "Feature"}, {"geometry": {"coordinates": [834180.642, 820397.3550000004], "type": "Point"}, "properties": {"DBH": 160, "LU_HMD": "Mong Kok", "ROAD_NAME": " ", "SPECIES_NAME": null, "TREE_ID": "RTR0139427"}, "type": "Feature"}, {"geometry": {"coordinates": [834170.5489999996, 820412.1459999997], "type": "Point"}, "properties": {"DBH": 160, "LU_HMD": "Mong Kok", "ROAD_NAME": " ", "SPECIES_NAME": null, "TREE_ID": "RTR0139430"}, "type": "Feature"}, {"geometry": {"coordinates": [834178.9850000003, 820399.7400000002], "type": "Point"}, "properties": {"DBH": 170, "LU_HMD": "Mong Kok", "ROAD_NAME": " ", "SPECIES_NAME": null, "TREE_ID": "RTR0139435"}, "type": "Feature"}, {"geometry": {"coordinates": [833538.5420000004, 821095.2029999997], "type": "Point"}, "properties": {"DBH": 290, "LU_HMD": "Lai Chi Kok", "ROAD_NAME": " ", "SPECIES_NAME": null, "TREE_ID": "RTR0144451"}, "type": "Feature"}, {"geometry": {"coordinates": [833557.5190000003, 821081.6109999996], "type": "Point"}, "properties": {"DBH": 102, "LU_HMD": "Lai Chi Kok", "ROAD_NAME": " ", "SPECIES_NAME": null, "TREE_ID": "RTR0144455"}, "type": "Feature"}, {"geometry": {"coordinates": [833544.1940000001, 821089.2770000007], "type": "Point"}, "properties": {"DBH": 268, "LU_HMD": "Lai Chi Kok", "ROAD_NAME": " ", "SPECIES_NAME": null, "TREE_ID": "RTR0144462"}, "type": "Feature"}, {"geometry": {"coordinates": [833545.7110000001, 821088.9509999994], "type": "Point"}, "properties": {"DBH": 102, "LU_HMD": "Lai Chi Kok", "ROAD_NAME": " ", "SPECIES_NAME": null, "TREE_ID": "RTR0144463"}, "type": "Feature"}, {"geometry": {"coordinates": [833477.1129999999, 821128.9649999999], "type": "Point"}, "properties": {"DBH": 236, "LU_HMD": "Lai Chi Kok", "ROAD_NAME": " ", "SPECIES_NAME": null, "TREE_ID": "RTR0144469"}, "type": "Feature"}, {"geometry": {"coordinates": [833481.0650000004, 821127.3849999998], "type": "Point"}, "properties": {"DBH": 213, "LU_HMD": "Lai Chi Kok", "ROAD_NAME": " ", "SPECIES_NAME": null, "TREE_ID": "RTR0144470"}, "type": "Feature"}, {"geometry": {"coordinates": [833469.301, 821133.4989999998], "type": "Point"}, "properties": {"DBH": 191, "LU_HMD": "Lai Chi Kok", "ROAD_NAME": " ", "SPECIES_NAME": null, "TREE_ID": "RTR0144472"}, "type": "Feature"}, {"geometry": {"coordinates": [833519.5650000004, 821107.1469999999], "type": "Point"}, "properties": {"DBH": 246, "LU_HMD": "Lai Chi Kok", "ROAD_NAME": " ", "SPECIES_NAME": null, "TREE_ID": "RTR0144477"}, "type": "Feature"}, {"geometry": {"coordinates": [834278.483, 820226.5590000004], "type": "Point"}, "properties": {"DBH": 131, "LU_HMD": "Mong Kok", "ROAD_NAME": " ", "SPECIES_NAME": null, "TREE_ID": "RTR0139008"}, "type": "Feature"}, {"geometry": {"coordinates": [834285.0049999999, 820223.9489999991], "type": "Point"}, "properties": {"DBH": 233, "LU_HMD": "Mong Kok", "ROAD_NAME": " ", "SPECIES_NAME": null, "TREE_ID": "RTR0139011"}, "type": "Feature"}, {"geometry": {"coordinates": [834278.0810000002, 820220.9900000002], "type": "Point"}, "properties": {"DBH": 185, "LU_HMD": "Mong Kok", "ROAD_NAME": " ", "SPECIES_NAME": null, "TREE_ID": "RTR0139016"}, "type": "Feature"}, {"geometry": {"coordinates": [834271.8250000002, 820223.3760000002], "type": "Point"}, "properties": {"DBH": 178, "LU_HMD": "Mong Kok", "ROAD_NAME": " ", "SPECIES_NAME": null, "TREE_ID": "RTR0139018"}, "type": "Feature"}, {"geometry": {"coordinates": [834273.5240000002, 820223.4010000005], "type": "Point"}, "properties": {"DBH": 137, "LU_HMD": "Mong Kok", "ROAD_NAME": " ", "SPECIES_NAME": null, "TREE_ID": "RTR0139021"}, "type": "Feature"}, {"geometry": {"coordinates": [834272.6550000003, 820225.8729999997], "type": "Point"}, "properties": {"DBH": 267, "LU_HMD": "Mong Kok", "ROAD_NAME": " ", "SPECIES_NAME": null, "TREE_ID": "RTR0139026"}, "type": "Feature"}, {"geometry": {"coordinates": [834278.335, 820222.0930000003], "type": "Point"}, "properties": {"DBH": 180, "LU_HMD": "Mong Kok", "ROAD_NAME": " ", "SPECIES_NAME": null, "TREE_ID": "RTR0139028"}, "type": "Feature"}, {"geometry": {"coordinates": [833495.9790000003, 821120.1950000003], "type": "Point"}, "properties": {"DBH": 207, "LU_HMD": "Lai Chi Kok", "ROAD_NAME": " ", "SPECIES_NAME": null, "TREE_ID": "RTR0144481"}, "type": "Feature"}, {"geometry": {"coordinates": [833484.7879999997, 821125.6070000008], "type": "Point"}, "properties": {"DBH": 229, "LU_HMD": "Lai Chi Kok", "ROAD_NAME": " ", "SPECIES_NAME": null, "TREE_ID": "RTR0144482"}, "type": "Feature"}, {"geometry": {"coordinates": [833496.5999999996, 821118.6549999993], "type": "Point"}, "properties": {"DBH": 153, "LU_HMD": "Lai Chi Kok", "ROAD_NAME": " ", "SPECIES_NAME": null, "TREE_ID": "RTR0144485"}, "type": "Feature"}, {"geometry": {"coordinates": [833489.8099999996, 821122.9739999995], "type": "Point"}, "properties": {"DBH": 108, "LU_HMD": "Lai Chi Kok", "ROAD_NAME": " ", "SPECIES_NAME": null, "TREE_ID": "RTR0144487"}, "type": "Feature"}, {"geometry": {"coordinates": [833487.2209999999, 821124.2180000003], "type": "Point"}, "properties": {"DBH": 217, "LU_HMD": "Lai Chi Kok", "ROAD_NAME": " ", "SPECIES_NAME": null, "TREE_ID": "RTR0144489"}, "type": "Feature"}, {"geometry": {"coordinates": [833499.8940000003, 821117.7899999991], "type": "Point"}, "properties": {"DBH": 169, "LU_HMD": "Lai Chi Kok", "ROAD_NAME": " ", "SPECIES_NAME": null, "TREE_ID": "RTR0144493"}, "type": "Feature"}, {"geometry": {"coordinates": [834285.5659999996, 820218.7229999993], "type": "Point"}, "properties": {"DBH": 271, "LU_HMD": "Mong Kok", "ROAD_NAME": " ", "SPECIES_NAME": null, "TREE_ID": "RTR0139034"}, "type": "Feature"}, {"geometry": {"coordinates": [834259.2170000002, 820222.8090000004], "type": "Point"}, "properties": {"DBH": 293, "LU_HMD": "Mong Kok", "ROAD_NAME": " ", "SPECIES_NAME": null, "TREE_ID": "RTR0139346"}, "type": "Feature"}, {"geometry": {"coordinates": [834261.2379999999, 820218.6420000009], "type": "Point"}, "properties": {"DBH": 390, "LU_HMD": "Mong kok", "ROAD_NAME": " ", "SPECIES_NAME": null, "TREE_ID": "RTR0139367"}, "type": "Feature"}, {"geometry": {"coordinates": [834259.7189999996, 820218.284], "type": "Point"}, "properties": {"DBH": 185, "LU_HMD": "Mong kok", "ROAD_NAME": " ", "SPECIES_NAME": null, "TREE_ID": "RTR0139375"}, "type": "Feature"}, {"geometry": {"coordinates": [834252.4450000003, 820219.2239999995], "type": "Point"}, "properties": {"DBH": 382, "LU_HMD": "Mong kok", "ROAD_NAME": " ", "SPECIES_NAME": null, "TREE_ID": "RTR0139379"}, "type": "Feature"}, {"geometry": {"coordinates": [834821.5199999996, 822096.693], "type": "Point"}, "properties": {"DBH": 629, "LU_HMD": "Sham Shui Po", "ROAD_NAME": null, "SPECIES_NAME": null, "TREE_ID": "RTR0101956"}, "type": "Feature"}, {"geometry": {"coordinates": [834208.773, 820223.9379999992], "type": "Point"}, "properties": {"DBH": 185, "LU_HMD": "Mong Kok", "ROAD_NAME": " ", "SPECIES_NAME": null, "TREE_ID": "RTR0139401"}, "type": "Feature"}, {"geometry": {"coordinates": [834183.1030000001, 820392.5820000004], "type": "Point"}, "properties": {"DBH": 264, "LU_HMD": "Mong Kok", "ROAD_NAME": " ", "SPECIES_NAME": null, "TREE_ID": "RTR0139404"}, "type": "Feature"}, {"geometry": {"coordinates": [834174.1140000001, 820406.4169999994], "type": "Point"}, "properties": {"DBH": 124, "LU_HMD": "Mong Kok", "ROAD_NAME": " ", "SPECIES_NAME": null, "TREE_ID": "RTR0139414"}, "type": "Feature"}, {"geometry": {"coordinates": [834241.6809999999, 820259.4649999999], "type": "Point"}, "properties": {"DBH": 137, "LU_HMD": "Mong Kok", "ROAD_NAME": " ", "SPECIES_NAME": null, "TREE_ID": "RTR0139434"}, "type": "Feature"}, {"geometry": {"coordinates": [834240.398, 820275.125], "type": "Point"}, "properties": {"DBH": 236, "LU_HMD": "Mong kok", "ROAD_NAME": " ", "SPECIES_NAME": null, "TREE_ID": "RTR0139419"}, "type": "Feature"}, {"geometry": {"coordinates": [834223.0319999997, 820242.7190000005], "type": "Point"}, "properties": {"DBH": 140, "LU_HMD": "Mong Kok", "ROAD_NAME": " ", "SPECIES_NAME": null, "TREE_ID": "RTR0139420"}, "type": "Feature"}, {"geometry": {"coordinates": [834174.3600000003, 820408.5730000008], "type": "Point"}, "properties": {"DBH": 162, "LU_HMD": "Mong Kok", "ROAD_NAME": " ", "SPECIES_NAME": null, "TREE_ID": "RTR0139421"}, "type": "Feature"}, {"geometry": {"coordinates": [834214.0420000004, 820347.3530000001], "type": "Point"}, "properties": {"DBH": 146, "LU_HMD": "Mong Kok", "ROAD_NAME": " ", "SPECIES_NAME": null, "TREE_ID": "RTR0139422"}, "type": "Feature"}, {"geometry": {"coordinates": [834240.398, 820272.4260000009], "type": "Point"}, "properties": {"DBH": 258, "LU_HMD": "Mong kok", "ROAD_NAME": " ", "SPECIES_NAME": null, "TREE_ID": "RTR0139424"}, "type": "Feature"}, {"geometry": {"coordinates": [835420.3940000003, 821374.0749999993], "type": "Point"}, "properties": {"DBH": 135, "LU_HMD": "Sham Shui Po", "ROAD_NAME": "WOH CHAI STREET", "SPECIES_NAME": null, "TREE_ID": "RTR0145484"}, "type": "Feature"}, {"geometry": {"coordinates": [835413.341, 821378.5850000009], "type": "Point"}, "properties": {"DBH": 200, "LU_HMD": "Sham Shui Po", "ROAD_NAME": "WOH CHAI STREET", "SPECIES_NAME": null, "TREE_ID": "RTR0115496"}, "type": "Feature"}, {"geometry": {"coordinates": [834758.767, 821951.0439999998], "type": "Point"}, "properties": {"DBH": 167, "LU_HMD": "Sham Shui Po", "ROAD_NAME": " ", "SPECIES_NAME": null, "TREE_ID": "RTR0101644"}, "type": "Feature"}, {"geometry": {"coordinates": [834764.1909999996, 821913.6699999999], "type": "Point"}, "properties": {"DBH": 201, "LU_HMD": "Sham Shui Po", "ROAD_NAME": " ", "SPECIES_NAME": null, "TREE_ID": "RTR0230184"}, "type": "Feature"}, {"geometry": {"coordinates": [834677.7029999997, 822026.3829999994], "type": "Point"}, "properties": {"DBH": 369, "LU_HMD": "Sham Shui Po", "ROAD_NAME": "PRATAS STREET", "SPECIES_NAME": null, "TREE_ID": "RTR0100776"}, "type": "Feature"}, {"geometry": {"coordinates": [834903.892, 822163.648], "type": "Point"}, "properties": {"DBH": 500, "LU_HMD": "Sham Shui Po", "ROAD_NAME": " ", "SPECIES_NAME": null, "TREE_ID": "RTR0101910"}, "type": "Feature"}, {"geometry": {"coordinates": [834227.0530000003, 820247.6280000005], "type": "Point"}, "properties": {"DBH": 293, "LU_HMD": "Mong kok", "ROAD_NAME": " ", "SPECIES_NAME": null, "TREE_ID": "RTR0139426"}, "type": "Feature"}, {"geometry": {"coordinates": [834240.398, 820280.4399999995], "type": "Point"}, "properties": {"DBH": 290, "LU_HMD": "Mong Kok", "ROAD_NAME": " ", "SPECIES_NAME": null, "TREE_ID": "RTR0139436"}, "type": "Feature"}, {"geometry": {"coordinates": [834221.5379999997, 820240.6420000009], "type": "Point"}, "properties": {"DBH": 204, "LU_HMD": "Mong Kok", "ROAD_NAME": " ", "SPECIES_NAME": null, "TREE_ID": "RTR0139441"}, "type": "Feature"}, {"geometry": {"coordinates": [834222.7750000004, 820333.9920000006], "type": "Point"}, "properties": {"DBH": 153, "LU_HMD": "Mong Kok", "ROAD_NAME": " ", "SPECIES_NAME": null, "TREE_ID": "RTR0139442"}, "type": "Feature"}, {"geometry": {"coordinates": [834217.6260000002, 820235.3169999998], "type": "Point"}, "properties": {"DBH": 191, "LU_HMD": "Mong Kok", "ROAD_NAME": " ", "SPECIES_NAME": null, "TREE_ID": "RTR0139443"}, "type": "Feature"}, {"geometry": {"coordinates": [834950.7539999997, 822184.148], "type": "Point"}, "properties": {"DBH": 347, "LU_HMD": "Sham Shui Po", "ROAD_NAME": "ROAD 45219 NEAR CHAK ON ROAD (TEMPORARY)", "SPECIES_NAME": null, "TREE_ID": "RTR0102966"}, "type": "Feature"}, {"geometry": {"coordinates": [834953.3020000001, 822179.6779999994], "type": "Point"}, "properties": {"DBH": 280, "LU_HMD": "Sham Shui Po", "ROAD_NAME": "ROAD 45219 NEAR CHAK ON ROAD (TEMPORARY)", "SPECIES_NAME": null, "TREE_ID": "RTR0102967"}, "type": "Feature"}, {"geometry": {"coordinates": [833683.9400000004, 820893.5419999994], "type": "Point"}, "properties": {"DBH": 179, "LU_HMD": "Sham Shui Po", "ROAD_NAME": "ROAD 45201 NEAR LIN CHEUNG ROAD (TEMPORARY)", "SPECIES_NAME": null, "TREE_ID": "RTR0119959"}, "type": "Feature"}, {"geometry": {"coordinates": [833667.8159999996, 820907.4700000007], "type": "Point"}, "properties": {"DBH": 201, "LU_HMD": "Lai Chi Kok", "ROAD_NAME": null, "SPECIES_NAME": null, "TREE_ID": "RTR0119962"}, "type": "Feature"}, {"geometry": {"coordinates": [833661.1200000001, 820925.2980000004], "type": "Point"}, "properties": {"DBH": 182, "LU_HMD": "Sham Shui Po", "ROAD_NAME": "ROAD 45201 NEAR LIN CHEUNG ROAD (TEMPORARY)", "SPECIES_NAME": null, "TREE_ID": "RTR0119963"}, "type": "Feature"}, {"geometry": {"coordinates": [833661.3930000002, 820912.5559999999], "type": "Point"}, "properties": {"DBH": 188, "LU_HMD": "Sham Shui Po", "ROAD_NAME": "ROAD 45201 NEAR LIN CHEUNG ROAD (TEMPORARY)", "SPECIES_NAME": null, "TREE_ID": "RTR0119967"}, "type": "Feature"}, {"geometry": {"coordinates": [834408.2230000002, 820405.5869999994], "type": "Point"}, "properties": {"DBH": 142, "LU_HMD": "Sham Shui Po", "ROAD_NAME": "HOI FAI ROAD", "SPECIES_NAME": null, "TREE_ID": "RTR0138489"}, "type": "Feature"}, {"geometry": {"coordinates": [834383.9610000001, 820356.2200000007], "type": "Point"}, "properties": {"DBH": 285, "LU_HMD": "Sham Shui Po", "ROAD_NAME": "HOI FAI ROAD", "SPECIES_NAME": null, "TREE_ID": "RTR0138491"}, "type": "Feature"}, {"geometry": {"coordinates": [834406.8629999999, 820395.9199999999], "type": "Point"}, "properties": {"DBH": 198, "LU_HMD": "Sham Shui Po", "ROAD_NAME": "HOI FAI ROAD", "SPECIES_NAME": null, "TREE_ID": "RTR0138451"}, "type": "Feature"}, {"geometry": {"coordinates": [834405.2580000004, 820392.0559999999], "type": "Point"}, "properties": {"DBH": 585, "LU_HMD": "Sham Shui Po", "ROAD_NAME": "HOI FAI ROAD", "SPECIES_NAME": null, "TREE_ID": "RTR0138457"}, "type": "Feature"}, {"geometry": {"coordinates": [834414.6950000003, 820417.5789999999], "type": "Point"}, "properties": {"DBH": 209, "LU_HMD": "Sham Shui Po", "ROAD_NAME": "HOI FAI ROAD", "SPECIES_NAME": null, "TREE_ID": "RTR0138467"}, "type": "Feature"}, {"geometry": {"coordinates": [834387.074, 820364.4000000004], "type": "Point"}, "properties": {"DBH": 443, "LU_HMD": "Sham Shui Po", "ROAD_NAME": "HOI FAI ROAD", "SPECIES_NAME": null, "TREE_ID": "RTR0138469"}, "type": "Feature"}, {"geometry": {"coordinates": [834383.631, 820359.3359999992], "type": "Point"}, "properties": {"DBH": 160, "LU_HMD": "Sham Shui Po", "ROAD_NAME": "HOI FAI ROAD", "SPECIES_NAME": null, "TREE_ID": "RTR0138456"}, "type": "Feature"}, {"geometry": {"coordinates": [834385.5279999999, 820363.9030000009], "type": "Point"}, "properties": {"DBH": 405, "LU_HMD": "Sham Shui Po", "ROAD_NAME": "HOI FAI ROAD", "SPECIES_NAME": null, "TREE_ID": "RTR0138486"}, "type": "Feature"}, {"geometry": {"coordinates": [834939.4759999998, 822187.2400000002], "type": "Point"}, "properties": {"DBH": 283, "LU_HMD": "Sham Shui Po", "ROAD_NAME": "ROAD 45219 NEAR CHAK ON ROAD (TEMPORARY)", "SPECIES_NAME": null, "TREE_ID": "RTR0103000"}, "type": "Feature"}, {"geometry": {"coordinates": [834941.7479999997, 822183.8680000007], "type": "Point"}, "properties": {"DBH": 227, "LU_HMD": "Sham Shui Po", "ROAD_NAME": "ROAD 45219 NEAR CHAK ON ROAD (TEMPORARY)", "SPECIES_NAME": null, "TREE_ID": "RTR0103004"}, "type": "Feature"}, {"geometry": {"coordinates": [834951.3099999996, 822183.0659999996], "type": "Point"}, "properties": {"DBH": 344, "LU_HMD": "Sham Shui Po", "ROAD_NAME": "ROAD 45219 NEAR CHAK ON ROAD (TEMPORARY)", "SPECIES_NAME": null, "TREE_ID": "RTR0102959"}, "type": "Feature"}, {"geometry": {"coordinates": [833665.9220000003, 820914.6270000003], "type": "Point"}, "properties": {"DBH": 172, "LU_HMD": "Sham Shui Po", "ROAD_NAME": "ROAD 45201 NEAR LIN CHEUNG ROAD (TEMPORARY)", "SPECIES_NAME": null, "TREE_ID": "RTR0119973"}, "type": "Feature"}, {"geometry": {"coordinates": [833687.5789999999, 820893.8530000001], "type": "Point"}, "properties": {"DBH": 137, "LU_HMD": "Lai Chi Kok", "ROAD_NAME": null, "SPECIES_NAME": null, "TREE_ID": "RTR0119976"}, "type": "Feature"}, {"geometry": {"coordinates": [833690.6030000001, 820889.4609999992], "type": "Point"}, "properties": {"DBH": 167, "LU_HMD": "Lai Chi Kok", "ROAD_NAME": null, "SPECIES_NAME": null, "TREE_ID": "RTR0119977"}, "type": "Feature"}, {"geometry": {"coordinates": [833724.8459999999, 820863.2609999999], "type": "Point"}, "properties": {"DBH": 229, "LU_HMD": "Lai Chi Kok", "ROAD_NAME": null, "SPECIES_NAME": null, "TREE_ID": "RTR0119978"}, "type": "Feature"}, {"geometry": {"coordinates": [833669.6490000002, 820906.523], "type": "Point"}, "properties": {"DBH": 424, "LU_HMD": "Sham Shui Po", "ROAD_NAME": "ROAD 45201 NEAR LIN CHEUNG ROAD (TEMPORARY)", "SPECIES_NAME": null, "TREE_ID": "RTR0119980"}, "type": "Feature"}, {"geometry": {"coordinates": [833669.1730000004, 820917.7210000008], "type": "Point"}, "properties": {"DBH": 273, "LU_HMD": "Sham Shui Po", "ROAD_NAME": "ROAD 45201 NEAR LIN CHEUNG ROAD (TEMPORARY)", "SPECIES_NAME": null, "TREE_ID": "RTR0119983"}, "type": "Feature"}, {"geometry": {"coordinates": [833681.915, 820900.2479999997], "type": "Point"}, "properties": {"DBH": 297, "LU_HMD": "Sham Shui Po", "ROAD_NAME": "ROAD 45201 NEAR LIN CHEUNG ROAD (TEMPORARY)", "SPECIES_NAME": null, "TREE_ID": "RTR0119986"}, "type": "Feature"}, {"geometry": {"coordinates": [833739.023, 820848.4419999998], "type": "Point"}, "properties": {"DBH": 131, "LU_HMD": "Lai Chi Kok", "ROAD_NAME": null, "SPECIES_NAME": null, "TREE_ID": "RTR0119355"}, "type": "Feature"}, {"geometry": {"coordinates": [833706.2549999999, 820873.4079999998], "type": "Point"}, "properties": {"DBH": 143, "LU_HMD": "Lai Chi Kok", "ROAD_NAME": null, "SPECIES_NAME": null, "TREE_ID": "RTR0119356"}, "type": "Feature"}, {"geometry": {"coordinates": [834407.5970000001, 820403.9230000004], "type": "Point"}, "properties": {"DBH": 327, "LU_HMD": "Sham Shui Po", "ROAD_NAME": "HOI FAI ROAD", "SPECIES_NAME": null, "TREE_ID": "RTR0138487"}, "type": "Feature"}, {"geometry": {"coordinates": [834410.3880000003, 820407.9700000007], "type": "Point"}, "properties": {"DBH": 219, "LU_HMD": "Sham Shui Po", "ROAD_NAME": "HOI FAI ROAD", "SPECIES_NAME": null, "TREE_ID": "RTR0138464"}, "type": "Feature"}, {"geometry": {"coordinates": [834408.8830000004, 820403.7819999997], "type": "Point"}, "properties": {"DBH": 165, "LU_HMD": "Sham Shui Po", "ROAD_NAME": "HOI FAI ROAD", "SPECIES_NAME": null, "TREE_ID": "RTR0138494"}, "type": "Feature"}, {"geometry": {"coordinates": [834415.6500000004, 820426.898], "type": "Point"}, "properties": {"DBH": 190, "LU_HMD": "Sham Shui Po", "ROAD_NAME": "HOI FAI ROAD", "SPECIES_NAME": null, "TREE_ID": "RTR0138495"}, "type": "Feature"}, {"geometry": {"coordinates": [834894.2800000003, 822151.5639999993], "type": "Point"}, "properties": {"DBH": 212, "LU_HMD": "Sham Shui Po", "ROAD_NAME": "ROAD 903450 NORTH EAST OF TAI PO ROAD (TEMPORARY)", "SPECIES_NAME": null, "TREE_ID": "RTR0101941"}, "type": "Feature"}, {"geometry": {"coordinates": [834764.8729999997, 821945.8010000009], "type": "Point"}, "properties": {"DBH": 201, "LU_HMD": "Sham Shui Po", "ROAD_NAME": " ", "SPECIES_NAME": null, "TREE_ID": "RTR0101618"}, "type": "Feature"}, {"geometry": {"coordinates": [834771.9199999999, 821970.1170000006], "type": "Point"}, "properties": {"DBH": 99, "LU_HMD": "Sham Shui Po", "ROAD_NAME": " ", "SPECIES_NAME": null, "TREE_ID": "RTR0101037"}, "type": "Feature"}, {"geometry": {"coordinates": [834769.9050000003, 821981.898], "type": "Point"}, "properties": {"DBH": 108, "LU_HMD": "Sham Shui Po", "ROAD_NAME": " ", "SPECIES_NAME": null, "TREE_ID": "RTR0100827"}, "type": "Feature"}, {"geometry": {"coordinates": [835397.6349999998, 821349.6239999998], "type": "Point"}, "properties": {"DBH": 111, "LU_HMD": "Sham Shui Po", "ROAD_NAME": "WOH CHAI STREET", "SPECIES_NAME": null, "TREE_ID": "RTR0116369"}, "type": "Feature"}, {"geometry": {"coordinates": [833644.369, 820931.3000000007], "type": "Point"}, "properties": {"DBH": 111, "LU_HMD": "Sham Shui Po", "ROAD_NAME": "ROAD 45201 NEAR LIN CHEUNG ROAD (TEMPORARY)", "SPECIES_NAME": null, "TREE_ID": "RTR0119883"}, "type": "Feature"}, {"geometry": {"coordinates": [833642.9210000001, 820933.7550000008], "type": "Point"}, "properties": {"DBH": 185, "LU_HMD": "Sham Shui Po", "ROAD_NAME": "ROAD 45201 NEAR LIN CHEUNG ROAD (TEMPORARY)", "SPECIES_NAME": null, "TREE_ID": "RTR0119894"}, "type": "Feature"}, {"geometry": {"coordinates": [834779.3159999996, 822053.8159999996], "type": "Point"}, "properties": {"DBH": 166, "LU_HMD": "Sham Shui Po", "ROAD_NAME": null, "SPECIES_NAME": null, "TREE_ID": "RTR0100788"}, "type": "Feature"}, {"geometry": {"coordinates": [833701.5700000003, 820880.5150000006], "type": "Point"}, "properties": {"DBH": 96, "LU_HMD": "Lai Chi Kok", "ROAD_NAME": null, "SPECIES_NAME": null, "TREE_ID": "RTR0119358"}, "type": "Feature"}, {"geometry": {"coordinates": [833702.4960000003, 820878.9110000003], "type": "Point"}, "properties": {"DBH": 164, "LU_HMD": "Lai Chi Kok", "ROAD_NAME": null, "SPECIES_NAME": null, "TREE_ID": "RTR0119385"}, "type": "Feature"}, {"geometry": {"coordinates": [833659.4060000004, 820924.5859999992], "type": "Point"}, "properties": {"DBH": 359, "LU_HMD": "Lai Chi Kok", "ROAD_NAME": null, "SPECIES_NAME": null, "TREE_ID": "RTR0119885"}, "type": "Feature"}, {"geometry": {"coordinates": [833626.8669999996, 820944.0810000002], "type": "Point"}, "properties": {"DBH": 229, "LU_HMD": "Sham Shui Po", "ROAD_NAME": "ROAD 45201 NEAR LIN CHEUNG ROAD (TEMPORARY)", "SPECIES_NAME": null, "TREE_ID": "RTR0121502"}, "type": "Feature"}, {"geometry": {"coordinates": [833599.284, 820958.5419999994], "type": "Point"}, "properties": {"DBH": 127, "LU_HMD": "Sham Shui Po", "ROAD_NAME": "ROAD 45201 NEAR LIN CHEUNG ROAD (TEMPORARY)", "SPECIES_NAME": null, "TREE_ID": "RTR0121480"}, "type": "Feature"}, {"geometry": {"coordinates": [833688.2750000004, 820887.4409999996], "type": "Point"}, "properties": {"DBH": 102, "LU_HMD": "Sham Shui Po", "ROAD_NAME": "ROAD 45201 NEAR LIN CHEUNG ROAD (TEMPORARY)", "SPECIES_NAME": null, "TREE_ID": "RTR0226570"}, "type": "Feature"}, {"geometry": {"coordinates": [833687.0549999997, 820887.0979999993], "type": "Point"}, "properties": {"DBH": 259, "LU_HMD": "Sham Shui Po", "ROAD_NAME": "ROAD 45201 NEAR LIN CHEUNG ROAD (TEMPORARY)", "SPECIES_NAME": null, "TREE_ID": "RTR0226559"}, "type": "Feature"}, {"geometry": {"coordinates": [834220.2929999996, 820238.4829999991], "type": "Point"}, "properties": {"DBH": 156, "LU_HMD": "Mong Kok", "ROAD_NAME": " ", "SPECIES_NAME": null, "TREE_ID": "RTR0139405"}, "type": "Feature"}, {"geometry": {"coordinates": [834185.0080000004, 820389.25], "type": "Point"}, "properties": {"DBH": 222, "LU_HMD": "Mong Kok", "ROAD_NAME": " ", "SPECIES_NAME": null, "TREE_ID": "RTR0139417"}, "type": "Feature"}, {"geometry": {"coordinates": [834729.6579999998, 822068.4670000002], "type": "Point"}, "properties": {"DBH": 217, "LU_HMD": "Sham Shui Po", "ROAD_NAME": "TAI PO ROAD", "SPECIES_NAME": null, "TREE_ID": "RTR0100823"}, "type": "Feature"}, {"geometry": {"coordinates": [834769.9139999999, 821969.5409999993], "type": "Point"}, "properties": {"DBH": 127, "LU_HMD": "Sham Shui Po", "ROAD_NAME": " ", "SPECIES_NAME": null, "TREE_ID": "RTR0101017"}, "type": "Feature"}, {"geometry": {"coordinates": [833609.6380000003, 820948.2329999991], "type": "Point"}, "properties": {"DBH": 127, "LU_HMD": "Lai Chi Kok", "ROAD_NAME": null, "SPECIES_NAME": null, "TREE_ID": "RTR0121493"}, "type": "Feature"}, {"geometry": {"coordinates": [833739.023, 820848.4419999998], "type": "Point"}, "properties": {"DBH": 131, "LU_HMD": "Lai Chi Kok", "ROAD_NAME": null, "SPECIES_NAME": null, "TREE_ID": "RTR0119355"}, "type": "Feature"}, {"geometry": {"coordinates": [834276.1339999996, 820220.5439999998], "type": "Point"}, "properties": {"DBH": 583, "LU_HMD": "Mong Kok", "ROAD_NAME": " ", "SPECIES_NAME": null, "TREE_ID": "RTR0139027"}, "type": "Feature"}, {"geometry": {"coordinates": [834756.8269999996, 821963.5779999997], "type": "Point"}, "properties": {"DBH": 105, "LU_HMD": "Sham Shui Po", "ROAD_NAME": " ", "SPECIES_NAME": null, "TREE_ID": "RTR0097625"}, "type": "Feature"}, {"geometry": {"coordinates": [834771.6399999997, 821982.8900000006], "type": "Point"}, "properties": {"DBH": 126, "LU_HMD": "Sham Shui Po", "ROAD_NAME": " ", "SPECIES_NAME": null, "TREE_ID": "RTR0100832"}, "type": "Feature"}, {"geometry": {"coordinates": [834747.1629999997, 822059.4989999998], "type": "Point"}, "properties": {"DBH": 479, "LU_HMD": "Sham Shui Po", "ROAD_NAME": null, "SPECIES_NAME": null, "TREE_ID": "RTR0101424"}, "type": "Feature"}, {"geometry": {"coordinates": [834757.2599999998, 821987.7479999997], "type": "Point"}, "properties": {"DBH": 162, "LU_HMD": "Sham Shui Po", "ROAD_NAME": " ", "SPECIES_NAME": null, "TREE_ID": "RTR0101428"}, "type": "Feature"}, {"geometry": {"coordinates": [834761.9539999999, 821966.1750000007], "type": "Point"}, "properties": {"DBH": 115, "LU_HMD": "Sham Shui Po", "ROAD_NAME": " ", "SPECIES_NAME": null, "TREE_ID": "RTR0101535"}, "type": "Feature"}, {"geometry": {"coordinates": [834765.6059999997, 821973.0350000001], "type": "Point"}, "properties": {"DBH": 206, "LU_HMD": "Sham Shui Po", "ROAD_NAME": " ", "SPECIES_NAME": null, "TREE_ID": "RTR0101045"}, "type": "Feature"}, {"geometry": {"coordinates": [834768.8109999998, 821962.977], "type": "Point"}, "properties": {"DBH": 102, "LU_HMD": "Sham Shui Po", "ROAD_NAME": " ", "SPECIES_NAME": null, "TREE_ID": "RTR0101053"}, "type": "Feature"}, {"geometry": {"coordinates": [833627.3909999998, 820946.6099999994], "type": "Point"}, "properties": {"DBH": 190, "LU_HMD": "Sham Shui Po", "ROAD_NAME": "ROAD 45201 NEAR LIN CHEUNG ROAD (TEMPORARY)", "SPECIES_NAME": null, "TREE_ID": "RTR0121496"}, "type": "Feature"}, {"geometry": {"coordinates": [834768.1140000001, 821983.5399999991], "type": "Point"}, "properties": {"DBH": 99, "LU_HMD": "Sham Shui Po", "ROAD_NAME": " ", "SPECIES_NAME": null, "TREE_ID": "RTR0100831"}, "type": "Feature"}, {"geometry": {"coordinates": [834732.415, 822061.6380000003], "type": "Point"}, "properties": {"DBH": 134, "LU_HMD": "Sham Shui Po", "ROAD_NAME": "TAI PO ROAD", "SPECIES_NAME": null, "TREE_ID": "RTR0100811"}, "type": "Feature"}, {"geometry": {"coordinates": [833630.0120000001, 820938.3599999994], "type": "Point"}, "properties": {"DBH": 180, "LU_HMD": "Sham Shui Po", "ROAD_NAME": "ROAD 45201 NEAR LIN CHEUNG ROAD (TEMPORARY)", "SPECIES_NAME": null, "TREE_ID": "RTR0119869"}, "type": "Feature"}, {"geometry": {"coordinates": [834384.3329999996, 820360.1539999992], "type": "Point"}, "properties": {"DBH": 127, "LU_HMD": "Sham Shui Po", "ROAD_NAME": "HOI FAI ROAD", "SPECIES_NAME": null, "TREE_ID": "RTR0138455"}, "type": "Feature"}, {"geometry": {"coordinates": [833483.5470000003, 821126.6970000006], "type": "Point"}, "properties": {"DBH": 207, "LU_HMD": "Lai Chi Kok", "ROAD_NAME": " ", "SPECIES_NAME": null, "TREE_ID": "RTR0144466"}, "type": "Feature"}, {"geometry": {"coordinates": [833620.926, 820943.4480000008], "type": "Point"}, "properties": {"DBH": 134, "LU_HMD": "Sham Shui Po", "ROAD_NAME": "ROAD 45201 NEAR LIN CHEUNG ROAD (TEMPORARY)", "SPECIES_NAME": null, "TREE_ID": "RTR0119858"}, "type": "Feature"}, {"geometry": {"coordinates": [833596.5429999996, 820961.3330000006], "type": "Point"}, "properties": {"DBH": 193, "LU_HMD": "Sham Shui Po", "ROAD_NAME": "ROAD 45201 NEAR LIN CHEUNG ROAD (TEMPORARY)", "SPECIES_NAME": null, "TREE_ID": "RTR0121479"}, "type": "Feature"}, {"geometry": {"coordinates": [833679.7089999998, 820893.1879999992], "type": "Point"}, "properties": {"DBH": 105, "LU_HMD": "Sham Shui Po", "ROAD_NAME": "ROAD 45201 NEAR LIN CHEUNG ROAD (TEMPORARY)", "SPECIES_NAME": null, "TREE_ID": "RTR0119993"}, "type": "Feature"}, {"geometry": {"coordinates": [833688.8169999998, 820888.5439999998], "type": "Point"}, "properties": {"DBH": 140, "LU_HMD": "Sham Shui Po", "ROAD_NAME": "ROAD 45201 NEAR LIN CHEUNG ROAD (TEMPORARY)", "SPECIES_NAME": null, "TREE_ID": "RTR0119997"}, "type": "Feature"}, {"geometry": {"coordinates": [833656.1940000001, 820916.5490000006], "type": "Point"}, "properties": {"DBH": 217, "LU_HMD": "Sham Shui Po", "ROAD_NAME": "ROAD 45201 NEAR LIN CHEUNG ROAD (TEMPORARY)", "SPECIES_NAME": null, "TREE_ID": "RTR0119856"}, "type": "Feature"}, {"geometry": {"coordinates": [833654.6830000002, 820921.3880000003], "type": "Point"}, "properties": {"DBH": 207, "LU_HMD": "Sham Shui Po", "ROAD_NAME": "ROAD 45201 NEAR LIN CHEUNG ROAD (TEMPORARY)", "SPECIES_NAME": null, "TREE_ID": "RTR0119877"}, "type": "Feature"}, {"geometry": {"coordinates": [833734.773, 820854.5610000007], "type": "Point"}, "properties": {"DBH": 293, "LU_HMD": "Sham Shui Po", "ROAD_NAME": "ROAD 45201 NEAR LIN CHEUNG ROAD (TEMPORARY)", "SPECIES_NAME": null, "TREE_ID": "RTR0226568"}, "type": "Feature"}, {"geometry": {"coordinates": [833639.1339999996, 820933.2369999997], "type": "Point"}, "properties": {"DBH": 150, "LU_HMD": "Sham Shui Po", "ROAD_NAME": "ROAD 45201 NEAR LIN CHEUNG ROAD (TEMPORARY)", "SPECIES_NAME": null, "TREE_ID": "RTR0119888"}, "type": "Feature"}, {"geometry": {"coordinates": [833629.7529999996, 820935.5710000005], "type": "Point"}, "properties": {"DBH": 153, "LU_HMD": "Sham Shui Po", "ROAD_NAME": "ROAD 45201 NEAR LIN CHEUNG ROAD (TEMPORARY)", "SPECIES_NAME": null, "TREE_ID": "RTR0119892"}, "type": "Feature"}, {"geometry": {"coordinates": [833631.6849999996, 820941.2569999993], "type": "Point"}, "properties": {"DBH": 183, "LU_HMD": "Sham Shui Po", "ROAD_NAME": "ROAD 45201 NEAR LIN CHEUNG ROAD (TEMPORARY)", "SPECIES_NAME": null, "TREE_ID": "RTR0119903"}, "type": "Feature"}, {"geometry": {"coordinates": [833578.227, 820973.2259999998], "type": "Point"}, "properties": {"DBH": 2090, "LU_HMD": "Sham Shui Po", "ROAD_NAME": "ROAD 45201 NEAR LIN CHEUNG ROAD (TEMPORARY)", "SPECIES_NAME": null, "TREE_ID": "RTR0121490"}, "type": "Feature"}, {"geometry": {"coordinates": [833625.7209999999, 820941.1779999994], "type": "Point"}, "properties": {"DBH": 274, "LU_HMD": "Sham Shui Po", "ROAD_NAME": "ROAD 45201 NEAR LIN CHEUNG ROAD (TEMPORARY)", "SPECIES_NAME": null, "TREE_ID": "RTR0121499"}, "type": "Feature"}, {"geometry": {"coordinates": [833690.4199999999, 820885.3450000007], "type": "Point"}, "properties": {"DBH": 191, "LU_HMD": "Sham Shui Po", "ROAD_NAME": "ROAD 45201 NEAR LIN CHEUNG ROAD (TEMPORARY)", "SPECIES_NAME": null, "TREE_ID": "RTR0226563"}, "type": "Feature"}, {"geometry": {"coordinates": [833616.3020000001, 820954.4859999996], "type": "Point"}, "properties": {"DBH": 134, "LU_HMD": "Sham Shui Po", "ROAD_NAME": "ROAD 45201 NEAR LIN CHEUNG ROAD (TEMPORARY)", "SPECIES_NAME": null, "TREE_ID": "RTR0226573"}, "type": "Feature"}, {"geometry": {"coordinates": [835406.7929999996, 821378.2210000008], "type": "Point"}, "properties": {"DBH": 201, "LU_HMD": "Sham Shui Po", "ROAD_NAME": "WOH CHAI STREET", "SPECIES_NAME": null, "TREE_ID": "RTR0115498"}, "type": "Feature"}, {"geometry": {"coordinates": [833741.5710000005, 820847.148], "type": "Point"}, "properties": {"DBH": 162, "LU_HMD": "Sham Shui Po", "ROAD_NAME": "ROAD 45201 NEAR LIN CHEUNG ROAD (TEMPORARY)", "SPECIES_NAME": null, "TREE_ID": "RTR0226557"}, "type": "Feature"}, {"geometry": {"coordinates": [833740.6270000003, 820847.0779999997], "type": "Point"}, "properties": {"DBH": 105, "LU_HMD": "Sham Shui Po", "ROAD_NAME": "ROAD 45201 NEAR LIN CHEUNG ROAD (TEMPORARY)", "SPECIES_NAME": null, "TREE_ID": "RTR0226592"}, "type": "Feature"}, {"geometry": {"coordinates": [833667.4749999996, 820910.9210000001], "type": "Point"}, "properties": {"DBH": 197, "LU_HMD": "Sham Shui Po", "ROAD_NAME": "ROAD 45201 NEAR LIN CHEUNG ROAD (TEMPORARY)", "SPECIES_NAME": null, "TREE_ID": "RTR0119958"}, "type": "Feature"}, {"geometry": {"coordinates": [833681.6030000001, 820902.9690000005], "type": "Point"}, "properties": {"DBH": 892, "LU_HMD": "Sham Shui Po", "ROAD_NAME": "ROAD 45201 NEAR LIN CHEUNG ROAD (TEMPORARY)", "SPECIES_NAME": null, "TREE_ID": "RTR0119966"}, "type": "Feature"}, {"geometry": {"coordinates": [833666.8640000001, 820914.7339999992], "type": "Point"}, "properties": {"DBH": 257, "LU_HMD": "Sham Shui Po", "ROAD_NAME": "ROAD 45201 NEAR LIN CHEUNG ROAD (TEMPORARY)", "SPECIES_NAME": null, "TREE_ID": "RTR0119979"}, "type": "Feature"}, {"geometry": {"coordinates": [833669.3880000003, 820909.3859999999], "type": "Point"}, "properties": {"DBH": 280, "LU_HMD": "Sham Shui Po", "ROAD_NAME": "ROAD 45201 NEAR LIN CHEUNG ROAD (TEMPORARY)", "SPECIES_NAME": null, "TREE_ID": "RTR0119992"}, "type": "Feature"}, {"geometry": {"coordinates": [833676.5149999997, 820909.4749999996], "type": "Point"}, "properties": {"DBH": 239, "LU_HMD": "Sham Shui Po", "ROAD_NAME": "ROAD 45201 NEAR LIN CHEUNG ROAD (TEMPORARY)", "SPECIES_NAME": null, "TREE_ID": "RTR0119988"}, "type": "Feature"}, {"geometry": {"coordinates": [833713.3899999997, 820864.6300000008], "type": "Point"}, "properties": {"DBH": 127, "LU_HMD": "Sham Shui Po", "ROAD_NAME": "ROAD 45201 NEAR LIN CHEUNG ROAD (TEMPORARY)", "SPECIES_NAME": null, "TREE_ID": "RTR0119393"}, "type": "Feature"}, {"geometry": {"coordinates": [833645.3609999996, 820927.3039999995], "type": "Point"}, "properties": {"DBH": 235, "LU_HMD": "Sham Shui Po", "ROAD_NAME": "ROAD 45201 NEAR LIN CHEUNG ROAD (TEMPORARY)", "SPECIES_NAME": null, "TREE_ID": "RTR0119861"}, "type": "Feature"}, {"geometry": {"coordinates": [833659.3140000002, 820915.3200000003], "type": "Point"}, "properties": {"DBH": 259, "LU_HMD": "Sham Shui Po", "ROAD_NAME": "ROAD 45201 NEAR LIN CHEUNG ROAD (TEMPORARY)", "SPECIES_NAME": null, "TREE_ID": "RTR0119866"}, "type": "Feature"}, {"geometry": {"coordinates": [833636.2280000001, 820937.4619999994], "type": "Point"}, "properties": {"DBH": 248, "LU_HMD": "Sham Shui Po", "ROAD_NAME": "ROAD 45201 NEAR LIN CHEUNG ROAD (TEMPORARY)", "SPECIES_NAME": null, "TREE_ID": "RTR0119874"}, "type": "Feature"}, {"geometry": {"coordinates": [833642.676, 820928.7819999997], "type": "Point"}, "properties": {"DBH": 291, "LU_HMD": "Sham Shui Po", "ROAD_NAME": "ROAD 45201 NEAR LIN CHEUNG ROAD (TEMPORARY)", "SPECIES_NAME": null, "TREE_ID": "RTR0119889"}, "type": "Feature"}, {"geometry": {"coordinates": [833640.7470000004, 820932.7039999999], "type": "Point"}, "properties": {"DBH": 201, "LU_HMD": "Sham Shui Po", "ROAD_NAME": "ROAD 45201 NEAR LIN CHEUNG ROAD (TEMPORARY)", "SPECIES_NAME": null, "TREE_ID": "RTR0119897"}, "type": "Feature"}, {"geometry": {"coordinates": [833598.608, 820959.8259999994], "type": "Point"}, "properties": {"DBH": 111, "LU_HMD": "Sham Shui Po", "ROAD_NAME": "ROAD 45201 NEAR LIN CHEUNG ROAD (TEMPORARY)", "SPECIES_NAME": null, "TREE_ID": "RTR0121500"}, "type": "Feature"}, {"geometry": {"coordinates": [833616.2980000004, 820949.1469999999], "type": "Point"}, "properties": {"DBH": 195, "LU_HMD": "Sham Shui Po", "ROAD_NAME": "ROAD 45201 NEAR LIN CHEUNG ROAD (TEMPORARY)", "SPECIES_NAME": null, "TREE_ID": "RTR0121459"}, "type": "Feature"}, {"geometry": {"coordinates": [833597.2019999996, 820959.2719999999], "type": "Point"}, "properties": {"DBH": 369, "LU_HMD": "Sham Shui Po", "ROAD_NAME": "ROAD 45201 NEAR LIN CHEUNG ROAD (TEMPORARY)", "SPECIES_NAME": null, "TREE_ID": "RTR0121464"}, "type": "Feature"}, {"geometry": {"coordinates": [833607.3609999996, 820952.7410000004], "type": "Point"}, "properties": {"DBH": 304, "LU_HMD": "Sham Shui Po", "ROAD_NAME": "ROAD 45201 NEAR LIN CHEUNG ROAD (TEMPORARY)", "SPECIES_NAME": null, "TREE_ID": "RTR0121486"}, "type": "Feature"}, {"geometry": {"coordinates": [833627.773, 820941.4419999998], "type": "Point"}, "properties": {"DBH": 217, "LU_HMD": "Sham Shui Po", "ROAD_NAME": "ROAD 45201 NEAR LIN CHEUNG ROAD (TEMPORARY)", "SPECIES_NAME": null, "TREE_ID": "RTR0121497"}, "type": "Feature"}, {"geometry": {"coordinates": [833619.6210000003, 820952.5690000001], "type": "Point"}, "properties": {"DBH": 274, "LU_HMD": "Sham Shui Po", "ROAD_NAME": "ROAD 45201 NEAR LIN CHEUNG ROAD (TEMPORARY)", "SPECIES_NAME": null, "TREE_ID": "RTR0226571"}, "type": "Feature"}, {"geometry": {"coordinates": [834277.4040000001, 820220.1190000009], "type": "Point"}, "properties": {"DBH": 309, "LU_HMD": "Mong Kok", "ROAD_NAME": " ", "SPECIES_NAME": null, "TREE_ID": "RTR0138997"}, "type": "Feature"}, {"geometry": {"coordinates": [833679.1699999999, 820896.7449999992], "type": "Point"}, "properties": {"DBH": 99, "LU_HMD": "Sham Shui Po", "ROAD_NAME": "ROAD 45201 NEAR LIN CHEUNG ROAD (TEMPORARY)", "SPECIES_NAME": null, "TREE_ID": "RTR0119969"}, "type": "Feature"}, {"geometry": {"coordinates": [833682.6610000003, 820897.8800000008], "type": "Point"}, "properties": {"DBH": 353, "LU_HMD": "Sham Shui Po", "ROAD_NAME": "ROAD 45201 NEAR LIN CHEUNG ROAD (TEMPORARY)", "SPECIES_NAME": null, "TREE_ID": "RTR0119982"}, "type": "Feature"}, {"geometry": {"coordinates": [834778.2230000002, 821969.1889999993], "type": "Point"}, "properties": {"DBH": 96, "LU_HMD": "Sham Shui Po", "ROAD_NAME": " ", "SPECIES_NAME": null, "TREE_ID": "RTR0101615"}, "type": "Feature"}, {"geometry": {"coordinates": [834781.869, 821972.9399999995], "type": "Point"}, "properties": {"DBH": 156, "LU_HMD": "Sham Shui Po", "ROAD_NAME": " ", "SPECIES_NAME": null, "TREE_ID": "RTR0101636"}, "type": "Feature"}, {"geometry": {"coordinates": [833703.4740000004, 821057.7569999993], "type": "Point"}, "properties": {"DBH": 153, "LU_HMD": "Lai Chi Kok", "ROAD_NAME": null, "SPECIES_NAME": null, "TREE_ID": "RTR0119433"}, "type": "Feature"}, {"geometry": {"coordinates": [833675.4119999995, 820899.9900000002], "type": "Point"}, "properties": {"DBH": 204, "LU_HMD": "Sham Shui Po", "ROAD_NAME": "ROAD 45201 NEAR LIN CHEUNG ROAD (TEMPORARY)", "SPECIES_NAME": null, "TREE_ID": "RTR0119984"}, "type": "Feature"}, {"geometry": {"coordinates": [834759.9970000004, 821968.1809999999], "type": "Point"}, "properties": {"DBH": 102, "LU_HMD": "Sham Shui Po", "ROAD_NAME": " ", "SPECIES_NAME": null, "TREE_ID": "RTR0097607"}, "type": "Feature"}, {"geometry": {"coordinates": [834345.5369999995, 820303.3530000001], "type": "Point"}, "properties": {"DBH": 207, "LU_HMD": "Mong Kok", "ROAD_NAME": " ", "SPECIES_NAME": null, "TREE_ID": "RTR0139037"}, "type": "Feature"}, {"geometry": {"coordinates": [835383.7980000004, 821377.9519999996], "type": "Point"}, "properties": {"DBH": 105, "LU_HMD": "Sham Shui Po", "ROAD_NAME": "WOH CHAI STREET", "SPECIES_NAME": null, "TREE_ID": "RTR0116390"}, "type": "Feature"}, {"geometry": {"coordinates": [834730.4790000003, 822061.9639999997], "type": "Point"}, "properties": {"DBH": 105, "LU_HMD": "Sham Shui Po", "ROAD_NAME": "TAI PO ROAD", "SPECIES_NAME": null, "TREE_ID": "RTR0100674"}, "type": "Feature"}, {"geometry": {"coordinates": [834765.1940000001, 821984.2699999996], "type": "Point"}, "properties": {"DBH": 105, "LU_HMD": "Sham Shui Po", "ROAD_NAME": " ", "SPECIES_NAME": null, "TREE_ID": "RTR0101019"}, "type": "Feature"}, {"geometry": {"coordinates": [835406.0190000003, 821352.9910000004], "type": "Point"}, "properties": {"DBH": 124, "LU_HMD": "Sham Shui Po", "ROAD_NAME": "WOH CHAI STREET", "SPECIES_NAME": null, "TREE_ID": "RTR0116045"}, "type": "Feature"}, {"geometry": {"coordinates": [833608.006, 820958.4450000003], "type": "Point"}, "properties": {"DBH": 291, "LU_HMD": "Sham Shui Po", "ROAD_NAME": "ROAD 45201 NEAR LIN CHEUNG ROAD (TEMPORARY)", "SPECIES_NAME": null, "TREE_ID": "RTR0226552"}, "type": "Feature"}, {"geometry": {"coordinates": [834176.6679999996, 820405.5209999997], "type": "Point"}, "properties": {"DBH": 156, "LU_HMD": "Mong Kok", "ROAD_NAME": " ", "SPECIES_NAME": null, "TREE_ID": "RTR0139445"}, "type": "Feature"}, {"geometry": {"coordinates": [834738.9970000004, 822048.2609999999], "type": "Point"}, "properties": {"DBH": 143, "LU_HMD": "Sham Shui Po", "ROAD_NAME": "TAI PO ROAD", "SPECIES_NAME": null, "TREE_ID": "RTR0101413"}, "type": "Feature"}, {"geometry": {"coordinates": [833718.6950000003, 821071.8609999996], "type": "Point"}, "properties": {"DBH": 182, "LU_HMD": "Lai Chi Kok", "ROAD_NAME": "ROAD 45186 NEAR SHAM MONG ROAD (TEMPORARY)", "SPECIES_NAME": null, "TREE_ID": "RTR0119452"}, "type": "Feature"}, {"geometry": {"coordinates": [834690.3990000002, 822027.1750000007], "type": "Point"}, "properties": {"DBH": 280, "LU_HMD": "Sham Shui Po", "ROAD_NAME": "PRATAS STREET", "SPECIES_NAME": null, "TREE_ID": "RTR0100794"}, "type": "Feature"}, {"geometry": {"coordinates": [834291.4869999997, 820219.9710000008], "type": "Point"}, "properties": {"DBH": 200, "LU_HMD": "Mong Kok", "ROAD_NAME": " ", "SPECIES_NAME": null, "TREE_ID": "RTR0139032"}, "type": "Feature"}, {"geometry": {"coordinates": [834755.5880000005, 822083.0030000005], "type": "Point"}, "properties": {"DBH": 379, "LU_HMD": "Sham Shui Po", "ROAD_NAME": null, "SPECIES_NAME": null, "TREE_ID": "RTR0100672"}, "type": "Feature"}, {"geometry": {"coordinates": [833641.0769999996, 820928.818], "type": "Point"}, "properties": {"DBH": 267, "LU_HMD": "Sham Shui Po", "ROAD_NAME": "ROAD 45201 NEAR LIN CHEUNG ROAD (TEMPORARY)", "SPECIES_NAME": null, "TREE_ID": "RTR0119870"}, "type": "Feature"}, {"geometry": {"coordinates": [833687.3150000004, 820881.3300000001], "type": "Point"}, "properties": {"DBH": 151, "LU_HMD": "Sham Shui Po", "ROAD_NAME": "ROAD 45201 NEAR LIN CHEUNG ROAD (TEMPORARY)", "SPECIES_NAME": null, "TREE_ID": "RTR0226564"}, "type": "Feature"}, {"geometry": {"coordinates": [833734.8250000002, 820856.4000000004], "type": "Point"}, "properties": {"DBH": 159, "LU_HMD": "Sham Shui Po", "ROAD_NAME": "ROAD 45201 NEAR LIN CHEUNG ROAD (TEMPORARY)", "SPECIES_NAME": null, "TREE_ID": "RTR0226590"}, "type": "Feature"}, {"geometry": {"coordinates": [833656.2699999996, 820928.5800000001], "type": "Point"}, "properties": {"DBH": 227, "LU_HMD": "Sham Shui Po", "ROAD_NAME": "ROAD 45201 NEAR LIN CHEUNG ROAD (TEMPORARY)", "SPECIES_NAME": null, "TREE_ID": "RTR0119965"}, "type": "Feature"}, {"geometry": {"coordinates": [834761.7580000004, 821977.7890000008], "type": "Point"}, "properties": {"DBH": 163, "LU_HMD": "Sham Shui Po", "ROAD_NAME": " ", "SPECIES_NAME": null, "TREE_ID": "RTR0101516"}, "type": "Feature"}, {"geometry": {"coordinates": [835381.6739999996, 821361.182], "type": "Point"}, "properties": {"DBH": 635, "LU_HMD": "Sham Shui Po", "ROAD_NAME": "WOH CHAI STREET", "SPECIES_NAME": null, "TREE_ID": "RTR0116365"}, "type": "Feature"}, {"geometry": {"coordinates": [834738.2889999999, 822059.3890000004], "type": "Point"}, "properties": {"DBH": 124, "LU_HMD": "Sham Shui Po", "ROAD_NAME": "TAI PO ROAD", "SPECIES_NAME": null, "TREE_ID": "RTR0101420"}, "type": "Feature"}, {"geometry": {"coordinates": [834729.006, 822056.6280000005], "type": "Point"}, "properties": {"DBH": 356, "LU_HMD": "Sham Shui Po", "ROAD_NAME": "TAI PO ROAD", "SPECIES_NAME": null, "TREE_ID": "RTR0101459"}, "type": "Feature"}, {"geometry": {"coordinates": [834756.5769999996, 821982.3839999996], "type": "Point"}, "properties": {"DBH": 171, "LU_HMD": "Sham Shui Po", "ROAD_NAME": " ", "SPECIES_NAME": null, "TREE_ID": "RTR0097614"}, "type": "Feature"}, {"geometry": {"coordinates": [834760.6909999996, 821950.6140000001], "type": "Point"}, "properties": {"DBH": 150, "LU_HMD": "Sham Shui Po", "ROAD_NAME": " ", "SPECIES_NAME": null, "TREE_ID": "RTR0101617"}, "type": "Feature"}, {"geometry": {"coordinates": [834761.3459999999, 821966.7670000009], "type": "Point"}, "properties": {"DBH": 134, "LU_HMD": "Sham Shui Po", "ROAD_NAME": " ", "SPECIES_NAME": null, "TREE_ID": "RTR0101510"}, "type": "Feature"}, {"geometry": {"coordinates": [833654.7280000001, 820922.7239999995], "type": "Point"}, "properties": {"DBH": 166, "LU_HMD": "Sham Shui Po", "ROAD_NAME": "ROAD 45201 NEAR LIN CHEUNG ROAD (TEMPORARY)", "SPECIES_NAME": null, "TREE_ID": "RTR0119872"}, "type": "Feature"}, {"geometry": {"coordinates": [833621.9720000001, 820943.9749999996], "type": "Point"}, "properties": {"DBH": 193, "LU_HMD": "Sham Shui Po", "ROAD_NAME": "ROAD 45201 NEAR LIN CHEUNG ROAD (TEMPORARY)", "SPECIES_NAME": null, "TREE_ID": "RTR0121501"}, "type": "Feature"}, {"geometry": {"coordinates": [833593.6859999998, 820963.0010000002], "type": "Point"}, "properties": {"DBH": 197, "LU_HMD": "Sham Shui Po", "ROAD_NAME": "ROAD 45201 NEAR LIN CHEUNG ROAD (TEMPORARY)", "SPECIES_NAME": null, "TREE_ID": "RTR0121476"}, "type": "Feature"}, {"geometry": {"coordinates": [833724.7050000001, 820860.1459999997], "type": "Point"}, "properties": {"DBH": 205, "LU_HMD": "Sham Shui Po", "ROAD_NAME": "ROAD 45201 NEAR LIN CHEUNG ROAD (TEMPORARY)", "SPECIES_NAME": null, "TREE_ID": "RTR0226577"}, "type": "Feature"}, {"geometry": {"coordinates": [833666.9539999999, 820916.2850000001], "type": "Point"}, "properties": {"DBH": 204, "LU_HMD": "Sham Shui Po", "ROAD_NAME": "ROAD 45201 NEAR LIN CHEUNG ROAD (TEMPORARY)", "SPECIES_NAME": null, "TREE_ID": "RTR0119970"}, "type": "Feature"}, {"geometry": {"coordinates": [833697.8990000002, 820879.9550000001], "type": "Point"}, "properties": {"DBH": 172, "LU_HMD": "Lai Chi Kok", "ROAD_NAME": null, "SPECIES_NAME": null, "TREE_ID": "RTR0119371"}, "type": "Feature"}, {"geometry": {"coordinates": [833601.733, 820956.1280000005], "type": "Point"}, "properties": {"DBH": 105, "LU_HMD": "Sham Shui Po", "ROAD_NAME": "ROAD 45201 NEAR LIN CHEUNG ROAD (TEMPORARY)", "SPECIES_NAME": null, "TREE_ID": "RTR0121495"}, "type": "Feature"}, {"geometry": {"coordinates": [833711.3770000003, 821066.3090000004], "type": "Point"}, "properties": {"DBH": 354, "LU_HMD": "Lai Chi Kok", "ROAD_NAME": "ROAD 45186 NEAR SHAM MONG ROAD (TEMPORARY)", "SPECIES_NAME": null, "TREE_ID": "RTR0119414"}, "type": "Feature"}, {"geometry": {"coordinates": [833713.5070000002, 821061.2899999991], "type": "Point"}, "properties": {"DBH": 105, "LU_HMD": "Lai Chi Kok", "ROAD_NAME": "ROAD 45186 NEAR SHAM MONG ROAD (TEMPORARY)", "SPECIES_NAME": null, "TREE_ID": "RTR0119425"}, "type": "Feature"}, {"geometry": {"coordinates": [833704.8859999999, 821049.7640000004], "type": "Point"}, "properties": {"DBH": 232, "LU_HMD": "Lai Chi Kok", "ROAD_NAME": "ROAD 45186 NEAR SHAM MONG ROAD (TEMPORARY)", "SPECIES_NAME": null, "TREE_ID": "RTR0119445"}, "type": "Feature"}, {"geometry": {"coordinates": [835401.5010000002, 821352.341], "type": "Point"}, "properties": {"DBH": 335, "LU_HMD": "Sham Shui Po", "ROAD_NAME": "WOH CHAI STREET", "SPECIES_NAME": null, "TREE_ID": "RTR0116376"}, "type": "Feature"}, {"geometry": {"coordinates": [834778.8380000005, 821968.2329999991], "type": "Point"}, "properties": {"DBH": 102, "LU_HMD": "Sham Shui Po", "ROAD_NAME": " ", "SPECIES_NAME": null, "TREE_ID": "RTR0101654"}, "type": "Feature"}, {"geometry": {"coordinates": [833717.3969999999, 820865.5539999995], "type": "Point"}, "properties": {"DBH": 287, "LU_HMD": "Sham Shui Po", "ROAD_NAME": "ROAD 45201 NEAR LIN CHEUNG ROAD (TEMPORARY)", "SPECIES_NAME": null, "TREE_ID": "RTR0119399"}, "type": "Feature"}, {"geometry": {"coordinates": [834793.7139999997, 822069.5810000002], "type": "Point"}, "properties": {"DBH": 528, "LU_HMD": "Sham Shui Po", "ROAD_NAME": " ", "SPECIES_NAME": null, "TREE_ID": "RTR0100762"}, "type": "Feature"}, {"geometry": {"coordinates": [835457.7929999996, 821360.5040000007], "type": "Point"}, "properties": {"DBH": 250, "LU_HMD": "Sham Shui Po", "ROAD_NAME": "WOH CHAI STREET", "SPECIES_NAME": null, "TREE_ID": "RTR0145478"}, "type": "Feature"}, {"geometry": {"coordinates": [834406.8629999999, 820396.9910000004], "type": "Point"}, "properties": {"DBH": 306, "LU_HMD": "Sham Shui Po", "ROAD_NAME": "HOI FAI ROAD", "SPECIES_NAME": null, "TREE_ID": "RTR0138483"}, "type": "Feature"}, {"geometry": {"coordinates": [833532.051, 821097.9790000003], "type": "Point"}, "properties": {"DBH": 175, "LU_HMD": "Lai Chi Kok", "ROAD_NAME": " ", "SPECIES_NAME": null, "TREE_ID": "RTR0144473"}, "type": "Feature"}, {"geometry": {"coordinates": [833512.9989999998, 821111.0289999992], "type": "Point"}, "properties": {"DBH": 245, "LU_HMD": "Lai Chi Kok", "ROAD_NAME": " ", "SPECIES_NAME": null, "TREE_ID": "RTR0144490"}, "type": "Feature"}, {"geometry": {"coordinates": [835401.2609999999, 821363.3560000006], "type": "Point"}, "properties": {"DBH": 201, "LU_HMD": "Sham Shui Po", "ROAD_NAME": "WOH CHAI STREET", "SPECIES_NAME": null, "TREE_ID": "RTR0116053"}, "type": "Feature"}, {"geometry": {"coordinates": [835412.0779999997, 821341.0409999993], "type": "Point"}, "properties": {"DBH": 223, "LU_HMD": "Sham Shui Po", "ROAD_NAME": "WOH CHAI STREET", "SPECIES_NAME": null, "TREE_ID": "RTR0116079"}, "type": "Feature"}, {"geometry": {"coordinates": [835375.1179999998, 821379.6860000007], "type": "Point"}, "properties": {"DBH": 283, "LU_HMD": "Sham Shui Po", "ROAD_NAME": "WOH CHAI STREET", "SPECIES_NAME": null, "TREE_ID": "RTR0116374"}, "type": "Feature"}, {"geometry": {"coordinates": [835386.6090000002, 821357.5], "type": "Point"}, "properties": {"DBH": 153, "LU_HMD": "Sham Shui Po", "ROAD_NAME": "WOH CHAI STREET", "SPECIES_NAME": null, "TREE_ID": "RTR0116394"}, "type": "Feature"}, {"geometry": {"coordinates": [835404.6639999999, 821352.9859999996], "type": "Point"}, "properties": {"DBH": 99, "LU_HMD": "Sham Shui Po", "ROAD_NAME": "WOH CHAI STREET", "SPECIES_NAME": null, "TREE_ID": "RTR0116021"}, "type": "Feature"}, {"geometry": {"coordinates": [834771.2249999996, 821970.4299999997], "type": "Point"}, "properties": {"DBH": 96, "LU_HMD": "Sham Shui Po", "ROAD_NAME": " ", "SPECIES_NAME": null, "TREE_ID": "RTR0101034"}, "type": "Feature"}, {"geometry": {"coordinates": [834762.7479999997, 821918.9609999992], "type": "Point"}, "properties": {"DBH": 816, "LU_HMD": "Sham Shui Po", "ROAD_NAME": " ", "SPECIES_NAME": null, "TREE_ID": "RTR0098750"}, "type": "Feature"}, {"geometry": {"coordinates": [834418.5930000003, 820439.0480000004], "type": "Point"}, "properties": {"DBH": 269, "LU_HMD": "Sham Shui Po", "ROAD_NAME": "HOI FAI ROAD", "SPECIES_NAME": null, "TREE_ID": "RTR0138465"}, "type": "Feature"}, {"geometry": {"coordinates": [834737.3030000003, 822069.2860000003], "type": "Point"}, "properties": {"DBH": 170, "LU_HMD": "Sham Shui Po", "ROAD_NAME": "TAI PO ROAD", "SPECIES_NAME": null, "TREE_ID": "RTR0100830"}, "type": "Feature"}, {"geometry": {"coordinates": [833503.9960000003, 821114.8709999993], "type": "Point"}, "properties": {"DBH": 121, "LU_HMD": "Lai Chi Kok", "ROAD_NAME": " ", "SPECIES_NAME": null, "TREE_ID": "RTR0144479"}, "type": "Feature"}, {"geometry": {"coordinates": [834757.3849999998, 821966.3460000008], "type": "Point"}, "properties": {"DBH": 102, "LU_HMD": "Sham Shui Po", "ROAD_NAME": " ", "SPECIES_NAME": null, "TREE_ID": "RTR0097630"}, "type": "Feature"}, {"geometry": {"coordinates": [834757.5319999997, 821955.4330000002], "type": "Point"}, "properties": {"DBH": 102, "LU_HMD": "Sham Shui Po", "ROAD_NAME": " ", "SPECIES_NAME": null, "TREE_ID": "RTR0097640"}, "type": "Feature"}, {"geometry": {"coordinates": [834759.2000000002, 821957.9279999994], "type": "Point"}, "properties": {"DBH": 149, "LU_HMD": "Sham Shui Po", "ROAD_NAME": " ", "SPECIES_NAME": null, "TREE_ID": "RTR0097621"}, "type": "Feature"}, {"geometry": {"coordinates": [835385.3849999998, 821375.8230000008], "type": "Point"}, "properties": {"DBH": 108, "LU_HMD": "Sham Shui Po", "ROAD_NAME": "WOH CHAI STREET", "SPECIES_NAME": null, "TREE_ID": "RTR0116355"}, "type": "Feature"}, {"geometry": {"coordinates": [835404.8159999996, 821357.1410000008], "type": "Point"}, "properties": {"DBH": 96, "LU_HMD": "Sham Shui Po", "ROAD_NAME": "WOH CHAI STREET", "SPECIES_NAME": null, "TREE_ID": "RTR0116031"}, "type": "Feature"}, {"geometry": {"coordinates": [835397.193, 821359.352], "type": "Point"}, "properties": {"DBH": 120, "LU_HMD": "Sham Shui Po", "ROAD_NAME": "WOH CHAI STREET", "SPECIES_NAME": null, "TREE_ID": "RTR0116044"}, "type": "Feature"}, {"geometry": {"coordinates": [835419.4330000002, 821359.0889999997], "type": "Point"}, "properties": {"DBH": 1433, "LU_HMD": "Sham Shui Po", "ROAD_NAME": "WOH CHAI STREET", "SPECIES_NAME": null, "TREE_ID": "RTR0115485"}, "type": "Feature"}, {"geometry": {"coordinates": [833658.0209999997, 820923.3760000002], "type": "Point"}, "properties": {"DBH": 258, "LU_HMD": "Sham Shui Po", "ROAD_NAME": "ROAD 45201 NEAR LIN CHEUNG ROAD (TEMPORARY)", "SPECIES_NAME": null, "TREE_ID": "RTR0119904"}, "type": "Feature"}, {"geometry": {"coordinates": [833724.8459999999, 820863.2609999999], "type": "Point"}, "properties": {"DBH": 229, "LU_HMD": "Lai Chi Kok", "ROAD_NAME": null, "SPECIES_NAME": null, "TREE_ID": "RTR0119978"}, "type": "Feature"}, {"geometry": {"coordinates": [834716.8190000001, 822064.8479999993], "type": "Point"}, "properties": {"DBH": 232, "LU_HMD": "Sham Shui Po", "ROAD_NAME": "TAI PO ROAD", "SPECIES_NAME": null, "TREE_ID": "RTR0100706"}, "type": "Feature"}, {"geometry": {"coordinates": [834771.8559999997, 821979.7760000005], "type": "Point"}, "properties": {"DBH": 176, "LU_HMD": "Sham Shui Po", "ROAD_NAME": " ", "SPECIES_NAME": null, "TREE_ID": "RTR0100847"}, "type": "Feature"}, {"geometry": {"coordinates": [834243.5070000002, 820256.4340000004], "type": "Point"}, "properties": {"DBH": 126, "LU_HMD": "Mong Kok", "ROAD_NAME": " ", "SPECIES_NAME": null, "TREE_ID": "RTR0139432"}, "type": "Feature"}, {"geometry": {"coordinates": [833701.4809999997, 821051.3499999996], "type": "Point"}, "properties": {"DBH": 185, "LU_HMD": "Lai Chi Kok", "ROAD_NAME": "ROAD 45186 NEAR SHAM MONG ROAD (TEMPORARY)", "SPECIES_NAME": null, "TREE_ID": "RTR0119437"}, "type": "Feature"}, {"geometry": {"coordinates": [833671.4800000004, 820916.0289999992], "type": "Point"}, "properties": {"DBH": 351, "LU_HMD": "Sham Shui Po", "ROAD_NAME": "ROAD 45201 NEAR LIN CHEUNG ROAD (TEMPORARY)", "SPECIES_NAME": null, "TREE_ID": "RTR0119971"}, "type": "Feature"}, {"geometry": {"coordinates": [834925.4299999997, 822185.2909999993], "type": "Point"}, "properties": {"DBH": 99, "LU_HMD": "Sham Shui Po", "ROAD_NAME": "ROAD 903450 NORTH EAST OF TAI PO ROAD (TEMPORARY)", "SPECIES_NAME": null, "TREE_ID": "RTR0102980"}, "type": "Feature"}, {"geometry": {"coordinates": [835401.3720000004, 821364.0360000003], "type": "Point"}, "properties": {"DBH": 185, "LU_HMD": "Sham Shui Po", "ROAD_NAME": "WOH CHAI STREET", "SPECIES_NAME": null, "TREE_ID": "RTR0116019"}, "type": "Feature"}, {"geometry": {"coordinates": [833687.0860000001, 820896.3680000007], "type": "Point"}, "properties": {"DBH": 186, "LU_HMD": "Sham Shui Po", "ROAD_NAME": "ROAD 45201 NEAR LIN CHEUNG ROAD (TEMPORARY)", "SPECIES_NAME": null, "TREE_ID": "RTR0119961"}, "type": "Feature"}, {"geometry": {"coordinates": [834763.2949999999, 822030.8780000005], "type": "Point"}, "properties": {"DBH": 118, "LU_HMD": "Sham Shui Po", "ROAD_NAME": " ", "SPECIES_NAME": null, "TREE_ID": "RTR0100772"}, "type": "Feature"}, {"geometry": {"coordinates": [835255.8150000004, 821144.6030000001], "type": "Point"}, "properties": {"DBH": 204, "LU_HMD": "Sham Shui Po", "ROAD_NAME": "SAI YEUNG CHOI LANE", "SPECIES_NAME": null, "TREE_ID": "RTR0115031"}, "type": "Feature"}, {"geometry": {"coordinates": [834709.9019999998, 822054.4940000009], "type": "Point"}, "properties": {"DBH": 277, "LU_HMD": "Sham Shui Po", "ROAD_NAME": "TAI PO ROAD", "SPECIES_NAME": null, "TREE_ID": "RTR0100661"}, "type": "Feature"}, {"geometry": {"coordinates": [833590.9239999996, 820966.4169999994], "type": "Point"}, "properties": {"DBH": 124, "LU_HMD": "Sham Shui Po", "ROAD_NAME": "ROAD 45201 NEAR LIN CHEUNG ROAD (TEMPORARY)", "SPECIES_NAME": null, "TREE_ID": "RTR0227638"}, "type": "Feature"}, {"geometry": {"coordinates": [833682.085, 821037.5669999998], "type": "Point"}, "properties": {"DBH": 185, "LU_HMD": "Lai Chi Kok", "ROAD_NAME": "ROAD 45186 NEAR SHAM MONG ROAD (TEMPORARY)", "SPECIES_NAME": null, "TREE_ID": "RTR0115986"}, "type": "Feature"}, {"geometry": {"coordinates": [833689.5199999996, 821042.8000000007], "type": "Point"}, "properties": {"DBH": 162, "LU_HMD": "Lai Chi Kok", "ROAD_NAME": "ROAD 45186 NEAR SHAM MONG ROAD (TEMPORARY)", "SPECIES_NAME": null, "TREE_ID": "RTR0115990"}, "type": "Feature"}, {"geometry": {"coordinates": [835036.7470000004, 821854.8819999993], "type": "Point"}, "properties": {"DBH": 239, "LU_HMD": "Sham Shui Po", "ROAD_NAME": "PUI TAK STREET", "SPECIES_NAME": null, "TREE_ID": "RTR0224620"}, "type": "Feature"}, {"geometry": {"coordinates": [833690.9689999996, 820881.1309999991], "type": "Point"}, "properties": {"DBH": 156, "LU_HMD": "Sham Shui Po", "ROAD_NAME": "ROAD 45201 NEAR LIN CHEUNG ROAD (TEMPORARY)", "SPECIES_NAME": null, "TREE_ID": "RTR0226597"}, "type": "Feature"}, {"geometry": {"coordinates": [834415.3969999999, 820425.4220000003], "type": "Point"}, "properties": {"DBH": 195, "LU_HMD": "Sham Shui Po", "ROAD_NAME": "HOI FAI ROAD", "SPECIES_NAME": null, "TREE_ID": "RTR0138458"}, "type": "Feature"}, {"geometry": {"coordinates": [834941.8930000002, 822180.0539999995], "type": "Point"}, "properties": {"DBH": 115, "LU_HMD": "Sham Shui Po", "ROAD_NAME": "ROAD 45219 NEAR CHAK ON ROAD (TEMPORARY)", "SPECIES_NAME": null, "TREE_ID": "RTR0102981"}, "type": "Feature"}, {"geometry": {"coordinates": [834980.0669999998, 822207.3680000007], "type": "Point"}, "properties": {"DBH": 178, "LU_HMD": "Sham Shui Po", "ROAD_NAME": " ", "SPECIES_NAME": null, "TREE_ID": "RTR0103255"}, "type": "Feature"}, {"geometry": {"coordinates": [833640.2130000005, 820934.1160000004], "type": "Point"}, "properties": {"DBH": 173, "LU_HMD": "Sham Shui Po", "ROAD_NAME": "ROAD 45201 NEAR LIN CHEUNG ROAD (TEMPORARY)", "SPECIES_NAME": null, "TREE_ID": "RTR0119864"}, "type": "Feature"}, {"geometry": {"coordinates": [834755.5959999999, 822070.8259999994], "type": "Point"}, "properties": {"DBH": 320, "LU_HMD": "Sham Shui Po", "ROAD_NAME": "TAI PO ROAD", "SPECIES_NAME": null, "TREE_ID": "RTR0101434"}, "type": "Feature"}, {"geometry": {"coordinates": [834973.1430000002, 822207.5390000008], "type": "Point"}, "properties": {"DBH": 333, "LU_HMD": "Sham Shui Po", "ROAD_NAME": " ", "SPECIES_NAME": null, "TREE_ID": "RTR0103249"}, "type": "Feature"}, {"geometry": {"coordinates": [834749.602, 822085.8739999998], "type": "Point"}, "properties": {"DBH": 358, "LU_HMD": "Sham Shui Po", "ROAD_NAME": "TAI PO ROAD", "SPECIES_NAME": null, "TREE_ID": "RTR0100668"}, "type": "Feature"}, {"geometry": {"coordinates": [834738.0049999999, 822061.0490000006], "type": "Point"}, "properties": {"DBH": 307, "LU_HMD": "Sham Shui Po", "ROAD_NAME": "TAI PO ROAD", "SPECIES_NAME": null, "TREE_ID": "RTR0101444"}, "type": "Feature"}, {"geometry": {"coordinates": [833637.0789999999, 820932.4619999994], "type": "Point"}, "properties": {"DBH": 194, "LU_HMD": "Sham Shui Po", "ROAD_NAME": "ROAD 45201 NEAR LIN CHEUNG ROAD (TEMPORARY)", "SPECIES_NAME": null, "TREE_ID": "RTR0119905"}, "type": "Feature"}, {"geometry": {"coordinates": [833706.8569999998, 821052.6830000002], "type": "Point"}, "properties": {"DBH": 223, "LU_HMD": "Lai Chi Kok", "ROAD_NAME": "ROAD 45186 NEAR SHAM MONG ROAD (TEMPORARY)", "SPECIES_NAME": null, "TREE_ID": "RTR0119416"}, "type": "Feature"}, {"geometry": {"coordinates": [833618.0619999999, 820944.3790000007], "type": "Point"}, "properties": {"DBH": 137, "LU_HMD": "Sham Shui Po", "ROAD_NAME": "ROAD 45201 NEAR LIN CHEUNG ROAD (TEMPORARY)", "SPECIES_NAME": null, "TREE_ID": "RTR0121465"}, "type": "Feature"}, {"geometry": {"coordinates": [833585.9730000002, 820966.4940000009], "type": "Point"}, "properties": {"DBH": 750, "LU_HMD": "Sham Shui Po", "ROAD_NAME": "ROAD 45201 NEAR LIN CHEUNG ROAD (TEMPORARY)", "SPECIES_NAME": null, "TREE_ID": "RTR0121474"}, "type": "Feature"}, {"geometry": {"coordinates": [834767.227, 822036.8379999995], "type": "Point"}, "properties": {"DBH": 102, "LU_HMD": "Sham Shui Po", "ROAD_NAME": " ", "SPECIES_NAME": null, "TREE_ID": "RTR0100804"}, "type": "Feature"}, {"geometry": {"coordinates": [833656.818, 820921.2789999992], "type": "Point"}, "properties": {"DBH": 154, "LU_HMD": "Sham Shui Po", "ROAD_NAME": "ROAD 45201 NEAR LIN CHEUNG ROAD (TEMPORARY)", "SPECIES_NAME": null, "TREE_ID": "RTR0119884"}, "type": "Feature"}, {"geometry": {"coordinates": [834354.1179999998, 820300.7259999998], "type": "Point"}, "properties": {"DBH": 151, "LU_HMD": "Mong Kok", "ROAD_NAME": " ", "SPECIES_NAME": null, "TREE_ID": "RTR0138474"}, "type": "Feature"}, {"geometry": {"coordinates": [833677.2149999999, 820897.9340000004], "type": "Point"}, "properties": {"DBH": 229, "LU_HMD": "Sham Shui Po", "ROAD_NAME": "ROAD 45201 NEAR LIN CHEUNG ROAD (TEMPORARY)", "SPECIES_NAME": null, "TREE_ID": "RTR0119996"}, "type": "Feature"}, {"geometry": {"coordinates": [833740.9210000001, 820847.8249999993], "type": "Point"}, "properties": {"DBH": 171, "LU_HMD": "Sham Shui Po", "ROAD_NAME": "ROAD 45201 NEAR LIN CHEUNG ROAD (TEMPORARY)", "SPECIES_NAME": null, "TREE_ID": "RTR0226591"}, "type": "Feature"}, {"geometry": {"coordinates": [834211.9270000001, 820228.7960000001], "type": "Point"}, "properties": {"DBH": 105, "LU_HMD": "Mong Kok", "ROAD_NAME": " ", "SPECIES_NAME": null, "TREE_ID": "RTR0139444"}, "type": "Feature"}, {"geometry": {"coordinates": [834187.1960000005, 820387.1270000003], "type": "Point"}, "properties": {"DBH": 210, "LU_HMD": "Mong Kok", "ROAD_NAME": " ", "SPECIES_NAME": null, "TREE_ID": "RTR0139429"}, "type": "Feature"}, {"geometry": {"coordinates": [834772.2220000001, 821959.2970000003], "type": "Point"}, "properties": {"DBH": 178, "LU_HMD": "Sham Shui Po", "ROAD_NAME": " ", "SPECIES_NAME": null, "TREE_ID": "RTR0101637"}, "type": "Feature"}, {"geometry": {"coordinates": [834759.8150000004, 821987.5299999993], "type": "Point"}, "properties": {"DBH": 113, "LU_HMD": "Sham Shui Po", "ROAD_NAME": " ", "SPECIES_NAME": null, "TREE_ID": "RTR0101520"}, "type": "Feature"}, {"geometry": {"coordinates": [833614.4950000001, 820948.5319999997], "type": "Point"}, "properties": {"DBH": 175, "LU_HMD": "Sham Shui Po", "ROAD_NAME": "ROAD 45201 NEAR LIN CHEUNG ROAD (TEMPORARY)", "SPECIES_NAME": null, "TREE_ID": "RTR0121475"}, "type": "Feature"}, {"geometry": {"coordinates": [835260.2510000002, 821134.8599999994], "type": "Point"}, "properties": {"DBH": 344, "LU_HMD": "Sham Shui Po", "ROAD_NAME": "SAI YEUNG CHOI LANE", "SPECIES_NAME": null, "TREE_ID": "RTR0115028"}, "type": "Feature"}, {"geometry": {"coordinates": [834262.9110000003, 820222.1370000001], "type": "Point"}, "properties": {"DBH": 105, "LU_HMD": "Mong Kok", "ROAD_NAME": " ", "SPECIES_NAME": null, "TREE_ID": "RTR0139392"}, "type": "Feature"}, {"geometry": {"coordinates": [834759.0599999996, 821997.0930000003], "type": "Point"}, "properties": {"DBH": 127, "LU_HMD": "Sham Shui Po", "ROAD_NAME": " ", "SPECIES_NAME": null, "TREE_ID": "RTR0101445"}, "type": "Feature"}, {"geometry": {"coordinates": [834218.7980000004, 820236.8640000001], "type": "Point"}, "properties": {"DBH": 150, "LU_HMD": "Mong Kok", "ROAD_NAME": " ", "SPECIES_NAME": null, "TREE_ID": "RTR0139397"}, "type": "Feature"}, {"geometry": {"coordinates": [834751.5990000004, 822102.1370000001], "type": "Point"}, "properties": {"DBH": 172, "LU_HMD": "Sham Shui Po", "ROAD_NAME": "TAI PO ROAD", "SPECIES_NAME": null, "TREE_ID": "RTR0100773"}, "type": "Feature"}, {"geometry": {"coordinates": [833502.2470000004, 821116.4959999993], "type": "Point"}, "properties": {"DBH": 204, "LU_HMD": "Lai Chi Kok", "ROAD_NAME": " ", "SPECIES_NAME": null, "TREE_ID": "RTR0144488"}, "type": "Feature"}, {"geometry": {"coordinates": [833688.0860000001, 821040.5850000009], "type": "Point"}, "properties": {"DBH": 143, "LU_HMD": "Lai Chi Kok", "ROAD_NAME": "ROAD 45186 NEAR SHAM MONG ROAD (TEMPORARY)", "SPECIES_NAME": null, "TREE_ID": "RTR0115973"}, "type": "Feature"}, {"geometry": {"coordinates": [833698.3250000002, 820882.3369999994], "type": "Point"}, "properties": {"DBH": 160, "LU_HMD": "Sham Shui Po", "ROAD_NAME": "ROAD 45201 NEAR LIN CHEUNG ROAD (TEMPORARY)", "SPECIES_NAME": null, "TREE_ID": "RTR0119369"}, "type": "Feature"}, {"geometry": {"coordinates": [834172.4390000002, 820409.2139999997], "type": "Point"}, "properties": {"DBH": 169, "LU_HMD": "Mong Kok", "ROAD_NAME": " ", "SPECIES_NAME": null, "TREE_ID": "RTR0139446"}, "type": "Feature"}, {"geometry": {"coordinates": [833657.2290000003, 820922.6079999991], "type": "Point"}, "properties": {"DBH": 178, "LU_HMD": "Sham Shui Po", "ROAD_NAME": "ROAD 45201 NEAR LIN CHEUNG ROAD (TEMPORARY)", "SPECIES_NAME": null, "TREE_ID": "RTR0119895"}, "type": "Feature"}, {"geometry": {"coordinates": [834772.3449999997, 821968.8210000005], "type": "Point"}, "properties": {"DBH": 124, "LU_HMD": "Sham Shui Po", "ROAD_NAME": " ", "SPECIES_NAME": null, "TREE_ID": "RTR0101023"}, "type": "Feature"}, {"geometry": {"coordinates": [834762.369, 821976.9110000003], "type": "Point"}, "properties": {"DBH": 177, "LU_HMD": "Sham Shui Po", "ROAD_NAME": " ", "SPECIES_NAME": null, "TREE_ID": "RTR0097654"}, "type": "Feature"}, {"geometry": {"coordinates": [834769.0080000004, 821957.5659999996], "type": "Point"}, "properties": {"DBH": 185, "LU_HMD": "Sham Shui Po", "ROAD_NAME": " ", "SPECIES_NAME": null, "TREE_ID": "RTR0101634"}, "type": "Feature"}, {"geometry": {"coordinates": [834771.6210000003, 821963.034], "type": "Point"}, "properties": {"DBH": 96, "LU_HMD": "Sham Shui Po", "ROAD_NAME": " ", "SPECIES_NAME": null, "TREE_ID": "RTR0101029"}, "type": "Feature"}, {"geometry": {"coordinates": [834779.1459999997, 821983.6009999998], "type": "Point"}, "properties": {"DBH": 159, "LU_HMD": "Sham Shui Po", "ROAD_NAME": " ", "SPECIES_NAME": null, "TREE_ID": "RTR0101432"}, "type": "Feature"}, {"geometry": {"coordinates": [834762.5429999996, 821948.6559999995], "type": "Point"}, "properties": {"DBH": 160, "LU_HMD": "Sham Shui Po", "ROAD_NAME": " ", "SPECIES_NAME": null, "TREE_ID": "RTR0101546"}, "type": "Feature"}, {"geometry": {"coordinates": [834954.4570000004, 822179.8570000008], "type": "Point"}, "properties": {"DBH": 280, "LU_HMD": "Sham Shui Po", "ROAD_NAME": "ROAD 45219 NEAR CHAK ON ROAD (TEMPORARY)", "SPECIES_NAME": null, "TREE_ID": "RTR0102987"}, "type": "Feature"}, {"geometry": {"coordinates": [834779.8959999997, 821968.8990000002], "type": "Point"}, "properties": {"DBH": 133, "LU_HMD": "Sham Shui Po", "ROAD_NAME": " ", "SPECIES_NAME": null, "TREE_ID": "RTR0101648"}, "type": "Feature"}, {"geometry": {"coordinates": [834758.3119999999, 821984.9989999998], "type": "Point"}, "properties": {"DBH": 143, "LU_HMD": "Sham Shui Po", "ROAD_NAME": " ", "SPECIES_NAME": null, "TREE_ID": "RTR0097629"}, "type": "Feature"}, {"geometry": {"coordinates": [834780.2759999996, 821967.0089999996], "type": "Point"}, "properties": {"DBH": 112, "LU_HMD": "Sham Shui Po", "ROAD_NAME": " ", "SPECIES_NAME": null, "TREE_ID": "RTR0101640"}, "type": "Feature"}, {"geometry": {"coordinates": [834950.4529999997, 822182.3690000009], "type": "Point"}, "properties": {"DBH": 328, "LU_HMD": "Sham Shui Po", "ROAD_NAME": "ROAD 45219 NEAR CHAK ON ROAD (TEMPORARY)", "SPECIES_NAME": null, "TREE_ID": "RTR0102992"}, "type": "Feature"}, {"geometry": {"coordinates": [833678.7259999998, 821037.1940000001], "type": "Point"}, "properties": {"DBH": 108, "LU_HMD": "Lai Chi Kok", "ROAD_NAME": "ROAD 45186 NEAR SHAM MONG ROAD (TEMPORARY)", "SPECIES_NAME": null, "TREE_ID": "RTR0115970"}, "type": "Feature"}, {"geometry": {"coordinates": [834771.0899999999, 821988.4869999997], "type": "Point"}, "properties": {"DBH": 115, "LU_HMD": "Sham Shui Po", "ROAD_NAME": " ", "SPECIES_NAME": null, "TREE_ID": "RTR0100841"}, "type": "Feature"}, {"geometry": {"coordinates": [833718.1050000004, 821073.6620000005], "type": "Point"}, "properties": {"DBH": 239, "LU_HMD": "Lai Chi Kok", "ROAD_NAME": "ROAD 45186 NEAR SHAM MONG ROAD (TEMPORARY)", "SPECIES_NAME": null, "TREE_ID": "RTR0119407"}, "type": "Feature"}, {"geometry": {"coordinates": [833719.5899999999, 821077.0449999999], "type": "Point"}, "properties": {"DBH": 322, "LU_HMD": "Lai Chi Kok", "ROAD_NAME": "ROAD 45186 NEAR SHAM MONG ROAD (TEMPORARY)", "SPECIES_NAME": null, "TREE_ID": "RTR0119443"}, "type": "Feature"}, {"geometry": {"coordinates": [834272.3119999999, 820219.9020000007], "type": "Point"}, "properties": {"DBH": 274, "LU_HMD": "Mong Kok", "ROAD_NAME": " ", "SPECIES_NAME": null, "TREE_ID": "RTR0139423"}, "type": "Feature"}, {"geometry": {"coordinates": [834775.5240000002, 821966.0270000007], "type": "Point"}, "properties": {"DBH": 115, "LU_HMD": "Sham Shui Po", "ROAD_NAME": " ", "SPECIES_NAME": null, "TREE_ID": "RTR0101437"}, "type": "Feature"}, {"geometry": {"coordinates": [833585.2120000003, 820968.2949999999], "type": "Point"}, "properties": {"DBH": 342, "LU_HMD": "Sham Shui Po", "ROAD_NAME": "ROAD 45201 NEAR LIN CHEUNG ROAD (TEMPORARY)", "SPECIES_NAME": null, "TREE_ID": "RTR0121457"}, "type": "Feature"}, {"geometry": {"coordinates": [834766.7810000004, 821983.5209999997], "type": "Point"}, "properties": {"DBH": 108, "LU_HMD": "Sham Shui Po", "ROAD_NAME": " ", "SPECIES_NAME": null, "TREE_ID": "RTR0100833"}, "type": "Feature"}, {"geometry": {"coordinates": [833687.6619999995, 820896.0360000003], "type": "Point"}, "properties": {"DBH": 175, "LU_HMD": "Sham Shui Po", "ROAD_NAME": "ROAD 45201 NEAR LIN CHEUNG ROAD (TEMPORARY)", "SPECIES_NAME": null, "TREE_ID": "RTR0120004"}, "type": "Feature"}, {"geometry": {"coordinates": [834350.7999999998, 820298.5], "type": "Point"}, "properties": {"DBH": 140, "LU_HMD": null, "ROAD_NAME": " ", "SPECIES_NAME": null, "TREE_ID": "ITR0200120"}, "type": "Feature"}, {"geometry": {"coordinates": [834345.2000000002, 820308.4000000004], "type": "Point"}, "properties": {"DBH": 155, "LU_HMD": null, "ROAD_NAME": " ", "SPECIES_NAME": null, "TREE_ID": "ITR0200121"}, "type": "Feature"}, {"geometry": {"coordinates": [834238, 820257], "type": "Point"}, "properties": {"DBH": 255, "LU_HMD": null, "ROAD_NAME": " ", "SPECIES_NAME": null, "TREE_ID": "ITR0200122"}, "type": "Feature"}, {"geometry": {"coordinates": [834203.2000000002, 820355.1999999993], "type": "Point"}, "properties": {"DBH": 137, "LU_HMD": null, "ROAD_NAME": " ", "SPECIES_NAME": null, "TREE_ID": "ITR0200127"}, "type": "Feature"}, {"geometry": {"coordinates": [834281, 820222], "type": "Point"}, "properties": {"DBH": 195, "LU_HMD": null, "ROAD_NAME": " ", "SPECIES_NAME": null, "TREE_ID": "ITR0200130"}, "type": "Feature"}, {"geometry": {"coordinates": [834272, 820220], "type": "Point"}, "properties": {"DBH": 200, "LU_HMD": null, "ROAD_NAME": " ", "SPECIES_NAME": null, "TREE_ID": "ITR0200131"}, "type": "Feature"}, {"geometry": {"coordinates": [834269, 820220], "type": "Point"}, "properties": {"DBH": 185, "LU_HMD": null, "ROAD_NAME": " ", "SPECIES_NAME": null, "TREE_ID": "ITR0200132"}, "type": "Feature"}, {"geometry": {"coordinates": [834267, 820224], "type": "Point"}, "properties": {"DBH": 175, "LU_HMD": null, "ROAD_NAME": " ", "SPECIES_NAME": null, "TREE_ID": "ITR0200133"}, "type": "Feature"}, {"geometry": {"coordinates": [834263, 820228], "type": "Point"}, "properties": {"DBH": 320, "LU_HMD": null, "ROAD_NAME": " ", "SPECIES_NAME": null, "TREE_ID": "ITR0200134"}, "type": "Feature"}, {"geometry": {"coordinates": [834288.7999999998, 820227.4000000004], "type": "Point"}, "properties": {"DBH": 460, "LU_HMD": null, "ROAD_NAME": " ", "SPECIES_NAME": null, "TREE_ID": "ITR0200463"}, "type": "Feature"}, {"geometry": {"coordinates": [834365.5, 820343.5999999996], "type": "Point"}, "properties": {"DBH": 407, "LU_HMD": null, "ROAD_NAME": " ", "SPECIES_NAME": null, "TREE_ID": "ITR0200542"}, "type": "Feature"}, {"geometry": {"coordinates": [834226.4000000004, 820237.1999999993], "type": "Point"}, "properties": {"DBH": 207, "LU_HMD": null, "ROAD_NAME": " ", "SPECIES_NAME": null, "TREE_ID": "ITR0200543"}, "type": "Feature"}, {"geometry": {"coordinates": [834955.9000000004, 822216.3000000007], "type": "Point"}, "properties": {"DBH": 212, "LU_HMD": null, "ROAD_NAME": " ", "SPECIES_NAME": null, "TREE_ID": "ITR0200556"}, "type": "Feature"}, {"geometry": {"coordinates": [834767.7000000002, 821944.0999999996], "type": "Point"}, "properties": {"DBH": 216, "LU_HMD": null, "ROAD_NAME": " ", "SPECIES_NAME": null, "TREE_ID": "ITR0200562"}, "type": "Feature"}, {"geometry": {"coordinates": [833717.4000000004, 820866], "type": "Point"}, "properties": {"DBH": 731, "LU_HMD": null, "ROAD_NAME": "Lin Cheung Road ", "SPECIES_NAME": null, "TREE_ID": "ITR0200563"}, "type": "Feature"}], "type": "FeatureCollection"}
